config,agent_count,run,frame,frame_ms,main_thread_ms,sim_ms,steps,step_cap_hit,present_ms,other_ms,gc_alloc_bytes,draw_calls,setpass_calls
"CrossingSweep",1000,1,0,1.914,1.918,0.000,0,0,0.072,1.842,,1009,18
"CrossingSweep",1000,1,1,8.377,8.368,6.542,1,0,0.078,1.757,,1005,18
"CrossingSweep",1000,1,2,2.956,2.917,0.000,0,0,0.071,2.885,,1009,18
"CrossingSweep",1000,1,3,1.743,1.778,0.000,0,0,0.167,1.576,,1013,18
"CrossingSweep",1000,1,4,2.306,2.309,0.000,0,0,0.072,2.235,,995,18
"CrossingSweep",1000,1,5,0.618,0.626,0.000,0,0,0.069,0.549,,1003,18
"CrossingSweep",1000,1,6,8.439,8.414,6.796,1,0,0.087,1.555,,945,18
"CrossingSweep",1000,1,7,1.671,1.688,0.000,0,0,0.067,1.604,,1073,18
"CrossingSweep",1000,1,8,1.487,1.488,0.000,0,0,0.063,1.424,,1005,17
"CrossingSweep",1000,1,9,1.901,1.892,0.000,0,0,0.070,1.831,,1010,18
"CrossingSweep",1000,1,10,2.621,2.611,0.000,0,0,0.072,2.549,,1012,18
"CrossingSweep",1000,1,11,1.008,1.013,0.000,0,0,0.080,0.928,,1014,18
"CrossingSweep",1000,1,12,8.134,8.133,6.386,1,0,0.084,1.664,,993,18
"CrossingSweep",1000,1,13,1.020,1.023,0.000,0,0,0.065,0.955,,1004,18
"CrossingSweep",1000,1,14,0.628,0.639,0.000,0,0,0.073,0.556,,1008,18
"CrossingSweep",1000,1,15,3.110,3.071,0.000,0,0,0.070,3.040,,1008,18
"CrossingSweep",1000,1,16,1.951,1.981,0.000,0,0,0.164,1.788,,1006,18
"CrossingSweep",1000,1,17,1.577,1.579,0.000,0,0,0.071,1.506,,1010,18
"CrossingSweep",1000,1,18,8.489,8.466,6.524,1,0,0.080,1.886,,1010,18
"CrossingSweep",1000,1,19,1.865,1.856,0.000,0,0,0.071,1.794,,1004,18
"CrossingSweep",1000,1,20,1.685,1.715,0.000,0,0,0.238,1.447,,1009,18
"CrossingSweep",1000,1,21,2.129,2.127,0.000,0,0,0.064,2.066,,1015,18
"CrossingSweep",1000,1,22,3.175,3.138,0.000,0,0,0.062,3.114,,1013,18
"CrossingSweep",1000,1,23,8.222,8.239,6.282,1,0,0.097,1.843,,1007,18
"CrossingSweep",1000,1,24,1.452,1.475,0.000,0,0,0.063,1.390,,1013,18
"CrossingSweep",1000,1,25,1.893,1.883,0.000,0,0,0.064,1.829,,1010,18
"CrossingSweep",1000,1,26,2.336,2.327,0.000,0,0,0.069,2.267,,1011,18
"CrossingSweep",1000,1,27,0.819,0.828,0.000,0,0,0.075,0.744,,1008,18
"CrossingSweep",1000,1,28,0.972,0.972,0.000,0,0,0.081,0.892,,1010,17
"CrossingSweep",1000,1,29,8.573,8.563,6.700,1,0,0.094,1.778,,1013,18
"CrossingSweep",1000,1,30,1.034,1.024,0.000,0,0,0.071,0.963,,1004,18
"CrossingSweep",1000,1,31,2.526,2.485,0.000,0,0,0.121,2.405,,771,18
"CrossingSweep",1000,1,32,0.811,0.864,0.000,0,0,0.083,0.728,,1236,18
"CrossingSweep",1000,1,33,1.523,1.529,0.000,0,0,0.076,1.447,,1009,18
"CrossingSweep",1000,1,34,1.067,1.055,0.000,0,0,0.069,0.998,,1011,18
"CrossingSweep",1000,1,35,1.601,1.604,0.000,0,0,0.081,1.520,,1001,18
"CrossingSweep",1000,1,36,8.452,8.440,6.376,1,0,0.092,1.985,,1012,18
"CrossingSweep",1000,1,37,0.891,0.901,0.000,0,0,0.073,0.818,,1010,18
"CrossingSweep",1000,1,38,0.839,0.840,0.000,0,0,0.086,0.754,,1012,18
"CrossingSweep",1000,1,39,1.688,1.690,0.000,0,0,0.075,1.613,,903,18
"CrossingSweep",1000,1,40,1.944,1.926,0.000,0,0,0.071,1.872,,1112,18
"CrossingSweep",1000,1,41,1.897,1.903,0.000,0,0,0.089,1.809,,1017,18
"CrossingSweep",1000,1,42,1.518,1.533,0.000,0,0,0.074,1.444,,1016,17
"CrossingSweep",1000,1,43,8.258,8.242,6.280,1,0,0.084,1.894,,1007,18
"CrossingSweep",1000,1,44,1.586,1.593,0.000,0,0,0.067,1.519,,1014,18
"CrossingSweep",1000,1,45,2.639,2.598,0.000,0,0,0.068,2.570,,1015,18
"CrossingSweep",1000,1,46,1.777,1.809,0.000,0,0,0.089,1.688,,1016,18
"CrossingSweep",1000,1,47,0.944,0.944,0.000,0,0,0.073,0.872,,1012,18
"CrossingSweep",1000,1,48,0.642,0.642,0.000,0,0,0.080,0.563,,1013,18
"CrossingSweep",1000,1,49,8.894,8.855,6.793,1,0,0.089,2.012,,1012,17
"CrossingSweep",1000,1,50,1.883,1.917,0.000,0,0,0.164,1.720,,1013,18
"CrossingSweep",1000,1,51,1.662,1.671,0.000,0,0,0.075,1.587,,1015,18
"CrossingSweep",1000,1,52,2.030,2.029,0.000,0,0,0.070,1.959,,1013,18
"CrossingSweep",1000,1,53,3.005,2.960,0.000,0,0,0.070,2.935,,1004,18
"CrossingSweep",1000,1,54,8.280,8.301,6.298,1,0,0.121,1.861,,1009,18
"CrossingSweep",1000,1,55,1.685,1.707,0.000,0,0,0.074,1.611,,1009,18
"CrossingSweep",1000,1,56,1.574,1.567,0.000,0,0,0.071,1.503,,1014,18
"CrossingSweep",1000,1,57,2.241,2.221,0.000,0,0,0.073,2.168,,1015,18
"CrossingSweep",1000,1,58,1.731,1.749,0.000,0,0,0.089,1.643,,1009,18
"CrossingSweep",1000,1,59,8.949,8.932,6.842,1,0,0.092,2.014,,1019,18
"CrossingSweep",1000,1,60,2.102,2.090,0.000,0,0,0.072,2.029,,1011,18
"CrossingSweep",1000,1,61,2.119,2.142,0.000,0,0,0.110,2.010,,1018,18
"CrossingSweep",1000,1,62,2.350,2.348,0.000,0,0,0.076,2.275,,1009,18
"CrossingSweep",1000,1,63,1.820,1.822,0.000,0,0,0.084,1.736,,1016,18
"CrossingSweep",1000,1,64,8.703,8.690,6.756,1,0,0.106,1.841,,1015,18
"CrossingSweep",1000,1,65,1.569,1.577,0.000,0,0,0.075,1.494,,1015,18
"CrossingSweep",1000,1,66,0.913,0.914,0.000,0,0,0.070,0.842,,1014,18
"CrossingSweep",1000,1,67,1.636,1.644,0.000,0,0,0.082,1.554,,997,18
"CrossingSweep",1000,1,68,2.873,2.838,0.000,0,0,0.070,2.803,,1033,18
"CrossingSweep",1000,1,69,2.113,2.140,0.000,0,0,0.089,2.023,,1015,18
"CrossingSweep",1000,1,70,8.475,8.471,6.578,1,0,0.085,1.812,,1015,18
"CrossingSweep",1000,1,71,1.835,1.822,0.000,0,0,0.071,1.764,,1018,18
"CrossingSweep",1000,1,72,1.897,1.893,0.000,0,0,0.085,1.812,,1017,18
"CrossingSweep",1000,1,73,2.008,2.023,0.000,0,0,0.080,1.928,,1019,18
"CrossingSweep",1000,1,74,0.824,0.824,0.000,0,0,0.069,0.755,,1015,18
"CrossingSweep",1000,1,75,8.437,8.428,6.470,1,0,0.085,1.882,,966,18
"CrossingSweep",1000,1,76,2.675,2.662,0.000,0,0,0.072,2.603,,1058,18
"CrossingSweep",1000,1,77,1.608,1.632,0.000,0,0,0.117,1.491,,1021,18
"CrossingSweep",1000,1,78,1.645,1.641,0.000,0,0,0.083,1.562,,1010,18
"CrossingSweep",1000,1,79,2.175,2.118,0.000,0,0,0.072,2.103,,1014,18
"CrossingSweep",1000,1,80,8.583,8.631,6.796,1,0,0.100,1.687,,1013,18
"CrossingSweep",1000,1,81,1.580,1.586,0.000,0,0,0.063,1.516,,1011,18
"CrossingSweep",1000,1,82,0.917,0.912,0.000,0,0,0.066,0.851,,1015,18
"CrossingSweep",1000,1,83,1.510,1.511,0.000,0,0,0.072,1.437,,551,18
"CrossingSweep",1000,1,84,2.308,2.282,0.000,0,0,0.069,2.238,,1477,18
"CrossingSweep",1000,1,85,1.943,1.965,0.000,0,0,0.137,1.806,,1010,18
"CrossingSweep",1000,1,86,8.382,8.365,6.379,1,0,0.087,1.917,,1017,18
"CrossingSweep",1000,1,87,1.613,1.622,0.000,0,0,0.066,1.547,,981,18
"CrossingSweep",1000,1,88,1.960,1.959,0.000,0,0,0.077,1.884,,1014,18
"CrossingSweep",1000,1,89,1.010,1.015,0.000,0,0,0.072,0.938,,1010,18
"CrossingSweep",1000,1,90,0.765,0.772,0.000,0,0,0.087,0.678,,1009,18
"CrossingSweep",1000,1,91,0.878,0.865,0.000,0,0,0.074,0.804,,1005,18
"CrossingSweep",1000,1,92,0.697,0.700,0.000,0,0,0.081,0.616,,887,17
"CrossingSweep",1000,1,93,1.060,1.062,0.000,0,0,0.077,0.983,,673,17
"CrossingSweep",1000,1,94,8.931,8.895,6.966,1,0,0.117,1.848,,2152,19
"CrossingSweep",1000,1,95,1.973,1.998,0.000,0,0,0.102,1.870,,1009,18
"CrossingSweep",1000,1,96,1.841,1.852,0.000,0,0,0.108,1.733,,1015,18
"CrossingSweep",1000,1,97,1.619,1.616,0.000,0,0,0.066,1.553,,1018,18
"CrossingSweep",1000,1,98,2.032,2.011,0.000,0,0,0.073,1.959,,1014,18
"CrossingSweep",1000,1,99,1.415,1.434,0.000,0,0,0.096,1.319,,1014,18
"CrossingSweep",1000,1,100,8.499,8.490,6.672,1,0,0.112,1.714,,1015,18
"CrossingSweep",1000,1,101,1.008,0.990,0.000,0,0,0.067,0.941,,1005,18
"CrossingSweep",1000,1,102,0.709,0.733,0.000,0,0,0.079,0.631,,962,18
"CrossingSweep",1000,1,103,2.326,2.306,0.000,0,0,0.070,2.256,,1017,18
"CrossingSweep",1000,1,104,1.711,1.727,0.000,0,0,0.082,1.629,,1009,18
"CrossingSweep",1000,1,105,1.164,1.159,0.000,0,0,0.067,1.097,,1018,18
"CrossingSweep",1000,1,106,8.589,8.582,6.706,1,0,0.087,1.795,,566,18
"CrossingSweep",1000,1,107,2.345,2.331,0.000,0,0,0.072,2.274,,1446,18
"CrossingSweep",1000,1,108,1.702,1.722,0.000,0,0,0.087,1.616,,1018,18
"CrossingSweep",1000,1,109,1.518,1.515,0.000,0,0,0.078,1.440,,1018,17
"CrossingSweep",1000,1,110,1.516,1.520,0.000,0,0,0.070,1.446,,1016,18
"CrossingSweep",1000,1,111,2.206,2.182,0.000,0,0,0.071,2.135,,1021,18
"CrossingSweep",1000,1,112,8.713,8.721,6.546,1,0,0.096,2.072,,1011,18
"CrossingSweep",1000,1,113,1.714,1.723,0.000,0,0,0.072,1.641,,1009,18
"CrossingSweep",1000,1,114,1.739,1.733,0.000,0,0,0.077,1.662,,1018,18
"CrossingSweep",1000,1,115,1.783,1.785,0.000,0,0,0.082,1.700,,1011,18
"CrossingSweep",1000,1,116,1.642,1.636,0.000,0,0,0.077,1.565,,1014,18
"CrossingSweep",1000,1,117,9.114,9.113,6.838,1,0,0.085,2.190,,1016,18
"CrossingSweep",1000,1,118,3.130,3.114,0.000,0,0,0.065,3.065,,1009,18
"CrossingSweep",1000,1,119,0.783,0.803,0.000,0,0,0.087,0.695,,1012,18
"CrossingSweep",1000,1,120,0.886,0.882,0.000,0,0,0.081,0.805,,1015,18
"CrossingSweep",1000,1,121,1.835,1.838,0.000,0,0,0.079,1.755,,753,17
"CrossingSweep",1000,1,122,0.750,0.748,0.000,0,0,0.074,0.677,,1279,18
"CrossingSweep",1000,1,123,2.681,2.653,0.000,0,0,0.088,2.593,,959,18
"CrossingSweep",1000,1,124,9.033,9.035,6.848,1,0,0.092,2.093,,1074,18
"CrossingSweep",1000,1,125,1.555,1.580,0.000,0,0,0.075,1.480,,1010,18
"CrossingSweep",1000,1,126,0.711,0.707,0.000,0,0,0.071,0.640,,1015,18
"CrossingSweep",1000,1,127,2.570,2.551,0.000,0,0,0.094,2.477,,975,18
"CrossingSweep",1000,1,128,0.698,0.718,0.000,0,0,0.083,0.615,,1055,18
"CrossingSweep",1000,1,129,8.416,8.394,6.527,1,0,0.086,1.802,,961,18
"CrossingSweep",1000,1,130,0.849,0.865,0.000,0,0,0.073,0.776,,1065,18
"CrossingSweep",1000,1,131,1.626,1.631,0.000,0,0,0.077,1.549,,1010,18
"CrossingSweep",1000,1,132,2.308,2.282,0.000,0,0,0.075,2.233,,1019,18
"CrossingSweep",1000,1,133,0.698,0.720,0.000,0,0,0.085,0.613,,1014,18
"CrossingSweep",1000,1,134,1.050,1.046,0.000,0,0,0.072,0.977,,1009,18
"CrossingSweep",1000,1,135,0.601,0.608,0.000,0,0,0.070,0.531,,1015,18
"CrossingSweep",1000,1,136,1.533,1.524,0.000,0,0,0.070,1.463,,1016,18
"CrossingSweep",1000,1,137,8.825,8.799,6.824,1,0,0.090,1.912,,1016,18
"CrossingSweep",1000,1,138,1.665,1.680,0.000,0,0,0.090,1.575,,1010,18
"CrossingSweep",1000,1,139,1.550,1.563,0.000,0,0,0.072,1.477,,1020,18
"CrossingSweep",1000,1,140,1.756,1.756,0.000,0,0,0.070,1.686,,1018,18
"CrossingSweep",1000,1,141,3.209,3.144,0.000,0,0,0.061,3.148,,1014,18
"CrossingSweep",1000,1,142,8.731,8.776,6.738,1,0,0.094,1.899,,1017,18
"CrossingSweep",1000,1,143,1.570,1.581,0.000,0,0,0.074,1.496,,1015,18
"CrossingSweep",1000,1,144,1.466,1.470,0.000,0,0,0.071,1.395,,1015,18
"CrossingSweep",1000,1,145,2.041,2.008,0.000,0,0,0.072,1.969,,1018,18
"CrossingSweep",1000,1,146,0.838,0.870,0.000,0,0,0.200,0.639,,1010,18
"CrossingSweep",1000,1,147,1.729,1.725,0.000,0,0,0.071,1.658,,1016,18
"CrossingSweep",1000,1,148,8.518,8.512,6.611,1,0,0.082,1.825,,1017,18
"CrossingSweep",1000,1,149,2.826,2.808,0.000,0,0,0.072,2.754,,1007,18
"CrossingSweep",1000,1,150,1.709,1.728,0.000,0,0,0.089,1.619,,1017,18
"CrossingSweep",1000,1,151,0.927,0.925,0.000,0,0,0.074,0.853,,1010,18
"CrossingSweep",1000,1,152,2.017,1.997,0.000,0,0,0.077,1.939,,1021,18
"CrossingSweep",1000,1,153,9.027,9.032,6.993,1,0,0.094,1.941,,1014,18
"CrossingSweep",1000,1,154,1.644,1.660,0.000,0,0,0.076,1.568,,1011,18
"CrossingSweep",1000,1,155,0.802,0.804,0.000,0,0,0.071,0.730,,1015,18
"CrossingSweep",1000,1,156,0.783,0.774,0.000,0,0,0.073,0.710,,1013,18
"CrossingSweep",1000,1,157,1.674,1.678,0.000,0,0,0.074,1.600,,1019,18
"CrossingSweep",1000,1,158,2.287,2.262,0.000,0,0,0.072,2.215,,1019,18
"CrossingSweep",1000,1,159,0.819,0.838,0.000,0,0,0.086,0.732,,1016,18
"CrossingSweep",1000,1,160,8.793,8.773,6.756,1,0,0.084,1.952,,1012,18
"CrossingSweep",1000,1,161,1.632,1.654,0.000,0,0,0.070,1.562,,1010,18
"CrossingSweep",1000,1,162,2.663,2.609,0.000,0,0,0.070,2.593,,1013,18
"CrossingSweep",1000,1,163,0.832,0.876,0.000,0,0,0.133,0.699,,1014,18
"CrossingSweep",1000,1,164,1.683,1.692,0.000,0,0,0.096,1.586,,1014,17
"CrossingSweep",1000,1,165,0.849,0.838,0.000,0,0,0.070,0.779,,1016,18
"CrossingSweep",1000,1,166,8.374,8.358,6.485,1,0,0.083,1.807,,735,18
"CrossingSweep",1000,1,167,2.626,2.636,0.000,0,0,0.078,2.548,,1298,18
"CrossingSweep",1000,1,168,2.227,2.234,0.000,0,0,0.067,2.160,,1019,18
"CrossingSweep",1000,1,169,1.598,1.599,0.000,0,0,0.081,1.518,,1017,18
"CrossingSweep",1000,1,170,2.722,2.695,0.000,0,0,0.073,2.649,,1011,18
"CrossingSweep",1000,1,171,8.728,8.735,6.848,1,0,0.098,1.782,,1011,18
"CrossingSweep",1000,1,172,1.720,1.728,0.000,0,0,0.075,1.645,,1012,18
"CrossingSweep",1000,1,173,1.616,1.622,0.000,0,0,0.072,1.545,,1014,18
"CrossingSweep",1000,1,174,1.882,1.880,0.000,0,0,0.075,1.807,,1020,18
"CrossingSweep",1000,1,175,0.842,0.839,0.000,0,0,0.081,0.761,,1014,17
"CrossingSweep",1000,1,176,0.820,0.822,0.000,0,0,0.075,0.745,,956,18
"CrossingSweep",1000,1,177,8.417,8.411,6.566,1,0,0.083,1.769,,1001,18
"CrossingSweep",1000,1,178,0.945,0.956,0.000,0,0,0.071,0.874,,0,0
"CrossingSweep",1000,1,179,2.703,2.667,0.000,0,0,0.075,2.628,,1973,36
"CrossingSweep",1000,1,180,1.672,1.692,0.000,0,0,0.095,1.577,,1013,18
"CrossingSweep",1000,1,181,1.556,1.570,0.000,0,0,0.078,1.478,,1014,18
"CrossingSweep",1000,1,182,1.892,1.881,0.000,0,0,0.073,1.819,,649,18
"CrossingSweep",1000,1,183,8.481,8.473,6.594,1,0,0.085,1.802,,1021,18
"CrossingSweep",1000,1,184,0.960,0.969,0.000,0,0,0.073,0.887,,1008,18
"CrossingSweep",1000,1,185,1.606,1.609,0.000,0,0,0.078,1.527,,1011,18
"CrossingSweep",1000,1,186,0.804,0.803,0.000,0,0,0.071,0.733,,1018,18
"CrossingSweep",1000,1,187,0.727,0.728,0.000,0,0,0.077,0.649,,1018,18
"CrossingSweep",1000,1,188,3.106,3.089,0.000,0,0,0.076,3.030,,1011,18
"CrossingSweep",1000,1,189,0.741,0.744,0.000,0,0,0.073,0.668,,1006,18
"CrossingSweep",1000,1,190,8.824,8.821,6.875,1,0,0.077,1.872,,1011,18
"CrossingSweep",1000,1,191,2.043,2.048,0.000,0,0,0.072,1.970,,1011,18
"CrossingSweep",1000,1,192,2.254,2.247,0.000,0,0,0.076,2.178,,1017,18
"CrossingSweep",1000,1,193,0.915,0.925,0.000,0,0,0.068,0.847,,1015,18
"CrossingSweep",1000,1,194,1.512,1.508,0.000,0,0,0.070,1.443,,1003,18
"CrossingSweep",1000,1,195,0.837,0.839,0.000,0,0,0.075,0.762,,1014,18
"CrossingSweep",1000,1,196,9.184,9.160,7.207,1,0,0.088,1.889,,1016,18
"CrossingSweep",1000,1,197,1.809,1.822,0.000,0,0,0.075,1.734,,1013,18
"CrossingSweep",1000,1,198,1.678,1.688,0.000,0,0,0.141,1.537,,1017,18
"CrossingSweep",1000,1,199,1.847,1.843,0.000,0,0,0.071,1.776,,1015,18
"CrossingSweep",1000,1,200,3.079,3.061,0.000,0,0,0.072,3.007,,1012,18
"CrossingSweep",1000,1,201,8.027,8.027,6.172,1,0,0.090,1.764,,1016,18
"CrossingSweep",1000,1,202,1.557,1.573,0.000,0,0,0.074,1.484,,1012,18
"CrossingSweep",1000,1,203,0.762,0.755,0.000,0,0,0.072,0.689,,1018,18
"CrossingSweep",1000,1,204,0.706,0.712,0.000,0,0,0.079,0.627,,953,18
"CrossingSweep",1000,1,205,2.846,2.827,0.000,0,0,0.076,2.769,,1079,18
"CrossingSweep",1000,1,206,1.586,1.606,0.000,0,0,0.080,1.506,,1014,18
"CrossingSweep",1000,1,207,8.654,8.639,6.735,1,0,0.081,1.838,,1012,18
"CrossingSweep",1000,1,208,0.878,0.884,0.000,0,0,0.074,0.804,,1016,18
"CrossingSweep",1000,1,209,2.767,2.747,0.000,0,0,0.085,2.682,,1016,18
"CrossingSweep",1000,1,210,1.720,1.744,0.000,0,0,0.077,1.643,,1017,18
"CrossingSweep",1000,1,211,1.664,1.660,0.000,0,0,0.072,1.592,,1015,18
"CrossingSweep",1000,1,212,0.775,0.776,0.000,0,0,0.075,0.700,,1016,18
"CrossingSweep",1000,1,213,2.819,2.797,0.000,0,0,0.077,2.742,,1008,18
"CrossingSweep",1000,1,214,8.429,8.439,6.276,1,0,0.090,2.062,,1008,18
"CrossingSweep",1000,1,215,1.642,1.652,0.000,0,0,0.075,1.568,,1012,18
"CrossingSweep",1000,1,216,1.745,1.732,0.000,0,0,0.072,1.673,,1018,18
"CrossingSweep",1000,1,217,2.092,1.998,0.000,0,0,0.104,1.987,,1016,18
"CrossingSweep",1000,1,218,0.687,0.792,0.000,0,0,0.070,0.617,,1020,18
"CrossingSweep",1000,1,219,8.615,8.598,6.716,1,0,0.088,1.811,,1012,18
"CrossingSweep",1000,1,220,0.865,0.876,0.000,0,0,0.073,0.792,,1016,18
"CrossingSweep",1000,1,221,0.759,0.756,0.000,0,0,0.074,0.685,,1011,18
"CrossingSweep",1000,1,222,2.905,2.888,0.000,0,0,0.075,2.830,,720,18
"CrossingSweep",1000,1,223,1.729,1.747,0.000,0,0,0.078,1.651,,1311,18
"CrossingSweep",1000,1,224,1.985,1.976,0.000,0,0,0.071,1.914,,1012,18
"CrossingSweep",1000,1,225,8.559,8.551,6.599,1,0,0.093,1.868,,1015,18
"CrossingSweep",1000,1,226,1.713,1.719,0.000,0,0,0.070,1.644,,1013,18
"CrossingSweep",1000,1,227,1.778,1.789,0.000,0,0,0.107,1.671,,1014,18
"CrossingSweep",1000,1,228,1.654,1.653,0.000,0,0,0.069,1.585,,1019,18
"CrossingSweep",1000,1,229,0.792,0.784,0.000,0,0,0.070,0.723,,1016,18
"CrossingSweep",1000,1,230,2.648,2.633,0.000,0,0,0.077,2.572,,986,18
"CrossingSweep",1000,1,231,8.478,8.476,6.402,1,0,0.105,1.971,,1037,18
"CrossingSweep",1000,1,232,2.278,2.288,0.000,0,0,0.071,2.207,,1015,18
"CrossingSweep",1000,1,233,0.952,0.954,0.000,0,0,0.076,0.877,,1013,18
"CrossingSweep",1000,1,234,2.183,2.154,0.000,0,0,0.082,2.101,,878,17
"CrossingSweep",1000,1,235,0.783,0.811,0.000,0,0,0.158,0.625,,1142,19
"CrossingSweep",1000,1,236,1.004,1.001,0.000,0,0,0.078,0.926,,1018,18
"CrossingSweep",1000,1,237,7.406,7.391,6.446,1,0,0.082,0.878,,677,18
"CrossingSweep",1000,1,238,1.615,1.633,0.000,0,0,0.077,1.538,,1354,18
"CrossingSweep",1000,1,239,3.078,3.060,0.000,0,0,0.070,3.008,,1016,18
"CrossingSweep",1000,1,240,1.686,1.705,0.000,0,0,0.084,1.603,,1014,18
"CrossingSweep",1000,1,241,0.855,0.849,0.000,0,0,0.073,0.783,,1015,18
"CrossingSweep",1000,1,242,1.514,1.519,0.000,0,0,0.075,1.439,,1013,18
"CrossingSweep",1000,1,243,2.854,2.830,0.000,0,0,0.071,2.783,,1014,18
"CrossingSweep",1000,1,244,8.113,8.112,6.250,1,0,0.086,1.777,,1011,18
"CrossingSweep",1000,1,245,1.796,1.813,0.000,0,0,0.069,1.727,,1017,18
"CrossingSweep",1000,1,246,1.521,1.520,0.000,0,0,0.070,1.451,,1015,18
"CrossingSweep",1000,1,247,2.465,2.450,0.000,0,0,0.070,2.395,,500,18
"CrossingSweep",1000,1,248,0.731,0.741,0.000,0,0,0.079,0.652,,1015,18
"CrossingSweep",1000,1,249,8.694,8.687,6.750,1,0,0.089,1.855,,1008,18
"CrossingSweep",1000,1,250,1.984,1.988,0.000,0,0,0.067,1.917,,968,18
"CrossingSweep",1000,1,251,2.489,2.466,0.000,0,0,0.071,2.418,,1012,18
"CrossingSweep",1000,1,252,1.583,1.607,0.000,0,0,0.080,1.502,,1012,18
"CrossingSweep",1000,1,253,0.834,0.832,0.000,0,0,0.075,0.760,,1008,18
"CrossingSweep",1000,1,254,0.744,0.739,0.000,0,0,0.071,0.673,,1010,18
"CrossingSweep",1000,1,255,8.503,8.480,6.466,1,0,0.081,1.957,,880,17
"CrossingSweep",1000,1,256,2.206,2.214,0.000,0,0,0.194,2.012,,1149,18
"CrossingSweep",1000,1,257,1.738,1.759,0.000,0,0,0.180,1.558,,1017,18
"CrossingSweep",1000,1,258,2.221,2.211,0.000,0,0,0.079,2.142,,1020,18
"CrossingSweep",1000,1,259,1.975,1.955,0.000,0,0,0.171,1.803,,1016,18
"CrossingSweep",1000,1,260,9.134,9.144,7.235,1,0,0.118,1.781,,1016,18
"CrossingSweep",1000,1,261,1.517,1.522,0.000,0,0,0.070,1.446,,1016,18
"CrossingSweep",1000,1,262,1.522,1.526,0.000,0,0,0.074,1.448,,1014,18
"CrossingSweep",1000,1,263,2.758,2.742,0.000,0,0,0.071,2.687,,1017,18
"CrossingSweep",1000,1,264,1.573,1.592,0.000,0,0,0.073,1.500,,999,18
"CrossingSweep",1000,1,265,8.554,8.532,6.438,1,0,0.093,2.024,,1013,18
"CrossingSweep",1000,1,266,1.864,1.877,0.000,0,0,0.072,1.792,,1001,18
"CrossingSweep",1000,1,267,1.883,1.885,0.000,0,0,0.095,1.788,,997,18
"CrossingSweep",1000,1,268,1.569,1.574,0.000,0,0,0.075,1.494,,1016,18
"CrossingSweep",1000,1,269,0.711,0.702,0.000,0,0,0.069,0.642,,1011,18
"CrossingSweep",1000,1,270,1.445,1.453,0.000,0,0,0.075,1.370,,915,18
"CrossingSweep",1000,1,271,0.723,0.716,0.000,0,0,0.070,0.653,,1104,18
"CrossingSweep",1000,1,272,8.800,8.716,6.525,1,0,0.082,2.193,,1019,18
"CrossingSweep",1000,1,273,1.739,1.824,0.000,0,0,0.080,1.660,,1011,18
"CrossingSweep",1000,1,274,1.689,1.687,0.000,0,0,0.070,1.619,,1011,18
"CrossingSweep",1000,1,275,0.833,0.834,0.000,0,0,0.074,0.759,,1016,18
"CrossingSweep",1000,1,276,0.756,0.750,0.000,0,0,0.090,0.666,,1014,18
"CrossingSweep",1000,1,277,2.561,2.548,0.000,0,0,0.072,2.489,,1001,18
"CrossingSweep",1000,1,278,1.459,1.477,0.000,0,0,0.078,1.380,,1017,18
"CrossingSweep",1000,1,279,8.396,8.382,6.528,1,0,0.081,1.787,,1011,18
"CrossingSweep",1000,1,280,1.773,1.771,0.000,0,0,0.072,1.701,,1020,18
"CrossingSweep",1000,1,281,2.264,2.262,0.000,0,0,0.071,2.193,,1015,18
"CrossingSweep",1000,1,282,1.809,1.820,0.000,0,0,0.121,1.688,,1013,18
"CrossingSweep",1000,1,283,0.822,0.819,0.000,0,0,0.073,0.749,,1011,18
"CrossingSweep",1000,1,284,0.726,0.723,0.000,0,0,0.077,0.649,,1010,18
"CrossingSweep",1000,1,285,8.625,8.613,6.642,1,0,0.088,1.896,,479,18
"CrossingSweep",1000,1,286,1.878,1.881,0.000,0,0,0.080,1.798,,1548,17
"CrossingSweep",1000,1,287,1.554,1.569,0.000,0,0,0.075,1.479,,985,18
"CrossingSweep",1000,1,288,1.735,1.720,0.000,0,0,0.074,1.661,,1008,18
"CrossingSweep",1000,1,289,1.963,1.963,0.000,0,0,0.075,1.888,,1019,18
"CrossingSweep",1000,1,290,1.725,1.733,0.000,0,0,0.085,1.640,,1012,18
"CrossingSweep",1000,1,291,8.739,8.728,6.951,1,0,0.087,1.701,,1018,18
"CrossingSweep",1000,1,292,0.905,0.909,0.000,0,0,0.074,0.832,,1014,18
"CrossingSweep",1000,1,293,0.768,0.777,0.000,0,0,0.076,0.693,,1016,18
"CrossingSweep",1000,1,294,0.970,0.958,0.000,0,0,0.075,0.895,,1010,17
"CrossingSweep",1000,1,295,2.498,2.494,0.000,0,0,0.080,2.419,,1015,18
"CrossingSweep",1000,1,296,0.727,0.736,0.000,0,0,0.073,0.654,,1016,18
"CrossingSweep",1000,1,297,0.944,0.928,0.000,0,0,0.077,0.866,,1014,18
"CrossingSweep",1000,1,298,8.582,8.589,6.633,1,0,0.084,1.865,,985,18
"CrossingSweep",1000,1,299,1.939,1.936,0.000,0,0,0.067,1.872,,1044,18
"CrossingSweep",1250,1,0,1.499,1.539,0.000,0,0,0.108,1.391,,1259,21
"CrossingSweep",1250,1,1,12.645,12.610,10.251,1,0,0.134,2.261,,1250,21
"CrossingSweep",1250,1,2,1.664,1.686,0.000,0,0,0.109,1.555,,1241,21
"CrossingSweep",1250,1,3,0.981,0.982,0.000,0,0,0.089,0.891,,1261,21
"CrossingSweep",1250,1,4,1.623,1.624,0.000,0,0,0.091,1.531,,1104,21
"CrossingSweep",1250,1,5,12.255,12.232,10.298,1,0,0.119,1.837,,1406,21
"CrossingSweep",1250,1,6,1.543,1.566,0.000,0,0,0.097,1.446,,1256,20
"CrossingSweep",1250,1,7,2.122,2.088,0.000,0,0,0.095,2.027,,1257,21
"CrossingSweep",1250,1,8,1.436,1.465,0.000,0,0,0.106,1.330,,1261,21
"CrossingSweep",1250,1,9,12.107,12.087,10.109,1,0,0.112,1.885,,1256,21
"CrossingSweep",1250,1,10,1.696,1.708,0.000,0,0,0.099,1.597,,1254,20
"CrossingSweep",1250,1,11,1.067,1.071,0.000,0,0,0.091,0.976,,1256,21
"CrossingSweep",1250,1,12,1.476,1.484,0.000,0,0,0.095,1.381,,1256,21
"CrossingSweep",1250,1,13,11.822,11.802,9.929,1,0,0.113,1.780,,1258,21
"CrossingSweep",1250,1,14,1.639,1.649,0.000,0,0,0.092,1.547,,1248,21
"CrossingSweep",1250,1,15,1.104,1.102,0.000,0,0,0.092,1.012,,1255,21
"CrossingSweep",1250,1,16,2.346,2.320,0.000,0,0,0.094,2.252,,917,20
"CrossingSweep",1250,1,17,10.999,11.000,10.005,1,0,0.114,0.880,,1596,22
"CrossingSweep",1250,1,18,2.946,2.933,0.000,0,0,0.084,2.863,,1162,21
"CrossingSweep",1250,1,19,1.665,1.700,0.000,0,0,0.126,1.539,,1327,21
"CrossingSweep",1250,1,20,1.640,1.641,0.000,0,0,0.096,1.544,,1239,21
"CrossingSweep",1250,1,21,13.038,13.003,10.483,1,0,0.125,2.430,,1264,21
"CrossingSweep",1250,1,22,1.707,1.736,0.000,0,0,0.108,1.598,,1258,21
"CrossingSweep",1250,1,23,2.810,2.767,0.000,0,0,0.086,2.724,,1261,21
"CrossingSweep",1250,1,24,11.660,11.682,9.701,1,0,0.114,1.845,,1266,21
"CrossingSweep",1250,1,25,2.140,2.138,0.000,0,0,0.099,2.041,,1260,21
"CrossingSweep",1250,1,26,0.795,0.812,0.000,0,0,0.107,0.688,,1264,21
"CrossingSweep",1250,1,27,12.128,12.083,10.192,1,0,0.121,1.815,,1255,21
"CrossingSweep",1250,1,28,1.542,1.572,0.000,0,0,0.137,1.405,,1258,21
"CrossingSweep",1250,1,29,1.837,1.850,0.000,0,0,0.097,1.740,,1262,21
"CrossingSweep",1250,1,30,1.587,1.586,0.000,0,0,0.092,1.495,,1260,21
"CrossingSweep",1250,1,31,12.075,12.060,10.088,1,0,0.120,1.867,,1258,20
"CrossingSweep",1250,1,32,1.088,1.092,0.000,0,0,0.096,0.992,,1254,21
"CrossingSweep",1250,1,33,0.802,0.800,0.000,0,0,0.097,0.705,,1186,21
"CrossingSweep",1250,1,34,2.954,2.930,0.000,0,0,0.099,2.855,,1346,21
"CrossingSweep",1250,1,35,12.175,12.188,10.179,1,0,0.114,1.882,,1262,21
"CrossingSweep",1250,1,36,2.077,2.082,0.000,0,0,0.098,1.979,,1254,21
"CrossingSweep",1250,1,37,1.810,1.821,0.000,0,0,0.170,1.640,,1262,21
"CrossingSweep",1250,1,38,12.531,12.511,10.465,1,0,0.138,1.928,,1262,21
"CrossingSweep",1250,1,39,1.701,1.721,0.000,0,0,0.087,1.614,,1260,21
"CrossingSweep",1250,1,40,1.589,1.587,0.000,0,0,0.091,1.498,,1262,21
"CrossingSweep",1250,1,41,2.795,2.770,0.000,0,0,0.090,2.705,,1266,21
"CrossingSweep",1250,1,42,11.956,11.953,9.784,1,0,0.127,2.045,,1258,21
"CrossingSweep",1250,1,43,2.223,2.229,0.000,0,0,0.100,2.124,,1208,21
"CrossingSweep",1250,1,44,0.758,0.782,0.000,0,0,0.112,0.646,,1262,21
"CrossingSweep",1250,1,45,11.837,11.812,9.978,1,0,0.111,1.748,,1263,21
"CrossingSweep",1250,1,46,1.405,1.402,0.000,0,0,0.134,1.271,,1260,21
"CrossingSweep",1250,1,47,1.060,1.074,0.000,0,0,0.112,0.948,,1267,21
"CrossingSweep",1250,1,48,1.713,1.718,0.000,0,0,0.094,1.620,,1260,21
"CrossingSweep",1250,1,49,0.862,0.863,0.000,0,0,0.089,0.772,,1266,21
"CrossingSweep",1250,1,50,12.831,12.802,10.806,1,0,0.116,1.909,,1267,21
"CrossingSweep",1250,1,51,1.877,1.897,0.000,0,0,0.102,1.774,,1264,21
"CrossingSweep",1250,1,52,2.472,2.455,0.000,0,0,0.097,2.374,,1261,21
"CrossingSweep",1250,1,53,12.218,12.224,10.310,1,0,0.119,1.788,,1266,21
"CrossingSweep",1250,1,54,1.324,1.302,0.000,0,0,0.098,1.226,,1258,21
"CrossingSweep",1250,1,55,1.088,1.117,0.000,0,0,0.108,0.979,,1262,21
"CrossingSweep",1250,1,56,0.815,0.822,0.000,0,0,0.097,0.718,,1264,21
"CrossingSweep",1250,1,57,12.737,12.719,10.380,1,0,0.184,2.174,,1192,21
"CrossingSweep",1250,1,58,1.569,1.584,0.000,0,0,0.097,1.472,,1329,21
"CrossingSweep",1250,1,59,1.846,1.842,0.000,0,0,0.090,1.757,,1267,21
"CrossingSweep",1250,1,60,2.713,2.681,0.000,0,0,0.086,2.627,,1265,21
"CrossingSweep",1250,1,61,12.529,12.542,10.429,1,0,0.123,1.977,,1264,21
"CrossingSweep",1250,1,62,1.700,1.715,0.000,0,0,0.100,1.600,,1269,21
"CrossingSweep",1250,1,63,1.019,1.012,0.000,0,0,0.093,0.926,,1262,21
"CrossingSweep",1250,1,64,11.941,11.920,9.996,1,0,0.146,1.800,,1266,21
"CrossingSweep",1250,1,65,1.788,1.812,0.000,0,0,0.135,1.653,,1268,21
"CrossingSweep",1250,1,66,1.709,1.714,0.000,0,0,0.095,1.614,,1264,21
"CrossingSweep",1250,1,67,2.052,2.046,0.000,0,0,0.083,1.969,,1264,21
"CrossingSweep",1250,1,68,12.282,12.259,10.240,1,0,0.115,1.928,,1259,21
"CrossingSweep",1250,1,69,1.828,1.845,0.000,0,0,0.102,1.726,,1253,20
"CrossingSweep",1250,1,70,1.811,1.808,0.000,0,0,0.145,1.666,,1263,21
"CrossingSweep",1250,1,71,12.729,12.701,10.691,1,0,0.110,1.928,,1264,21
"CrossingSweep",1250,1,72,1.843,1.870,0.000,0,0,0.152,1.691,,1260,21
"CrossingSweep",1250,1,73,1.681,1.685,0.000,0,0,0.092,1.589,,1266,21
"CrossingSweep",1250,1,74,12.709,12.696,10.847,1,0,0.114,1.748,,1260,21
"CrossingSweep",1250,1,75,1.557,1.562,0.000,0,0,0.081,1.477,,1259,20
"CrossingSweep",1250,1,76,1.467,1.480,0.000,0,0,0.093,1.373,,1266,21
"CrossingSweep",1250,1,77,2.729,2.677,0.000,0,0,0.086,2.643,,1262,21
"CrossingSweep",1250,1,78,12.231,12.249,10.110,1,0,0.121,2.000,,1266,21
"CrossingSweep",1250,1,79,1.667,1.685,0.000,0,0,0.106,1.561,,1248,20
"CrossingSweep",1250,1,80,1.003,0.997,0.000,0,0,0.096,0.907,,1257,21
"CrossingSweep",1250,1,81,12.892,12.873,10.834,1,0,0.147,1.911,,1264,21
"CrossingSweep",1250,1,82,1.662,1.686,0.000,0,0,0.093,1.570,,1252,21
"CrossingSweep",1250,1,83,1.633,1.639,0.000,0,0,0.087,1.545,,1260,21
"CrossingSweep",1250,1,84,12.261,12.231,10.301,1,0,0.114,1.846,,1230,21
"CrossingSweep",1250,1,85,1.542,1.571,0.000,0,0,0.089,1.454,,1243,21
"CrossingSweep",1250,1,86,1.471,1.473,0.000,0,0,0.086,1.385,,1263,21
"CrossingSweep",1250,1,87,2.204,2.174,0.000,0,0,0.091,2.114,,1264,21
"CrossingSweep",1250,1,88,12.005,12.006,10.011,1,0,0.116,1.878,,1255,21
"CrossingSweep",1250,1,89,1.882,1.890,0.000,0,0,0.092,1.790,,1262,21
"CrossingSweep",1250,1,90,1.680,1.691,0.000,0,0,0.094,1.586,,1270,21
"CrossingSweep",1250,1,91,1.588,1.588,0.000,0,0,0.088,1.501,,1266,20
"CrossingSweep",1250,1,92,11.889,11.869,10.004,1,0,0.111,1.774,,1252,21
"CrossingSweep",1250,1,93,1.651,1.672,0.000,0,0,0.083,1.568,,1265,21
"CrossingSweep",1250,1,94,2.284,2.264,0.000,0,0,0.090,2.193,,1268,21
"CrossingSweep",1250,1,95,12.163,12.169,10.233,1,0,0.113,1.817,,1267,21
"CrossingSweep",1250,1,96,3.569,3.520,0.000,0,0,0.091,3.477,,1252,21
"CrossingSweep",1250,1,97,1.867,1.921,0.000,0,0,0.224,1.643,,1256,21
"CrossingSweep",1250,1,98,11.533,11.519,9.616,1,0,0.113,1.804,,1267,21
"CrossingSweep",1250,1,99,1.533,1.546,0.000,0,0,0.094,1.440,,1259,21
"CrossingSweep",1250,1,100,0.833,0.827,0.000,0,0,0.091,0.742,,1271,21
"CrossingSweep",1250,1,101,2.045,2.049,0.000,0,0,0.092,1.952,,863,21
"CrossingSweep",1250,1,102,11.907,11.883,9.892,1,0,0.114,1.901,,1659,21
"CrossingSweep",1250,1,103,1.526,1.554,0.000,0,0,0.092,1.435,,1251,20
"CrossingSweep",1250,1,104,1.602,1.591,0.000,0,0,0.091,1.511,,1267,21
"CrossingSweep",1250,1,105,2.092,2.091,0.000,0,0,0.096,1.996,,1265,21
"CrossingSweep",1250,1,106,12.213,12.190,10.194,1,0,0.138,1.881,,1259,21
"CrossingSweep",1250,1,107,1.473,1.488,0.000,0,0,0.136,1.338,,1263,21
"CrossingSweep",1250,1,108,0.838,0.846,0.000,0,0,0.118,0.720,,1263,21
"CrossingSweep",1250,1,109,1.202,1.191,0.000,0,0,0.097,1.105,,1243,21
"CrossingSweep",1250,1,110,12.926,12.913,10.855,1,0,0.112,1.959,,1275,21
"CrossingSweep",1250,1,111,1.600,1.623,0.000,0,0,0.105,1.495,,1263,21
"CrossingSweep",1250,1,112,1.542,1.548,0.000,0,0,0.102,1.440,,1265,21
"CrossingSweep",1250,1,113,2.649,2.629,0.000,0,0,0.079,2.570,,1267,21
"CrossingSweep",1250,1,114,11.562,11.550,9.573,1,0,0.116,1.873,,1260,21
"CrossingSweep",1250,1,115,2.288,2.293,0.000,0,0,0.089,2.199,,1249,21
"CrossingSweep",1250,1,116,0.817,0.833,0.000,0,0,0.099,0.718,,1257,21
"CrossingSweep",1250,1,117,13.197,13.182,10.568,1,0,0.143,2.486,,1265,21
"CrossingSweep",1250,1,118,1.837,1.842,0.000,0,0,0.092,1.745,,1261,21
"CrossingSweep",1250,1,119,1.636,1.645,0.000,0,0,0.083,1.553,,1258,21
"CrossingSweep",1250,1,120,11.788,11.773,9.894,1,0,0.107,1.786,,1256,21
"CrossingSweep",1250,1,121,1.682,1.694,0.000,0,0,0.091,1.591,,1259,20
"CrossingSweep",1250,1,122,1.696,1.694,0.000,0,0,0.088,1.608,,1260,21
"CrossingSweep",1250,1,123,2.090,2.079,0.000,0,0,0.093,1.997,,1270,21
"CrossingSweep",1250,1,124,13.157,13.136,10.224,1,0,0.112,2.821,,1268,21
"CrossingSweep",1250,1,125,1.775,1.802,0.000,0,0,0.150,1.625,,1268,21
"CrossingSweep",1250,1,126,1.420,1.425,0.000,0,0,0.090,1.330,,1262,21
"CrossingSweep",1250,1,127,11.512,11.484,9.559,1,0,0.113,1.840,,1262,20
"CrossingSweep",1250,1,128,1.739,1.758,0.000,0,0,0.102,1.637,,1264,21
"CrossingSweep",1250,1,129,1.014,1.014,0.000,0,0,0.090,0.924,,1267,21
"CrossingSweep",1250,1,130,1.538,1.539,0.000,0,0,0.091,1.447,,1265,21
"CrossingSweep",1250,1,131,2.621,2.600,0.000,0,0,0.089,2.532,,1264,21
"CrossingSweep",1250,1,132,11.299,11.292,9.961,1,0,0.131,1.207,,1264,21
"CrossingSweep",1250,1,133,2.573,2.576,0.000,0,0,0.103,2.470,,1270,21
"CrossingSweep",1250,1,134,0.928,0.948,0.000,0,0,0.113,0.815,,1258,21
"CrossingSweep",1250,1,135,12.983,12.944,10.145,1,0,0.109,2.729,,1185,21
"CrossingSweep",1250,1,136,1.750,1.787,0.000,0,0,0.173,1.576,,1350,20
"CrossingSweep",1250,1,137,1.456,1.462,0.000,0,0,0.082,1.374,,1268,21
"CrossingSweep",1250,1,138,2.231,2.208,0.000,0,0,0.086,2.145,,1263,21
"CrossingSweep",1250,1,139,13.813,13.806,11.977,1,0,0.111,1.724,,1266,21
"CrossingSweep",1250,1,140,2.037,2.055,0.000,0,0,0.087,1.950,,1260,21
"CrossingSweep",1250,1,141,12.631,12.615,10.237,1,0,0.117,2.277,,1259,21
"CrossingSweep",1250,1,142,1.797,1.813,0.000,0,0,0.194,1.604,,1267,21
"CrossingSweep",1250,1,143,0.884,0.879,0.000,0,0,0.089,0.795,,1268,21
"CrossingSweep",1250,1,144,12.133,12.116,10.154,1,0,0.106,1.874,,1267,21
"CrossingSweep",1250,1,145,1.789,1.810,0.000,0,0,0.089,1.700,,1259,21
"CrossingSweep",1250,1,146,1.604,1.605,0.000,0,0,0.077,1.528,,1267,21
"CrossingSweep",1250,1,147,1.201,1.191,0.000,0,0,0.074,1.127,,1268,21
"CrossingSweep",1250,1,148,11.828,11.811,10.020,1,0,0.113,1.696,,1268,21
"CrossingSweep",1250,1,149,1.974,1.988,0.000,0,0,0.080,1.895,,1264,21
"CrossingSweep",1250,1,150,2.367,2.334,0.000,0,0,0.130,2.237,,1247,21
"CrossingSweep",1250,1,151,1.560,1.597,0.000,0,0,0.092,1.468,,1260,21
"CrossingSweep",1250,1,152,11.841,11.816,9.688,1,0,0.137,2.017,,1263,21
"CrossingSweep",1250,1,153,1.155,1.166,0.000,0,0,0.091,1.065,,1259,21
"CrossingSweep",1250,1,154,0.693,0.706,0.000,0,0,0.098,0.595,,1268,21
"CrossingSweep",1250,1,155,1.523,1.518,0.000,0,0,0.093,1.430,,1005,21
"CrossingSweep",1250,1,156,1.517,1.517,0.000,0,0,0.091,1.426,,1267,21
"CrossingSweep",1250,1,157,11.672,11.653,9.884,1,0,0.114,1.674,,1258,21
"CrossingSweep",1250,1,158,1.689,1.703,0.000,0,0,0.082,1.607,,1260,21
"CrossingSweep",1250,1,159,3.083,3.055,0.000,0,0,0.092,2.992,,1263,21
"CrossingSweep",1250,1,160,11.838,11.823,9.972,1,0,0.118,1.748,,1258,21
"CrossingSweep",1250,1,161,1.912,1.936,0.000,0,0,0.095,1.817,,1252,21
"CrossingSweep",1250,1,162,1.817,1.833,0.000,0,0,0.097,1.719,,1263,21
"CrossingSweep",1250,1,163,0.874,0.876,0.000,0,0,0.090,0.784,,1269,21
"CrossingSweep",1250,1,164,12.092,12.078,10.100,1,0,0.167,1.826,,1184,21
"CrossingSweep",1250,1,165,1.634,1.644,0.000,0,0,0.092,1.542,,1341,21
"CrossingSweep",1250,1,166,1.496,1.498,0.000,0,0,0.091,1.405,,1262,21
"CrossingSweep",1250,1,167,2.963,2.922,0.000,0,0,0.087,2.877,,1257,21
"CrossingSweep",1250,1,168,11.770,11.795,9.769,1,0,0.114,1.886,,1250,21
"CrossingSweep",1250,1,169,2.241,2.169,0.000,0,0,0.093,2.149,,1266,21
"CrossingSweep",1250,1,170,1.649,1.735,0.000,0,0,0.102,1.547,,1258,21
"CrossingSweep",1250,1,171,12.065,12.040,10.076,1,0,0.152,1.837,,1262,21
"CrossingSweep",1250,1,172,1.668,1.692,0.000,0,0,0.092,1.576,,1256,19
"CrossingSweep",1250,1,173,1.637,1.638,0.000,0,0,0.088,1.549,,1269,21
"CrossingSweep",1250,1,174,1.750,1.747,0.000,0,0,0.083,1.668,,1267,21
"CrossingSweep",1250,1,175,12.652,12.629,10.359,1,0,0.110,2.184,,1265,21
"CrossingSweep",1250,1,176,3.208,3.210,0.000,0,0,0.083,3.125,,1266,21
"CrossingSweep",1250,1,177,11.447,11.449,9.570,1,0,0.107,1.770,,1261,21
"CrossingSweep",1250,1,178,2.874,2.871,0.000,0,0,0.080,2.795,,1255,21
"CrossingSweep",1250,1,179,1.648,1.666,0.000,0,0,0.093,1.556,,1266,21
"CrossingSweep",1250,1,180,12.216,12.198,10.145,1,0,0.124,1.947,,1250,21
"CrossingSweep",1250,1,181,1.656,1.671,0.000,0,0,0.093,1.562,,1268,21
"CrossingSweep",1250,1,182,1.571,1.557,0.000,0,0,0.088,1.484,,1265,21
"CrossingSweep",1250,1,183,1.912,1.908,0.000,0,0,0.090,1.821,,1266,21
"CrossingSweep",1250,1,184,11.914,11.902,10.164,1,0,0.118,1.632,,1267,21
"CrossingSweep",1250,1,185,1.875,1.876,0.000,0,0,0.088,1.787,,1258,21
"CrossingSweep",1250,1,186,1.681,1.696,0.000,0,0,0.106,1.575,,1266,21
"CrossingSweep",1250,1,187,1.018,1.017,0.000,0,0,0.096,0.922,,1262,21
"CrossingSweep",1250,1,188,12.454,12.436,10.388,1,0,0.122,1.944,,1250,21
"CrossingSweep",1250,1,189,1.685,1.702,0.000,0,0,0.088,1.597,,1267,21
"CrossingSweep",1250,1,190,1.501,1.509,0.000,0,0,0.096,1.405,,1261,21
"CrossingSweep",1250,1,191,0.834,0.816,0.000,0,0,0.093,0.742,,1247,21
"CrossingSweep",1250,1,192,12.311,12.301,10.430,1,0,0.117,1.764,,843,20
"CrossingSweep",1250,1,193,2.206,2.224,0.000,0,0,0.098,2.109,,2534,22
"CrossingSweep",1250,1,194,2.441,2.432,0.000,0,0,0.124,2.317,,1245,21
"CrossingSweep",1250,1,195,12.436,12.423,10.598,1,0,0.115,1.723,,1258,21
"CrossingSweep",1250,1,196,1.818,1.833,0.000,0,0,0.091,1.727,,1249,21
"CrossingSweep",1250,1,197,1.572,1.577,0.000,0,0,0.094,1.478,,1261,21
"CrossingSweep",1250,1,198,11.486,11.462,10.276,1,0,0.128,1.082,,1268,20
"CrossingSweep",1250,1,199,1.813,1.833,0.000,0,0,0.092,1.721,,1261,21
"CrossingSweep",1250,1,200,1.013,1.012,0.000,0,0,0.087,0.925,,1264,21
"CrossingSweep",1250,1,201,0.716,0.718,0.000,0,0,0.098,0.618,,1261,21
"CrossingSweep",1250,1,202,1.951,1.939,0.000,0,0,0.093,1.857,,751,21
"CrossingSweep",1250,1,203,11.657,11.653,9.831,1,0,0.125,1.700,,1779,21
"CrossingSweep",1250,1,204,1.733,1.742,0.000,0,0,0.082,1.651,,1266,21
"CrossingSweep",1250,1,205,2.456,2.431,0.000,0,0,0.130,2.326,,1264,21
"CrossingSweep",1250,1,206,0.764,0.795,0.000,0,0,0.100,0.664,,1266,21
"CrossingSweep",1250,1,207,11.192,11.172,9.411,1,0,0.103,1.678,,784,21
"CrossingSweep",1250,1,208,2.009,2.013,0.000,0,0,0.087,1.922,,1724,21
"CrossingSweep",1250,1,209,1.622,1.625,0.000,0,0,0.091,1.530,,1266,21
"CrossingSweep",1250,1,210,1.661,1.660,0.000,0,0,0.089,1.572,,1265,21
"CrossingSweep",1250,1,211,12.515,12.495,10.325,1,0,0.119,2.071,,1266,21
"CrossingSweep",1250,1,212,1.692,1.713,0.000,0,0,0.085,1.607,,1250,21
"CrossingSweep",1250,1,213,3.365,3.341,0.000,0,0,0.126,3.239,,1268,21
"CrossingSweep",1250,1,214,11.871,11.839,9.969,1,0,0.115,1.787,,1266,21
"CrossingSweep",1250,1,215,1.930,1.969,0.000,0,0,0.093,1.836,,1263,21
"CrossingSweep",1250,1,216,0.801,0.813,0.000,0,0,0.096,0.705,,1021,21
"CrossingSweep",1250,1,217,1.694,1.695,0.000,0,0,0.098,1.596,,1264,21
"CrossingSweep",1250,1,218,12.037,12.014,10.152,1,0,0.144,1.741,,1265,21
"CrossingSweep",1250,1,219,1.773,1.792,0.000,0,0,0.095,1.678,,1267,21
"CrossingSweep",1250,1,220,1.523,1.525,0.000,0,0,0.122,1.401,,1269,20
"CrossingSweep",1250,1,221,3.049,3.005,0.000,0,0,0.087,2.963,,1264,21
"CrossingSweep",1250,1,222,11.413,11.433,9.528,1,0,0.113,1.773,,1261,21
"CrossingSweep",1250,1,223,2.590,2.545,0.000,0,0,0.080,2.510,,1267,21
"CrossingSweep",1250,1,224,1.664,1.724,0.000,0,0,0.105,1.559,,1268,21
"CrossingSweep",1250,1,225,11.515,11.500,9.664,1,0,0.114,1.737,,1265,21
"CrossingSweep",1250,1,226,0.956,0.964,0.000,0,0,0.097,0.859,,1256,21
"CrossingSweep",1250,1,227,0.929,0.923,0.000,0,0,0.090,0.838,,859,21
"CrossingSweep",1250,1,228,0.809,0.823,0.000,0,0,0.090,0.719,,1664,21
"CrossingSweep",1250,1,229,1.482,1.479,0.000,0,0,0.088,1.394,,1206,21
"CrossingSweep",1250,1,230,12.600,12.536,10.100,1,0,0.125,2.376,,1322,21
"CrossingSweep",1250,1,231,1.543,1.599,0.000,0,0,0.097,1.447,,1259,21
"CrossingSweep",1250,1,232,3.095,3.071,0.000,0,0,0.091,3.004,,1265,21
"CrossingSweep",1250,1,233,11.864,11.871,10.077,1,0,0.110,1.677,,1261,21
"CrossingSweep",1250,1,234,2.323,2.303,0.000,0,0,0.095,2.228,,1255,21
"CrossingSweep",1250,1,235,0.896,0.937,0.000,0,0,0.206,0.690,,1262,21
"CrossingSweep",1250,1,236,1.757,1.750,0.000,0,0,0.091,1.666,,1265,21
"CrossingSweep",1250,1,237,12.062,12.026,10.137,1,0,0.131,1.794,,1268,21
"CrossingSweep",1250,1,238,1.731,1.759,0.000,0,0,0.092,1.639,,1252,21
"CrossingSweep",1250,1,239,1.627,1.631,0.000,0,0,0.083,1.544,,1263,21
"CrossingSweep",1250,1,240,2.468,2.424,0.000,0,0,0.089,2.379,,1267,21
"CrossingSweep",1250,1,241,12.330,12.333,10.014,1,0,0.123,2.193,,1262,21
"CrossingSweep",1250,1,242,2.175,2.182,0.000,0,0,0.105,2.070,,1048,21
"CrossingSweep",1250,1,243,11.978,11.977,10.039,1,0,0.114,1.825,,1259,20
"CrossingSweep",1250,1,244,1.651,1.676,0.000,0,0,0.105,1.546,,1249,21
"CrossingSweep",1250,1,245,1.493,1.500,0.000,0,0,0.094,1.399,,1253,21
"CrossingSweep",1250,1,246,0.934,0.925,0.000,0,0,0.086,0.848,,1269,21
"CrossingSweep",1250,1,247,0.947,0.951,0.000,0,0,0.089,0.858,,1002,21
"CrossingSweep",1250,1,248,12.179,12.166,10.215,1,0,0.124,1.840,,1153,21
"CrossingSweep",1250,1,249,1.330,1.318,0.000,0,0,0.082,1.249,,1640,21
"CrossingSweep",1250,1,250,1.531,1.541,0.000,0,0,0.109,1.422,,1245,21
"CrossingSweep",1250,1,251,2.033,2.005,0.000,0,0,0.090,1.944,,1266,21
"CrossingSweep",1250,1,252,13.694,13.713,11.708,1,0,0.118,1.868,,1257,21
"CrossingSweep",1250,1,253,2.002,2.010,0.000,0,0,0.107,1.894,,1263,21
"CrossingSweep",1250,1,254,5.130,5.092,0.000,0,0,0.097,5.033,,1264,21
"CrossingSweep",1250,1,255,12.006,12.031,10.030,1,0,0.133,1.843,,1258,21
"CrossingSweep",1250,1,256,11.873,11.872,10.046,1,0,0.112,1.714,,1260,21
"CrossingSweep",1250,1,257,1.617,1.632,0.000,0,0,0.078,1.539,,1269,21
"CrossingSweep",1250,1,258,2.349,2.301,0.000,0,0,0.084,2.265,,1264,21
"CrossingSweep",1250,1,259,0.981,1.031,0.000,0,0,0.244,0.737,,1265,21
"CrossingSweep",1250,1,260,11.701,11.663,9.799,1,0,0.111,1.791,,1258,21
"CrossingSweep",1250,1,261,1.850,1.877,0.000,0,0,0.145,1.705,,1265,21
"CrossingSweep",1250,1,262,1.532,1.541,0.000,0,0,0.095,1.437,,1265,21
"CrossingSweep",1250,1,263,1.116,1.096,0.000,0,0,0.080,1.036,,1263,21
"CrossingSweep",1250,1,264,12.458,12.447,10.481,1,0,0.120,1.858,,1269,21
"CrossingSweep",1250,1,265,2.004,2.018,0.000,0,0,0.084,1.921,,1267,21
"CrossingSweep",1250,1,266,0.962,0.966,0.000,0,0,0.099,0.863,,1252,21
"CrossingSweep",1250,1,267,2.030,2.011,0.000,0,0,0.133,1.897,,1174,21
"CrossingSweep",1250,1,268,12.349,12.352,10.353,1,0,0.121,1.875,,1353,21
"CrossingSweep",1250,1,269,2.026,2.028,0.000,0,0,0.107,1.919,,1266,21
"CrossingSweep",1250,1,270,1.018,1.024,0.000,0,0,0.096,0.922,,1263,21
"CrossingSweep",1250,1,271,1.646,1.656,0.000,0,0,0.103,1.543,,1240,21
"CrossingSweep",1250,1,272,11.757,11.736,9.806,1,0,0.169,1.783,,1291,21
"CrossingSweep",1250,1,273,0.946,0.949,0.000,0,0,0.094,0.851,,1264,21
"CrossingSweep",1250,1,274,1.143,1.148,0.000,0,0,0.094,1.049,,617,21
"CrossingSweep",1250,1,275,0.775,0.785,0.000,0,0,0.104,0.671,,1909,21
"CrossingSweep",1250,1,276,3.137,3.068,0.000,0,0,0.093,3.044,,1255,21
"CrossingSweep",1250,1,277,12.618,12.646,10.343,1,0,0.122,2.153,,1266,21
"CrossingSweep",1250,1,278,2.332,2.348,0.000,0,0,0.122,2.210,,1265,21
"CrossingSweep",1250,1,279,12.237,12.220,10.101,1,0,0.112,2.024,,1270,21
"CrossingSweep",1250,1,280,1.539,1.567,0.000,0,0,0.098,1.441,,1263,21
"CrossingSweep",1250,1,281,1.411,1.414,0.000,0,0,0.089,1.321,,1263,21
"CrossingSweep",1250,1,282,1.423,1.424,0.000,0,0,0.087,1.336,,1257,21
"CrossingSweep",1250,1,283,12.036,12.009,9.935,1,0,0.113,1.989,,1261,21
"CrossingSweep",1250,1,284,1.058,1.074,0.000,0,0,0.083,0.974,,1250,21
"CrossingSweep",1250,1,285,1.455,1.461,0.000,0,0,0.091,1.364,,1263,21
"CrossingSweep",1250,1,286,2.480,2.437,0.000,0,0,0.086,2.394,,1265,21
"CrossingSweep",1250,1,287,11.720,11.733,9.874,1,0,0.123,1.722,,1263,21
"CrossingSweep",1250,1,288,2.267,2.238,0.000,0,0,0.094,2.174,,1266,21
"CrossingSweep",1250,1,289,0.877,0.926,0.000,0,0,0.185,0.692,,1270,21
"CrossingSweep",1250,1,290,1.951,1.950,0.000,0,0,0.095,1.856,,1266,21
"CrossingSweep",1250,1,291,12.672,12.650,10.660,1,0,0.160,1.852,,1267,21
"CrossingSweep",1250,1,292,1.785,1.792,0.000,0,0,0.095,1.690,,1267,21
"CrossingSweep",1250,1,293,0.934,0.943,0.000,0,0,0.110,0.825,,1266,21
"CrossingSweep",1250,1,294,2.557,2.519,0.000,0,0,0.093,2.464,,1226,21
"CrossingSweep",1250,1,295,11.843,11.868,9.928,1,0,0.116,1.799,,1311,21
"CrossingSweep",1250,1,296,2.017,1.984,0.000,0,0,0.091,1.926,,1238,21
"CrossingSweep",1250,1,297,1.843,1.870,0.000,0,0,0.155,1.688,,1269,21
"CrossingSweep",1250,1,298,12.260,12.242,10.356,1,0,0.118,1.785,,1267,21
"CrossingSweep",1250,1,299,1.899,1.921,0.000,0,0,0.119,1.780,,1254,21
"CrossingSweep",1500,1,0,15.965,15.946,14.177,1,0,0.144,1.644,,1510,23
"CrossingSweep",1500,1,1,18.199,18.216,16.137,1,0,0.158,1.903,,1505,22
"CrossingSweep",1500,1,2,16.961,16.968,14.903,1,0,0.185,1.874,,1510,21
"CrossingSweep",1500,1,3,17.404,17.397,15.251,1,0,0.137,2.016,,1510,23
"CrossingSweep",1500,1,4,16.368,16.364,14.522,1,0,0.157,1.689,,1497,23
"CrossingSweep",1500,1,5,15.724,15.723,14.598,1,0,0.158,0.967,,1507,23
"CrossingSweep",1500,1,6,15.635,15.637,13.742,1,0,0.140,1.753,,1192,23
"CrossingSweep",1500,1,7,17.572,17.518,15.152,1,0,0.139,2.281,,1819,23
"CrossingSweep",1500,1,8,15.699,15.755,14.604,1,0,0.165,0.930,,1504,23
"CrossingSweep",1500,1,9,16.249,16.243,14.318,1,0,0.130,1.801,,1509,23
"CrossingSweep",1500,1,10,17.025,17.020,14.942,1,0,0.144,1.939,,1502,23
"CrossingSweep",1500,1,11,17.423,17.423,15.415,1,0,0.138,1.871,,1498,23
"CrossingSweep",1500,1,12,16.478,16.474,14.847,1,0,0.137,1.494,,1489,23
"CrossingSweep",1500,1,13,16.463,16.448,13.844,1,0,0.126,2.494,,1493,23
"CrossingSweep",1500,1,14,15.795,15.820,14.006,1,0,0.132,1.658,,1498,23
"CrossingSweep",1500,1,15,14.653,14.636,13.389,1,0,0.133,1.131,,1506,23
"CrossingSweep",1500,1,16,2.867,2.857,0.000,0,0,0.158,2.709,,1506,23
"CrossingSweep",1500,1,17,15.294,15.307,14.104,1,0,0.143,1.047,,1508,23
"CrossingSweep",1500,1,18,2.032,2.043,0.000,0,0,0.099,1.933,,1500,23
"CrossingSweep",1500,1,19,16.152,16.136,14.459,1,0,0.148,1.546,,1503,23
"CrossingSweep",1500,1,20,17.045,17.044,15.177,1,0,0.207,1.661,,1505,22
"CrossingSweep",1500,1,21,16.688,16.687,14.744,1,0,0.147,1.797,,1504,22
"CrossingSweep",1500,1,22,16.125,16.134,14.164,1,0,0.143,1.818,,1507,22
"CrossingSweep",1500,1,23,16.598,16.584,14.668,1,0,0.160,1.771,,1510,23
"CrossingSweep",1500,1,24,15.331,15.335,14.194,1,0,0.136,1.001,,1494,23
"CrossingSweep",1500,1,25,2.789,2.763,0.000,0,0,0.112,2.677,,1482,23
"CrossingSweep",1500,1,26,15.851,15.872,13.963,1,0,0.149,1.739,,1529,23
"CrossingSweep",1500,1,27,17.456,17.372,15.183,1,0,0.150,2.124,,1517,23
"CrossingSweep",1500,1,28,17.062,17.141,14.825,1,0,0.197,2.040,,1504,23
"CrossingSweep",1500,1,29,17.367,17.365,15.417,1,0,0.137,1.812,,1506,23
"CrossingSweep",1500,1,30,16.329,16.331,14.162,1,0,0.155,2.012,,1512,23
"CrossingSweep",1500,1,31,15.866,15.869,14.094,1,0,0.138,1.634,,1418,23
"CrossingSweep",1500,1,32,16.955,16.939,15.183,1,0,0.201,1.571,,1502,23
"CrossingSweep",1500,1,33,22.563,22.566,20.019,1,0,0.160,2.384,,1509,23
"CrossingSweep",1500,1,34,17.409,17.416,14.535,1,0,0.282,2.593,,1505,23
"CrossingSweep",1500,1,35,16.128,16.130,14.327,1,0,0.148,1.653,,1498,23
"CrossingSweep",1500,1,36,15.730,15.732,14.672,1,0,0.134,0.924,,1497,23
"CrossingSweep",1500,1,37,15.877,15.881,14.824,1,0,0.189,0.863,,1514,23
"CrossingSweep",1500,1,38,17.016,16.985,14.374,1,0,0.138,2.504,,1502,23
"CrossingSweep",1500,1,39,16.477,16.486,15.336,1,0,0.150,0.990,,1509,23
"CrossingSweep",1500,1,40,15.675,15.684,13.849,1,0,0.132,1.694,,1491,23
"CrossingSweep",1500,1,41,15.145,15.141,14.102,1,0,0.139,0.904,,1494,23
"CrossingSweep",1500,1,42,17.843,17.846,15.535,1,0,0.155,2.153,,1502,23
"CrossingSweep",1500,1,43,17.411,17.390,15.261,1,0,0.145,2.004,,1490,23
"CrossingSweep",1500,1,44,17.776,17.785,15.959,1,0,0.138,1.679,,1511,23
"CrossingSweep",1500,1,45,16.247,16.245,14.454,1,0,0.141,1.651,,1507,23
"CrossingSweep",1500,1,46,16.719,16.720,15.469,1,0,0.162,1.088,,1515,22
"CrossingSweep",1500,1,47,17.493,17.493,15.214,1,0,0.150,2.129,,1516,23
"CrossingSweep",1500,1,48,16.592,16.584,14.598,1,0,0.146,1.847,,1517,20
"CrossingSweep",1500,1,49,17.003,17.013,14.861,1,0,0.180,1.962,,1504,22
"CrossingSweep",1500,1,50,15.575,15.563,14.272,1,0,0.134,1.169,,1513,23
"CrossingSweep",1500,1,51,15.646,15.643,13.741,1,0,0.148,1.757,,28,9
"CrossingSweep",1500,1,52,16.493,16.493,14.265,1,0,0.167,2.061,,2962,37
"CrossingSweep",1500,1,53,16.368,16.367,14.420,1,0,0.143,1.806,,1511,22
"CrossingSweep",1500,1,54,16.086,16.060,14.171,1,0,0.151,1.764,,1506,23
"CrossingSweep",1500,1,55,16.905,16.928,14.967,1,0,0.138,1.800,,1517,22
"CrossingSweep",1500,1,56,15.806,15.799,14.013,1,0,0.150,1.644,,1514,23
"CrossingSweep",1500,1,57,15.759,15.760,14.541,1,0,0.180,1.039,,1513,23
"CrossingSweep",1500,1,58,16.697,16.698,14.417,1,0,0.150,2.130,,1518,23
"CrossingSweep",1500,1,59,16.953,16.952,14.514,1,0,0.154,2.285,,1510,21
"CrossingSweep",1500,1,60,16.866,16.862,14.961,1,0,0.143,1.762,,1509,23
"CrossingSweep",1500,1,61,15.657,15.656,13.631,1,0,0.153,1.872,,1516,23
"CrossingSweep",1500,1,62,16.131,16.113,14.226,1,0,0.141,1.764,,1509,23
"CrossingSweep",1500,1,63,16.278,16.294,14.417,1,0,0.144,1.717,,1514,23
"CrossingSweep",1500,1,64,17.676,17.665,15.540,1,0,0.134,2.002,,1500,22
"CrossingSweep",1500,1,65,15.949,15.969,14.160,1,0,0.140,1.650,,1498,23
"CrossingSweep",1500,1,66,19.853,19.833,17.197,1,0,0.213,2.443,,1501,23
"CrossingSweep",1500,1,67,17.389,17.397,15.493,1,0,0.148,1.749,,1513,23
"CrossingSweep",1500,1,68,16.517,16.506,14.143,1,0,0.145,2.229,,1510,20
"CrossingSweep",1500,1,69,16.333,16.346,14.484,1,0,0.163,1.687,,1508,22
"CrossingSweep",1500,1,70,16.084,16.077,14.146,1,0,0.139,1.799,,1495,23
"CrossingSweep",1500,1,71,18.305,18.303,16.082,1,0,0.194,2.029,,1510,23
"CrossingSweep",1500,1,72,16.887,16.897,14.651,1,0,0.142,2.094,,1499,23
"CrossingSweep",1500,1,73,16.775,16.756,14.491,1,0,0.144,2.140,,1519,23
"CrossingSweep",1500,1,74,15.561,15.570,13.693,1,0,0.142,1.727,,1511,23
"CrossingSweep",1500,1,75,14.947,14.942,13.770,1,0,0.135,1.042,,1507,23
"CrossingSweep",1500,1,76,16.089,16.098,14.913,1,0,0.155,1.020,,1517,23
"CrossingSweep",1500,1,77,18.141,18.127,16.130,1,0,0.150,1.861,,1447,23
"CrossingSweep",1500,1,78,16.573,16.584,14.486,1,0,0.141,1.947,,1517,23
"CrossingSweep",1500,1,79,17.617,17.603,15.335,1,0,0.162,2.120,,1508,23
"CrossingSweep",1500,1,80,16.844,16.843,14.648,1,0,0.176,2.020,,1508,23
"CrossingSweep",1500,1,81,17.601,17.602,15.674,1,0,0.150,1.777,,1489,23
"CrossingSweep",1500,1,82,17.059,17.063,15.299,1,0,0.130,1.630,,1518,22
"CrossingSweep",1500,1,83,16.986,16.968,14.713,1,0,0.150,2.123,,1490,23
"CrossingSweep",1500,1,84,16.696,16.711,14.798,1,0,0.136,1.762,,1518,23
"CrossingSweep",1500,1,85,16.398,16.389,14.338,1,0,0.132,1.929,,1473,23
"CrossingSweep",1500,1,86,16.008,16.012,14.879,1,0,0.151,0.978,,1508,23
"CrossingSweep",1500,1,87,16.006,16.004,14.017,1,0,0.151,1.838,,1505,23
"CrossingSweep",1500,1,88,17.862,17.860,15.896,1,0,0.156,1.810,,1505,23
"CrossingSweep",1500,1,89,16.498,16.498,14.633,1,0,0.146,1.720,,1512,23
"CrossingSweep",1500,1,90,18.423,18.409,16.008,1,0,0.149,2.267,,1510,23
"CrossingSweep",1500,1,91,17.471,17.489,15.275,1,0,0.152,2.044,,1513,23
"CrossingSweep",1500,1,92,15.425,15.412,14.060,1,0,0.140,1.225,,1516,23
"CrossingSweep",1500,1,93,16.532,16.535,14.502,1,0,0.132,1.898,,1514,23
"CrossingSweep",1500,1,94,15.936,15.935,14.150,1,0,0.125,1.660,,1493,23
"CrossingSweep",1500,1,95,19.014,19.010,16.876,1,0,0.139,2.000,,1510,23
"CrossingSweep",1500,1,96,15.824,15.826,14.010,1,0,0.129,1.685,,1506,23
"CrossingSweep",1500,1,97,15.814,15.811,14.335,1,0,0.141,1.339,,1507,23
"CrossingSweep",1500,1,98,18.714,18.713,16.857,1,0,0.145,1.712,,1510,21
"CrossingSweep",1500,1,99,18.569,18.561,16.115,1,0,0.157,2.297,,1509,23
"CrossingSweep",1500,1,100,18.387,18.377,16.012,1,0,0.167,2.209,,1506,23
"CrossingSweep",1500,1,101,16.034,16.016,14.119,1,0,0.158,1.757,,1498,23
"CrossingSweep",1500,1,102,19.430,19.448,17.156,1,0,0.170,2.104,,1508,23
"CrossingSweep",1500,1,103,16.655,16.663,14.734,1,0,0.149,1.772,,1517,21
"CrossingSweep",1500,1,104,16.949,16.946,14.957,1,0,0.159,1.833,,1494,23
"CrossingSweep",1500,1,105,18.300,18.302,16.316,1,1,0.160,1.824,,1502,23
"CrossingSweep",1500,1,106,19.522,19.515,17.127,1,1,0.152,2.243,,1515,23
"CrossingSweep",1500,1,107,16.667,16.680,14.819,1,1,0.137,1.711,,1496,23
"CrossingSweep",1500,1,108,16.720,16.703,14.362,1,1,0.151,2.207,,1517,23
"CrossingSweep",1500,1,109,16.472,16.484,14.558,1,1,0.154,1.761,,1508,23
"CrossingSweep",1500,1,110,15.897,15.878,13.815,1,0,0.147,1.935,,1514,22
"CrossingSweep",1500,1,111,17.229,17.234,15.211,1,0,0.167,1.851,,1508,23
"CrossingSweep",1500,1,112,18.861,18.859,16.549,1,0,0.164,2.148,,1514,23
"CrossingSweep",1500,1,113,19.586,19.584,17.249,1,1,0.158,2.179,,1511,22
"CrossingSweep",1500,1,114,16.948,16.958,14.958,1,1,0.159,1.831,,1501,23
"CrossingSweep",1500,1,115,18.582,18.569,16.624,1,1,0.150,1.809,,1495,22
"CrossingSweep",1500,1,116,17.611,17.611,15.433,1,1,0.163,2.016,,1509,20
"CrossingSweep",1500,1,117,19.354,19.341,16.692,1,1,0.215,2.446,,1498,23
"CrossingSweep",1500,1,118,19.095,19.107,17.050,1,1,0.163,1.882,,1506,23
"CrossingSweep",1500,1,119,16.034,16.031,14.143,1,1,0.137,1.754,,1504,21
"CrossingSweep",1500,1,120,16.696,16.696,14.669,1,0,0.145,1.881,,1505,23
"CrossingSweep",1500,1,121,17.276,17.267,15.087,1,0,0.178,2.011,,1507,23
"CrossingSweep",1500,1,122,15.512,15.532,14.466,1,0,0.134,0.912,,1504,23
"CrossingSweep",1500,1,123,16.680,16.666,15.516,1,0,0.149,1.014,,1517,23
"CrossingSweep",1500,1,124,15.211,15.212,14.189,1,0,0.132,0.889,,1224,23
"CrossingSweep",1500,1,125,17.236,17.233,16.028,1,0,0.157,1.052,,1774,23
"CrossingSweep",1500,1,126,17.575,17.563,16.148,1,0,0.157,1.269,,1512,23
"CrossingSweep",1500,1,127,17.239,17.241,14.514,1,0,0.156,2.569,,1512,23
"CrossingSweep",1500,1,128,17.693,17.684,15.138,1,0,0.156,2.399,,1512,23
"CrossingSweep",1500,1,129,19.041,19.046,16.196,1,1,0.168,2.677,,1513,23
"CrossingSweep",1500,1,130,15.941,15.929,13.623,1,1,0.136,2.181,,1509,23
"CrossingSweep",1500,1,131,16.710,16.721,14.386,1,0,0.132,2.193,,1509,23
"CrossingSweep",1500,1,132,14.673,14.683,13.650,1,0,0.140,0.883,,1515,23
"CrossingSweep",1500,1,133,16.702,16.692,15.467,1,0,0.147,1.088,,1351,23
"CrossingSweep",1500,1,134,18.781,18.777,16.515,1,0,0.149,2.118,,3022,23
"CrossingSweep",1500,1,135,16.179,16.186,14.363,1,0,0.129,1.686,,1490,23
"CrossingSweep",1500,1,136,15.220,15.214,14.032,1,0,0.140,1.048,,1511,23
"CrossingSweep",1500,1,137,16.903,16.903,15.008,1,0,0.148,1.747,,1507,23
"CrossingSweep",1500,1,138,15.904,15.878,13.436,1,0,0.141,2.327,,1505,23
"CrossingSweep",1500,1,139,16.162,16.180,14.816,1,0,0.191,1.156,,1519,22
"CrossingSweep",1500,1,140,17.911,17.901,15.907,1,0,0.151,1.853,,1513,22
"CrossingSweep",1500,1,141,15.635,15.640,14.520,1,0,0.157,0.957,,1510,21
"CrossingSweep",1500,1,142,16.495,16.491,14.490,1,0,0.148,1.857,,1501,23
"CrossingSweep",1500,1,143,15.683,15.686,14.422,1,0,0.155,1.106,,1512,23
"CrossingSweep",1500,1,144,16.022,16.010,14.813,1,0,0.159,1.049,,1513,23
"CrossingSweep",1500,1,145,15.796,15.803,14.455,1,0,0.169,1.172,,1512,23
"CrossingSweep",1500,1,146,18.089,18.094,15.815,1,0,0.170,2.105,,1435,23
"CrossingSweep",1500,1,147,17.104,17.043,15.812,1,0,0.165,1.126,,1573,23
"CrossingSweep",1500,1,148,16.846,16.886,14.105,1,0,0.152,2.589,,1506,23
"CrossingSweep",1500,1,149,19.268,19.276,17.333,1,0,0.154,1.781,,1502,22
"CrossingSweep",1500,1,150,17.989,17.971,14.890,1,0,0.147,2.952,,1516,23
"CrossingSweep",1500,1,151,15.898,15.916,13.906,1,0,0.149,1.843,,1516,23
"CrossingSweep",1500,1,152,16.557,16.551,14.330,1,0,0.141,2.087,,1492,23
"CrossingSweep",1500,1,153,16.767,16.776,14.784,1,0,0.150,1.833,,1513,23
"CrossingSweep",1500,1,154,15.814,15.807,13.905,1,0,0.135,1.774,,1513,23
"CrossingSweep",1500,1,155,16.410,16.399,14.076,1,0,0.150,2.184,,1516,23
"CrossingSweep",1500,1,156,17.121,17.126,14.746,1,0,0.171,2.204,,1518,23
"CrossingSweep",1500,1,157,16.010,16.019,14.201,1,0,0.132,1.677,,1497,23
"CrossingSweep",1500,1,158,15.589,15.589,14.546,1,0,0.146,0.897,,1491,23
"CrossingSweep",1500,1,159,17.560,17.547,15.590,1,0,0.156,1.815,,1490,23
"CrossingSweep",1500,1,160,17.069,17.064,14.708,1,0,0.155,2.206,,1517,23
"CrossingSweep",1500,1,161,16.611,16.614,14.172,1,0,0.162,2.277,,1484,22
"CrossingSweep",1500,1,162,17.075,17.075,15.029,1,0,0.135,1.911,,1498,23
"CrossingSweep",1500,1,163,16.086,16.073,14.131,1,0,0.144,1.811,,1512,23
"CrossingSweep",1500,1,164,16.248,16.257,14.196,1,0,0.140,1.911,,1512,23
"CrossingSweep",1500,1,165,16.171,16.181,14.293,1,0,0.148,1.730,,1505,23
"CrossingSweep",1500,1,166,17.843,17.828,15.828,1,0,0.170,1.845,,1514,21
"CrossingSweep",1500,1,167,15.182,15.184,14.158,1,0,0.147,0.876,,1514,23
"CrossingSweep",1500,1,168,17.786,17.757,15.150,1,0,0.143,2.493,,1511,23
"CrossingSweep",1500,1,169,15.762,15.787,13.713,1,0,0.143,1.906,,1511,23
"CrossingSweep",1500,1,170,17.830,17.821,15.585,1,0,0.153,2.093,,1509,22
"CrossingSweep",1500,1,171,15.430,15.441,14.220,1,0,0.157,1.054,,1511,23
"CrossingSweep",1500,1,172,17.168,17.158,14.300,1,0,0.168,2.700,,1517,22
"CrossingSweep",1500,1,173,16.356,16.358,14.336,1,0,0.138,1.882,,1509,23
"CrossingSweep",1500,1,174,17.031,17.025,14.833,1,0,0.154,2.044,,1509,23
"CrossingSweep",1500,1,175,16.274,16.276,14.362,1,0,0.146,1.766,,1506,23
"CrossingSweep",1500,1,176,15.774,15.779,14.536,1,0,0.198,1.040,,1514,23
"CrossingSweep",1500,1,177,21.454,21.436,19.376,1,0,0.167,1.911,,1513,23
"CrossingSweep",1500,1,178,19.051,19.063,16.015,1,1,0.158,2.878,,1507,21
"CrossingSweep",1500,1,179,16.109,16.103,14.187,1,1,0.143,1.778,,1504,22
"CrossingSweep",1500,1,180,16.181,16.181,14.179,1,0,0.152,1.850,,1513,23
"CrossingSweep",1500,1,181,18.523,18.519,16.498,1,0,0.169,1.857,,1503,23
"CrossingSweep",1500,1,182,15.981,15.979,14.024,1,1,0.146,1.811,,1520,23
"CrossingSweep",1500,1,183,16.306,16.308,14.739,1,0,0.149,1.419,,1518,23
"CrossingSweep",1500,1,184,16.058,16.063,14.915,1,0,0.153,0.990,,1507,23
"CrossingSweep",1500,1,185,15.334,15.329,14.238,1,0,0.143,0.954,,1295,22
"CrossingSweep",1500,1,186,17.726,17.723,15.584,1,0,0.165,1.977,,1704,24
"CrossingSweep",1500,1,187,18.244,18.245,16.348,1,0,0.155,1.741,,1513,23
"CrossingSweep",1500,1,188,16.974,16.962,14.756,1,0,0.150,2.068,,1509,23
"CrossingSweep",1500,1,189,17.040,17.047,15.109,1,0,0.184,1.747,,1509,23
"CrossingSweep",1500,1,190,17.859,17.826,14.751,1,1,0.142,2.966,,1510,23
"CrossingSweep",1500,1,191,21.298,21.315,19.273,1,1,0.133,1.892,,1511,23
"CrossingSweep",1500,1,192,19.625,19.627,16.522,1,1,0.168,2.935,,1509,23
"CrossingSweep",1500,1,193,15.933,15.936,13.850,1,1,0.174,1.909,,1507,23
"CrossingSweep",1500,1,194,15.979,15.969,14.119,1,0,0.144,1.716,,1503,23
"CrossingSweep",1500,1,195,18.571,18.576,16.149,1,0,0.151,2.271,,1503,23
"CrossingSweep",1500,1,196,18.514,18.525,16.530,1,1,0.151,1.832,,1502,23
"CrossingSweep",1500,1,197,17.330,17.316,14.901,1,1,0.195,2.235,,1506,22
"CrossingSweep",1500,1,198,16.119,16.129,14.192,1,1,0.152,1.775,,1505,23
"CrossingSweep",1500,1,199,18.009,18.009,16.074,1,0,0.151,1.784,,1510,23
"CrossingSweep",1500,1,200,16.810,16.800,14.935,1,1,0.142,1.733,,1509,22
"CrossingSweep",1500,1,201,16.252,16.254,13.894,1,1,0.163,2.194,,1508,23
"CrossingSweep",1500,1,202,16.274,16.274,14.338,1,0,0.148,1.788,,1509,23
"CrossingSweep",1500,1,203,15.957,15.951,13.898,1,0,0.153,1.905,,1502,23
"CrossingSweep",1500,1,204,18.004,18.010,16.014,1,0,0.210,1.780,,1509,23
"CrossingSweep",1500,1,205,18.806,18.798,16.673,1,0,0.153,1.980,,1501,23
"CrossingSweep",1500,1,206,17.011,17.010,14.524,1,1,0.163,2.325,,1478,23
"CrossingSweep",1500,1,207,17.763,17.744,14.974,1,1,0.138,2.651,,1509,23
"CrossingSweep",1500,1,208,16.505,16.532,14.556,1,1,0.144,1.806,,1510,23
"CrossingSweep",1500,1,209,17.662,17.651,15.733,1,0,0.147,1.782,,1514,20
"CrossingSweep",1500,1,210,16.984,16.983,14.698,1,1,0.137,2.150,,1509,23
"CrossingSweep",1500,1,211,16.119,16.120,14.262,1,1,0.142,1.715,,1496,23
"CrossingSweep",1500,1,212,17.572,17.544,14.938,1,0,0.154,2.480,,1501,23
"CrossingSweep",1500,1,213,17.223,17.246,15.272,1,1,0.151,1.801,,1514,23
"CrossingSweep",1500,1,214,21.109,21.110,19.321,1,1,0.136,1.651,,1514,23
"CrossingSweep",1500,1,215,15.462,15.464,13.570,1,1,0.151,1.741,,1508,22
"CrossingSweep",1500,1,216,16.501,16.484,14.573,1,0,0.149,1.779,,1495,23
"CrossingSweep",1500,1,217,15.744,15.757,14.574,1,0,0.147,1.024,,1429,23
"CrossingSweep",1500,1,218,16.458,16.446,14.807,1,0,0.139,1.513,,1506,23
"CrossingSweep",1500,1,219,16.876,16.876,14.667,1,0,0.153,2.056,,1514,23
"CrossingSweep",1500,1,220,15.983,15.991,14.779,1,0,0.138,1.066,,1503,23
"CrossingSweep",1500,1,221,15.930,15.928,14.079,1,0,0.136,1.716,,1514,23
"CrossingSweep",1500,1,222,16.168,16.162,14.207,1,0,0.168,1.793,,1515,23
"CrossingSweep",1500,1,223,16.641,16.641,14.694,1,0,0.147,1.800,,1501,23
"CrossingSweep",1500,1,224,16.706,16.698,14.719,1,0,0.149,1.838,,1512,21
"CrossingSweep",1500,1,225,15.925,15.929,13.833,1,0,0.144,1.948,,1509,23
"CrossingSweep",1500,1,226,16.783,16.789,14.928,1,0,0.139,1.717,,1505,22
"CrossingSweep",1500,1,227,16.926,16.903,14.967,1,0,0.136,1.823,,1512,23
"CrossingSweep",1500,1,228,15.202,15.215,14.016,1,0,0.144,1.042,,1505,23
"CrossingSweep",1500,1,229,15.773,15.772,14.633,1,0,0.149,0.991,,1514,23
"CrossingSweep",1500,1,230,15.735,15.720,14.605,1,0,0.140,0.990,,1300,23
"CrossingSweep",1500,1,231,15.866,15.884,13.870,1,0,0.168,1.828,,1727,23
"CrossingSweep",1500,1,232,16.651,16.638,14.368,1,0,0.144,2.139,,1501,23
"CrossingSweep",1500,1,233,16.915,16.899,14.472,1,0,0.154,2.289,,1513,23
"CrossingSweep",1500,1,234,16.335,16.353,14.496,1,0,0.137,1.703,,1516,22
"CrossingSweep",1500,1,235,16.382,16.387,14.575,1,0,0.134,1.673,,1512,23
"CrossingSweep",1500,1,236,17.727,17.706,14.802,1,0,0.154,2.771,,1511,22
"CrossingSweep",1500,1,237,19.764,19.773,17.785,1,0,0.152,1.827,,1511,23
"CrossingSweep",1500,1,238,17.015,17.018,14.505,1,0,0.149,2.361,,1514,22
"CrossingSweep",1500,1,239,17.132,17.120,14.984,1,0,0.147,2.001,,1515,23
"CrossingSweep",1500,1,240,17.463,17.464,15.436,1,0,0.149,1.878,,1511,21
"CrossingSweep",1500,1,241,16.214,16.213,14.222,1,0,0.146,1.846,,1517,23
"CrossingSweep",1500,1,242,16.581,16.585,14.631,1,0,0.158,1.792,,1514,23
"CrossingSweep",1500,1,243,15.550,15.545,14.166,1,0,0.157,1.226,,1509,23
"CrossingSweep",1500,1,244,16.943,16.944,15.022,1,0,0.146,1.776,,1515,23
"CrossingSweep",1500,1,245,14.981,14.980,13.867,1,0,0.166,0.948,,1513,23
"CrossingSweep",1500,1,246,16.469,16.461,14.077,1,0,0.187,2.204,,1501,23
"CrossingSweep",1500,1,247,17.824,17.821,15.715,1,0,0.165,1.943,,1513,23
"CrossingSweep",1500,1,248,15.984,15.993,14.216,1,0,0.131,1.637,,1512,22
"CrossingSweep",1500,1,249,16.783,16.778,14.822,1,0,0.137,1.824,,1518,22
"CrossingSweep",1500,1,250,16.601,16.614,14.815,1,0,0.141,1.645,,1516,23
"CrossingSweep",1500,1,251,16.945,16.930,14.777,1,0,0.152,2.015,,1513,23
"CrossingSweep",1500,1,252,14.758,14.761,13.634,1,0,0.144,0.980,,1512,23
"CrossingSweep",1500,1,253,17.301,17.297,16.086,1,0,0.144,1.071,,1502,23
"CrossingSweep",1500,1,254,15.731,15.731,14.661,1,0,0.147,0.924,,1513,23
"CrossingSweep",1500,1,255,16.502,16.506,14.631,1,0,0.128,1.742,,1390,23
"CrossingSweep",1500,1,256,15.050,15.025,13.743,1,0,0.162,1.145,,1629,23
"CrossingSweep",1500,1,257,21.595,21.610,19.771,1,0,0.163,1.662,,1499,23
"CrossingSweep",1500,1,258,17.877,17.881,16.009,1,0,0.156,1.713,,1500,22
"CrossingSweep",1500,1,259,16.693,16.686,14.440,1,0,0.144,2.108,,1504,22
"CrossingSweep",1500,1,260,16.084,16.083,14.124,1,0,0.146,1.814,,1513,23
"CrossingSweep",1500,1,261,16.398,16.364,14.842,1,0,0.139,1.418,,1496,23
"CrossingSweep",1500,1,262,17.553,17.592,15.010,1,0,0.149,2.394,,1513,23
"CrossingSweep",1500,1,263,16.069,16.060,14.150,1,0,0.139,1.780,,1511,23
"CrossingSweep",1500,1,264,15.709,15.708,14.584,1,0,0.254,0.871,,1491,23
"CrossingSweep",1500,1,265,16.446,16.440,15.302,1,0,0.147,0.996,,1286,23
"CrossingSweep",1500,1,266,15.645,15.646,13.630,1,0,0.134,1.881,,1741,22
"CrossingSweep",1500,1,267,15.792,15.799,14.676,1,0,0.149,0.968,,1509,23
"CrossingSweep",1500,1,268,16.442,16.416,14.175,1,0,0.145,2.123,,1474,23
"CrossingSweep",1500,1,269,16.872,16.884,14.532,1,0,0.150,2.190,,1411,23
"CrossingSweep",1500,1,270,17.364,17.352,14.575,1,0,0.159,2.630,,1475,23
"CrossingSweep",1500,1,271,16.116,16.126,14.151,1,0,0.149,1.816,,1516,23
"CrossingSweep",1500,1,272,15.830,15.839,14.870,1,0,0.129,0.831,,1491,23
"CrossingSweep",1500,1,273,15.807,15.803,13.890,1,0,0.137,1.780,,1517,23
"CrossingSweep",1500,1,274,17.575,17.549,14.711,1,0,0.157,2.706,,1512,22
"CrossingSweep",1500,1,275,19.986,19.992,17.861,1,0,0.176,1.950,,1510,23
"CrossingSweep",1500,1,276,16.785,16.787,14.853,1,0,0.155,1.777,,1511,22
"CrossingSweep",1500,1,277,16.678,16.680,14.709,1,0,0.154,1.815,,1514,23
"CrossingSweep",1500,1,278,18.571,18.563,16.388,1,0,0.135,2.048,,1514,23
"CrossingSweep",1500,1,279,16.864,16.872,14.954,1,0,0.165,1.745,,1516,23
"CrossingSweep",1500,1,280,16.895,16.889,14.611,1,0,0.164,2.120,,1516,21
"CrossingSweep",1500,1,281,15.674,15.679,14.535,1,0,0.158,0.982,,1516,21
"CrossingSweep",1500,1,282,16.511,16.502,14.457,1,0,0.142,1.912,,1506,23
"CrossingSweep",1500,1,283,16.981,16.979,15.015,1,0,0.160,1.807,,1516,23
"CrossingSweep",1500,1,284,17.244,17.243,14.964,1,0,0.153,2.126,,1510,23
"CrossingSweep",1500,1,285,17.219,17.217,14.716,1,0,0.156,2.348,,1516,23
"CrossingSweep",1500,1,286,17.008,17.001,14.909,1,0,0.140,1.959,,1520,23
"CrossingSweep",1500,1,287,15.764,15.777,14.684,1,0,0.143,0.938,,1516,23
"CrossingSweep",1500,1,288,16.201,16.192,14.999,1,0,0.148,1.054,,1260,23
"CrossingSweep",1500,1,289,17.283,17.276,15.117,1,0,0.140,2.027,,1625,23
"CrossingSweep",1500,1,290,17.714,17.714,14.754,1,0,0.151,2.810,,1650,21
"CrossingSweep",1500,1,291,17.151,17.152,13.973,1,0,0.152,3.026,,1508,23
"CrossingSweep",1500,1,292,18.304,18.288,14.933,1,0,0.148,3.224,,1506,23
"CrossingSweep",1500,1,293,17.970,17.984,15.605,1,1,0.149,2.215,,1510,23
"CrossingSweep",1500,1,294,16.595,16.603,14.745,1,1,0.134,1.716,,1501,23
"CrossingSweep",1500,1,295,17.597,17.582,15.369,1,0,0.176,2.052,,1507,22
"CrossingSweep",1500,1,296,16.869,16.870,14.896,1,1,0.143,1.830,,1509,23
"CrossingSweep",1500,1,297,15.799,15.804,13.990,1,1,0.143,1.666,,1499,23
"CrossingSweep",1500,1,298,16.533,16.529,14.314,1,0,0.145,2.073,,1508,23
"CrossingSweep",1500,1,299,15.809,15.807,13.957,1,0,0.157,1.695,,1514,23
"CrossingSweep",1750,1,0,21.372,21.371,19.523,1,1,0.169,1.680,,1753,26
"CrossingSweep",1750,1,1,23.209,23.193,20.289,1,1,0.170,2.750,,1738,25
"CrossingSweep",1750,1,2,21.964,21.968,20.035,1,1,0.167,1.762,,1746,26
"CrossingSweep",1750,1,3,22.213,22.199,19.760,1,1,0.179,2.273,,1718,26
"CrossingSweep",1750,1,4,21.741,21.756,19.645,1,1,0.178,1.918,,1747,26
"CrossingSweep",1750,1,5,23.781,23.771,20.784,1,1,0.300,2.697,,1744,26
"CrossingSweep",1750,1,6,25.327,25.315,23.075,1,1,0.181,2.071,,1748,26
"CrossingSweep",1750,1,7,22.467,22.489,20.544,1,1,0.220,1.703,,1745,26
"CrossingSweep",1750,1,8,22.649,22.646,20.331,1,1,0.154,2.164,,1734,26
"CrossingSweep",1750,1,9,20.940,20.932,18.559,1,1,0.182,2.199,,1760,25
"CrossingSweep",1750,1,10,21.387,21.392,19.507,1,1,0.175,1.705,,1750,26
"CrossingSweep",1750,1,11,23.296,23.230,20.252,1,1,0.163,2.881,,1748,26
"CrossingSweep",1750,1,12,25.859,25.908,23.534,1,1,0.176,2.150,,1751,26
"CrossingSweep",1750,1,13,20.256,20.265,18.317,1,1,0.158,1.781,,1725,26
"CrossingSweep",1750,1,14,22.265,22.247,19.335,1,1,0.160,2.770,,1734,26
"CrossingSweep",1750,1,15,25.958,25.969,23.504,1,1,0.176,2.278,,1750,25
"CrossingSweep",1750,1,16,21.530,21.532,19.441,1,1,0.173,1.916,,1756,26
"CrossingSweep",1750,1,17,21.310,21.313,19.378,1,1,0.171,1.761,,1750,26
"CrossingSweep",1750,1,18,22.861,22.855,20.553,1,1,0.178,2.130,,1713,26
"CrossingSweep",1750,1,19,23.458,23.459,21.389,1,1,0.191,1.878,,1749,26
"CrossingSweep",1750,1,20,21.023,21.025,19.104,1,1,0.162,1.757,,1731,26
"CrossingSweep",1750,1,21,22.696,22.680,20.381,1,1,0.191,2.124,,1757,26
"CrossingSweep",1750,1,22,20.898,20.900,18.873,1,1,0.187,1.838,,1756,26
"CrossingSweep",1750,1,23,23.068,23.072,21.110,1,1,0.179,1.779,,1764,26
"CrossingSweep",1750,1,24,22.841,22.835,19.971,1,1,0.188,2.682,,1755,26
"CrossingSweep",1750,1,25,21.489,21.496,19.545,1,1,0.163,1.781,,1740,24
"CrossingSweep",1750,1,26,22.782,22.776,20.893,1,1,0.158,1.732,,1754,26
"CrossingSweep",1750,1,27,21.555,21.551,19.385,1,1,0.202,1.968,,1761,26
"CrossingSweep",1750,1,28,21.626,21.627,19.611,1,1,0.172,1.844,,1735,26
"CrossingSweep",1750,1,29,23.477,23.475,21.320,1,1,0.165,1.992,,1749,26
"CrossingSweep",1750,1,30,21.863,21.866,19.724,1,1,0.190,1.949,,1759,24
"CrossingSweep",1750,1,31,23.272,23.266,20.701,1,1,0.163,2.408,,1753,26
"CrossingSweep",1750,1,32,21.954,21.954,20.075,1,1,0.171,1.708,,1748,26
"CrossingSweep",1750,1,33,22.913,22.914,20.600,1,1,0.186,2.128,,1755,26
"CrossingSweep",1750,1,34,22.089,22.083,19.989,1,1,0.162,1.938,,1753,25
"CrossingSweep",1750,1,35,24.237,24.231,21.380,1,1,0.250,2.607,,1750,25
"CrossingSweep",1750,1,36,26.420,26.393,22.716,1,1,0.185,3.519,,1760,26
"CrossingSweep",1750,1,37,26.822,26.849,24.630,1,1,0.202,1.990,,1727,26
"CrossingSweep",1750,1,38,22.410,22.415,20.500,1,1,0.159,1.751,,1759,25
"CrossingSweep",1750,1,39,22.308,22.306,20.391,1,1,0.184,1.732,,1758,25
"CrossingSweep",1750,1,40,27.518,27.515,25.546,1,1,0.183,1.789,,1752,26
"CrossingSweep",1750,1,41,25.041,25.033,21.533,1,1,0.164,3.344,,1750,26
"CrossingSweep",1750,1,42,21.518,21.509,19.194,1,1,0.172,2.152,,1743,25
"CrossingSweep",1750,1,43,21.535,21.535,19.519,1,1,0.168,1.848,,1740,26
"CrossingSweep",1750,1,44,20.869,20.880,18.890,1,1,0.166,1.814,,1733,26
"CrossingSweep",1750,1,45,21.585,21.585,19.497,1,1,0.199,1.889,,1733,26
"CrossingSweep",1750,1,46,23.094,23.093,21.011,1,1,0.193,1.891,,1749,25
"CrossingSweep",1750,1,47,25.447,25.437,22.974,1,1,0.183,2.290,,1740,26
"CrossingSweep",1750,1,48,21.682,21.685,19.377,1,1,0.181,2.123,,1732,25
"CrossingSweep",1750,1,49,26.235,26.237,24.232,1,1,0.176,1.828,,1760,26
"CrossingSweep",1750,1,50,22.676,22.664,19.829,1,1,0.215,2.633,,1734,26
"CrossingSweep",1750,1,51,24.772,24.672,22.144,1,1,0.185,2.442,,1760,26
"CrossingSweep",1750,1,52,25.428,25.533,23.365,1,1,0.160,1.904,,1767,26
"CrossingSweep",1750,1,53,24.039,24.033,21.915,1,1,0.184,1.940,,1759,26
"CrossingSweep",1750,1,54,23.475,23.480,21.388,1,1,0.170,1.917,,1741,26
"CrossingSweep",1750,1,55,20.769,20.769,18.817,1,1,0.175,1.777,,1761,26
"CrossingSweep",1750,1,56,23.010,23.006,20.922,1,1,0.192,1.897,,1716,25
"CrossingSweep",1750,1,57,24.852,24.851,22.660,1,1,0.205,1.986,,1764,26
"CrossingSweep",1750,1,58,22.748,22.740,20.231,1,1,0.196,2.321,,1759,26
"CrossingSweep",1750,1,59,24.804,24.814,22.577,1,1,0.270,1.956,,1758,26
"CrossingSweep",1750,1,60,21.106,21.104,19.245,1,1,0.177,1.685,,1525,24
"CrossingSweep",1750,1,61,22.674,22.671,20.297,1,1,0.155,2.222,,1739,25
"CrossingSweep",1750,1,62,24.335,24.320,22.107,1,1,0.191,2.038,,1746,26
"CrossingSweep",1750,1,63,20.775,20.782,18.819,1,1,0.156,1.800,,1743,26
"CrossingSweep",1750,1,64,22.170,22.163,19.487,1,1,0.186,2.497,,1720,26
"CrossingSweep",1750,1,65,27.964,27.963,24.716,1,1,0.186,3.062,,1731,26
"CrossingSweep",1750,1,66,21.480,21.481,18.795,1,1,0.170,2.515,,1751,26
"CrossingSweep",1750,1,67,20.857,20.864,18.949,1,1,0.162,1.746,,1751,26
"CrossingSweep",1750,1,68,23.590,23.589,21.672,1,1,0.178,1.740,,1768,26
"CrossingSweep",1750,1,69,22.949,22.937,20.679,1,1,0.175,2.095,,1747,26
"CrossingSweep",1750,1,70,23.915,23.912,21.079,1,1,0.178,2.659,,1735,26
"CrossingSweep",1750,1,71,22.273,22.279,19.587,1,1,0.171,2.516,,1756,25
"CrossingSweep",1750,1,72,23.271,23.258,20.581,1,1,0.187,2.502,,1765,26
"CrossingSweep",1750,1,73,22.275,22.280,19.856,1,1,0.159,2.261,,1733,25
"CrossingSweep",1750,1,74,22.013,22.022,19.838,1,1,0.226,1.949,,1734,26
"CrossingSweep",1750,1,75,21.883,21.877,19.701,1,1,0.174,2.008,,1750,26
"CrossingSweep",1750,1,76,22.316,22.315,19.240,1,1,0.177,2.899,,1760,25
"CrossingSweep",1750,1,77,21.228,21.227,19.154,1,1,0.176,1.897,,1751,26
"CrossingSweep",1750,1,78,22.316,22.311,19.865,1,1,0.162,2.289,,1759,26
"CrossingSweep",1750,1,79,23.500,23.502,21.401,1,1,0.179,1.920,,1748,25
"CrossingSweep",1750,1,80,21.699,21.696,19.752,1,1,0.167,1.781,,1737,26
"CrossingSweep",1750,1,81,22.350,22.346,19.204,1,1,0.184,2.962,,1764,26
"CrossingSweep",1750,1,82,23.708,23.709,21.415,1,1,0.229,2.064,,1747,26
"CrossingSweep",1750,1,83,22.003,22.005,19.966,1,1,0.179,1.858,,1748,25
"CrossingSweep",1750,1,84,23.730,23.724,21.240,1,1,0.171,2.319,,1760,26
"CrossingSweep",1750,1,85,22.184,22.182,20.150,1,1,0.179,1.855,,1756,26
"CrossingSweep",1750,1,86,22.031,22.035,19.865,1,1,0.177,1.989,,1763,26
"CrossingSweep",1750,1,87,22.469,22.461,20.003,1,1,0.181,2.285,,1745,26
"CrossingSweep",1750,1,88,21.779,21.778,19.856,1,1,0.159,1.765,,1754,26
"CrossingSweep",1750,1,89,24.145,24.132,21.514,1,1,0.188,2.444,,1759,26
"CrossingSweep",1750,1,90,22.556,22.540,19.294,1,1,0.178,3.084,,1760,26
"CrossingSweep",1750,1,91,22.960,22.985,20.031,1,1,0.186,2.744,,1741,26
"CrossingSweep",1750,1,92,21.400,21.407,19.467,1,1,0.173,1.760,,1661,26
"CrossingSweep",1750,1,93,21.280,21.271,19.045,1,1,0.165,2.070,,1763,25
"CrossingSweep",1750,1,94,21.625,21.631,19.532,1,1,0.166,1.927,,1759,26
"CrossingSweep",1750,1,95,23.074,23.039,19.721,1,1,0.171,3.182,,1760,26
"CrossingSweep",1750,1,96,22.470,22.492,19.956,1,1,0.190,2.324,,1753,26
"CrossingSweep",1750,1,97,21.542,21.542,18.842,1,1,0.179,2.520,,1761,26
"CrossingSweep",1750,1,98,22.787,22.792,20.915,1,1,0.172,1.700,,1754,26
"CrossingSweep",1750,1,99,21.875,21.860,19.383,1,1,0.174,2.317,,1756,25
"CrossingSweep",1750,1,100,22.836,22.829,19.813,1,1,0.183,2.840,,1741,26
"CrossingSweep",1750,1,101,22.075,22.083,19.652,1,1,0.185,2.237,,1757,26
"CrossingSweep",1750,1,102,21.339,21.343,19.221,1,1,0.179,1.938,,1752,26
"CrossingSweep",1750,1,103,22.259,22.258,20.229,1,1,0.166,1.865,,1755,26
"CrossingSweep",1750,1,104,21.673,21.675,19.766,1,1,0.164,1.744,,1753,26
"CrossingSweep",1750,1,105,22.550,22.527,19.805,1,1,0.164,2.581,,1735,26
"CrossingSweep",1750,1,106,25.300,25.309,22.669,1,1,0.186,2.445,,1760,25
"CrossingSweep",1750,1,107,23.348,23.346,20.862,1,1,0.171,2.315,,1751,26
"CrossingSweep",1750,1,108,22.766,22.772,20.729,1,1,0.188,1.849,,1759,26
"CrossingSweep",1750,1,109,22.107,22.108,20.044,1,1,0.186,1.876,,1760,26
"CrossingSweep",1750,1,110,26.859,26.858,24.809,1,1,0.186,1.864,,1759,26
"CrossingSweep",1750,1,111,20.995,20.991,18.930,1,1,0.172,1.893,,1753,26
"CrossingSweep",1750,1,112,21.338,21.339,19.345,1,1,0.168,1.825,,1765,26
"CrossingSweep",1750,1,113,21.758,21.753,19.161,1,1,0.182,2.415,,1766,26
"CrossingSweep",1750,1,114,21.585,21.590,19.600,1,1,0.180,1.805,,1752,26
"CrossingSweep",1750,1,115,22.299,22.294,20.365,1,1,0.175,1.758,,1763,26
"CrossingSweep",1750,1,116,27.718,27.716,25.750,1,1,0.166,1.802,,1761,26
"CrossingSweep",1750,1,117,23.368,23.347,19.882,1,1,0.166,3.320,,1744,26
"CrossingSweep",1750,1,118,26.670,26.659,23.910,1,1,0.167,2.593,,1726,26
"CrossingSweep",1750,1,119,22.146,22.167,20.042,1,1,0.184,1.920,,1748,26
"CrossingSweep",1750,1,120,24.576,24.557,20.685,1,1,0.166,3.726,,1742,26
"CrossingSweep",1750,1,121,21.410,21.403,19.326,1,1,0.164,1.920,,1743,26
"CrossingSweep",1750,1,122,22.064,22.080,19.440,1,1,0.175,2.449,,1676,26
"CrossingSweep",1750,1,123,21.657,21.662,19.679,1,1,0.174,1.805,,1746,26
"CrossingSweep",1750,1,124,22.516,22.512,20.012,1,1,0.210,2.294,,1746,26
"CrossingSweep",1750,1,125,21.482,21.482,19.414,1,1,0.187,1.881,,1743,25
"CrossingSweep",1750,1,126,22.314,22.314,20.122,1,1,0.175,2.017,,1752,26
"CrossingSweep",1750,1,127,22.383,22.375,19.812,1,1,0.171,2.401,,1763,25
"CrossingSweep",1750,1,128,21.690,21.692,19.340,1,1,0.175,2.174,,1754,26
"CrossingSweep",1750,1,129,22.209,22.210,20.220,1,1,0.169,1.820,,1759,26
"CrossingSweep",1750,1,130,21.950,21.945,19.508,1,1,0.167,2.275,,1748,26
"CrossingSweep",1750,1,131,24.144,24.131,21.530,1,1,0.224,2.390,,1742,26
"CrossingSweep",1750,1,132,21.587,21.597,19.470,1,1,0.173,1.944,,1744,26
"CrossingSweep",1750,1,133,22.527,22.528,20.369,1,1,0.191,1.967,,1759,26
"CrossingSweep",1750,1,134,22.310,22.310,20.277,1,1,0.183,1.851,,1755,26
"CrossingSweep",1750,1,135,23.080,23.066,20.241,1,1,0.178,2.661,,1763,26
"CrossingSweep",1750,1,136,25.936,25.929,23.855,1,1,0.187,1.894,,1751,26
"CrossingSweep",1750,1,137,23.790,23.802,21.345,1,1,0.180,2.265,,1759,23
"CrossingSweep",1750,1,138,24.302,24.307,21.270,1,1,0.195,2.837,,1759,25
"CrossingSweep",1750,1,139,23.465,23.464,21.251,1,1,0.177,2.037,,1758,26
"CrossingSweep",1750,1,140,23.727,23.726,21.654,1,1,0.176,1.897,,1761,26
"CrossingSweep",1750,1,141,22.369,22.364,20.083,1,1,0.211,2.076,,1759,26
"CrossingSweep",1750,1,142,23.261,23.264,21.204,1,1,0.179,1.879,,1755,26
"CrossingSweep",1750,1,143,24.409,24.405,22.297,1,1,0.188,1.925,,1765,26
"CrossingSweep",1750,1,144,24.039,24.036,21.603,1,1,0.197,2.240,,1765,26
"CrossingSweep",1750,1,145,24.599,24.596,21.960,1,1,0.209,2.430,,1753,26
"CrossingSweep",1750,1,146,22.149,22.148,19.889,1,1,0.174,2.086,,1745,26
"CrossingSweep",1750,1,147,22.971,22.969,20.976,1,1,0.168,1.827,,1751,25
"CrossingSweep",1750,1,148,23.149,23.149,20.886,1,1,0.205,2.058,,1765,26
"CrossingSweep",1750,1,149,25.253,25.238,21.891,1,1,0.185,3.177,,1760,26
"CrossingSweep",1750,1,150,24.857,24.870,22.895,1,1,0.180,1.782,,1754,26
"CrossingSweep",1750,1,151,22.969,22.971,20.872,1,1,0.175,1.922,,1747,26
"CrossingSweep",1750,1,152,24.343,24.329,21.444,1,1,0.175,2.725,,1750,26
"CrossingSweep",1750,1,153,21.634,21.644,19.632,1,1,0.186,1.816,,1755,26
"CrossingSweep",1750,1,154,21.926,21.925,19.954,1,1,0.175,1.796,,1751,26
"CrossingSweep",1750,1,155,22.935,22.926,20.517,1,1,0.170,2.248,,1759,26
"CrossingSweep",1750,1,156,22.903,22.906,20.942,1,1,0.176,1.785,,1766,26
"CrossingSweep",1750,1,157,21.708,21.707,19.681,1,1,0.173,1.855,,1761,25
"CrossingSweep",1750,1,158,23.759,23.758,21.262,1,1,0.186,2.311,,1757,26
"CrossingSweep",1750,1,159,24.192,24.181,21.526,1,1,0.181,2.485,,1761,26
"CrossingSweep",1750,1,160,23.445,23.449,21.224,1,1,0.229,1.992,,1750,26
"CrossingSweep",1750,1,161,24.105,24.071,20.839,1,1,0.200,3.066,,1752,26
"CrossingSweep",1750,1,162,24.403,24.425,21.847,1,1,0.210,2.346,,1754,26
"CrossingSweep",1750,1,163,23.092,23.101,21.046,1,1,0.179,1.867,,1752,25
"CrossingSweep",1750,1,164,23.759,23.753,21.676,1,1,0.196,1.886,,1754,25
"CrossingSweep",1750,1,165,22.528,22.525,20.147,1,1,0.187,2.193,,1755,26
"CrossingSweep",1750,1,166,22.866,22.869,20.804,1,1,0.178,1.883,,1765,26
"CrossingSweep",1750,1,167,22.925,22.909,20.232,1,1,0.190,2.504,,1762,25
"CrossingSweep",1750,1,168,23.564,23.562,20.992,1,1,0.203,2.370,,1766,25
"CrossingSweep",1750,1,169,23.130,23.130,20.677,1,1,0.189,2.264,,1761,26
"CrossingSweep",1750,1,170,22.758,22.763,20.635,1,1,0.182,1.940,,1753,26
"CrossingSweep",1750,1,171,23.380,23.383,21.109,1,1,0.206,2.065,,1757,26
"CrossingSweep",1750,1,172,23.285,23.278,20.980,1,1,0.185,2.120,,1751,26
"CrossingSweep",1750,1,173,23.241,23.189,20.979,1,1,0.193,2.069,,1761,25
"CrossingSweep",1750,1,174,23.546,23.601,21.429,1,1,0.189,1.928,,1765,25
"CrossingSweep",1750,1,175,23.054,23.044,20.732,1,1,0.176,2.146,,1763,25
"CrossingSweep",1750,1,176,23.653,23.652,20.521,1,1,0.178,2.954,,1747,26
"CrossingSweep",1750,1,177,22.061,22.069,20.040,1,1,0.176,1.846,,1751,26
"CrossingSweep",1750,1,178,22.676,22.673,19.995,1,1,0.176,2.506,,1753,26
"CrossingSweep",1750,1,179,21.914,21.912,19.699,1,1,0.174,2.042,,1761,26
"CrossingSweep",1750,1,180,22.665,22.659,20.600,1,1,0.173,1.893,,1753,26
"CrossingSweep",1750,1,181,22.747,22.754,20.511,1,1,0.179,2.057,,1755,26
"CrossingSweep",1750,1,182,22.673,22.669,19.951,1,1,0.177,2.545,,1763,26
"CrossingSweep",1750,1,183,24.077,24.078,22.136,1,1,0.171,1.771,,1753,26
"CrossingSweep",1750,1,184,22.267,22.262,20.112,1,1,0.177,1.979,,1748,26
"CrossingSweep",1750,1,185,22.628,22.630,20.289,1,1,0.171,2.168,,1746,26
"CrossingSweep",1750,1,186,22.916,22.914,20.460,1,1,0.169,2.287,,1740,26
"CrossingSweep",1750,1,187,22.505,22.498,20.424,1,1,0.181,1.900,,1757,26
"CrossingSweep",1750,1,188,22.232,22.237,20.179,1,1,0.176,1.876,,1759,26
"CrossingSweep",1750,1,189,23.598,23.596,21.491,1,1,0.172,1.934,,1756,26
"CrossingSweep",1750,1,190,22.749,22.745,20.673,1,1,0.172,1.904,,1743,26
"CrossingSweep",1750,1,191,23.071,23.074,21.115,1,1,0.173,1.783,,1711,26
"CrossingSweep",1750,1,192,22.173,22.170,19.688,1,1,0.169,2.315,,1753,26
"CrossingSweep",1750,1,193,21.986,21.986,20.008,1,1,0.171,1.808,,1764,26
"CrossingSweep",1750,1,194,22.035,22.010,19.849,1,1,0.170,2.016,,1763,26
"CrossingSweep",1750,1,195,22.550,22.565,20.081,1,1,0.169,2.300,,1749,26
"CrossingSweep",1750,1,196,23.383,23.387,21.211,1,1,0.179,1.992,,1763,26
"CrossingSweep",1750,1,197,22.573,22.564,20.138,1,1,0.169,2.267,,1765,26
"CrossingSweep",1750,1,198,22.685,22.688,20.434,1,1,0.171,2.080,,1759,26
"CrossingSweep",1750,1,199,22.296,22.295,20.051,1,1,0.174,2.072,,1751,26
"CrossingSweep",1750,1,200,23.329,23.324,20.070,1,1,0.171,3.088,,1747,26
"CrossingSweep",1750,1,201,24.064,24.043,20.676,1,1,0.168,3.219,,1742,26
"CrossingSweep",1750,1,202,22.255,22.278,19.545,1,1,0.170,2.540,,1753,26
"CrossingSweep",1750,1,203,22.625,22.617,20.306,1,1,0.173,2.146,,1761,26
"CrossingSweep",1750,1,204,22.740,22.743,20.668,1,1,0.181,1.892,,1758,26
"CrossingSweep",1750,1,205,24.686,24.689,22.534,1,1,0.182,1.970,,1751,26
"CrossingSweep",1750,1,206,24.815,24.781,22.231,1,1,0.170,2.414,,1744,26
"CrossingSweep",1750,1,207,23.510,23.537,20.570,1,1,0.179,2.761,,1759,26
"CrossingSweep",1750,1,208,28.128,28.125,25.759,1,1,0.181,2.188,,1755,26
"CrossingSweep",1750,1,209,22.616,22.622,20.627,1,1,0.171,1.818,,1760,26
"CrossingSweep",1750,1,210,23.857,23.849,21.109,1,1,0.188,2.561,,1750,26
"CrossingSweep",1750,1,211,23.396,23.390,20.119,1,1,0.177,3.100,,1741,26
"CrossingSweep",1750,1,212,22.421,22.428,20.313,1,1,0.189,1.918,,1757,25
"CrossingSweep",1750,1,213,26.532,26.527,24.408,1,1,0.178,1.945,,1758,26
"CrossingSweep",1750,1,214,22.173,22.174,19.856,1,1,0.183,2.133,,1748,26
"CrossingSweep",1750,1,215,23.496,23.485,21.287,1,1,0.181,2.027,,1760,26
"CrossingSweep",1750,1,216,23.581,23.587,21.433,1,1,0.189,1.959,,1766,26
"CrossingSweep",1750,1,217,22.591,22.589,20.215,1,1,0.166,2.210,,1763,26
"CrossingSweep",1750,1,218,22.446,22.447,20.407,1,1,0.186,1.853,,1757,26
"CrossingSweep",1750,1,219,23.385,23.374,20.778,1,1,0.175,2.432,,1757,25
"CrossingSweep",1750,1,220,22.720,22.722,20.306,1,1,0.174,2.240,,1749,26
"CrossingSweep",1750,1,221,21.578,21.588,19.542,1,1,0.176,1.860,,1763,26
"CrossingSweep",1750,1,222,21.729,21.724,19.691,1,1,0.170,1.868,,1760,26
"CrossingSweep",1750,1,223,22.859,22.840,20.037,1,1,0.170,2.653,,1762,26
"CrossingSweep",1750,1,224,22.128,22.148,20.140,1,1,0.206,1.783,,1757,26
"CrossingSweep",1750,1,225,22.675,22.666,20.571,1,1,0.184,1.921,,1752,26
"CrossingSweep",1750,1,226,22.162,22.161,19.498,1,1,0.167,2.497,,1760,26
"CrossingSweep",1750,1,227,22.008,22.008,19.890,1,1,0.171,1.947,,1766,26
"CrossingSweep",1750,1,228,22.514,22.513,20.504,1,1,0.170,1.840,,1760,26
"CrossingSweep",1750,1,229,23.849,23.847,21.539,1,1,0.177,2.133,,1753,26
"CrossingSweep",1750,1,230,24.129,24.122,21.481,1,1,0.188,2.461,,1758,26
"CrossingSweep",1750,1,231,25.632,25.636,23.606,1,1,0.175,1.851,,1747,25
"CrossingSweep",1750,1,232,21.273,21.274,19.255,1,1,0.167,1.851,,1761,26
"CrossingSweep",1750,1,233,22.935,22.929,20.708,1,1,0.172,2.056,,1763,26
"CrossingSweep",1750,1,234,23.034,23.039,21.020,1,1,0.178,1.837,,1749,26
"CrossingSweep",1750,1,235,21.926,21.924,19.944,1,1,0.181,1.801,,1764,26
"CrossingSweep",1750,1,236,24.026,24.015,21.789,1,1,0.193,2.044,,1764,26
"CrossingSweep",1750,1,237,22.826,22.824,20.653,1,1,0.184,1.989,,1754,26
"CrossingSweep",1750,1,238,21.630,21.636,19.594,1,1,0.209,1.828,,1764,26
"CrossingSweep",1750,1,239,23.228,23.228,21.129,1,1,0.193,1.907,,1760,26
"CrossingSweep",1750,1,240,23.894,23.893,21.807,1,1,0.193,1.894,,1766,26
"CrossingSweep",1750,1,241,24.095,24.093,22.019,1,1,0.189,1.887,,1765,26
"CrossingSweep",1750,1,242,22.458,22.452,20.360,1,1,0.181,1.918,,1761,26
"CrossingSweep",1750,1,243,22.902,22.898,20.692,1,1,0.184,2.026,,1761,26
"CrossingSweep",1750,1,244,24.891,24.893,22.437,1,1,0.186,2.268,,1756,25
"CrossingSweep",1750,1,245,21.753,21.750,19.745,1,1,0.176,1.832,,1760,26
"CrossingSweep",1750,1,246,22.999,22.997,20.698,1,1,0.178,2.124,,1749,26
"CrossingSweep",1750,1,247,21.623,21.619,19.474,1,1,0.187,1.962,,1757,25
"CrossingSweep",1750,1,248,23.125,23.129,20.964,1,1,0.195,1.966,,1763,25
"CrossingSweep",1750,1,249,23.529,23.513,20.555,1,1,0.192,2.783,,1762,25
"CrossingSweep",1750,1,250,23.492,23.509,21.329,1,1,0.186,1.978,,1739,26
"CrossingSweep",1750,1,251,22.610,22.604,20.071,1,1,0.181,2.358,,1767,26
"CrossingSweep",1750,1,252,22.135,22.123,19.658,1,1,0.183,2.294,,1757,26
"CrossingSweep",1750,1,253,22.068,22.075,19.953,1,1,0.173,1.943,,1757,26
"CrossingSweep",1750,1,254,22.603,22.606,20.054,1,1,0.185,2.363,,1748,26
"CrossingSweep",1750,1,255,24.755,24.745,22.103,1,1,0.177,2.475,,1749,26
"CrossingSweep",1750,1,256,23.650,23.653,21.500,1,1,0.193,1.957,,1754,26
"CrossingSweep",1750,1,257,24.329,24.333,22.167,1,1,0.186,1.976,,1764,26
"CrossingSweep",1750,1,258,24.758,24.743,22.011,1,1,0.184,2.562,,1760,26
"CrossingSweep",1750,1,259,22.296,22.307,20.265,1,1,0.179,1.852,,1764,26
"CrossingSweep",1750,1,260,22.138,22.138,19.824,1,1,0.175,2.139,,1758,25
"CrossingSweep",1750,1,261,24.364,24.353,21.517,1,1,0.181,2.666,,1764,26
"CrossingSweep",1750,1,262,23.511,23.514,21.350,1,1,0.200,1.961,,1757,25
"CrossingSweep",1750,1,263,23.921,23.909,20.815,1,1,0.180,2.925,,1766,26
"CrossingSweep",1750,1,264,23.999,24.011,21.894,1,1,0.186,1.919,,1760,24
"CrossingSweep",1750,1,265,23.343,23.337,21.254,1,1,0.179,1.910,,1742,25
"CrossingSweep",1750,1,266,22.752,22.744,20.204,1,1,0.183,2.365,,1763,25
"CrossingSweep",1750,1,267,23.097,23.107,20.996,1,1,0.180,1.921,,1753,26
"CrossingSweep",1750,1,268,22.588,22.585,20.230,1,1,0.173,2.186,,1742,26
"CrossingSweep",1750,1,269,22.482,22.477,20.361,1,1,0.173,1.947,,1764,25
"CrossingSweep",1750,1,270,24.228,24.234,22.068,1,1,0.174,1.985,,1730,26
"CrossingSweep",1750,1,271,22.317,22.310,19.920,1,1,0.175,2.222,,1765,26
"CrossingSweep",1750,1,272,22.036,22.037,19.854,1,1,0.175,2.007,,1766,26
"CrossingSweep",1750,1,273,22.469,22.463,20.424,1,1,0.174,1.871,,1759,26
"CrossingSweep",1750,1,274,21.894,21.896,19.870,1,1,0.189,1.836,,1761,26
"CrossingSweep",1750,1,275,22.309,22.307,20.212,1,1,0.183,1.914,,1767,26
"CrossingSweep",1750,1,276,22.700,22.695,20.176,1,1,0.182,2.342,,1761,26
"CrossingSweep",1750,1,277,22.328,22.324,20.214,1,1,0.177,1.938,,1762,26
"CrossingSweep",1750,1,278,22.359,22.359,20.274,1,1,0.177,1.908,,1758,26
"CrossingSweep",1750,1,279,22.427,22.428,20.342,1,1,0.181,1.904,,1757,26
"CrossingSweep",1750,1,280,24.126,24.124,21.984,1,1,0.187,1.954,,1697,25
"CrossingSweep",1750,1,281,24.672,24.668,22.203,1,1,0.212,2.257,,1762,25
"CrossingSweep",1750,1,282,23.784,23.782,21.568,1,1,0.182,2.035,,1744,26
"CrossingSweep",1750,1,283,22.569,22.565,20.404,1,1,0.186,1.979,,1769,25
"CrossingSweep",1750,1,284,23.526,23.480,20.871,1,1,0.184,2.472,,1745,25
"CrossingSweep",1750,1,285,23.905,23.953,21.480,1,1,0.185,2.239,,1759,25
"CrossingSweep",1750,1,286,23.011,23.017,20.992,1,1,0.181,1.838,,1601,26
"CrossingSweep",1750,1,287,22.955,22.953,20.844,1,1,0.185,1.926,,1753,25
"CrossingSweep",1750,1,288,22.905,22.902,20.140,1,1,0.177,2.589,,1763,26
"CrossingSweep",1750,1,289,22.793,22.780,20.220,1,1,0.193,2.381,,1749,24
"CrossingSweep",1750,1,290,23.608,23.622,21.543,1,1,0.197,1.867,,1745,26
"CrossingSweep",1750,1,291,23.109,23.103,20.991,1,1,0.180,1.938,,1749,26
"CrossingSweep",1750,1,292,23.475,23.469,21.192,1,1,0.183,2.099,,1747,26
"CrossingSweep",1750,1,293,24.070,24.073,21.796,1,1,0.183,2.091,,1738,25
"CrossingSweep",1750,1,294,23.006,22.999,20.707,1,1,0.188,2.111,,1763,26
"CrossingSweep",1750,1,295,22.566,22.565,20.056,1,1,0.178,2.332,,1754,26
"CrossingSweep",1750,1,296,24.022,24.026,21.614,1,1,0.175,2.233,,1762,25
"CrossingSweep",1750,1,297,21.765,21.763,19.741,1,1,0.174,1.849,,1761,26
"CrossingSweep",1750,1,298,21.944,21.943,19.864,1,1,0.184,1.897,,1749,26
"CrossingSweep",1750,1,299,23.442,23.419,20.402,1,1,0.175,2.865,,1748,26
"CrossingSweep",2000,1,0,29.393,29.396,27.194,1,1,0.243,1.956,,2005,27
"CrossingSweep",2000,1,1,29.348,29.347,27.022,1,1,0.211,2.115,,1981,28
"CrossingSweep",2000,1,2,29.382,29.378,27.103,1,1,0.209,2.070,,1968,28
"CrossingSweep",2000,1,3,29.837,29.832,26.659,1,1,0.212,2.967,,2000,27
"CrossingSweep",2000,1,4,30.020,30.023,27.799,1,1,0.222,1.999,,1986,27
"CrossingSweep",2000,1,5,28.953,28.954,26.240,1,1,0.216,2.498,,1975,28
"CrossingSweep",2000,1,6,31.358,31.344,28.004,1,1,0.213,3.142,,1986,28
"CrossingSweep",2000,1,7,30.197,30.203,27.635,1,1,0.233,2.330,,2001,28
"CrossingSweep",2000,1,8,29.202,29.208,27.091,1,1,0.219,1.892,,1991,28
"CrossingSweep",2000,1,9,33.239,33.233,31.087,1,1,0.220,1.933,,1996,28
"CrossingSweep",2000,1,10,29.309,29.310,27.042,1,1,0.273,1.994,,1997,28
"CrossingSweep",2000,1,11,29.810,29.805,27.291,1,1,0.208,2.311,,2001,28
"CrossingSweep",2000,1,12,28.159,28.159,26.037,1,1,0.207,1.915,,2004,28
"CrossingSweep",2000,1,13,28.918,28.875,25.844,1,1,0.204,2.870,,1977,28
"CrossingSweep",2000,1,14,28.402,28.445,26.324,1,1,0.205,1.873,,2004,28
"CrossingSweep",2000,1,15,30.475,30.467,27.913,1,1,0.208,2.354,,1994,28
"CrossingSweep",2000,1,16,28.480,28.486,26.371,1,1,0.206,1.903,,1980,28
"CrossingSweep",2000,1,17,30.159,30.150,27.702,1,1,0.217,2.241,,1984,28
"CrossingSweep",2000,1,18,29.414,29.417,26.739,1,1,0.222,2.453,,1989,28
"CrossingSweep",2000,1,19,30.046,30.052,27.955,1,1,0.215,1.875,,1980,28
"CrossingSweep",2000,1,20,29.718,29.704,27.254,1,1,0.246,2.219,,2003,28
"CrossingSweep",2000,1,21,29.199,29.196,26.625,1,1,0.224,2.350,,1990,25
"CrossingSweep",2000,1,22,30.036,30.044,27.910,1,1,0.209,1.917,,1993,27
"CrossingSweep",2000,1,23,30.181,30.173,27.553,1,1,0.225,2.404,,1991,27
"CrossingSweep",2000,1,24,30.521,30.524,28.213,1,1,0.220,2.087,,2008,28
"CrossingSweep",2000,1,25,29.695,29.693,27.463,1,1,0.235,1.996,,1984,27
"CrossingSweep",2000,1,26,29.014,29.016,26.801,1,1,0.216,1.997,,1997,28
"CrossingSweep",2000,1,27,30.362,30.354,28.179,1,1,0.226,1.956,,1992,26
"CrossingSweep",2000,1,28,29.183,29.184,26.641,1,1,0.219,2.323,,1998,27
"CrossingSweep",2000,1,29,28.969,28.960,26.400,1,1,0.227,2.342,,2006,28
"CrossingSweep",2000,1,30,28.370,28.374,26.193,1,1,0.214,1.963,,1999,26
"CrossingSweep",2000,1,31,30.389,30.381,27.668,1,1,0.215,2.507,,2007,28
"CrossingSweep",2000,1,32,29.678,29.671,27.447,1,1,0.215,2.016,,1965,28
"CrossingSweep",2000,1,33,29.750,29.758,27.554,1,1,0.213,1.983,,1981,27
"CrossingSweep",2000,1,34,29.894,29.898,27.587,1,1,0.221,2.087,,2010,27
"CrossingSweep",2000,1,35,29.259,29.253,27.039,1,1,0.213,2.006,,1993,28
"CrossingSweep",2000,1,36,29.354,29.349,26.673,1,1,0.212,2.469,,1997,27
"CrossingSweep",2000,1,37,29.819,29.823,27.227,1,1,0.217,2.375,,1996,28
"CrossingSweep",2000,1,38,29.508,29.510,26.778,1,1,0.216,2.514,,2011,27
"CrossingSweep",2000,1,39,29.377,29.370,27.081,1,1,0.210,2.087,,2012,28
"CrossingSweep",2000,1,40,30.237,30.232,27.009,1,1,0.211,3.018,,1994,27
"CrossingSweep",2000,1,41,30.841,30.847,28.603,1,1,0.217,2.021,,1993,28
"CrossingSweep",2000,1,42,28.927,28.925,26.599,1,1,0.217,2.111,,1986,28
"CrossingSweep",2000,1,43,29.024,29.018,26.847,1,1,0.218,1.959,,1981,28
"CrossingSweep",2000,1,44,28.725,28.728,26.530,1,1,0.217,1.979,,2004,28
"CrossingSweep",2000,1,45,29.160,29.160,26.916,1,1,0.213,2.032,,2003,26
"CrossingSweep",2000,1,46,29.682,29.680,27.452,1,1,0.214,2.016,,1996,27
"CrossingSweep",2000,1,47,29.164,29.161,26.942,1,1,0.224,1.999,,2003,28
"CrossingSweep",2000,1,48,28.901,28.896,26.610,1,1,0.213,2.079,,1998,28
"CrossingSweep",2000,1,49,31.406,31.406,28.632,1,1,0.210,2.564,,2004,28
"CrossingSweep",2000,1,50,29.383,29.386,27.101,1,1,0.209,2.073,,1996,28
"CrossingSweep",2000,1,51,30.958,30.947,27.195,1,1,0.210,3.553,,1997,28
"CrossingSweep",2000,1,52,29.555,29.563,27.277,1,1,0.213,2.065,,1994,27
"CrossingSweep",2000,1,53,29.568,29.571,27.352,1,1,0.220,1.996,,2007,28
"CrossingSweep",2000,1,54,30.570,30.558,28.034,1,1,0.221,2.315,,2011,28
"CrossingSweep",2000,1,55,28.776,28.779,26.521,1,1,0.221,2.035,,2000,26
"CrossingSweep",2000,1,56,29.831,29.830,27.596,1,1,0.222,2.013,,1989,28
"CrossingSweep",2000,1,57,29.810,29.807,27.541,1,1,0.221,2.049,,1946,28
"CrossingSweep",2000,1,58,29.691,29.683,27.389,1,1,0.215,2.087,,1991,26
"CrossingSweep",2000,1,59,29.081,29.087,26.842,1,1,0.224,2.014,,1996,27
"CrossingSweep",2000,1,60,29.166,29.165,26.973,1,1,0.223,1.971,,1999,28
"CrossingSweep",2000,1,61,29.904,29.899,27.266,1,1,0.222,2.417,,1998,26
"CrossingSweep",2000,1,62,29.957,29.954,27.575,1,1,0.222,2.161,,2011,27
"CrossingSweep",2000,1,63,29.761,29.764,27.479,1,1,0.222,2.061,,2010,28
"CrossingSweep",2000,1,64,29.935,29.934,27.702,1,1,0.224,2.009,,2017,27
"CrossingSweep",2000,1,65,30.269,30.261,27.947,1,1,0.231,2.090,,2012,27
"CrossingSweep",2000,1,66,30.485,30.489,28.233,1,1,0.216,2.037,,2013,26
"CrossingSweep",2000,1,67,29.124,29.124,26.832,1,1,0.222,2.069,,2003,26
"CrossingSweep",2000,1,68,29.829,29.825,27.555,1,1,0.213,2.061,,2002,28
"CrossingSweep",2000,1,69,30.380,30.379,28.085,1,1,0.223,2.072,,1975,28
"CrossingSweep",2000,1,70,29.623,29.624,27.333,1,1,0.227,2.063,,1991,28
"CrossingSweep",2000,1,71,29.656,29.644,27.317,1,1,0.217,2.123,,2013,27
"CrossingSweep",2000,1,72,29.643,29.640,26.883,1,1,0.225,2.535,,2008,28
"CrossingSweep",2000,1,73,29.403,29.415,27.090,1,1,0.231,2.082,,2011,28
"CrossingSweep",2000,1,74,30.063,30.057,27.368,1,1,0.234,2.461,,2011,28
"CrossingSweep",2000,1,75,30.796,30.791,28.118,1,1,0.221,2.457,,2016,27
"CrossingSweep",2000,1,76,29.570,29.570,27.264,1,1,0.235,2.071,,2016,28
"CrossingSweep",2000,1,77,29.758,29.746,26.958,1,1,0.221,2.580,,2016,27
"CrossingSweep",2000,1,78,29.476,29.481,27.090,1,1,0.218,2.169,,2017,28
"CrossingSweep",2000,1,79,30.924,30.914,27.569,1,1,0.221,3.135,,2010,28
"CrossingSweep",2000,1,80,29.844,29.855,27.474,1,1,0.220,2.149,,1881,28
"CrossingSweep",2000,1,81,30.496,30.491,28.175,1,1,0.220,2.101,,1983,26
"CrossingSweep",2000,1,82,29.882,29.878,27.117,1,1,0.223,2.542,,2005,28
"CrossingSweep",2000,1,83,29.052,29.060,26.790,1,1,0.219,2.043,,2007,28
"CrossingSweep",2000,1,84,34.455,34.452,31.855,1,1,0.268,2.331,,2009,28
"CrossingSweep",2000,1,85,30.944,30.939,28.715,1,1,0.212,2.016,,2010,26
"CrossingSweep",2000,1,86,29.064,29.067,26.815,1,1,0.223,2.026,,1931,28
"CrossingSweep",2000,1,87,30.258,30.250,27.459,1,1,0.283,2.516,,2011,28
"CrossingSweep",2000,1,88,28.727,28.730,26.427,1,1,0.223,2.077,,2004,27
"CrossingSweep",2000,1,89,29.683,29.665,26.633,1,1,0.218,2.833,,2008,28
"CrossingSweep",2000,1,90,29.572,29.583,27.270,1,1,0.225,2.077,,2000,28
"CrossingSweep",2000,1,91,29.608,29.613,27.291,1,1,0.214,2.104,,2007,25
"CrossingSweep",2000,1,92,29.047,29.035,26.143,1,1,0.223,2.681,,2018,28
"CrossingSweep",2000,1,93,28.777,28.786,26.517,1,1,0.217,2.043,,2012,28
"CrossingSweep",2000,1,94,28.612,28.604,26.368,1,1,0.220,2.024,,1972,25
"CrossingSweep",2000,1,95,29.712,29.712,27.454,1,1,0.230,2.028,,1978,27
"CrossingSweep",2000,1,96,30.189,30.184,28.018,1,1,0.219,1.952,,1998,27
"CrossingSweep",2000,1,97,28.554,28.557,26.258,1,1,0.224,2.073,,2005,27
"CrossingSweep",2000,1,98,29.972,29.887,26.749,1,1,0.223,2.999,,1989,28
"CrossingSweep",2000,1,99,30.801,30.879,27.801,1,1,0.231,2.768,,1997,28
"CrossingSweep",2000,1,100,29.386,29.387,26.728,1,1,0.236,2.422,,2003,28
"CrossingSweep",2000,1,101,30.629,30.608,27.023,1,1,0.216,3.390,,2004,28
"CrossingSweep",2000,1,102,32.421,32.439,30.065,1,1,0.224,2.132,,2005,28
"CrossingSweep",2000,1,103,29.483,29.476,27.149,1,1,0.225,2.109,,2006,28
"CrossingSweep",2000,1,104,30.629,30.622,26.851,1,1,0.240,3.539,,1984,28
"CrossingSweep",2000,1,105,33.284,33.298,30.973,1,1,0.218,2.094,,1988,28
"CrossingSweep",2000,1,106,29.904,29.901,27.659,1,1,0.214,2.031,,1988,28
"CrossingSweep",2000,1,107,28.643,28.641,26.425,1,1,0.216,2.002,,1931,28
"CrossingSweep",2000,1,108,29.844,29.821,26.663,1,1,0.211,2.970,,2014,28
"CrossingSweep",2000,1,109,33.811,33.774,30.894,1,1,0.224,2.693,,2005,28
"CrossingSweep",2000,1,110,28.902,28.956,26.683,1,1,0.210,2.009,,2006,28
"CrossingSweep",2000,1,111,29.354,29.357,27.119,1,1,0.231,2.003,,2006,27
"CrossingSweep",2000,1,112,30.382,30.377,28.131,1,1,0.213,2.039,,2000,28
"CrossingSweep",2000,1,113,30.100,30.099,27.853,1,1,0.208,2.040,,1999,28
"CrossingSweep",2000,1,114,30.567,30.560,28.238,1,1,0.218,2.110,,1994,28
"CrossingSweep",2000,1,115,29.460,29.461,26.677,1,1,0.221,2.562,,1989,28
"CrossingSweep",2000,1,116,29.420,29.423,27.274,1,1,0.222,1.924,,2010,28
"CrossingSweep",2000,1,117,30.673,30.653,27.986,1,1,0.216,2.471,,2008,28
"CrossingSweep",2000,1,118,29.692,29.706,27.436,1,1,0.220,2.036,,1994,28
"CrossingSweep",2000,1,119,31.268,31.263,29.006,1,1,0.219,2.043,,2002,26
"CrossingSweep",2000,1,120,28.883,28.876,26.518,1,1,0.221,2.144,,2000,28
"CrossingSweep",2000,1,121,29.566,29.566,27.186,1,1,0.274,2.106,,2000,26
"CrossingSweep",2000,1,122,29.037,29.038,26.679,1,1,0.220,2.138,,2002,28
"CrossingSweep",2000,1,123,28.929,28.932,26.716,1,1,0.209,2.003,,2015,28
"CrossingSweep",2000,1,124,28.897,28.889,26.546,1,1,0.207,2.144,,2013,28
"CrossingSweep",2000,1,125,29.320,29.307,26.125,1,1,0.209,2.986,,2013,28
"CrossingSweep",2000,1,126,28.936,28.938,25.795,1,1,0.218,2.922,,2014,28
"CrossingSweep",2000,1,127,28.605,28.607,25.964,1,1,0.221,2.420,,1991,28
"CrossingSweep",2000,1,128,28.912,28.913,26.304,1,1,0.225,2.384,,1994,28
"CrossingSweep",2000,1,129,28.911,28.911,26.383,1,1,0.217,2.310,,1977,28
"CrossingSweep",2000,1,130,29.479,29.466,26.851,1,1,0.222,2.406,,2012,28
"CrossingSweep",2000,1,131,30.363,30.366,27.706,1,1,0.235,2.422,,2001,27
"CrossingSweep",2000,1,132,29.241,29.247,26.379,1,1,0.226,2.637,,2012,28
"CrossingSweep",2000,1,133,29.586,29.575,26.881,1,1,0.228,2.477,,2014,26
"CrossingSweep",2000,1,134,30.689,30.682,26.813,1,1,0.216,3.660,,2016,28
"CrossingSweep",2000,1,135,29.129,29.134,26.409,1,1,0.281,2.440,,2005,28
"CrossingSweep",2000,1,136,29.877,29.886,27.254,1,1,0.231,2.393,,2007,28
"CrossingSweep",2000,1,137,30.627,30.611,27.838,1,1,0.227,2.561,,2010,28
"CrossingSweep",2000,1,138,30.688,30.697,27.940,1,1,0.233,2.515,,2012,28
"CrossingSweep",2000,1,139,29.605,29.546,26.871,1,1,0.229,2.505,,2011,26
"CrossingSweep",2000,1,140,30.581,30.623,27.724,1,1,0.223,2.634,,2009,28
"CrossingSweep",2000,1,141,29.789,29.796,27.076,1,1,0.219,2.494,,2012,28
"CrossingSweep",2000,1,142,29.999,29.996,27.021,1,1,0.219,2.758,,2013,28
"CrossingSweep",2000,1,143,29.146,29.094,26.362,1,1,0.218,2.567,,2002,27
"CrossingSweep",2000,1,144,29.622,29.663,26.916,1,1,0.219,2.487,,2014,28
"CrossingSweep",2000,1,145,29.504,29.510,26.463,1,1,0.223,2.819,,2004,28
"CrossingSweep",2000,1,146,29.864,29.866,27.030,1,1,0.218,2.616,,2003,26
"CrossingSweep",2000,1,147,29.565,29.552,26.790,1,1,0.215,2.560,,1988,28
"CrossingSweep",2000,1,148,29.122,29.128,26.256,1,1,0.222,2.644,,1996,28
"CrossingSweep",2000,1,149,29.508,29.516,26.916,1,1,0.218,2.374,,1994,28
"CrossingSweep",2000,1,150,29.506,29.500,26.678,1,1,0.222,2.606,,1995,28
"CrossingSweep",2000,1,151,28.910,28.905,26.265,1,1,0.214,2.430,,1994,28
"CrossingSweep",2000,1,152,31.497,31.492,28.500,1,1,0.221,2.776,,1991,28
"CrossingSweep",2000,1,153,28.789,28.788,26.179,1,1,0.229,2.381,,2010,28
"CrossingSweep",2000,1,154,29.452,29.450,26.762,1,1,0.216,2.474,,2008,26
"CrossingSweep",2000,1,155,29.463,29.456,26.274,1,1,0.212,2.977,,2000,27
"CrossingSweep",2000,1,156,30.012,30.019,27.364,1,1,0.224,2.424,,2014,28
"CrossingSweep",2000,1,157,29.536,29.533,26.881,1,1,0.218,2.438,,2015,27
"CrossingSweep",2000,1,158,29.037,29.020,26.271,1,1,0.224,2.542,,2013,27
"CrossingSweep",2000,1,159,30.917,30.928,27.969,1,1,0.227,2.721,,2013,27
"CrossingSweep",2000,1,160,28.801,28.798,26.193,1,1,0.216,2.392,,2007,28
"CrossingSweep",2000,1,161,28.912,28.913,26.199,1,1,0.227,2.485,,2003,28
"CrossingSweep",2000,1,162,30.248,30.255,27.385,1,1,0.226,2.636,,2005,28
"CrossingSweep",2000,1,163,29.711,29.690,26.941,1,1,0.217,2.554,,2014,28
"CrossingSweep",2000,1,164,30.398,30.413,27.906,1,1,0.225,2.267,,1996,28
"CrossingSweep",2000,1,165,30.837,30.826,28.100,1,1,0.223,2.515,,2007,27
"CrossingSweep",2000,1,166,30.418,30.422,27.829,1,1,0.221,2.368,,2010,28
"CrossingSweep",2000,1,167,29.786,29.783,27.036,1,1,0.217,2.533,,1997,27
"CrossingSweep",2000,1,168,30.268,30.249,26.629,1,1,0.218,3.421,,2006,28
"CrossingSweep",2000,1,169,29.228,29.236,26.334,1,1,0.214,2.681,,1943,27
"CrossingSweep",2000,1,170,29.953,29.957,27.340,1,1,0.221,2.391,,2004,28
"CrossingSweep",2000,1,171,29.014,29.021,26.369,1,1,0.223,2.422,,2002,28
"CrossingSweep",2000,1,172,30.295,30.260,27.106,1,1,0.213,2.976,,1999,28
"CrossingSweep",2000,1,173,29.250,29.273,26.650,1,1,0.221,2.379,,2005,28
"CrossingSweep",2000,1,174,29.694,29.697,27.093,1,1,0.221,2.380,,2010,28
"CrossingSweep",2000,1,175,28.453,28.454,26.115,1,1,0.213,2.126,,2005,26
"CrossingSweep",2000,1,176,29.289,29.289,27.040,1,1,0.211,2.039,,2006,28
"CrossingSweep",2000,1,177,32.009,31.972,28.989,1,1,0.227,2.793,,2008,28
"CrossingSweep",2000,1,178,30.931,30.960,28.267,1,1,0.208,2.455,,2003,27
"CrossingSweep",2000,1,179,31.713,31.712,28.737,1,1,0.231,2.745,,2003,28
"CrossingSweep",2000,1,180,32.457,32.430,28.909,1,1,0.402,3.146,,2006,28
"CrossingSweep",2000,1,181,29.734,29.759,27.274,1,1,0.223,2.238,,1725,28
"CrossingSweep",2000,1,182,30.061,30.058,27.251,1,1,0.267,2.544,,2006,27
"CrossingSweep",2000,1,183,29.266,29.260,26.905,1,1,0.219,2.143,,1999,27
"CrossingSweep",2000,1,184,29.871,29.877,27.567,1,1,0.210,2.094,,1986,27
"CrossingSweep",2000,1,185,28.668,28.663,26.476,1,1,0.215,1.976,,2002,26
"CrossingSweep",2000,1,186,28.842,28.840,26.608,1,1,0.228,2.006,,2012,28
"CrossingSweep",2000,1,187,29.528,29.531,27.273,1,1,0.222,2.033,,1991,26
"CrossingSweep",2000,1,188,29.620,29.610,27.358,1,1,0.216,2.046,,1991,27
"CrossingSweep",2000,1,189,30.352,30.353,27.236,1,1,0.227,2.890,,1979,28
"CrossingSweep",2000,1,190,29.611,29.611,26.544,1,1,0.217,2.850,,1971,28
"CrossingSweep",2000,1,191,30.235,30.226,27.529,1,1,0.210,2.496,,1989,27
"CrossingSweep",2000,1,192,29.011,29.013,26.736,1,1,0.223,2.052,,2004,27
"CrossingSweep",2000,1,193,29.414,29.411,26.635,1,1,0.214,2.566,,2001,28
"CrossingSweep",2000,1,194,28.145,28.152,25.903,1,1,0.209,2.033,,2010,25
"CrossingSweep",2000,1,195,30.117,30.117,26.884,1,1,0.224,3.010,,1985,27
"CrossingSweep",2000,1,196,29.318,29.306,27.000,1,1,0.210,2.107,,2006,28
"CrossingSweep",2000,1,197,28.622,28.628,26.490,1,1,0.212,1.920,,1988,28
"CrossingSweep",2000,1,198,29.539,29.539,27.236,1,1,0.216,2.087,,2020,25
"CrossingSweep",2000,1,199,28.539,28.538,26.212,1,1,0.224,2.102,,1992,28
"CrossingSweep",2000,1,200,30.993,30.976,28.038,1,1,0.227,2.728,,2007,26
"CrossingSweep",2000,1,201,28.053,28.066,25.916,1,1,0.209,1.928,,2002,28
"CrossingSweep",2000,1,202,30.600,30.595,28.308,1,1,0.224,2.068,,1927,28
"CrossingSweep",2000,1,203,30.503,30.504,28.207,1,1,0.259,2.037,,2005,26
"CrossingSweep",2000,1,204,29.916,29.910,27.530,1,1,0.211,2.175,,2009,25
"CrossingSweep",2000,1,205,29.505,29.503,27.223,1,1,0.223,2.058,,2005,26
"CrossingSweep",2000,1,206,30.500,30.501,28.171,1,1,0.225,2.104,,1994,28
"CrossingSweep",2000,1,207,30.608,30.602,28.352,1,1,0.233,2.023,,2008,28
"CrossingSweep",2000,1,208,32.549,32.545,30.319,1,1,0.215,2.014,,1999,28
"CrossingSweep",2000,1,209,31.440,31.438,28.720,1,1,0.235,2.485,,2007,28
"CrossingSweep",2000,1,210,29.818,29.785,26.933,1,1,0.252,2.633,,2012,28
"CrossingSweep",2000,1,211,32.383,32.422,30.043,1,1,0.235,2.104,,1931,28
"CrossingSweep",2000,1,212,32.438,32.428,30.156,1,1,0.229,2.053,,2013,28
"CrossingSweep",2000,1,213,30.048,30.050,27.786,1,1,0.225,2.036,,2009,28
"CrossingSweep",2000,1,214,30.983,30.983,28.702,1,1,0.225,2.056,,2005,28
"CrossingSweep",2000,1,215,30.789,30.748,28.305,1,1,0.258,2.226,,1994,27
"CrossingSweep",2000,1,216,30.891,30.915,28.112,1,1,0.222,2.557,,1990,28
"CrossingSweep",2000,1,217,29.299,29.304,26.841,1,1,0.217,2.241,,1998,28
"CrossingSweep",2000,1,218,30.676,30.681,28.222,1,1,0.219,2.236,,1983,28
"CrossingSweep",2000,1,219,30.036,30.037,27.553,1,1,0.231,2.252,,1988,27
"CrossingSweep",2000,1,220,31.164,31.143,28.702,1,1,0.209,2.252,,2003,28
"CrossingSweep",2000,1,221,30.387,30.400,27.224,1,1,0.213,2.950,,1891,27
"CrossingSweep",2000,1,222,30.341,30.341,28.059,1,1,0.226,2.056,,2012,28
"CrossingSweep",2000,1,223,29.309,29.301,27.023,1,1,0.208,2.078,,2016,28
"CrossingSweep",2000,1,224,29.500,29.507,27.185,1,1,0.211,2.103,,1983,28
"CrossingSweep",2000,1,225,29.492,29.484,27.250,1,1,0.210,2.032,,1987,28
"CrossingSweep",2000,1,226,29.339,29.342,26.258,1,1,0.226,2.855,,2000,28
"CrossingSweep",2000,1,227,30.907,30.898,27.926,1,1,0.217,2.764,,1979,28
"CrossingSweep",2000,1,228,29.145,29.150,26.752,1,1,0.217,2.175,,1989,26
"CrossingSweep",2000,1,229,29.739,29.739,27.443,1,1,0.222,2.075,,1998,27
"CrossingSweep",2000,1,230,29.288,29.284,26.917,1,1,0.224,2.147,,1993,28
"CrossingSweep",2000,1,231,29.242,29.236,26.843,1,1,0.254,2.145,,1999,28
"CrossingSweep",2000,1,232,29.013,29.009,26.866,1,1,0.219,1.928,,1983,26
"CrossingSweep",2000,1,233,28.110,28.117,25.870,1,1,0.213,2.027,,1964,28
"CrossingSweep",2000,1,234,28.979,28.977,26.694,1,1,0.228,2.058,,2001,28
"CrossingSweep",2000,1,235,28.756,28.756,26.536,1,1,0.212,2.008,,2009,26
"CrossingSweep",2000,1,236,30.019,30.014,27.800,1,1,0.211,2.009,,1972,28
"CrossingSweep",2000,1,237,28.859,28.860,26.538,1,1,0.215,2.107,,2012,28
"CrossingSweep",2000,1,238,30.493,30.475,26.498,1,1,0.211,3.784,,2010,27
"CrossingSweep",2000,1,239,29.395,29.411,27.055,1,1,0.225,2.115,,1980,27
"CrossingSweep",2000,1,240,29.478,29.465,26.858,1,1,0.221,2.400,,1998,28
"CrossingSweep",2000,1,241,30.389,30.404,28.230,1,1,0.221,1.937,,2007,28
"CrossingSweep",2000,1,242,35.462,35.453,33.051,1,1,0.244,2.167,,2006,28
"CrossingSweep",2000,1,243,30.588,30.580,28.145,1,1,0.215,2.228,,2005,27
"CrossingSweep",2000,1,244,29.248,29.253,27.010,1,1,0.217,2.022,,2008,28
"CrossingSweep",2000,1,245,30.844,30.840,27.106,1,1,0.219,3.519,,2000,27
"CrossingSweep",2000,1,246,30.886,30.879,27.650,1,1,0.218,3.019,,2006,28
"CrossingSweep",2000,1,247,29.435,29.433,27.163,1,1,0.232,2.040,,1897,28
"CrossingSweep",2000,1,248,28.571,28.573,26.221,1,1,0.219,2.131,,2009,28
"CrossingSweep",2000,1,249,29.780,29.786,27.563,1,1,0.249,1.968,,2002,27
"CrossingSweep",2000,1,250,31.808,31.749,28.398,1,1,0.207,3.202,,2005,28
"CrossingSweep",2000,1,251,32.430,32.478,29.625,1,1,0.276,2.530,,1969,27
"CrossingSweep",2000,1,252,33.439,33.444,30.877,1,1,0.268,2.294,,2004,28
"CrossingSweep",2000,1,253,29.165,29.161,26.770,1,1,0.217,2.179,,2007,27
"CrossingSweep",2000,1,254,29.137,29.134,26.524,1,1,0.215,2.398,,1984,28
"CrossingSweep",2000,1,255,29.890,29.893,27.425,1,1,0.218,2.247,,2014,28
"CrossingSweep",2000,1,256,29.418,29.418,27.143,1,1,0.214,2.061,,2004,28
"CrossingSweep",2000,1,257,29.750,29.742,27.343,1,1,0.212,2.195,,2005,28
"CrossingSweep",2000,1,258,29.442,29.443,27.092,1,1,0.218,2.132,,1989,28
"CrossingSweep",2000,1,259,29.694,29.695,27.403,1,1,0.213,2.077,,1994,28
"CrossingSweep",2000,1,260,30.553,30.548,27.864,1,1,0.216,2.473,,1983,28
"CrossingSweep",2000,1,261,28.802,28.797,26.548,1,1,0.209,2.046,,2004,28
"CrossingSweep",2000,1,262,30.228,30.232,27.796,1,1,0.216,2.216,,1631,27
"CrossingSweep",2000,1,263,30.144,30.146,27.876,1,1,0.215,2.054,,2001,28
"CrossingSweep",2000,1,264,28.975,28.970,26.724,1,1,0.216,2.035,,2008,28
"CrossingSweep",2000,1,265,30.310,30.305,27.260,1,1,0.251,2.799,,1977,28
"CrossingSweep",2000,1,266,29.043,29.044,26.776,1,1,0.222,2.045,,2011,28
"CrossingSweep",2000,1,267,29.284,29.286,26.684,1,1,0.202,2.398,,1993,28
"CrossingSweep",2000,1,268,29.186,29.184,26.937,1,1,0.207,2.042,,2012,28
"CrossingSweep",2000,1,269,29.192,29.186,26.962,1,1,0.216,2.014,,2012,28
"CrossingSweep",2000,1,270,29.000,28.993,25.738,1,1,0.212,3.050,,1974,28
"CrossingSweep",2000,1,271,28.136,28.139,25.529,1,1,0.211,2.396,,1988,28
"CrossingSweep",2000,1,272,30.361,30.355,27.475,1,1,0.211,2.676,,1996,28
"CrossingSweep",2000,1,273,29.670,29.669,26.816,1,1,0.212,2.643,,1981,28
"CrossingSweep",2000,1,274,29.850,29.854,26.711,1,1,0.219,2.921,,2011,27
"CrossingSweep",2000,1,275,29.039,29.042,26.856,1,1,0.209,1.975,,2018,28
"CrossingSweep",2000,1,276,31.601,31.594,29.172,1,1,0.284,2.146,,1989,26
"CrossingSweep",2000,1,277,29.368,29.368,26.986,1,1,0.256,2.126,,1982,27
"CrossingSweep",2000,1,278,29.576,29.580,27.315,1,1,0.223,2.038,,1992,28
"CrossingSweep",2000,1,279,28.965,28.962,26.601,1,1,0.211,2.153,,2009,28
"CrossingSweep",2000,1,280,28.474,28.471,26.313,1,1,0.207,1.954,,2009,28
"CrossingSweep",2000,1,281,29.690,29.671,26.213,1,1,0.212,3.266,,2006,28
"CrossingSweep",2000,1,282,28.921,28.933,26.507,1,1,0.220,2.194,,2008,26
"CrossingSweep",2000,1,283,29.704,29.702,26.928,1,1,0.256,2.519,,2002,28
"CrossingSweep",2000,1,284,29.140,29.138,26.822,1,1,0.230,2.088,,1988,27
"CrossingSweep",2000,1,285,29.533,29.526,27.203,1,1,0.210,2.120,,2006,27
"CrossingSweep",2000,1,286,31.775,31.780,29.243,1,1,0.322,2.209,,1993,28
"CrossingSweep",2000,1,287,29.444,29.437,27.066,1,1,0.207,2.171,,2007,28
"CrossingSweep",2000,1,288,29.142,29.141,26.796,1,1,0.212,2.134,,2006,28
"CrossingSweep",2000,1,289,28.800,28.803,26.630,1,1,0.222,1.948,,1986,28
"CrossingSweep",2000,1,290,29.235,29.237,26.576,1,1,0.223,2.437,,2013,28
"CrossingSweep",2000,1,291,30.128,30.120,27.363,1,1,0.227,2.539,,1976,24
"CrossingSweep",2000,1,292,31.180,31.169,27.920,1,1,0.211,3.050,,2000,28
"CrossingSweep",2000,1,293,29.354,29.363,26.273,1,1,0.228,2.853,,1994,28
"CrossingSweep",2000,1,294,29.669,29.659,27.228,1,1,0.210,2.231,,1988,28
"CrossingSweep",2000,1,295,29.752,29.760,27.413,1,1,0.214,2.125,,2013,28
"CrossingSweep",2000,1,296,30.124,30.124,27.849,1,1,0.241,2.034,,1981,26
"CrossingSweep",2000,1,297,29.702,29.700,27.309,1,1,0.264,2.129,,1993,27
"CrossingSweep",2000,1,298,29.323,29.326,27.071,1,1,0.266,1.986,,2011,28
"CrossingSweep",2000,1,299,29.331,29.323,27.035,1,1,0.225,2.070,,1974,27
"CrossingSweep",2250,1,0,37.036,37.029,34.614,1,1,0.245,2.177,,2198,31
"CrossingSweep",2250,1,1,36.753,36.746,33.608,1,1,0.241,2.904,,2245,30
"CrossingSweep",2250,1,2,36.802,36.813,34.454,1,1,0.306,2.042,,2247,31
"CrossingSweep",2250,1,3,37.328,37.305,34.207,1,1,0.243,2.878,,2251,31
"CrossingSweep",2250,1,4,40.690,40.702,37.098,1,1,0.250,3.341,,2236,28
"CrossingSweep",2250,1,5,35.967,35.962,33.407,1,1,0.243,2.317,,2253,31
"CrossingSweep",2250,1,6,37.903,37.898,35.077,1,1,0.242,2.584,,2255,31
"CrossingSweep",2250,1,7,38.704,38.703,36.066,1,1,0.258,2.379,,2254,28
"CrossingSweep",2250,1,8,38.895,38.898,36.180,1,1,0.254,2.461,,2246,31
"CrossingSweep",2250,1,9,37.668,37.672,35.340,1,1,0.249,2.079,,2250,31
"CrossingSweep",2250,1,10,37.240,37.238,34.955,1,1,0.238,2.047,,2249,31
"CrossingSweep",2250,1,11,37.702,37.684,34.903,1,1,0.240,2.559,,2251,31
"CrossingSweep",2250,1,12,37.100,37.109,33.702,1,1,0.236,3.162,,2222,30
"CrossingSweep",2250,1,13,37.416,37.420,34.950,1,1,0.236,2.230,,2228,31
"CrossingSweep",2250,1,14,36.529,36.526,34.252,1,1,0.239,2.038,,2237,31
"CrossingSweep",2250,1,15,36.562,36.553,33.933,1,1,0.240,2.389,,2239,31
"CrossingSweep",2250,1,16,39.343,39.348,36.481,1,1,0.258,2.604,,2201,29
"CrossingSweep",2250,1,17,37.341,37.343,34.654,1,1,0.430,2.258,,2242,31
"CrossingSweep",2250,1,18,37.054,37.052,34.020,1,1,0.245,2.790,,2233,31
"CrossingSweep",2250,1,19,36.545,36.539,34.065,1,1,0.247,2.233,,2241,31
"CrossingSweep",2250,1,20,39.258,39.260,36.800,1,1,0.261,2.197,,2207,31
"CrossingSweep",2250,1,21,40.204,40.205,37.644,1,1,0.313,2.246,,2238,30
"CrossingSweep",2250,1,22,40.792,40.760,36.846,1,1,0.244,3.702,,2228,31
"CrossingSweep",2250,1,23,38.020,38.048,35.673,1,1,0.246,2.101,,2258,31
"CrossingSweep",2250,1,24,38.762,38.737,34.447,1,1,0.252,4.063,,2251,30
"CrossingSweep",2250,1,25,37.644,37.644,34.818,1,1,0.242,2.584,,2258,31
"CrossingSweep",2250,1,26,37.732,37.743,34.817,1,1,0.237,2.678,,2250,31
"CrossingSweep",2250,1,27,37.578,37.585,35.132,1,1,0.266,2.180,,2240,31
"CrossingSweep",2250,1,28,38.516,38.510,36.176,1,1,0.241,2.100,,2243,31
"CrossingSweep",2250,1,29,39.885,39.890,36.854,1,1,0.246,2.785,,2242,31
"CrossingSweep",2250,1,30,38.288,38.282,35.152,1,1,0.274,2.861,,2236,31
"CrossingSweep",2250,1,31,39.877,39.860,36.828,1,1,0.244,2.804,,2243,31
"CrossingSweep",2250,1,32,38.332,38.339,35.087,1,1,0.298,2.947,,2239,31
"CrossingSweep",2250,1,33,38.784,38.784,35.862,1,1,0.256,2.666,,2219,31
"CrossingSweep",2250,1,34,37.450,37.453,35.083,1,1,0.241,2.126,,1909,31
"CrossingSweep",2250,1,35,36.363,36.366,34.048,1,1,0.239,2.076,,2250,31
"CrossingSweep",2250,1,36,37.394,37.386,34.755,1,1,0.243,2.397,,2246,31
"CrossingSweep",2250,1,37,37.690,37.692,34.681,1,1,0.256,2.754,,2247,31
"CrossingSweep",2250,1,38,39.902,39.900,37.568,1,1,0.260,2.074,,2252,31
"CrossingSweep",2250,1,39,39.344,39.319,36.006,1,1,0.258,3.081,,2206,31
"CrossingSweep",2250,1,40,38.682,38.704,36.265,1,1,0.240,2.178,,2261,31
"CrossingSweep",2250,1,41,37.920,37.898,34.763,1,1,0.250,2.907,,2256,31
"CrossingSweep",2250,1,42,39.428,39.445,35.865,1,1,0.364,3.198,,2207,31
"CrossingSweep",2250,1,43,40.438,40.439,38.032,1,1,0.251,2.156,,2257,31
"CrossingSweep",2250,1,44,38.024,38.014,35.611,1,1,0.247,2.166,,2236,31
"CrossingSweep",2250,1,45,36.977,36.982,34.437,1,1,0.257,2.282,,2238,31
"CrossingSweep",2250,1,46,37.762,37.761,35.386,1,1,0.256,2.120,,2210,31
"CrossingSweep",2250,1,47,39.622,39.624,37.261,1,1,0.270,2.091,,2234,31
"CrossingSweep",2250,1,48,38.068,38.057,35.516,1,1,0.270,2.281,,2255,31
"CrossingSweep",2250,1,49,37.942,37.946,35.019,1,1,0.254,2.669,,2262,31
"CrossingSweep",2250,1,50,38.113,38.104,35.236,1,1,0.451,2.426,,2169,29
"CrossingSweep",2250,1,51,40.271,40.260,36.214,1,1,0.262,3.795,,2231,31
"CrossingSweep",2250,1,52,37.306,37.311,33.888,1,1,0.246,3.172,,2252,30
"CrossingSweep",2250,1,53,37.267,37.272,34.606,1,1,0.292,2.370,,2258,31
"CrossingSweep",2250,1,54,38.791,38.783,36.307,1,1,0.252,2.233,,2247,30
"CrossingSweep",2250,1,55,36.672,36.684,34.218,1,1,0.266,2.188,,2255,31
"CrossingSweep",2250,1,56,36.982,36.977,34.635,1,1,0.253,2.093,,2257,31
"CrossingSweep",2250,1,57,37.643,37.635,35.219,1,1,0.258,2.167,,2264,31
"CrossingSweep",2250,1,58,37.129,37.129,34.779,1,1,0.255,2.094,,2250,31
"CrossingSweep",2250,1,59,37.202,37.205,34.781,1,1,0.247,2.174,,2251,31
"CrossingSweep",2250,1,60,36.966,36.962,34.476,1,1,0.244,2.247,,2238,31
"CrossingSweep",2250,1,61,37.283,37.284,34.827,1,1,0.243,2.213,,2242,31
"CrossingSweep",2250,1,62,36.434,36.433,33.997,1,1,0.256,2.180,,2246,29
"CrossingSweep",2250,1,63,35.861,35.857,33.460,1,1,0.237,2.163,,2261,29
"CrossingSweep",2250,1,64,38.165,38.160,34.765,1,1,0.252,3.148,,2252,31
"CrossingSweep",2250,1,65,37.051,37.053,34.234,1,1,0.283,2.534,,2255,30
"CrossingSweep",2250,1,66,37.637,37.625,34.659,1,1,0.242,2.736,,2256,31
"CrossingSweep",2250,1,67,35.706,35.710,32.813,1,1,0.249,2.645,,2241,31
"CrossingSweep",2250,1,68,37.144,37.148,34.352,1,1,0.244,2.548,,2253,31
"CrossingSweep",2250,1,69,37.391,37.374,34.555,1,1,0.260,2.576,,2254,30
"CrossingSweep",2250,1,70,37.129,37.136,34.267,1,1,0.255,2.607,,2257,31
"CrossingSweep",2250,1,71,37.383,37.379,33.859,1,1,0.266,3.258,,2256,29
"CrossingSweep",2250,1,72,37.549,37.546,34.007,1,1,0.244,3.298,,2253,31
"CrossingSweep",2250,1,73,37.459,37.464,34.303,1,1,0.253,2.902,,2242,29
"CrossingSweep",2250,1,74,36.806,36.804,34.096,1,1,0.239,2.471,,2251,30
"CrossingSweep",2250,1,75,37.389,37.348,34.318,1,1,0.276,2.796,,2250,31
"CrossingSweep",2250,1,76,38.015,38.057,35.561,1,1,0.251,2.204,,2243,31
"CrossingSweep",2250,1,77,39.922,39.918,36.906,1,1,0.256,2.760,,2242,31
"CrossingSweep",2250,1,78,37.212,37.165,34.083,1,1,0.239,2.889,,2247,31
"CrossingSweep",2250,1,79,37.582,37.629,35.186,1,1,0.249,2.147,,2247,31
"CrossingSweep",2250,1,80,37.334,37.330,35.002,1,1,0.241,2.091,,2253,30
"CrossingSweep",2250,1,81,36.528,36.529,34.253,1,1,0.245,2.030,,2250,29
"CrossingSweep",2250,1,82,36.149,36.144,33.555,1,1,0.240,2.354,,2240,30
"CrossingSweep",2250,1,83,38.259,38.261,35.860,1,1,0.269,2.131,,2211,31
"CrossingSweep",2250,1,84,37.852,37.843,35.250,1,1,0.242,2.360,,2227,31
"CrossingSweep",2250,1,85,36.654,36.654,34.308,1,1,0.249,2.096,,2235,31
"CrossingSweep",2250,1,86,37.065,37.067,34.082,1,1,0.250,2.733,,2252,31
"CrossingSweep",2250,1,87,36.775,36.772,34.373,1,1,0.245,2.157,,2245,31
"CrossingSweep",2250,1,88,36.882,36.882,34.586,1,1,0.243,2.052,,2248,31
"CrossingSweep",2250,1,89,36.602,36.598,34.185,1,1,0.253,2.164,,2257,31
"CrossingSweep",2250,1,90,36.369,36.370,34.021,1,1,0.242,2.106,,2255,31
"CrossingSweep",2250,1,91,38.399,38.391,35.524,1,1,0.295,2.579,,2246,31
"CrossingSweep",2250,1,92,37.543,37.546,35.110,1,1,0.247,2.186,,2254,31
"CrossingSweep",2250,1,93,36.088,36.082,33.671,1,1,0.247,2.170,,2233,31
"CrossingSweep",2250,1,94,37.056,37.051,33.995,1,1,0.251,2.810,,2170,31
"CrossingSweep",2250,1,95,38.033,38.040,35.606,1,1,0.247,2.180,,2253,31
"CrossingSweep",2250,1,96,36.960,36.958,34.494,1,1,0.235,2.231,,2246,29
"CrossingSweep",2250,1,97,41.131,41.109,37.558,1,1,0.268,3.305,,2252,31
"CrossingSweep",2250,1,98,40.735,40.756,38.380,1,1,0.253,2.101,,2238,31
"CrossingSweep",2250,1,99,35.838,35.832,33.316,1,1,0.248,2.274,,2258,31
"CrossingSweep",2250,1,100,37.260,37.259,34.873,1,1,0.239,2.148,,2256,31
"CrossingSweep",2250,1,101,36.323,36.327,33.966,1,1,0.247,2.109,,2253,31
"CrossingSweep",2250,1,102,36.942,36.930,33.952,1,1,0.249,2.742,,2226,31
"CrossingSweep",2250,1,103,36.186,36.193,33.849,1,1,0.236,2.101,,2259,31
"CrossingSweep",2250,1,104,37.101,37.096,34.727,1,1,0.256,2.118,,2262,31
"CrossingSweep",2250,1,105,38.143,38.130,35.053,1,1,0.243,2.847,,2242,31
"CrossingSweep",2250,1,106,37.678,37.691,35.261,1,1,0.240,2.177,,2231,31
"CrossingSweep",2250,1,107,38.085,38.079,35.645,1,1,0.250,2.190,,2264,30
"CrossingSweep",2250,1,108,42.055,42.009,38.529,1,1,0.253,3.272,,2237,31
"CrossingSweep",2250,1,109,38.311,38.346,35.814,1,1,0.247,2.250,,2253,29
"CrossingSweep",2250,1,110,36.755,36.766,34.414,1,1,0.238,2.103,,2253,31
"CrossingSweep",2250,1,111,38.338,38.322,34.654,1,1,0.242,3.442,,2191,29
"CrossingSweep",2250,1,112,36.272,36.284,33.919,1,1,0.246,2.108,,2244,31
"CrossingSweep",2250,1,113,37.896,37.893,35.532,1,1,0.249,2.116,,2250,31
"CrossingSweep",2250,1,114,38.747,38.742,35.960,1,1,0.304,2.483,,2231,31
"CrossingSweep",2250,1,115,37.751,37.750,35.354,1,1,0.246,2.151,,2245,31
"CrossingSweep",2250,1,116,36.890,36.891,34.506,1,1,0.256,2.128,,2240,31
"CrossingSweep",2250,1,117,37.528,37.524,34.241,1,1,0.251,3.036,,2250,31
"CrossingSweep",2250,1,118,38.589,38.588,36.099,1,1,0.260,2.230,,2258,31
"CrossingSweep",2250,1,119,37.159,37.159,34.716,1,1,0.252,2.190,,2015,31
"CrossingSweep",2250,1,120,38.369,38.345,35.528,1,1,0.256,2.585,,2248,30
"CrossingSweep",2250,1,121,36.830,36.851,34.434,1,1,0.257,2.139,,2240,31
"CrossingSweep",2250,1,122,39.143,39.137,36.767,1,1,0.257,2.120,,2252,31
"CrossingSweep",2250,1,123,39.841,39.846,37.474,1,1,0.260,2.106,,2253,31
"CrossingSweep",2250,1,124,37.825,37.814,35.380,1,1,0.251,2.194,,2249,31
"CrossingSweep",2250,1,125,38.698,38.702,36.142,1,1,0.247,2.310,,2242,31
"CrossingSweep",2250,1,126,37.015,37.006,34.574,1,1,0.243,2.197,,2245,31
"CrossingSweep",2250,1,127,36.859,36.864,34.522,1,1,0.243,2.093,,2245,31
"CrossingSweep",2250,1,128,36.683,36.685,34.323,1,1,0.242,2.118,,2227,29
"CrossingSweep",2250,1,129,37.783,37.727,34.580,1,1,0.327,2.875,,2244,31
"CrossingSweep",2250,1,130,37.791,37.842,35.404,1,1,0.240,2.147,,2213,31
"CrossingSweep",2250,1,131,38.305,38.281,34.558,1,1,0.243,3.504,,2240,31
"CrossingSweep",2250,1,132,37.042,37.057,34.525,1,1,0.253,2.264,,2235,31
"CrossingSweep",2250,1,133,38.250,38.243,35.344,1,1,0.243,2.663,,2237,31
"CrossingSweep",2250,1,134,36.665,36.680,34.397,1,1,0.248,2.020,,1884,31
"CrossingSweep",2250,1,135,37.405,37.396,35.053,1,1,0.246,2.107,,2256,31
"CrossingSweep",2250,1,136,36.995,36.978,34.241,1,1,0.261,2.493,,2244,30
"CrossingSweep",2250,1,137,37.572,37.589,35.184,1,1,0.245,2.143,,2236,31
"CrossingSweep",2250,1,138,37.572,37.569,35.181,1,1,0.249,2.142,,2238,30
"CrossingSweep",2250,1,139,36.675,36.673,34.011,1,1,0.240,2.424,,2258,31
"CrossingSweep",2250,1,140,38.254,38.254,35.915,1,1,0.243,2.096,,2246,31
"CrossingSweep",2250,1,141,36.322,36.318,33.950,1,1,0.246,2.126,,2257,31
"CrossingSweep",2250,1,142,36.148,36.144,33.859,1,1,0.240,2.049,,2264,31
"CrossingSweep",2250,1,143,38.884,38.887,35.920,1,1,0.274,2.690,,2247,31
"CrossingSweep",2250,1,144,35.835,35.833,33.539,1,1,0.247,2.049,,2267,31
"CrossingSweep",2250,1,145,35.683,35.685,33.092,1,1,0.236,2.355,,2258,31
"CrossingSweep",2250,1,146,37.666,37.655,34.385,1,1,0.251,3.031,,2252,31
"CrossingSweep",2250,1,147,37.064,37.073,34.787,1,1,0.245,2.032,,2249,31
"CrossingSweep",2250,1,148,36.062,36.059,33.778,1,1,0.242,2.042,,2259,31
"CrossingSweep",2250,1,149,36.620,36.607,34.168,1,1,0.246,2.205,,2266,31
"CrossingSweep",2250,1,150,38.028,38.035,34.933,1,1,0.245,2.849,,2255,31
"CrossingSweep",2250,1,151,36.663,36.658,34.285,1,1,0.236,2.142,,2223,31
"CrossingSweep",2250,1,152,36.358,36.352,33.785,1,1,0.234,2.338,,2257,31
"CrossingSweep",2250,1,153,37.245,37.197,34.442,1,1,0.246,2.557,,2242,31
"CrossingSweep",2250,1,154,36.036,36.089,33.690,1,1,0.234,2.112,,2243,31
"CrossingSweep",2250,1,155,35.899,35.895,33.536,1,1,0.232,2.130,,2269,31
"CrossingSweep",2250,1,156,35.927,35.923,33.371,1,1,0.248,2.309,,2253,31
"CrossingSweep",2250,1,157,36.868,36.870,34.079,1,1,0.244,2.545,,2234,31
"CrossingSweep",2250,1,158,36.285,36.284,33.798,1,1,0.243,2.244,,2257,31
"CrossingSweep",2250,1,159,36.163,36.164,33.885,1,1,0.245,2.033,,2255,31
"CrossingSweep",2250,1,160,35.091,35.085,32.713,1,1,0.244,2.134,,2252,31
"CrossingSweep",2250,1,161,35.889,35.888,33.604,1,1,0.235,2.051,,2247,31
"CrossingSweep",2250,1,162,35.733,35.727,33.375,1,1,0.234,2.124,,2247,31
"CrossingSweep",2250,1,163,36.717,36.719,33.835,1,1,0.233,2.649,,2258,31
"CrossingSweep",2250,1,164,37.572,37.560,34.180,1,1,0.237,3.155,,2255,31
"CrossingSweep",2250,1,165,35.279,35.287,32.997,1,1,0.228,2.054,,2242,31
"CrossingSweep",2250,1,166,35.862,35.860,33.412,1,1,0.229,2.221,,2252,31
"CrossingSweep",2250,1,167,35.944,35.940,32.952,1,1,0.231,2.760,,2255,31
"CrossingSweep",2250,1,168,36.959,36.913,33.713,1,1,0.235,3.011,,2225,31
"CrossingSweep",2250,1,169,36.168,36.216,33.760,1,1,0.285,2.123,,2242,31
"CrossingSweep",2250,1,170,35.495,35.490,33.086,1,1,0.236,2.174,,2267,31
"CrossingSweep",2250,1,171,35.336,35.332,32.908,1,1,0.245,2.183,,2239,30
"CrossingSweep",2250,1,172,35.246,35.237,32.467,1,1,0.239,2.541,,2262,31
"CrossingSweep",2250,1,173,35.268,35.259,32.548,1,1,0.234,2.487,,2251,30
"CrossingSweep",2250,1,174,35.964,35.977,33.416,1,1,0.281,2.267,,2251,31
"CrossingSweep",2250,1,175,35.103,35.107,32.626,1,1,0.240,2.237,,2248,31
"CrossingSweep",2250,1,176,36.496,36.445,33.669,1,1,0.255,2.573,,2242,30
"CrossingSweep",2250,1,177,36.155,36.205,33.876,1,1,0.231,2.048,,2243,31
"CrossingSweep",2250,1,178,35.545,35.542,33.198,1,1,0.248,2.099,,2240,31
"CrossingSweep",2250,1,179,35.623,35.616,33.291,1,1,0.234,2.098,,2245,31
"CrossingSweep",2250,1,180,35.688,35.679,32.991,1,1,0.235,2.462,,2246,31
"CrossingSweep",2250,1,181,35.349,35.357,33.117,1,1,0.244,1.988,,2251,31
"CrossingSweep",2250,1,182,36.416,36.419,34.199,1,1,0.238,1.980,,2248,31
"CrossingSweep",2250,1,183,37.000,36.989,34.294,1,1,0.232,2.474,,2262,31
"CrossingSweep",2250,1,184,35.163,35.171,32.806,1,1,0.238,2.118,,2263,31
"CrossingSweep",2250,1,185,37.260,37.255,34.378,1,1,0.229,2.653,,2248,30
"CrossingSweep",2250,1,186,35.833,35.833,33.513,1,1,0.238,2.083,,2237,31
"CrossingSweep",2250,1,187,34.874,34.876,32.572,1,1,0.227,2.075,,2240,31
"CrossingSweep",2250,1,188,35.141,35.136,32.622,1,1,0.247,2.273,,2265,31
"CrossingSweep",2250,1,189,35.761,35.762,33.550,1,1,0.231,1.980,,2241,30
"CrossingSweep",2250,1,190,34.804,34.802,32.531,1,1,0.227,2.046,,2245,30
"CrossingSweep",2250,1,191,34.853,34.851,32.604,1,1,0.231,2.018,,2252,29
"CrossingSweep",2250,1,192,34.181,34.176,31.925,1,1,0.229,2.026,,2253,31
"CrossingSweep",2250,1,193,34.984,34.983,32.372,1,1,0.227,2.385,,2247,31
"CrossingSweep",2250,1,194,34.774,34.774,32.469,1,1,0.246,2.059,,2251,30
"CrossingSweep",2250,1,195,36.125,36.124,33.817,1,1,0.221,2.087,,2246,31
"CrossingSweep",2250,1,196,37.486,37.484,34.991,1,1,0.320,2.175,,2228,31
"CrossingSweep",2250,1,197,35.767,35.761,32.148,1,1,0.235,3.384,,2230,30
"CrossingSweep",2250,1,198,35.209,35.208,32.831,1,1,0.234,2.144,,2244,31
"CrossingSweep",2250,1,199,34.632,34.632,32.318,1,1,0.240,2.074,,2240,31
"CrossingSweep",2250,1,200,36.717,36.716,34.335,1,1,0.245,2.137,,2258,30
"CrossingSweep",2250,1,201,37.089,37.083,34.583,1,1,0.244,2.261,,2253,31
"CrossingSweep",2250,1,202,37.863,37.863,34.943,1,1,0.267,2.653,,2256,31
"CrossingSweep",2250,1,203,38.313,38.309,35.898,1,1,0.256,2.160,,2230,31
"CrossingSweep",2250,1,204,41.065,41.068,38.644,1,1,0.261,2.161,,2260,31
"CrossingSweep",2250,1,205,41.434,41.430,39.025,1,1,0.265,2.144,,2258,31
"CrossingSweep",2250,1,206,35.417,35.416,33.150,1,1,0.233,2.034,,2257,30
"CrossingSweep",2250,1,207,37.523,37.524,35.197,1,1,0.233,2.093,,2253,31
"CrossingSweep",2250,1,208,35.798,35.800,33.481,1,1,0.241,2.076,,2259,31
"CrossingSweep",2250,1,209,37.715,37.711,35.306,1,1,0.246,2.163,,2254,31
"CrossingSweep",2250,1,210,37.000,36.998,34.487,1,1,0.280,2.233,,2252,31
"CrossingSweep",2250,1,211,36.529,36.528,33.454,1,1,0.324,2.751,,2257,31
"CrossingSweep",2250,1,212,35.642,35.646,33.326,1,1,0.240,2.076,,2224,31
"CrossingSweep",2250,1,213,36.632,36.628,34.220,1,1,0.240,2.173,,2260,30
"CrossingSweep",2250,1,214,36.381,36.379,33.875,1,1,0.235,2.272,,2258,31
"CrossingSweep",2250,1,215,37.094,37.097,34.806,1,1,0.245,2.043,,2254,31
"CrossingSweep",2250,1,216,39.663,39.646,36.077,1,1,0.247,3.340,,2265,31
"CrossingSweep",2250,1,217,38.890,38.899,35.687,1,1,0.282,2.920,,2258,29
"CrossingSweep",2250,1,218,36.237,36.236,33.902,1,1,0.232,2.103,,2251,31
"CrossingSweep",2250,1,219,37.365,37.364,34.889,1,1,0.263,2.213,,2261,31
"CrossingSweep",2250,1,220,37.125,37.124,34.568,1,1,0.285,2.272,,2242,31
"CrossingSweep",2250,1,221,40.019,40.008,35.784,1,1,0.354,3.881,,2262,31
"CrossingSweep",2250,1,222,38.967,38.970,36.513,1,1,0.238,2.217,,2262,31
"CrossingSweep",2250,1,223,36.211,36.207,33.746,1,1,0.243,2.222,,2247,31
"CrossingSweep",2250,1,224,36.384,36.388,34.026,1,1,0.240,2.117,,2256,31
"CrossingSweep",2250,1,225,35.832,35.832,33.502,1,1,0.253,2.077,,2264,31
"CrossingSweep",2250,1,226,36.273,36.266,33.649,1,1,0.239,2.386,,2262,31
"CrossingSweep",2250,1,227,36.829,36.829,34.339,1,1,0.231,2.258,,2239,31
"CrossingSweep",2250,1,228,36.068,36.070,33.713,1,1,0.254,2.102,,2236,30
"CrossingSweep",2250,1,229,39.495,39.466,37.042,1,1,0.235,2.218,,2067,31
"CrossingSweep",2250,1,230,36.517,36.544,34.154,1,1,0.255,2.108,,2243,31
"CrossingSweep",2250,1,231,36.205,36.199,33.642,1,1,0.233,2.331,,2244,31
"CrossingSweep",2250,1,232,37.032,37.036,34.706,1,1,0.237,2.088,,2229,31
"CrossingSweep",2250,1,233,35.673,35.673,33.458,1,1,0.223,1.992,,2027,31
"CrossingSweep",2250,1,234,36.894,36.879,34.096,1,1,0.254,2.544,,2253,31
"CrossingSweep",2250,1,235,37.051,37.063,34.638,1,1,0.233,2.179,,2254,31
"CrossingSweep",2250,1,236,38.233,38.225,35.854,1,1,0.242,2.137,,2228,31
"CrossingSweep",2250,1,237,36.506,36.491,33.703,1,1,0.249,2.555,,2218,31
"CrossingSweep",2250,1,238,42.328,42.346,39.634,1,1,0.246,2.448,,2230,31
"CrossingSweep",2250,1,239,38.060,38.060,35.734,1,1,0.244,2.082,,2236,31
"CrossingSweep",2250,1,240,38.055,38.049,35.360,1,1,0.251,2.444,,2230,30
"CrossingSweep",2250,1,241,35.845,35.844,33.524,1,1,0.238,2.083,,2243,31
"CrossingSweep",2250,1,242,36.211,36.206,33.493,1,1,0.239,2.479,,2233,31
"CrossingSweep",2250,1,243,36.490,36.486,34.040,1,1,0.262,2.187,,2231,31
"CrossingSweep",2250,1,244,36.554,36.559,33.966,1,1,0.291,2.297,,2102,30
"CrossingSweep",2250,1,245,35.998,35.996,33.720,1,1,0.242,2.036,,2232,31
"CrossingSweep",2250,1,246,36.805,36.805,34.447,1,1,0.255,2.103,,2235,31
"CrossingSweep",2250,1,247,37.751,37.753,35.268,1,1,0.246,2.238,,2209,31
"CrossingSweep",2250,1,248,39.326,39.321,35.659,1,1,0.252,3.414,,2225,31
"CrossingSweep",2250,1,249,38.062,38.058,35.698,1,1,0.237,2.127,,2259,31
"CrossingSweep",2250,1,250,38.013,38.010,34.348,1,1,0.309,3.357,,2267,31
"CrossingSweep",2250,1,251,37.614,37.607,34.309,1,1,0.238,3.066,,2249,31
"CrossingSweep",2250,1,252,36.257,36.257,33.507,1,1,0.252,2.498,,2252,31
"CrossingSweep",2250,1,253,37.562,37.558,34.389,1,1,0.250,2.924,,2257,31
"CrossingSweep",2250,1,254,40.123,40.134,37.700,1,1,0.247,2.176,,2265,31
"CrossingSweep",2250,1,255,37.082,37.082,34.735,1,1,0.249,2.097,,2258,31
"CrossingSweep",2250,1,256,38.596,38.592,36.228,1,1,0.245,2.123,,2248,31
"CrossingSweep",2250,1,257,38.320,38.316,35.753,1,1,0.238,2.329,,2268,31
"CrossingSweep",2250,1,258,38.573,38.574,36.050,1,1,0.240,2.282,,2230,31
"CrossingSweep",2250,1,259,37.606,37.604,35.226,1,1,0.239,2.141,,2259,30
"CrossingSweep",2250,1,260,37.965,37.970,35.615,1,1,0.258,2.092,,2253,31
"CrossingSweep",2250,1,261,37.859,37.853,35.541,1,1,0.242,2.077,,2262,31
"CrossingSweep",2250,1,262,37.727,37.728,35.321,1,1,0.256,2.151,,2233,31
"CrossingSweep",2250,1,263,37.861,37.849,35.054,1,1,0.245,2.562,,2261,31
"CrossingSweep",2250,1,264,37.403,37.398,34.715,1,1,0.251,2.437,,2248,31
"CrossingSweep",2250,1,265,37.131,37.139,34.755,1,1,0.255,2.121,,2264,31
"CrossingSweep",2250,1,266,38.490,38.480,36.104,1,1,0.242,2.144,,2257,31
"CrossingSweep",2250,1,267,38.575,38.577,36.182,1,1,0.244,2.149,,2260,31
"CrossingSweep",2250,1,268,37.714,37.712,35.029,1,1,0.238,2.447,,2256,30
"CrossingSweep",2250,1,269,37.786,37.795,35.437,1,1,0.260,2.089,,2256,31
"CrossingSweep",2250,1,270,38.217,38.209,35.824,1,1,0.241,2.152,,2266,31
"CrossingSweep",2250,1,271,38.186,38.180,35.677,1,1,0.248,2.261,,2262,31
"CrossingSweep",2250,1,272,39.002,38.997,36.327,1,1,0.251,2.424,,2250,31
"CrossingSweep",2250,1,273,37.949,37.948,35.146,1,1,0.252,2.552,,2221,30
"CrossingSweep",2250,1,274,37.940,37.941,35.556,1,1,0.238,2.146,,2258,31
"CrossingSweep",2250,1,275,37.951,37.948,35.533,1,1,0.241,2.177,,2260,29
"CrossingSweep",2250,1,276,37.948,37.949,35.490,1,1,0.259,2.199,,2264,31
"CrossingSweep",2250,1,277,38.947,38.949,36.485,1,1,0.265,2.197,,2264,31
"CrossingSweep",2250,1,278,38.228,38.216,35.478,1,1,0.258,2.491,,2259,31
"CrossingSweep",2250,1,279,37.819,37.822,34.973,1,1,0.261,2.584,,2252,31
"CrossingSweep",2250,1,280,38.419,38.413,35.485,1,1,0.253,2.681,,2263,31
"CrossingSweep",2250,1,281,38.587,38.590,36.178,1,1,0.251,2.158,,2248,31
"CrossingSweep",2250,1,282,38.461,38.461,35.998,1,1,0.253,2.211,,2251,26
"CrossingSweep",2250,1,283,37.900,37.895,35.493,1,1,0.250,2.157,,2254,30
"CrossingSweep",2250,1,284,38.950,38.954,36.510,1,1,0.285,2.155,,2251,31
"CrossingSweep",2250,1,285,37.649,37.644,35.246,1,1,0.245,2.159,,2264,31
"CrossingSweep",2250,1,286,37.868,37.867,35.020,1,1,0.256,2.592,,2255,31
"CrossingSweep",2250,1,287,37.673,37.665,35.260,1,1,0.257,2.155,,2255,31
"CrossingSweep",2250,1,288,37.596,37.602,35.123,1,1,0.261,2.212,,2255,30
"CrossingSweep",2250,1,289,39.030,39.029,36.521,1,1,0.265,2.245,,2260,29
"CrossingSweep",2250,1,290,38.302,38.302,35.698,1,1,0.287,2.317,,2256,31
"CrossingSweep",2250,1,291,38.673,38.663,35.284,1,1,0.241,3.148,,2261,31
"CrossingSweep",2250,1,292,39.075,39.071,36.283,1,1,0.256,2.536,,2257,31
"CrossingSweep",2250,1,293,38.321,38.323,35.794,1,1,0.250,2.277,,2249,31
"CrossingSweep",2250,1,294,37.760,37.760,34.963,1,1,0.255,2.542,,2257,31
"CrossingSweep",2250,1,295,38.213,38.210,35.010,1,1,0.240,2.963,,2268,31
"CrossingSweep",2250,1,296,38.237,38.238,35.710,1,1,0.254,2.273,,2255,31
"CrossingSweep",2250,1,297,39.555,39.554,36.586,1,1,0.356,2.613,,2267,31
"CrossingSweep",2250,1,298,38.913,38.912,36.439,1,1,0.245,2.230,,2266,30
"CrossingSweep",2250,1,299,38.199,38.193,35.366,1,1,0.281,2.553,,2256,31
"CrossingSweep",2500,1,0,44.604,44.592,41.117,1,1,0.266,3.221,,2474,33
"CrossingSweep",2500,1,1,43.413,43.421,40.966,1,1,0.279,2.168,,2453,33
"CrossingSweep",2500,1,2,42.737,42.737,40.346,1,1,0.284,2.107,,2484,30
"CrossingSweep",2500,1,3,43.994,43.990,40.296,1,1,0.282,3.416,,2482,32
"CrossingSweep",2500,1,4,47.202,47.196,44.450,1,1,0.280,2.472,,2461,33
"CrossingSweep",2500,1,5,44.349,44.345,41.745,1,1,0.276,2.329,,2488,33
"CrossingSweep",2500,1,6,44.756,44.755,41.611,1,1,0.275,2.870,,2465,33
"CrossingSweep",2500,1,7,44.435,44.436,41.701,1,1,0.268,2.466,,2492,33
"CrossingSweep",2500,1,8,47.415,47.408,43.660,1,1,0.283,3.472,,2479,33
"CrossingSweep",2500,1,9,44.209,44.202,41.114,1,1,0.280,2.815,,2478,32
"CrossingSweep",2500,1,10,46.179,46.193,43.839,1,1,0.258,2.081,,2496,33
"CrossingSweep",2500,1,11,45.156,45.122,41.797,1,1,0.276,3.083,,2502,33
"CrossingSweep",2500,1,12,43.272,43.302,40.583,1,1,0.271,2.418,,2477,33
"CrossingSweep",2500,1,13,45.211,45.205,42.790,1,1,0.275,2.146,,2476,32
"CrossingSweep",2500,1,14,47.386,47.385,44.694,1,1,0.259,2.433,,2497,33
"CrossingSweep",2500,1,15,46.500,46.500,44.052,1,1,0.269,2.180,,2506,33
"CrossingSweep",2500,1,16,44.811,44.808,42.268,1,1,0.276,2.267,,2479,33
"CrossingSweep",2500,1,17,44.125,44.125,41.764,1,1,0.284,2.076,,2453,33
"CrossingSweep",2500,1,18,44.925,44.925,42.402,1,1,0.259,2.264,,2462,32
"CrossingSweep",2500,1,19,44.997,44.986,41.668,1,1,0.330,2.999,,2490,33
"CrossingSweep",2500,1,20,42.469,42.475,39.969,1,1,0.301,2.199,,2479,33
"CrossingSweep",2500,1,21,43.792,43.791,40.826,1,1,0.279,2.687,,2481,33
"CrossingSweep",2500,1,22,44.809,44.806,42.325,1,1,0.314,2.170,,2503,33
"CrossingSweep",2500,1,23,44.507,44.488,40.842,1,1,0.270,3.395,,2471,33
"CrossingSweep",2500,1,24,44.619,44.615,41.773,1,1,0.271,2.575,,2461,32
"CrossingSweep",2500,1,25,44.867,44.878,42.134,1,1,0.283,2.449,,2477,32
"CrossingSweep",2500,1,26,47.119,47.116,43.897,1,1,0.339,2.882,,2476,33
"CrossingSweep",2500,1,27,45.673,45.681,41.788,1,1,0.291,3.595,,2376,33
"CrossingSweep",2500,1,28,45.652,45.637,42.224,1,1,0.263,3.165,,2473,33
"CrossingSweep",2500,1,29,46.020,46.019,42.400,1,1,0.268,3.352,,2441,32
"CrossingSweep",2500,1,30,45.139,45.146,42.077,1,1,0.284,2.778,,2481,32
"CrossingSweep",2500,1,31,45.713,45.709,42.585,1,1,0.260,2.868,,2461,33
"CrossingSweep",2500,1,32,44.141,44.130,40.803,1,1,0.272,3.067,,2458,33
"CrossingSweep",2500,1,33,46.050,46.050,43.336,1,1,0.260,2.455,,2489,32
"CrossingSweep",2500,1,34,43.203,43.185,40.663,1,1,0.270,2.270,,2477,33
"CrossingSweep",2500,1,35,46.871,46.898,44.421,1,1,0.271,2.179,,2460,33
"CrossingSweep",2500,1,36,43.883,43.874,41.229,1,1,0.272,2.381,,2438,32
"CrossingSweep",2500,1,37,46.917,46.921,43.277,1,1,0.279,3.362,,2446,33
"CrossingSweep",2500,1,38,44.525,44.525,42.143,1,1,0.261,2.121,,2495,33
"CrossingSweep",2500,1,39,42.682,42.679,40.287,1,1,0.270,2.125,,2507,31
"CrossingSweep",2500,1,40,42.999,42.998,40.650,1,1,0.257,2.093,,2499,32
"CrossingSweep",2500,1,41,42.549,42.547,40.207,1,1,0.255,2.088,,2465,33
"CrossingSweep",2500,1,42,42.989,42.987,40.377,1,1,0.273,2.339,,2468,33
"CrossingSweep",2500,1,43,43.460,43.466,40.994,1,1,0.293,2.174,,2491,33
"CrossingSweep",2500,1,44,42.102,42.098,39.658,1,1,0.278,2.167,,2476,33
"CrossingSweep",2500,1,45,42.623,42.623,40.323,1,1,0.259,2.041,,2491,33
"CrossingSweep",2500,1,46,43.853,43.839,41.208,1,1,0.255,2.390,,2502,33
"CrossingSweep",2500,1,47,42.715,42.718,40.404,1,1,0.267,2.044,,2498,33
"CrossingSweep",2500,1,48,43.736,43.739,41.354,1,1,0.268,2.114,,2484,33
"CrossingSweep",2500,1,49,45.070,45.057,42.189,1,1,0.272,2.608,,2475,31
"CrossingSweep",2500,1,50,46.113,46.119,43.563,1,1,0.277,2.273,,2453,33
"CrossingSweep",2500,1,51,46.548,46.548,42.768,1,1,0.262,3.518,,2500,33
"CrossingSweep",2500,1,52,43.468,43.467,40.368,1,1,0.264,2.835,,2494,33
"CrossingSweep",2500,1,53,45.317,45.310,42.146,1,1,0.263,2.909,,2465,33
"CrossingSweep",2500,1,54,43.449,43.451,40.913,1,1,0.277,2.258,,2473,33
"CrossingSweep",2500,1,55,45.833,45.827,42.045,1,1,0.259,3.530,,2474,33
"CrossingSweep",2500,1,56,46.052,46.059,43.751,1,1,0.263,2.038,,2484,33
"CrossingSweep",2500,1,57,45.311,45.301,42.329,1,1,0.281,2.702,,2490,32
"CrossingSweep",2500,1,58,45.349,45.356,42.937,1,1,0.266,2.146,,2468,33
"CrossingSweep",2500,1,59,46.482,46.474,43.842,1,1,0.286,2.354,,2499,33
"CrossingSweep",2500,1,60,46.204,46.187,42.501,1,1,0.259,3.444,,2475,33
"CrossingSweep",2500,1,61,46.103,46.119,43.494,1,1,0.314,2.294,,2481,32
"CrossingSweep",2500,1,62,47.328,47.326,44.856,1,1,0.270,2.202,,2481,33
"CrossingSweep",2500,1,63,46.446,46.437,43.252,1,1,0.288,2.906,,2485,33
"CrossingSweep",2500,1,64,51.183,51.190,47.921,1,1,0.321,2.942,,2463,33
"CrossingSweep",2500,1,65,46.669,46.656,43.450,1,1,0.285,2.934,,2506,33
"CrossingSweep",2500,1,66,44.465,44.467,41.538,1,1,0.269,2.658,,2497,32
"CrossingSweep",2500,1,67,42.149,42.158,39.747,1,1,0.265,2.138,,2478,33
"CrossingSweep",2500,1,68,42.349,42.345,39.936,1,1,0.259,2.155,,2454,31
"CrossingSweep",2500,1,69,43.980,43.972,41.168,1,1,0.275,2.538,,2475,31
"CrossingSweep",2500,1,70,45.265,45.272,42.755,1,1,0.266,2.244,,2473,33
"CrossingSweep",2500,1,71,45.044,45.035,42.515,1,1,0.272,2.258,,2495,33
"CrossingSweep",2500,1,72,44.773,44.779,42.241,1,1,0.299,2.233,,2478,30
"CrossingSweep",2500,1,73,45.145,45.123,41.921,1,1,0.260,2.964,,2475,33
"CrossingSweep",2500,1,74,46.812,46.807,43.112,1,1,0.286,3.415,,2510,33
"CrossingSweep",2500,1,75,42.754,42.769,40.313,1,1,0.265,2.176,,2492,33
"CrossingSweep",2500,1,76,42.888,42.890,40.501,1,1,0.269,2.118,,2475,33
"CrossingSweep",2500,1,77,44.163,44.160,40.988,1,1,0.281,2.895,,2471,32
"CrossingSweep",2500,1,78,47.130,47.112,43.587,1,1,0.278,3.264,,2498,33
"CrossingSweep",2500,1,79,44.424,44.444,42.046,1,1,0.266,2.113,,2505,32
"CrossingSweep",2500,1,80,42.995,42.987,40.132,1,1,0.305,2.558,,2515,33
"CrossingSweep",2500,1,81,44.370,44.371,41.450,1,1,0.262,2.658,,2479,33
"CrossingSweep",2500,1,82,43.349,43.347,40.848,1,1,0.262,2.238,,2495,33
"CrossingSweep",2500,1,83,44.125,44.129,41.566,1,1,0.265,2.295,,2499,33
"CrossingSweep",2500,1,84,45.323,45.319,42.904,1,1,0.284,2.135,,2481,33
"CrossingSweep",2500,1,85,44.639,44.642,42.028,1,1,0.259,2.351,,2492,33
"CrossingSweep",2500,1,86,44.287,44.282,41.816,1,1,0.272,2.198,,2478,33
"CrossingSweep",2500,1,87,44.599,44.599,42.026,1,1,0.276,2.298,,2494,33
"CrossingSweep",2500,1,88,42.610,42.610,40.207,1,1,0.292,2.111,,2482,32
"CrossingSweep",2500,1,89,45.469,45.461,43.042,1,1,0.276,2.150,,2488,31
"CrossingSweep",2500,1,90,46.057,46.030,43.145,1,1,0.264,2.648,,2495,30
"CrossingSweep",2500,1,91,43.230,43.259,40.818,1,1,0.266,2.147,,2498,32
"CrossingSweep",2500,1,92,46.482,46.470,43.848,1,1,0.263,2.370,,2471,33
"CrossingSweep",2500,1,93,43.823,43.823,41.183,1,1,0.283,2.357,,2483,33
"CrossingSweep",2500,1,94,45.793,45.799,42.635,1,1,0.313,2.845,,2511,33
"CrossingSweep",2500,1,95,45.906,45.894,41.590,1,1,0.264,4.052,,2481,33
"CrossingSweep",2500,1,96,45.528,45.535,42.845,1,1,0.260,2.423,,2500,33
"CrossingSweep",2500,1,97,44.309,44.311,41.857,1,1,0.269,2.183,,2493,33
"CrossingSweep",2500,1,98,45.304,45.293,41.696,1,1,0.265,3.343,,2498,33
"CrossingSweep",2500,1,99,45.119,45.120,42.068,1,1,0.271,2.780,,2449,33
"CrossingSweep",2500,1,100,43.395,43.400,40.959,1,1,0.271,2.166,,2490,33
"CrossingSweep",2500,1,101,49.857,49.853,47.254,1,1,0.283,2.320,,2473,33
"CrossingSweep",2500,1,102,45.467,45.459,42.269,1,1,0.397,2.801,,2492,33
"CrossingSweep",2500,1,103,43.848,43.856,41.362,1,1,0.260,2.226,,2480,32
"CrossingSweep",2500,1,104,45.371,45.368,42.624,1,1,0.323,2.424,,2502,33
"CrossingSweep",2500,1,105,43.991,43.994,41.515,1,1,0.268,2.208,,2482,31
"CrossingSweep",2500,1,106,43.700,43.671,41.222,1,1,0.257,2.221,,2463,33
"CrossingSweep",2500,1,107,48.762,48.783,44.718,1,1,0.309,3.735,,2496,32
"CrossingSweep",2500,1,108,42.943,42.940,40.369,1,1,0.266,2.308,,2472,33
"CrossingSweep",2500,1,109,47.548,47.547,45.092,1,1,0.261,2.195,,2490,33
"CrossingSweep",2500,1,110,43.453,43.449,40.176,1,1,0.344,2.933,,2503,33
"CrossingSweep",2500,1,111,43.088,43.090,40.724,1,1,0.270,2.095,,2484,32
"CrossingSweep",2500,1,112,43.066,43.063,40.412,1,1,0.278,2.375,,2497,33
"CrossingSweep",2500,1,113,44.619,44.619,42.212,1,1,0.281,2.126,,2494,33
"CrossingSweep",2500,1,114,44.716,44.715,41.836,1,1,0.283,2.598,,2504,33
"CrossingSweep",2500,1,115,44.807,44.806,42.296,1,1,0.270,2.241,,2480,33
"CrossingSweep",2500,1,116,44.051,44.045,41.558,1,1,0.264,2.229,,2492,33
"CrossingSweep",2500,1,117,44.959,44.963,42.411,1,1,0.292,2.257,,2472,33
"CrossingSweep",2500,1,118,48.231,48.227,45.345,1,1,0.277,2.609,,2490,33
"CrossingSweep",2500,1,119,45.520,45.506,42.528,1,1,0.277,2.716,,2475,33
"CrossingSweep",2500,1,120,47.695,47.689,44.089,1,1,0.265,3.341,,2311,33
"CrossingSweep",2500,1,121,44.177,44.195,41.731,1,1,0.269,2.176,,2461,33
"CrossingSweep",2500,1,122,45.044,45.023,41.911,1,1,0.269,2.864,,2480,33
"CrossingSweep",2500,1,123,45.806,45.823,43.245,1,1,0.269,2.293,,2485,33
"CrossingSweep",2500,1,124,46.240,46.229,42.629,1,1,0.270,3.342,,2478,33
"CrossingSweep",2500,1,125,45.026,45.034,41.950,1,1,0.286,2.790,,2476,33
"CrossingSweep",2500,1,126,43.030,43.000,40.471,1,1,0.301,2.257,,2493,33
"CrossingSweep",2500,1,127,47.073,47.095,44.091,1,1,0.268,2.713,,2501,33
"CrossingSweep",2500,1,128,44.750,44.704,41.835,1,1,0.276,2.640,,2462,33
"CrossingSweep",2500,1,129,44.511,44.558,41.865,1,1,0.316,2.330,,2501,33
"CrossingSweep",2500,1,130,45.549,45.542,42.568,1,1,0.274,2.706,,2490,32
"CrossingSweep",2500,1,131,44.010,44.017,41.526,1,1,0.266,2.218,,2494,33
"CrossingSweep",2500,1,132,45.211,45.199,42.622,1,1,0.265,2.324,,2510,33
"CrossingSweep",2500,1,133,44.032,44.037,41.400,1,1,0.271,2.361,,2503,33
"CrossingSweep",2500,1,134,44.995,44.992,42.586,1,1,0.275,2.134,,2512,33
"CrossingSweep",2500,1,135,44.180,44.175,41.720,1,1,0.272,2.188,,2504,33
"CrossingSweep",2500,1,136,47.329,47.322,43.893,1,1,0.290,3.146,,2493,32
"CrossingSweep",2500,1,137,45.173,45.179,42.235,1,1,0.285,2.652,,2501,33
"CrossingSweep",2500,1,138,45.847,45.845,43.065,1,1,0.273,2.509,,2498,33
"CrossingSweep",2500,1,139,44.852,44.854,42.160,1,1,0.282,2.410,,2486,33
"CrossingSweep",2500,1,140,44.972,44.967,42.074,1,1,0.267,2.631,,2489,33
"CrossingSweep",2500,1,141,46.119,46.113,43.005,1,1,0.310,2.804,,2404,32
"CrossingSweep",2500,1,142,46.383,46.370,43.124,1,1,0.277,2.981,,2503,31
"CrossingSweep",2500,1,143,44.288,44.299,41.363,1,1,0.290,2.635,,2495,33
"CrossingSweep",2500,1,144,45.282,45.282,42.671,1,1,0.265,2.345,,2504,33
"CrossingSweep",2500,1,145,45.183,45.179,42.386,1,1,0.274,2.524,,2509,33
"CrossingSweep",2500,1,146,43.417,43.389,40.702,1,1,0.269,2.447,,2491,31
"CrossingSweep",2500,1,147,45.592,45.608,42.561,1,1,0.274,2.757,,2500,33
"CrossingSweep",2500,1,148,43.962,43.971,41.060,1,1,0.284,2.619,,2508,33
"CrossingSweep",2500,1,149,45.932,45.928,42.091,1,1,0.296,3.546,,2497,32
"CrossingSweep",2500,1,150,45.301,45.260,42.716,1,1,0.283,2.302,,2499,33
"CrossingSweep",2500,1,151,46.151,46.188,42.467,1,1,0.276,3.408,,2501,33
"CrossingSweep",2500,1,152,43.891,43.895,41.478,1,1,0.265,2.148,,2504,33
"CrossingSweep",2500,1,153,44.547,44.541,41.710,1,1,0.273,2.563,,2512,33
"CrossingSweep",2500,1,154,43.979,43.983,41.337,1,1,0.268,2.375,,2501,32
"CrossingSweep",2500,1,155,45.100,45.085,41.508,1,1,0.275,3.317,,2488,33
"CrossingSweep",2500,1,156,43.469,43.478,40.870,1,1,0.303,2.296,,2498,33
"CrossingSweep",2500,1,157,44.799,44.795,41.899,1,1,0.278,2.622,,2501,33
"CrossingSweep",2500,1,158,43.481,43.482,40.978,1,1,0.276,2.227,,2509,33
"CrossingSweep",2500,1,159,45.305,45.287,42.160,1,1,0.271,2.874,,2488,33
"CrossingSweep",2500,1,160,45.960,45.970,42.467,1,1,0.277,3.215,,2492,33
"CrossingSweep",2500,1,161,44.931,44.935,41.979,1,1,0.276,2.675,,2483,32
"CrossingSweep",2500,1,162,44.849,44.845,42.344,1,1,0.277,2.227,,2498,33
"CrossingSweep",2500,1,163,45.178,45.178,42.145,1,1,0.278,2.756,,2495,33
"CrossingSweep",2500,1,164,45.503,45.505,43.045,1,1,0.265,2.193,,2497,33
"CrossingSweep",2500,1,165,46.534,46.531,43.655,1,1,0.278,2.601,,2501,33
"CrossingSweep",2500,1,166,45.937,45.916,42.169,1,1,0.276,3.491,,2505,33
"CrossingSweep",2500,1,167,44.897,44.904,41.966,1,1,0.282,2.649,,2495,31
"CrossingSweep",2500,1,168,50.388,50.398,47.766,1,1,0.314,2.307,,2489,33
"CrossingSweep",2500,1,169,45.161,45.153,41.699,1,1,0.282,3.180,,2495,32
"CrossingSweep",2500,1,170,44.401,44.401,41.722,1,1,0.266,2.413,,2494,33
"CrossingSweep",2500,1,171,44.154,44.143,41.315,1,1,0.279,2.560,,2491,33
"CrossingSweep",2500,1,172,45.149,45.156,42.647,1,1,0.270,2.231,,2501,33
"CrossingSweep",2500,1,173,45.488,45.494,42.913,1,1,0.265,2.310,,2492,33
"CrossingSweep",2500,1,174,43.404,43.398,40.964,1,1,0.263,2.177,,2494,33
"CrossingSweep",2500,1,175,44.053,44.054,41.416,1,1,0.263,2.374,,2499,33
"CrossingSweep",2500,1,176,49.437,49.438,47.073,1,1,0.264,2.099,,2471,33
"CrossingSweep",2500,1,177,44.457,44.452,42.070,1,1,0.269,2.118,,2470,33
"CrossingSweep",2500,1,178,45.289,45.285,42.544,1,1,0.271,2.475,,2489,33
"CrossingSweep",2500,1,179,43.606,43.605,41.062,1,1,0.286,2.259,,2510,32
"CrossingSweep",2500,1,180,43.622,43.624,41.246,1,1,0.270,2.106,,2512,33
"CrossingSweep",2500,1,181,43.764,43.754,40.621,1,1,0.259,2.885,,2459,33
"CrossingSweep",2500,1,182,44.951,44.958,42.589,1,1,0.265,2.097,,2469,33
"CrossingSweep",2500,1,183,47.432,47.429,43.512,1,1,0.285,3.635,,2484,33
"CrossingSweep",2500,1,184,48.902,48.895,45.511,1,1,0.270,3.122,,2491,33
"CrossingSweep",2500,1,185,44.472,44.478,42.039,1,1,0.276,2.157,,2475,33
"CrossingSweep",2500,1,186,45.273,45.217,42.406,1,1,0.277,2.590,,2491,33
"CrossingSweep",2500,1,187,44.664,44.716,42.263,1,1,0.281,2.120,,2496,33
"CrossingSweep",2500,1,188,47.438,47.438,43.942,1,1,0.275,3.220,,2472,33
"CrossingSweep",2500,1,189,44.956,44.931,41.426,1,1,0.267,3.263,,2503,32
"CrossingSweep",2500,1,190,45.487,45.512,43.117,1,1,0.267,2.103,,2483,33
"CrossingSweep",2500,1,191,44.523,44.502,41.403,1,1,0.284,2.837,,2500,33
"CrossingSweep",2500,1,192,44.747,44.764,42.341,1,1,0.287,2.119,,2503,33
"CrossingSweep",2500,1,193,44.631,44.624,41.255,1,1,0.274,3.103,,2452,33
"CrossingSweep",2500,1,194,44.433,44.432,40.913,1,1,0.274,3.246,,2496,33
"CrossingSweep",2500,1,195,48.820,48.811,45.846,1,1,0.277,2.697,,2485,33
"CrossingSweep",2500,1,196,45.524,45.497,42.851,1,1,0.269,2.404,,2481,31
"CrossingSweep",2500,1,197,48.769,48.799,45.830,1,1,0.266,2.673,,2491,32
"CrossingSweep",2500,1,198,43.052,43.056,40.621,1,1,0.277,2.154,,2341,33
"CrossingSweep",2500,1,199,47.919,47.919,45.375,1,1,0.298,2.246,,2487,33
"CrossingSweep",2500,1,200,44.064,44.054,41.675,1,1,0.273,2.115,,2499,33
"CrossingSweep",2500,1,201,42.875,42.879,40.354,1,1,0.324,2.198,,2505,32
"CrossingSweep",2500,1,202,44.566,44.554,41.581,1,1,0.262,2.723,,2482,33
"CrossingSweep",2500,1,203,45.220,45.230,42.578,1,1,0.310,2.333,,2492,33
"CrossingSweep",2500,1,204,47.878,47.863,45.362,1,1,0.297,2.219,,2477,33
"CrossingSweep",2500,1,205,47.569,47.551,43.731,1,1,0.281,3.557,,2483,33
"CrossingSweep",2500,1,206,46.300,46.325,42.616,1,1,0.289,3.395,,2500,33
"CrossingSweep",2500,1,207,46.638,46.640,43.530,1,1,0.276,2.833,,2469,31
"CrossingSweep",2500,1,208,45.512,45.506,42.953,1,1,0.279,2.280,,2507,32
"CrossingSweep",2500,1,209,46.018,46.015,43.489,1,1,0.278,2.251,,2502,32
"CrossingSweep",2500,1,210,43.890,43.880,40.644,1,1,0.275,2.971,,2467,33
"CrossingSweep",2500,1,211,43.961,43.966,41.017,1,1,0.285,2.659,,2506,32
"CrossingSweep",2500,1,212,43.078,43.082,40.665,1,1,0.270,2.143,,2470,33
"CrossingSweep",2500,1,213,45.262,45.255,41.742,1,1,0.268,3.252,,2498,33
"CrossingSweep",2500,1,214,43.904,43.903,41.358,1,1,0.302,2.243,,2503,33
"CrossingSweep",2500,1,215,43.586,43.591,41.140,1,1,0.268,2.179,,2505,33
"CrossingSweep",2500,1,216,45.554,45.548,41.614,1,1,0.265,3.675,,2311,33
"CrossingSweep",2500,1,217,44.171,44.128,40.647,1,1,0.277,3.247,,2405,33
"CrossingSweep",2500,1,218,44.188,44.227,40.996,1,1,0.321,2.872,,2490,33
"CrossingSweep",2500,1,219,45.150,45.150,41.261,1,1,0.259,3.631,,2503,33
"CrossingSweep",2500,1,220,43.172,43.174,40.820,1,1,0.267,2.085,,2471,33
"CrossingSweep",2500,1,221,45.098,45.093,42.690,1,1,0.265,2.143,,2489,33
"CrossingSweep",2500,1,222,43.324,43.323,40.967,1,1,0.259,2.097,,2500,33
"CrossingSweep",2500,1,223,44.619,44.609,41.846,1,1,0.270,2.502,,2490,33
"CrossingSweep",2500,1,224,43.343,43.346,39.937,1,1,0.275,3.131,,2487,33
"CrossingSweep",2500,1,225,43.377,43.377,40.559,1,1,0.259,2.560,,2464,33
"CrossingSweep",2500,1,226,45.185,45.190,42.786,1,1,0.273,2.126,,2502,33
"CrossingSweep",2500,1,227,43.575,43.563,40.813,1,1,0.258,2.504,,2495,33
"CrossingSweep",2500,1,228,42.858,42.862,40.310,1,1,0.266,2.281,,2517,31
"CrossingSweep",2500,1,229,45.843,45.842,42.067,1,1,0.268,3.507,,2493,33
"CrossingSweep",2500,1,230,50.069,50.051,46.616,1,1,0.262,3.191,,2489,33
"CrossingSweep",2500,1,231,42.947,42.960,40.553,1,1,0.261,2.133,,2494,33
"CrossingSweep",2500,1,232,46.676,46.676,44.211,1,1,0.262,2.203,,2506,33
"CrossingSweep",2500,1,233,44.484,44.475,41.179,1,1,0.254,3.050,,2505,33
"CrossingSweep",2500,1,234,42.040,42.048,39.655,1,1,0.269,2.116,,2479,33
"CrossingSweep",2500,1,235,42.711,42.708,40.037,1,1,0.266,2.408,,2490,32
"CrossingSweep",2500,1,236,42.882,42.884,40.529,1,1,0.265,2.089,,2491,31
"CrossingSweep",2500,1,237,44.825,44.817,42.403,1,1,0.258,2.164,,2488,32
"CrossingSweep",2500,1,238,44.175,44.183,41.784,1,1,0.271,2.121,,2460,33
"CrossingSweep",2500,1,239,49.658,49.647,46.763,1,1,0.290,2.605,,2493,31
"CrossingSweep",2500,1,240,45.361,45.365,42.931,1,1,0.291,2.139,,2479,33
"CrossingSweep",2500,1,241,45.017,45.019,42.571,1,1,0.271,2.174,,2504,33
"CrossingSweep",2500,1,242,44.781,44.771,40.960,1,1,0.280,3.541,,2484,33
"CrossingSweep",2500,1,243,49.692,49.692,46.124,1,1,0.369,3.200,,2485,33
"CrossingSweep",2500,1,244,46.855,46.858,43.990,1,1,0.262,2.603,,2483,33
"CrossingSweep",2500,1,245,45.131,45.134,42.400,1,1,0.330,2.401,,2476,33
"CrossingSweep",2500,1,246,43.407,43.401,40.857,1,1,0.291,2.260,,2488,33
"CrossingSweep",2500,1,247,48.316,48.304,44.913,1,1,0.478,2.925,,2483,33
"CrossingSweep",2500,1,248,44.032,43.996,40.831,1,1,0.277,2.923,,2500,33
"CrossingSweep",2500,1,249,44.163,44.206,41.747,1,1,0.268,2.147,,1782,33
"CrossingSweep",2500,1,250,46.890,46.864,43.529,1,1,0.277,3.084,,2500,33
"CrossingSweep",2500,1,251,45.710,45.734,42.151,1,1,0.296,3.263,,2484,33
"CrossingSweep",2500,1,252,47.447,47.420,43.660,1,1,0.260,3.528,,2488,33
"CrossingSweep",2500,1,253,46.164,46.178,42.735,1,1,0.282,3.148,,2500,32
"CrossingSweep",2500,1,254,44.589,44.581,41.771,1,1,0.264,2.554,,2453,33
"CrossingSweep",2500,1,255,43.792,43.803,41.375,1,1,0.290,2.128,,2494,33
"CrossingSweep",2500,1,256,47.658,47.660,44.189,1,1,0.266,3.203,,2434,33
"CrossingSweep",2500,1,257,43.865,43.860,41.282,1,1,0.259,2.323,,2492,33
"CrossingSweep",2500,1,258,45.550,45.546,42.136,1,1,0.268,3.146,,2489,33
"CrossingSweep",2500,1,259,43.457,43.451,40.193,1,1,0.267,2.997,,2486,33
"CrossingSweep",2500,1,260,44.562,44.564,41.529,1,1,0.259,2.774,,2500,33
"CrossingSweep",2500,1,261,43.250,43.253,40.463,1,1,0.267,2.520,,2478,33
"CrossingSweep",2500,1,262,45.367,45.362,42.766,1,1,0.260,2.341,,2495,33
"CrossingSweep",2500,1,263,42.823,42.824,40.444,1,1,0.257,2.122,,2499,33
"CrossingSweep",2500,1,264,44.214,44.204,41.373,1,1,0.280,2.561,,2494,32
"CrossingSweep",2500,1,265,44.401,44.405,41.456,1,1,0.287,2.658,,2500,33
"CrossingSweep",2500,1,266,44.598,44.595,41.041,1,1,0.262,3.294,,2479,33
"CrossingSweep",2500,1,267,42.505,42.506,39.967,1,1,0.283,2.256,,2473,33
"CrossingSweep",2500,1,268,44.169,44.163,40.736,1,1,0.265,3.168,,2474,33
"CrossingSweep",2500,1,269,43.274,43.275,40.091,1,1,0.259,2.923,,2484,33
"CrossingSweep",2500,1,270,43.256,43.259,40.353,1,1,0.261,2.643,,2474,33
"CrossingSweep",2500,1,271,41.357,41.354,38.942,1,1,0.266,2.150,,2493,31
"CrossingSweep",2500,1,272,44.202,44.202,41.856,1,1,0.265,2.081,,2494,33
"CrossingSweep",2500,1,273,45.095,45.094,42.616,1,1,0.260,2.218,,2483,33
"CrossingSweep",2500,1,274,43.970,43.968,41.362,1,1,0.276,2.332,,2487,32
"CrossingSweep",2500,1,275,42.549,42.547,40.029,1,1,0.277,2.244,,2489,33
"CrossingSweep",2500,1,276,43.536,43.529,40.268,1,1,0.263,3.006,,2485,33
"CrossingSweep",2500,1,277,44.304,44.299,40.888,1,1,0.270,3.146,,2435,31
"CrossingSweep",2500,1,278,46.434,46.443,43.999,1,1,0.260,2.176,,2492,33
"CrossingSweep",2500,1,279,44.654,44.649,41.357,1,1,0.266,3.031,,2482,33
"CrossingSweep",2500,1,280,43.872,43.863,40.612,1,1,0.278,2.982,,2481,33
"CrossingSweep",2500,1,281,46.868,46.879,44.520,1,1,0.268,2.080,,2492,33
"CrossingSweep",2500,1,282,43.199,43.190,40.381,1,1,0.273,2.545,,2478,33
"CrossingSweep",2500,1,283,44.611,44.598,41.829,1,1,0.283,2.499,,2496,33
"CrossingSweep",2500,1,284,42.189,42.194,39.647,1,1,0.259,2.284,,2456,33
"CrossingSweep",2500,1,285,45.297,45.306,42.181,1,1,0.270,2.846,,2484,33
"CrossingSweep",2500,1,286,45.569,45.555,42.445,1,1,0.269,2.855,,2493,33
"CrossingSweep",2500,1,287,46.590,46.588,43.199,1,1,0.272,3.118,,2497,33
"CrossingSweep",2500,1,288,46.314,46.325,43.843,1,1,0.291,2.180,,2491,31
"CrossingSweep",2500,1,289,46.989,46.980,44.505,1,1,0.282,2.202,,2494,33
"CrossingSweep",2500,1,290,45.920,45.911,42.036,1,1,0.274,3.610,,2494,33
"CrossingSweep",2500,1,291,43.949,43.957,41.274,1,1,0.287,2.388,,2491,33
"CrossingSweep",2500,1,292,45.800,45.773,42.436,1,1,0.330,3.034,,2497,33
"CrossingSweep",2500,1,293,45.509,45.521,42.708,1,1,0.265,2.536,,2450,33
"CrossingSweep",2500,1,294,48.013,48.022,44.517,1,1,0.277,3.220,,2500,33
"CrossingSweep",2500,1,295,45.526,45.506,41.847,1,1,0.271,3.409,,2474,33
"CrossingSweep",2500,1,296,49.756,49.776,47.339,1,1,0.270,2.147,,2470,33
"CrossingSweep",2500,1,297,46.985,46.986,44.495,1,1,0.267,2.223,,2504,32
"CrossingSweep",2500,1,298,45.087,45.081,42.383,1,1,0.282,2.422,,2498,33
"CrossingSweep",2500,1,299,45.781,45.775,43.123,1,1,0.261,2.397,,2467,32
"CrossingSweep",1000,2,0,1.443,1.458,0.000,0,0,0.067,1.376,,1007,18
"CrossingSweep",1000,2,1,2.922,2.899,0.000,0,0,0.066,2.856,,1005,18
"CrossingSweep",1000,2,2,1.479,1.501,0.000,0,0,0.080,1.399,,1004,18
"CrossingSweep",1000,2,3,8.135,8.125,6.509,1,0,0.095,1.531,,1013,18
"CrossingSweep",1000,2,4,1.807,1.805,0.000,0,0,0.066,1.741,,980,18
"CrossingSweep",1000,2,5,2.496,2.483,0.000,0,0,0.098,2.398,,1008,18
"CrossingSweep",1000,2,6,1.907,1.910,0.000,0,0,0.085,1.822,,1010,18
"CrossingSweep",1000,2,7,1.325,1.336,0.000,0,0,0.073,1.252,,1011,18
"CrossingSweep",1000,2,8,8.154,8.151,6.552,1,0,0.092,1.510,,1011,18
"CrossingSweep",1000,2,9,3.033,3.017,0.000,0,0,0.068,2.965,,1005,18
"CrossingSweep",1000,2,10,1.064,1.077,0.000,0,0,0.080,0.985,,1011,18
"CrossingSweep",1000,2,11,2.107,2.107,0.000,0,0,0.070,2.038,,1012,18
"CrossingSweep",1000,2,12,3.208,3.192,0.000,0,0,0.067,3.141,,1007,18
"CrossingSweep",1000,2,13,8.271,8.273,6.573,1,0,0.111,1.587,,1012,18
"CrossingSweep",1000,2,14,1.795,1.798,0.000,0,0,0.067,1.728,,1006,18
"CrossingSweep",1000,2,15,1.344,1.349,0.000,0,0,0.070,1.274,,1010,18
"CrossingSweep",1000,2,16,3.011,2.997,0.000,0,0,0.069,2.943,,1013,18
"CrossingSweep",1000,2,17,1.826,1.837,0.000,0,0,0.084,1.742,,1014,18
"CrossingSweep",1000,2,18,8.290,8.272,6.251,1,0,0.098,1.941,,1009,18
"CrossingSweep",1000,2,19,3.237,3.240,0.000,0,0,0.071,3.166,,1007,18
"CrossingSweep",1000,2,20,1.379,1.400,0.000,0,0,0.087,1.291,,1009,18
"CrossingSweep",1000,2,21,1.990,1.984,0.000,0,0,0.066,1.925,,1013,18
"CrossingSweep",1000,2,22,1.131,1.132,0.000,0,0,0.067,1.064,,1015,18
"CrossingSweep",1000,2,23,8.477,8.455,6.792,1,0,0.088,1.597,,1017,18
"CrossingSweep",1000,2,24,2.637,2.646,0.000,0,0,0.074,2.562,,1011,18
"CrossingSweep",1000,2,25,1.621,1.609,0.000,0,0,0.072,1.549,,1014,18
"CrossingSweep",1000,2,26,3.595,3.596,0.000,0,0,0.155,3.440,,917,18
"CrossingSweep",1000,2,27,0.890,0.902,0.000,0,0,0.084,0.806,,1012,18
"CrossingSweep",1000,2,28,8.127,8.123,6.496,1,0,0.092,1.539,,805,17
"CrossingSweep",1000,2,29,1.683,1.685,0.000,0,0,0.068,1.615,,1211,18
"CrossingSweep",1000,2,30,3.194,3.173,0.000,0,0,0.066,3.128,,1009,18
"CrossingSweep",1000,2,31,1.981,2.004,0.000,0,0,0.079,1.902,,1014,18
"CrossingSweep",1000,2,32,1.920,1.897,0.000,0,0,0.069,1.851,,1007,18
"CrossingSweep",1000,2,33,9.093,9.100,7.244,1,0,0.091,1.759,,1008,18
"CrossingSweep",1000,2,34,3.351,3.357,0.000,0,0,0.075,3.277,,1014,18
"CrossingSweep",1000,2,35,4.542,4.516,0.000,0,0,0.069,4.473,,1015,18
"CrossingSweep",1000,2,36,8.023,8.049,6.484,1,0,0.096,1.443,,1008,18
"CrossingSweep",1000,2,37,2.330,2.316,0.000,0,0,0.068,2.262,,1007,18
"CrossingSweep",1000,2,38,3.545,3.524,0.000,0,0,0.066,3.478,,1015,18
"CrossingSweep",1000,2,39,1.524,1.555,0.000,0,0,0.076,1.448,,1010,18
"CrossingSweep",1000,2,40,5.429,5.406,0.000,0,0,0.071,5.357,,1011,18
"CrossingSweep",1000,2,41,8.102,8.123,6.442,1,0,0.096,1.564,,1014,18
"CrossingSweep",1000,2,42,2.411,2.406,0.000,0,0,0.067,2.344,,1007,18
"CrossingSweep",1000,2,43,3.358,3.334,0.000,0,0,0.069,3.289,,1012,18
"CrossingSweep",1000,2,44,8.768,8.783,7.037,1,0,0.100,1.631,,1017,18
"CrossingSweep",1000,2,45,2.528,2.537,0.000,0,0,0.067,2.461,,1015,18
"CrossingSweep",1000,2,46,4.038,4.028,0.000,0,0,0.068,3.970,,1010,18
"CrossingSweep",1000,2,47,9.570,9.556,6.666,1,0,0.101,2.802,,1012,18
"CrossingSweep",1000,2,48,2.833,2.842,0.000,0,0,0.082,2.751,,1010,18
"CrossingSweep",1000,2,49,3.376,3.384,0.000,0,0,0.076,3.300,,1013,18
"CrossingSweep",1000,2,50,8.495,8.494,6.889,1,0,0.095,1.510,,988,18
"CrossingSweep",1000,2,51,3.786,3.769,0.000,0,0,0.067,3.719,,1008,18
"CrossingSweep",1000,2,52,1.810,1.833,0.000,0,0,0.075,1.735,,1014,18
"CrossingSweep",1000,2,53,5.820,5.806,0.000,0,0,0.065,5.755,,1004,18
"CrossingSweep",1000,2,54,8.023,8.027,6.356,1,0,0.090,1.577,,1000,18
"CrossingSweep",1000,2,55,4.412,4.390,0.000,0,0,0.078,4.334,,1011,18
"CrossingSweep",1000,2,56,1.561,1.582,0.000,0,0,0.085,1.477,,1013,18
"CrossingSweep",1000,2,57,8.796,8.796,7.107,1,0,0.092,1.597,,1000,18
"CrossingSweep",1000,2,58,4.209,4.198,0.000,0,0,0.067,4.142,,997,18
"CrossingSweep",1000,2,59,1.926,1.938,0.000,0,0,0.076,1.850,,996,18
"CrossingSweep",1000,2,60,4.793,4.764,0.000,0,0,0.071,4.722,,1004,18
"CrossingSweep",1000,2,61,8.668,8.691,6.565,1,0,0.104,1.999,,1006,18
"CrossingSweep",1000,2,62,3.819,3.804,0.000,0,0,0.072,3.746,,994,18
"CrossingSweep",1000,2,63,2.348,2.359,0.000,0,0,0.075,2.273,,997,18
"CrossingSweep",1000,2,64,8.834,8.825,7.062,1,0,0.096,1.676,,993,18
"CrossingSweep",1000,2,65,4.179,4.174,0.000,0,0,0.068,4.111,,1007,17
"CrossingSweep",1000,2,66,1.679,1.695,0.000,0,0,0.086,1.593,,1019,18
"CrossingSweep",1000,2,67,8.208,8.190,6.509,1,0,0.104,1.596,,995,18
"CrossingSweep",1000,2,68,4.437,4.440,0.000,0,0,0.067,4.370,,1004,18
"CrossingSweep",1000,2,69,1.927,1.932,0.000,0,0,0.073,1.855,,993,18
"CrossingSweep",1000,2,70,6.821,6.806,0.000,0,0,0.067,6.754,,992,18
"CrossingSweep",1000,2,71,7.953,7.954,6.029,1,0,0.118,1.806,,997,18
"CrossingSweep",1000,2,72,3.819,3.691,0.000,0,0,0.073,3.747,,987,18
"CrossingSweep",1000,2,73,2.290,2.424,0.000,0,0,0.079,2.210,,984,18
"CrossingSweep",1000,2,74,8.388,8.385,6.389,1,0,0.095,1.904,,1001,18
"CrossingSweep",1000,2,75,3.774,3.779,0.000,0,0,0.077,3.697,,983,18
"CrossingSweep",1000,2,76,4.765,4.751,0.000,0,0,0.073,4.693,,988,18
"CrossingSweep",1000,2,77,8.136,8.146,6.453,1,0,0.134,1.550,,991,18
"CrossingSweep",1000,2,78,2.468,2.469,0.000,0,0,0.068,2.401,,1019,18
"CrossingSweep",1000,2,79,3.259,3.249,0.000,0,0,0.068,3.191,,1001,18
"CrossingSweep",1000,2,80,2.877,2.876,0.000,0,0,0.083,2.794,,984,18
"CrossingSweep",1000,2,81,10.193,10.186,7.019,1,0,0.095,3.079,,1012,18
"CrossingSweep",1000,2,82,3.223,3.236,0.000,0,0,0.136,3.087,,995,18
"CrossingSweep",1000,2,83,4.600,4.574,0.000,0,0,0.070,4.530,,1007,18
"CrossingSweep",1000,2,84,8.682,8.693,6.639,1,0,0.124,1.920,,998,18
"CrossingSweep",1000,2,85,2.590,2.597,0.000,0,0,0.069,2.521,,1017,17
"CrossingSweep",1000,2,86,3.977,3.969,0.000,0,0,0.115,3.863,,1003,18
"CrossingSweep",1000,2,87,8.289,8.295,6.535,1,0,0.110,1.644,,992,18
"CrossingSweep",1000,2,88,4.212,4.198,0.000,0,0,0.067,4.145,,1005,18
"CrossingSweep",1000,2,89,2.245,2.264,0.000,0,0,0.088,2.157,,1005,18
"CrossingSweep",1000,2,90,7.960,7.954,6.325,1,0,0.095,1.539,,990,18
"CrossingSweep",1000,2,91,3.672,3.643,0.000,0,0,0.068,3.604,,990,18
"CrossingSweep",1000,2,92,2.052,2.081,0.000,0,0,0.088,1.964,,1000,18
"CrossingSweep",1000,2,93,4.940,4.930,0.000,0,0,0.074,4.865,,996,18
"CrossingSweep",1000,2,94,8.355,8.361,6.374,1,0,0.097,1.883,,994,18
"CrossingSweep",1000,2,95,2.571,2.570,0.000,0,0,0.069,2.502,,1013,18
"CrossingSweep",1000,2,96,2.935,2.910,0.000,0,0,0.067,2.869,,994,18
"CrossingSweep",1000,2,97,2.573,2.598,0.000,0,0,0.075,2.498,,997,18
"CrossingSweep",1000,2,98,8.326,8.324,6.621,1,0,0.094,1.611,,1007,18
"CrossingSweep",1000,2,99,4.564,4.547,0.000,0,0,0.065,4.499,,1021,18
"CrossingSweep",1000,2,100,1.850,1.866,0.000,0,0,0.094,1.756,,1001,18
"CrossingSweep",1000,2,101,8.084,8.068,6.097,1,0,0.101,1.885,,1002,18
"CrossingSweep",1000,2,102,4.631,4.636,0.000,0,0,0.068,4.563,,989,18
"CrossingSweep",1000,2,103,1.896,1.902,0.000,0,0,0.078,1.818,,995,18
"CrossingSweep",1000,2,104,5.724,5.711,0.000,0,0,0.068,5.657,,1000,18
"CrossingSweep",1000,2,105,8.120,8.120,6.402,1,0,0.109,1.610,,990,18
"CrossingSweep",1000,2,106,4.550,4.553,0.000,0,0,0.068,4.482,,1000,18
"CrossingSweep",1000,2,107,8.155,8.159,6.421,1,0,0.106,1.628,,979,18
"CrossingSweep",1000,2,108,4.014,3.995,0.000,0,0,0.071,3.944,,1017,18
"CrossingSweep",1000,2,109,2.575,2.570,0.000,0,0,0.081,2.494,,1019,18
"CrossingSweep",1000,2,110,5.605,5.616,0.000,0,0,0.079,5.526,,951,18
"CrossingSweep",1000,2,111,8.257,8.257,6.486,1,0,0.109,1.661,,993,18
"CrossingSweep",1000,2,112,4.409,4.389,0.000,0,0,0.075,4.334,,1015,18
"CrossingSweep",1000,2,113,1.966,1.995,0.000,0,0,0.134,1.832,,1008,18
"CrossingSweep",1000,2,114,8.590,8.584,6.409,1,0,0.100,2.081,,991,18
"CrossingSweep",1000,2,115,4.314,4.299,0.000,0,0,0.107,4.208,,1007,18
"CrossingSweep",1000,2,116,1.707,1.718,0.000,0,0,0.097,1.610,,984,18
"CrossingSweep",1000,2,117,5.449,5.428,0.000,0,0,0.072,5.378,,995,18
"CrossingSweep",1000,2,118,8.221,8.242,6.068,1,0,0.102,2.051,,991,18
"CrossingSweep",1000,2,119,4.444,4.431,0.000,0,0,0.084,4.360,,1008,18
"CrossingSweep",1000,2,120,8.609,8.604,6.463,1,0,0.103,2.043,,1009,18
"CrossingSweep",1000,2,121,2.553,2.567,0.000,0,0,0.102,2.451,,1000,18
"CrossingSweep",1000,2,122,2.736,2.722,0.000,0,0,0.086,2.651,,998,18
"CrossingSweep",1000,2,123,6.970,6.943,0.000,0,0,0.093,6.877,,1003,18
"CrossingSweep",1000,2,124,9.972,10.011,8.182,1,0,0.110,1.680,,985,18
"CrossingSweep",1000,2,125,5.138,5.125,0.000,0,0,0.076,5.062,,1016,18
"CrossingSweep",1000,2,126,8.195,8.198,6.520,1,0,0.108,1.567,,1007,18
"CrossingSweep",1000,2,127,4.474,4.446,0.000,0,0,0.071,4.403,,1008,18
"CrossingSweep",1000,2,128,3.427,3.462,0.000,0,0,0.148,3.279,,1004,18
"CrossingSweep",1000,2,129,8.258,8.251,6.365,1,0,0.101,1.792,,996,18
"CrossingSweep",1000,2,130,4.295,4.273,0.000,0,0,0.085,4.210,,1015,18
"CrossingSweep",1000,2,131,1.691,1.717,0.000,0,0,0.085,1.606,,1001,18
"CrossingSweep",1000,2,132,8.397,8.387,6.473,1,0,0.115,1.809,,990,18
"CrossingSweep",1000,2,133,4.085,3.952,0.000,0,0,0.071,4.015,,999,18
"CrossingSweep",1000,2,134,2.138,2.264,0.000,0,0,0.082,2.055,,986,18
"CrossingSweep",1000,2,135,3.329,3.324,0.000,0,0,0.066,3.263,,996,18
"CrossingSweep",1000,2,136,8.502,8.513,6.701,1,0,0.115,1.685,,1000,18
"CrossingSweep",1000,2,137,4.484,4.454,0.000,0,0,0.066,4.418,,1016,18
"CrossingSweep",1000,2,138,1.790,1.825,0.000,0,0,0.086,1.704,,997,18
"CrossingSweep",1000,2,139,8.572,8.558,6.796,1,0,0.131,1.645,,999,18
"CrossingSweep",1000,2,140,3.547,3.532,0.000,0,0,0.066,3.481,,1004,18
"CrossingSweep",1000,2,141,3.154,3.169,0.000,0,0,0.077,3.077,,995,18
"CrossingSweep",1000,2,142,5.866,5.857,0.000,0,0,0.070,5.796,,996,18
"CrossingSweep",1000,2,143,7.936,7.934,6.286,1,0,0.120,1.530,,994,18
"CrossingSweep",1000,2,144,3.851,3.843,0.000,0,0,0.068,3.783,,1016,18
"CrossingSweep",1000,2,145,2.789,2.807,0.000,0,0,0.085,2.704,,991,18
"CrossingSweep",1000,2,146,8.223,8.212,6.508,1,0,0.096,1.619,,994,18
"CrossingSweep",1000,2,147,4.486,4.480,0.000,0,0,0.071,4.415,,1001,18
"CrossingSweep",1000,2,148,1.707,1.724,0.000,0,0,0.083,1.624,,996,18
"CrossingSweep",1000,2,149,8.165,8.124,6.333,1,0,0.093,1.738,,994,18
"CrossingSweep",1000,2,150,4.603,4.614,0.000,0,0,0.069,4.534,,999,18
"CrossingSweep",1000,2,151,1.657,1.680,0.000,0,0,0.081,1.576,,993,18
"CrossingSweep",1000,2,152,6.389,6.376,0.000,0,0,0.072,6.317,,998,18
"CrossingSweep",1000,2,153,8.154,8.165,6.486,1,0,0.104,1.564,,988,18
"CrossingSweep",1000,2,154,4.649,4.620,0.000,0,0,0.065,4.584,,1002,18
"CrossingSweep",1000,2,155,7.896,7.920,6.321,1,0,0.103,1.472,,996,18
"CrossingSweep",1000,2,156,3.784,3.771,0.000,0,0,0.067,3.717,,1017,18
"CrossingSweep",1000,2,157,2.416,2.429,0.000,0,0,0.076,2.340,,1004,18
"CrossingSweep",1000,2,158,5.772,5.753,0.000,0,0,0.065,5.707,,985,18
"CrossingSweep",1000,2,159,8.152,8.166,6.348,1,0,0.107,1.696,,996,18
"CrossingSweep",1000,2,160,4.477,4.463,0.000,0,0,0.081,4.396,,1001,18
"CrossingSweep",1000,2,161,2.260,2.271,0.000,0,0,0.080,2.180,,1008,18
"CrossingSweep",1000,2,162,7.133,7.128,6.149,1,0,0.095,0.890,,998,18
"CrossingSweep",1000,2,163,2.022,2.031,0.000,0,0,0.064,1.958,,1011,18
"CrossingSweep",1000,2,164,2.455,2.446,0.000,0,0,0.070,2.385,,999,18
"CrossingSweep",1000,2,165,2.215,2.221,0.000,0,0,0.074,2.141,,1008,18
"CrossingSweep",1000,2,166,1.594,1.595,0.000,0,0,0.066,1.528,,991,18
"CrossingSweep",1000,2,167,8.281,8.264,6.530,1,0,0.089,1.662,,1000,18
"CrossingSweep",1000,2,168,2.732,2.740,0.000,0,0,0.072,2.660,,996,18
"CrossingSweep",1000,2,169,1.858,1.867,0.000,0,0,0.095,1.763,,986,18
"CrossingSweep",1000,2,170,1.511,1.513,0.000,0,0,0.062,1.449,,995,18
"CrossingSweep",1000,2,171,3.086,3.064,0.000,0,0,0.064,3.022,,1003,18
"CrossingSweep",1000,2,172,8.208,8.218,6.531,1,0,0.116,1.561,,1006,18
"CrossingSweep",1000,2,173,1.724,1.727,0.000,0,0,0.064,1.660,,1015,18
"CrossingSweep",1000,2,174,1.402,1.398,0.000,0,0,0.063,1.339,,988,18
"CrossingSweep",1000,2,175,2.610,2.580,0.000,0,0,0.064,2.547,,1008,18
"CrossingSweep",1000,2,176,2.268,2.293,0.000,0,0,0.139,2.130,,1006,18
"CrossingSweep",1000,2,177,11.636,11.632,9.499,1,0,0.143,1.994,,1002,18
"CrossingSweep",1000,2,178,3.247,3.244,0.000,0,0,0.067,3.180,,1017,18
"CrossingSweep",1000,2,179,3.207,3.198,0.000,0,0,0.061,3.146,,1005,18
"CrossingSweep",1000,2,180,8.522,8.539,6.850,1,0,0.099,1.573,,999,18
"CrossingSweep",1000,2,181,1.659,1.657,0.000,0,0,0.070,1.589,,1018,18
"CrossingSweep",1000,2,182,1.400,1.407,0.000,0,0,0.062,1.337,,1011,18
"CrossingSweep",1000,2,183,2.910,2.894,0.000,0,0,0.064,2.846,,1000,18
"CrossingSweep",1000,2,184,8.399,8.393,6.557,1,0,0.102,1.740,,1001,18
"CrossingSweep",1000,2,185,1.714,1.726,0.000,0,0,0.068,1.646,,988,18
"CrossingSweep",1000,2,186,3.195,3.162,0.000,0,0,0.063,3.132,,1000,18
"CrossingSweep",1000,2,187,0.971,1.005,0.000,0,0,0.155,0.817,,1002,18
"CrossingSweep",1000,2,188,1.718,1.714,0.000,0,0,0.075,1.643,,990,18
"CrossingSweep",1000,2,189,1.343,1.351,0.000,0,0,0.069,1.274,,1007,18
"CrossingSweep",1000,2,190,9.186,9.148,6.504,1,0,0.095,2.587,,992,18
"CrossingSweep",1000,2,191,1.710,1.724,0.000,0,0,0.081,1.629,,988,18
"CrossingSweep",1000,2,192,1.533,1.555,0.000,0,0,0.152,1.382,,1003,18
"CrossingSweep",1000,2,193,1.622,1.613,0.000,0,0,0.065,1.557,,1006,18
"CrossingSweep",1000,2,194,2.761,2.724,0.000,0,0,0.063,2.697,,995,18
"CrossingSweep",1000,2,195,8.145,8.165,6.442,1,0,0.123,1.580,,1011,18
"CrossingSweep",1000,2,196,1.629,1.618,0.000,0,0,0.066,1.563,,1002,18
"CrossingSweep",1000,2,197,2.239,2.260,0.000,0,0,0.119,2.120,,995,18
"CrossingSweep",1000,2,198,2.368,2.359,0.000,0,0,0.115,2.254,,1000,18
"CrossingSweep",1000,2,199,1.936,1.945,0.000,0,0,0.112,1.824,,997,18
"CrossingSweep",1000,2,200,8.736,8.729,6.854,1,0,0.098,1.784,,1000,18
"CrossingSweep",1000,2,201,2.786,2.767,0.000,0,0,0.084,2.702,,996,18
"CrossingSweep",1000,2,202,1.583,1.603,0.000,0,0,0.079,1.504,,1004,18
"CrossingSweep",1000,2,203,1.816,1.814,0.000,0,0,0.073,1.744,,998,18
"CrossingSweep",1000,2,204,3.431,3.419,0.000,0,0,0.076,3.355,,991,18
"CrossingSweep",1000,2,205,8.369,8.378,6.628,1,0,0.108,1.633,,992,18
"CrossingSweep",1000,2,206,1.613,1.618,0.000,0,0,0.072,1.540,,1017,18
"CrossingSweep",1000,2,207,1.492,1.490,0.000,0,0,0.067,1.425,,1014,18
"CrossingSweep",1000,2,208,2.636,2.613,0.000,0,0,0.061,2.575,,998,18
"CrossingSweep",1000,2,209,1.449,1.478,0.000,0,0,0.077,1.372,,987,18
"CrossingSweep",1000,2,210,8.642,8.630,6.968,1,0,0.098,1.576,,991,18
"CrossingSweep",1000,2,211,3.631,3.591,0.000,0,0,0.071,3.559,,986,18
"CrossingSweep",1000,2,212,0.809,0.851,0.000,0,0,0.148,0.661,,999,18
"CrossingSweep",1000,2,213,1.844,1.819,0.000,0,0,0.069,1.776,,985,18
"CrossingSweep",1000,2,214,1.719,1.746,0.000,0,0,0.116,1.603,,991,18
"CrossingSweep",1000,2,215,9.681,9.652,7.093,1,0,0.102,2.486,,1006,18
"CrossingSweep",1000,2,216,1.606,1.632,0.000,0,0,0.072,1.533,,1000,18
"CrossingSweep",1000,2,217,1.560,1.557,0.000,0,0,0.063,1.497,,1016,18
"CrossingSweep",1000,2,218,3.583,3.566,0.000,0,0,0.063,3.519,,994,18
"CrossingSweep",1000,2,219,8.634,8.634,6.865,1,0,0.109,1.660,,993,18
"CrossingSweep",1000,2,220,2.087,2.099,0.000,0,0,0.073,2.013,,999,18
"CrossingSweep",1000,2,221,3.174,3.141,0.000,0,0,0.069,3.105,,992,18
"CrossingSweep",1000,2,222,1.637,1.670,0.000,0,0,0.078,1.559,,1005,18
"CrossingSweep",1000,2,223,8.508,8.490,6.442,1,0,0.098,1.968,,1000,18
"CrossingSweep",1000,2,224,3.759,3.750,0.000,0,0,0.063,3.696,,988,18
"CrossingSweep",1000,2,225,1.944,1.970,0.000,0,0,0.079,1.864,,996,18
"CrossingSweep",1000,2,226,6.546,6.525,0.000,0,0,0.065,6.481,,1008,18
"CrossingSweep",1000,2,227,8.396,8.402,6.740,1,0,0.096,1.560,,989,18
"CrossingSweep",1000,2,228,1.563,1.571,0.000,0,0,0.066,1.498,,1007,18
"CrossingSweep",1000,2,229,2.408,2.394,0.000,0,0,0.066,2.342,,984,18
"CrossingSweep",1000,2,230,0.977,0.987,0.000,0,0,0.081,0.896,,997,18
"CrossingSweep",1000,2,231,7.960,7.955,6.281,1,0,0.094,1.584,,996,18
"CrossingSweep",1000,2,232,1.691,1.692,0.000,0,0,0.064,1.627,,995,18
"CrossingSweep",1000,2,233,3.217,3.189,0.000,0,0,0.063,3.154,,994,18
"CrossingSweep",1000,2,234,1.087,1.116,0.000,0,0,0.147,0.941,,1008,18
"CrossingSweep",1000,2,235,2.341,2.332,0.000,0,0,0.136,2.205,,743,17
"CrossingSweep",1000,2,236,12.693,12.694,10.658,1,0,0.124,1.911,,2005,19
"CrossingSweep",1000,2,237,1.615,1.616,0.000,0,0,0.089,1.526,,1016,18
"CrossingSweep",1000,2,238,3.077,3.057,0.000,0,0,0.064,3.013,,1019,18
"CrossingSweep",1000,2,239,8.807,8.810,6.746,1,0,0.107,1.953,,1006,18
"CrossingSweep",1000,2,240,1.351,1.374,0.000,0,0,0.071,1.280,,981,18
"CrossingSweep",1000,2,241,3.833,3.811,0.000,0,0,0.065,3.768,,1002,18
"CrossingSweep",1000,2,242,1.736,1.749,0.000,0,0,0.077,1.659,,990,18
"CrossingSweep",1000,2,243,8.231,8.213,6.528,1,0,0.097,1.606,,1000,18
"CrossingSweep",1000,2,244,3.892,3.872,0.000,0,0,0.065,3.828,,1001,18
"CrossingSweep",1000,2,245,1.503,1.542,0.000,0,0,0.085,1.418,,984,18
"CrossingSweep",1000,2,246,1.498,1.490,0.000,0,0,0.062,1.436,,985,18
"CrossingSweep",1000,2,247,1.405,1.411,0.000,0,0,0.065,1.340,,1000,18
"CrossingSweep",1000,2,248,8.100,8.087,6.346,1,0,0.090,1.664,,992,18
"CrossingSweep",1000,2,249,2.265,2.256,0.000,0,0,0.068,2.197,,1000,18
"CrossingSweep",1000,2,250,1.760,1.780,0.000,0,0,0.065,1.695,,988,18
"CrossingSweep",1000,2,251,1.651,1.646,0.000,0,0,0.060,1.591,,1006,18
"CrossingSweep",1000,2,252,2.596,2.582,0.000,0,0,0.126,2.470,,1008,18
"CrossingSweep",1000,2,253,1.366,1.384,0.000,0,0,0.075,1.291,,992,18
"CrossingSweep",1000,2,254,8.968,8.958,7.157,1,0,0.100,1.711,,995,18
"CrossingSweep",1000,2,255,3.585,3.561,0.000,0,0,0.066,3.519,,991,18
"CrossingSweep",1000,2,256,0.836,0.862,0.000,0,0,0.081,0.756,,996,18
"CrossingSweep",1000,2,257,1.564,1.564,0.000,0,0,0.085,1.479,,998,18
"CrossingSweep",1000,2,258,1.342,1.350,0.000,0,0,0.066,1.276,,1007,18
"CrossingSweep",1000,2,259,8.284,8.266,6.518,1,0,0.103,1.663,,1004,18
"CrossingSweep",1000,2,260,2.576,2.571,0.000,0,0,0.073,2.503,,992,18
"CrossingSweep",1000,2,261,1.746,1.747,0.000,0,0,0.072,1.674,,992,17
"CrossingSweep",1000,2,262,1.583,1.594,0.000,0,0,0.111,1.472,,991,18
"CrossingSweep",1000,2,263,2.905,2.872,0.000,0,0,0.095,2.811,,989,18
"CrossingSweep",1000,2,264,8.108,8.132,6.216,1,0,0.111,1.780,,992,18
"CrossingSweep",1000,2,265,1.938,1.941,0.000,0,0,0.065,1.874,,988,18
"CrossingSweep",1000,2,266,1.382,1.387,0.000,0,0,0.070,1.311,,994,18
"CrossingSweep",1000,2,267,3.049,3.030,0.000,0,0,0.061,2.988,,1003,18
"CrossingSweep",1000,2,268,1.438,1.455,0.000,0,0,0.078,1.360,,995,18
"CrossingSweep",1000,2,269,8.289,8.269,6.719,1,0,0.097,1.473,,992,18
"CrossingSweep",1000,2,270,3.516,3.512,0.000,0,0,0.065,3.451,,993,18
"CrossingSweep",1000,2,271,1.484,1.503,0.000,0,0,0.082,1.402,,1003,18
"CrossingSweep",1000,2,272,1.613,1.609,0.000,0,0,0.069,1.544,,1014,18
"CrossingSweep",1000,2,273,1.397,1.403,0.000,0,0,0.068,1.329,,1008,18
"CrossingSweep",1000,2,274,8.749,8.721,6.904,1,0,0.096,1.749,,1000,18
"CrossingSweep",1000,2,275,1.935,1.954,0.000,0,0,0.067,1.868,,982,18
"CrossingSweep",1000,2,276,1.537,1.543,0.000,0,0,0.066,1.471,,996,18
"CrossingSweep",1000,2,277,1.922,1.917,0.000,0,0,0.067,1.855,,989,18
"CrossingSweep",1000,2,278,2.611,2.600,0.000,0,0,0.072,2.538,,996,18
"CrossingSweep",1000,2,279,8.420,8.415,6.315,1,0,0.100,2.004,,997,18
"CrossingSweep",1000,2,280,1.402,1.423,0.000,0,0,0.076,1.327,,994,18
"CrossingSweep",1000,2,281,3.716,3.672,0.000,0,0,0.064,3.652,,1012,18
"CrossingSweep",1000,2,282,0.775,0.816,0.000,0,0,0.079,0.696,,986,18
"CrossingSweep",1000,2,283,1.683,1.674,0.000,0,0,0.072,1.611,,998,18
"CrossingSweep",1000,2,284,1.204,1.203,0.000,0,0,0.066,1.138,,1004,18
"CrossingSweep",1000,2,285,8.121,8.116,6.435,1,0,0.085,1.601,,1001,18
"CrossingSweep",1000,2,286,2.223,2.208,0.000,0,0,0.067,2.156,,993,18
"CrossingSweep",1000,2,287,1.476,1.488,0.000,0,0,0.085,1.391,,994,18
"CrossingSweep",1000,2,288,1.413,1.426,0.000,0,0,0.066,1.347,,1002,18
"CrossingSweep",1000,2,289,1.477,1.473,0.000,0,0,0.066,1.411,,1000,18
"CrossingSweep",1000,2,290,2.399,2.377,0.000,0,0,0.065,2.334,,1005,18
"CrossingSweep",1000,2,291,7.748,7.759,6.794,1,0,0.111,0.842,,1015,18
"CrossingSweep",1000,2,292,1.683,1.687,0.000,0,0,0.072,1.610,,1001,18
"CrossingSweep",1000,2,293,0.881,0.884,0.000,0,0,0.071,0.811,,1001,18
"CrossingSweep",1000,2,294,1.357,1.361,0.000,0,0,0.070,1.287,,1004,17
"CrossingSweep",1000,2,295,2.395,2.362,0.000,0,0,0.067,2.327,,998,18
"CrossingSweep",1000,2,296,0.860,0.883,0.000,0,0,0.076,0.784,,987,18
"CrossingSweep",1000,2,297,1.734,1.734,0.000,0,0,0.078,1.656,,995,18
"CrossingSweep",1000,2,298,8.420,8.409,6.268,1,0,0.105,2.047,,989,18
"CrossingSweep",1000,2,299,2.738,2.723,0.000,0,0,0.068,2.670,,1002,18
"CrossingSweep",1250,2,0,1.931,1.939,0.000,0,0,0.094,1.837,,1237,21
"CrossingSweep",1250,2,1,12.719,12.699,10.913,1,0,0.157,1.649,,1230,21
"CrossingSweep",1250,2,2,1.583,1.604,0.000,0,0,0.093,1.490,,1258,21
"CrossingSweep",1250,2,3,1.431,1.436,0.000,0,0,0.083,1.349,,1243,21
"CrossingSweep",1250,2,4,2.851,2.822,0.000,0,0,0.084,2.767,,1238,21
"CrossingSweep",1250,2,5,12.074,12.085,10.290,1,0,0.139,1.644,,1236,21
"CrossingSweep",1250,2,6,3.722,3.682,0.000,0,0,0.090,3.632,,1234,21
"CrossingSweep",1250,2,7,12.722,12.757,10.600,1,0,0.164,1.958,,1241,21
"CrossingSweep",1250,2,8,1.867,1.875,0.000,0,0,0.098,1.769,,1234,21
"CrossingSweep",1250,2,9,1.718,1.720,0.000,0,0,0.087,1.631,,1233,21
"CrossingSweep",1250,2,10,13.853,13.803,10.205,1,0,0.145,3.503,,1226,21
"CrossingSweep",1250,2,11,2.658,2.691,0.000,0,0,0.213,2.445,,1236,21
"CrossingSweep",1250,2,12,11.880,11.876,10.186,1,0,0.132,1.561,,1241,21
"CrossingSweep",1250,2,13,2.456,2.366,0.000,0,0,0.082,2.373,,1260,21
"CrossingSweep",1250,2,14,1.382,1.459,0.000,0,0,0.101,1.281,,1240,21
"CrossingSweep",1250,2,15,12.000,12.011,10.378,1,0,0.124,1.498,,1243,21
"CrossingSweep",1250,2,16,1.751,1.766,0.000,0,0,0.084,1.667,,1255,21
"CrossingSweep",1250,2,17,1.609,1.603,0.000,0,0,0.080,1.529,,1226,21
"CrossingSweep",1250,2,18,1.292,1.300,0.000,0,0,0.080,1.213,,1243,21
"CrossingSweep",1250,2,19,11.925,11.901,10.252,1,0,0.139,1.535,,1243,21
"CrossingSweep",1250,2,20,1.787,1.798,0.000,0,0,0.083,1.704,,1262,21
"CrossingSweep",1250,2,21,2.527,2.512,0.000,0,0,0.085,2.443,,1237,21
"CrossingSweep",1250,2,22,2.070,2.082,0.000,0,0,0.111,1.959,,1236,21
"CrossingSweep",1250,2,23,12.414,12.409,10.503,1,0,0.139,1.772,,1232,21
"CrossingSweep",1250,2,24,1.642,1.640,0.000,0,0,0.099,1.543,,1260,21
"CrossingSweep",1250,2,25,1.044,1.058,0.000,0,0,0.087,0.956,,1253,21
"CrossingSweep",1250,2,26,12.815,12.803,11.040,1,0,0.132,1.642,,1246,21
"CrossingSweep",1250,2,27,1.720,1.718,0.000,0,0,0.091,1.629,,1257,21
"CrossingSweep",1250,2,28,3.013,3.001,0.000,0,0,0.089,2.924,,1238,21
"CrossingSweep",1250,2,29,13.328,13.318,11.213,1,0,0.147,1.968,,1246,21
"CrossingSweep",1250,2,30,1.679,1.702,0.000,0,0,0.110,1.569,,1266,21
"CrossingSweep",1250,2,31,1.554,1.554,0.000,0,0,0.082,1.472,,1248,21
"CrossingSweep",1250,2,32,12.640,12.621,10.896,1,0,0.131,1.612,,1246,21
"CrossingSweep",1250,2,33,1.839,1.855,0.000,0,0,0.088,1.751,,1260,21
"CrossingSweep",1250,2,34,3.696,3.681,0.000,0,0,0.092,3.605,,1229,21
"CrossingSweep",1250,2,35,13.549,13.501,11.322,1,0,0.141,2.086,,1245,21
"CrossingSweep",1250,2,36,1.791,1.854,0.000,0,0,0.093,1.699,,1253,21
"CrossingSweep",1250,2,37,11.767,11.741,10.031,1,0,0.129,1.607,,1247,21
"CrossingSweep",1250,2,38,1.914,1.933,0.000,0,0,0.095,1.819,,1245,21
"CrossingSweep",1250,2,39,1.338,1.338,0.000,0,0,0.085,1.253,,1253,21
"CrossingSweep",1250,2,40,1.455,1.463,0.000,0,0,0.089,1.366,,1251,21
"CrossingSweep",1250,2,41,11.980,11.959,10.070,1,0,0.143,1.767,,1236,21
"CrossingSweep",1250,2,42,1.742,1.725,0.000,0,0,0.097,1.645,,1240,21
"CrossingSweep",1250,2,43,3.090,3.092,0.000,0,0,0.142,2.948,,1235,21
"CrossingSweep",1250,2,44,11.541,11.560,9.741,1,0,0.127,1.674,,1254,21
"CrossingSweep",1250,2,45,2.572,2.558,0.000,0,0,0.086,2.486,,1257,21
"CrossingSweep",1250,2,46,1.507,1.504,0.000,0,0,0.186,1.321,,1239,21
"CrossingSweep",1250,2,47,13.244,13.236,10.808,1,0,0.139,2.296,,1245,21
"CrossingSweep",1250,2,48,1.537,1.564,0.000,0,0,0.102,1.434,,1259,21
"CrossingSweep",1250,2,49,1.597,1.591,0.000,0,0,0.092,1.505,,1252,21
"CrossingSweep",1250,2,50,11.799,11.785,10.135,1,0,0.126,1.538,,1250,21
"CrossingSweep",1250,2,51,1.643,1.655,0.000,0,0,0.086,1.557,,1262,21
"CrossingSweep",1250,2,52,3.137,3.123,0.000,0,0,0.084,3.053,,1238,20
"CrossingSweep",1250,2,53,0.747,0.767,0.000,0,0,0.100,0.647,,1247,21
"CrossingSweep",1250,2,54,12.112,12.087,10.308,1,0,0.126,1.677,,835,18
"CrossingSweep",1250,2,55,2.360,2.357,0.000,0,0,0.097,2.263,,1644,24
"CrossingSweep",1250,2,56,2.171,2.190,0.000,0,0,0.153,2.018,,1249,21
"CrossingSweep",1250,2,57,13.678,13.656,11.744,1,0,0.134,1.800,,1251,21
"CrossingSweep",1250,2,58,3.697,3.691,0.000,0,0,0.099,3.598,,1264,21
"CrossingSweep",1250,2,59,12.548,12.557,10.682,1,0,0.147,1.719,,1257,21
"CrossingSweep",1250,2,60,2.189,2.150,0.000,0,0,0.099,2.090,,1257,21
"CrossingSweep",1250,2,61,1.842,1.896,0.000,0,0,0.090,1.752,,1239,21
"CrossingSweep",1250,2,62,12.050,12.036,10.338,1,0,0.125,1.587,,1237,21
"CrossingSweep",1250,2,63,1.786,1.786,0.000,0,0,0.082,1.704,,1259,21
"CrossingSweep",1250,2,64,1.410,1.420,0.000,0,0,0.084,1.326,,1249,21
"CrossingSweep",1250,2,65,2.879,2.849,0.000,0,0,0.084,2.796,,1243,21
"CrossingSweep",1250,2,66,11.870,11.886,10.153,1,0,0.128,1.589,,1250,21
"CrossingSweep",1250,2,67,2.249,2.246,0.000,0,0,0.087,2.162,,1266,21
"CrossingSweep",1250,2,68,12.042,12.028,10.239,1,0,0.126,1.676,,1252,21
"CrossingSweep",1250,2,69,8.606,8.588,0.000,0,0,0.095,8.512,,1269,21
"CrossingSweep",1250,2,70,11.370,11.392,9.657,1,0,0.136,1.577,,1237,21
"CrossingSweep",1250,2,71,5.299,5.298,0.000,0,0,0.090,5.209,,1271,21
"CrossingSweep",1250,2,72,12.325,12.309,10.311,1,0,0.155,1.859,,1251,21
"CrossingSweep",1250,2,73,2.192,2.214,0.000,0,0,0.100,2.093,,1249,21
"CrossingSweep",1250,2,74,13.777,13.763,11.113,1,0,0.154,2.510,,1246,21
"CrossingSweep",1250,2,75,3.616,3.607,0.000,0,0,0.093,3.522,,1236,21
"CrossingSweep",1250,2,76,11.842,11.858,10.080,1,0,0.130,1.632,,1236,21
"CrossingSweep",1250,2,77,3.156,3.153,0.000,0,0,0.085,3.071,,1247,21
"CrossingSweep",1250,2,78,13.075,13.046,9.789,1,0,0.123,3.163,,1242,21
"CrossingSweep",1250,2,79,1.808,1.841,0.000,0,0,0.165,1.643,,1251,21
"CrossingSweep",1250,2,80,1.800,1.799,0.000,0,0,0.111,1.689,,1234,21
"CrossingSweep",1250,2,81,12.725,12.703,10.615,1,0,0.149,1.961,,1206,21
"CrossingSweep",1250,2,82,1.760,1.758,0.000,0,0,0.109,1.651,,1253,21
"CrossingSweep",1250,2,83,2.480,2.479,0.000,0,0,0.160,2.320,,1246,21
"CrossingSweep",1250,2,84,13.087,13.064,10.760,1,0,0.134,2.193,,1228,21
"CrossingSweep",1250,2,85,2.103,2.145,0.000,0,0,0.256,1.847,,1263,21
"CrossingSweep",1250,2,86,1.715,1.718,0.000,0,0,0.083,1.632,,1250,21
"CrossingSweep",1250,2,87,12.455,12.433,10.603,1,0,0.143,1.708,,1237,21
"CrossingSweep",1250,2,88,1.759,1.776,0.000,0,0,0.094,1.665,,1249,21
"CrossingSweep",1250,2,89,3.547,3.529,0.000,0,0,0.081,3.467,,1249,21
"CrossingSweep",1250,2,90,13.423,13.420,11.554,1,0,0.150,1.720,,1268,21
"CrossingSweep",1250,2,91,1.652,1.671,0.000,0,0,0.103,1.549,,1256,21
"CrossingSweep",1250,2,92,11.674,11.659,9.891,1,0,0.120,1.663,,1251,21
"CrossingSweep",1250,2,93,2.191,2.198,0.000,0,0,0.095,2.096,,1268,21
"CrossingSweep",1250,2,94,1.647,1.653,0.000,0,0,0.088,1.560,,1247,21
"CrossingSweep",1250,2,95,1.363,1.365,0.000,0,0,0.083,1.281,,1260,21
"CrossingSweep",1250,2,96,12.043,12.020,10.235,1,0,0.134,1.675,,1265,21
"CrossingSweep",1250,2,97,1.679,1.698,0.000,0,0,0.093,1.585,,1246,21
"CrossingSweep",1250,2,98,2.936,2.917,0.000,0,0,0.084,2.852,,1252,21
"CrossingSweep",1250,2,99,11.089,11.093,10.165,1,0,0.130,0.795,,1244,21
"CrossingSweep",1250,2,100,2.991,2.962,0.000,0,0,0.087,2.904,,1260,21
"CrossingSweep",1250,2,101,1.529,1.569,0.000,0,0,0.173,1.356,,1249,21
"CrossingSweep",1250,2,102,12.268,12.247,10.410,1,0,0.142,1.716,,1240,21
"CrossingSweep",1250,2,103,2.010,2.024,0.000,0,0,0.095,1.915,,1262,21
"CrossingSweep",1250,2,104,1.104,1.106,0.000,0,0,0.086,1.019,,1262,21
"CrossingSweep",1250,2,105,3.825,3.806,0.000,0,0,0.092,3.734,,1246,21
"CrossingSweep",1250,2,106,13.457,13.450,10.628,1,0,0.143,2.686,,1242,21
"CrossingSweep",1250,2,107,1.916,1.937,0.000,0,0,0.112,1.804,,1262,21
"CrossingSweep",1250,2,108,12.026,12.018,10.166,1,0,0.131,1.729,,1238,21
"CrossingSweep",1250,2,109,1.769,1.772,0.000,0,0,0.092,1.677,,1246,21
"CrossingSweep",1250,2,110,1.399,1.400,0.000,0,0,0.094,1.305,,1190,21
"CrossingSweep",1250,2,111,11.759,11.746,9.893,1,0,0.142,1.725,,1248,21
"CrossingSweep",1250,2,112,1.695,1.688,0.000,0,0,0.096,1.598,,1263,21
"CrossingSweep",1250,2,113,1.599,1.606,0.000,0,0,0.081,1.518,,1264,21
"CrossingSweep",1250,2,114,2.925,2.930,0.000,0,0,0.088,2.837,,1244,21
"CrossingSweep",1250,2,115,12.295,12.283,11.290,1,0,0.142,0.863,,1257,21
"CrossingSweep",1250,2,116,2.372,2.378,0.000,0,0,0.107,2.265,,1251,21
"CrossingSweep",1250,2,117,1.888,1.878,0.000,0,0,0.090,1.798,,1252,21
"CrossingSweep",1250,2,118,17.770,17.767,15.639,1,0,0.153,1.978,,1245,21
"CrossingSweep",1250,2,119,12.435,12.432,10.550,1,0,0.143,1.742,,1262,21
"CrossingSweep",1250,2,120,3.337,3.348,0.000,0,0,0.106,3.231,,1268,21
"CrossingSweep",1250,2,121,13.332,13.322,11.251,1,0,0.152,1.928,,1247,21
"CrossingSweep",1250,2,122,2.555,2.562,0.000,0,0,0.091,2.464,,1239,21
"CrossingSweep",1250,2,123,16.911,16.888,14.682,1,0,0.159,2.069,,1247,21
"CrossingSweep",1250,2,124,12.141,12.158,9.928,1,0,0.135,2.078,,1271,21
"CrossingSweep",1250,2,125,2.699,2.689,0.000,0,0,0.097,2.603,,1246,21
"CrossingSweep",1250,2,126,4.121,4.107,0.000,0,0,0.115,4.005,,1266,21
"CrossingSweep",1250,2,127,12.667,12.696,10.801,1,0,0.150,1.716,,1244,21
"CrossingSweep",1250,2,128,3.538,3.519,0.000,0,0,0.103,3.436,,1267,21
"CrossingSweep",1250,2,129,13.417,13.405,11.254,1,0,0.147,2.016,,1255,21
"CrossingSweep",1250,2,130,1.936,1.970,0.000,0,0,0.122,1.814,,1266,21
"CrossingSweep",1250,2,131,12.025,12.005,10.238,1,0,0.140,1.647,,1269,21
"CrossingSweep",1250,2,132,1.809,1.817,0.000,0,0,0.092,1.717,,1270,21
"CrossingSweep",1250,2,133,1.527,1.536,0.000,0,0,0.086,1.441,,1254,20
"CrossingSweep",1250,2,134,10.730,10.719,9.789,1,0,0.134,0.807,,1254,21
"CrossingSweep",1250,2,135,2.173,2.168,0.000,0,0,0.083,2.090,,1242,21
"CrossingSweep",1250,2,136,1.221,1.233,0.000,0,0,0.081,1.140,,1250,21
"CrossingSweep",1250,2,137,3.782,3.763,0.000,0,0,0.079,3.704,,1249,21
"CrossingSweep",1250,2,138,14.726,14.721,12.644,1,0,0.170,1.912,,1251,21
"CrossingSweep",1250,2,139,1.864,1.882,0.000,0,0,0.103,1.762,,1243,21
"CrossingSweep",1250,2,140,13.428,13.417,11.718,1,0,0.133,1.577,,1245,21
"CrossingSweep",1250,2,141,2.090,2.083,0.000,0,0,0.097,1.994,,1262,21
"CrossingSweep",1250,2,142,12.191,12.191,10.405,1,0,0.135,1.651,,1246,20
"CrossingSweep",1250,2,143,2.274,2.283,0.000,0,0,0.171,2.103,,1263,21
"CrossingSweep",1250,2,144,2.406,2.344,0.000,0,0,0.133,2.272,,1218,21
"CrossingSweep",1250,2,145,12.336,12.385,10.171,1,0,0.129,2.036,,1246,21
"CrossingSweep",1250,2,146,3.452,3.464,0.000,0,0,0.100,3.352,,1267,21
"CrossingSweep",1250,2,147,2.196,2.200,0.000,0,0,0.125,2.071,,1240,21
"CrossingSweep",1250,2,148,12.606,12.590,10.889,1,0,0.134,1.583,,1241,21
"CrossingSweep",1250,2,149,3.741,3.735,0.000,0,0,0.085,3.656,,1257,21
"CrossingSweep",1250,2,150,12.365,12.366,10.586,1,0,0.132,1.647,,1235,21
"CrossingSweep",1250,2,151,2.422,2.404,0.000,0,0,0.107,2.315,,1267,21
"CrossingSweep",1250,2,152,2.853,2.881,0.000,0,0,0.091,2.762,,1237,21
"CrossingSweep",1250,2,153,11.876,11.871,10.021,1,0,0.139,1.715,,1251,21
"CrossingSweep",1250,2,154,2.002,1.995,0.000,0,0,0.085,1.917,,1235,21
"CrossingSweep",1250,2,155,3.199,3.198,0.000,0,0,0.090,3.109,,1229,21
"CrossingSweep",1250,2,156,12.430,12.434,10.552,1,0,0.152,1.725,,1248,21
"CrossingSweep",1250,2,157,3.951,3.941,0.000,0,0,0.104,3.847,,1240,20
"CrossingSweep",1250,2,158,12.784,12.789,10.920,1,0,0.144,1.720,,1246,21
"CrossingSweep",1250,2,159,2.606,2.601,0.000,0,0,0.092,2.513,,1244,21
"CrossingSweep",1250,2,160,14.497,14.491,11.469,1,0,0.153,2.876,,1243,21
"CrossingSweep",1250,2,161,4.258,4.254,0.000,0,0,0.089,4.169,,1261,21
"CrossingSweep",1250,2,162,13.093,13.090,10.888,1,0,0.162,2.043,,1236,21
"CrossingSweep",1250,2,163,2.162,2.182,0.000,0,0,0.102,2.060,,1266,21
"CrossingSweep",1250,2,164,13.425,13.417,11.591,1,0,0.157,1.677,,1253,21
"CrossingSweep",1250,2,165,4.141,4.130,0.000,0,0,0.097,4.044,,1243,21
"CrossingSweep",1250,2,166,13.336,13.335,11.466,1,0,0.144,1.726,,1250,21
"CrossingSweep",1250,2,167,3.458,3.465,0.000,0,0,0.096,3.362,,1269,21
"CrossingSweep",1250,2,168,11.584,11.581,9.838,1,0,0.147,1.599,,1254,20
"CrossingSweep",1250,2,169,3.113,3.116,0.000,0,0,0.094,3.019,,1265,21
"CrossingSweep",1250,2,170,12.510,12.499,10.635,1,0,0.156,1.719,,1267,21
"CrossingSweep",1250,2,171,4.676,4.633,0.000,0,0,0.086,4.589,,1262,20
"CrossingSweep",1250,2,172,11.582,11.618,9.703,1,0,0.137,1.743,,1271,21
"CrossingSweep",1250,2,173,4.507,4.498,0.000,0,0,0.087,4.420,,1266,21
"CrossingSweep",1250,2,174,12.272,12.277,10.442,1,0,0.157,1.673,,1255,21
"CrossingSweep",1250,2,175,6.365,6.335,0.000,0,0,0.099,6.267,,1243,21
"CrossingSweep",1250,2,176,11.663,11.671,9.897,1,0,0.138,1.627,,1238,21
"CrossingSweep",1250,2,177,6.308,6.265,0.000,0,0,0.091,6.217,,1261,21
"CrossingSweep",1250,2,178,12.036,12.096,10.261,1,0,0.149,1.627,,1270,21
"CrossingSweep",1250,2,179,4.687,4.681,0.000,0,0,0.084,4.603,,1271,21
"CrossingSweep",1250,2,180,12.142,12.154,10.328,1,0,0.140,1.674,,1264,21
"CrossingSweep",1250,2,181,4.587,4.571,0.000,0,0,0.103,4.484,,1268,21
"CrossingSweep",1250,2,182,13.024,13.040,10.660,1,0,0.146,2.218,,1267,21
"CrossingSweep",1250,2,183,13.110,13.092,9.686,1,0,0.135,3.289,,1257,21
"CrossingSweep",1250,2,184,3.261,3.261,0.000,0,0,0.099,3.162,,1266,21
"CrossingSweep",1250,2,185,12.380,12.390,10.660,1,0,0.139,1.581,,1248,21
"CrossingSweep",1250,2,186,3.985,3.969,0.000,0,0,0.091,3.894,,1244,21
"CrossingSweep",1250,2,187,3.220,3.241,0.000,0,0,0.106,3.114,,1250,21
"CrossingSweep",1250,2,188,11.657,11.641,9.867,1,0,0.152,1.639,,1239,21
"CrossingSweep",1250,2,189,2.848,2.862,0.000,0,0,0.093,2.755,,1268,20
"CrossingSweep",1250,2,190,11.752,11.744,10.001,1,0,0.154,1.597,,1256,20
"CrossingSweep",1250,2,191,2.903,2.899,0.000,0,0,0.088,2.815,,1265,21
"CrossingSweep",1250,2,192,4.140,4.133,0.000,0,0,0.085,4.055,,1261,21
"CrossingSweep",1250,2,193,12.822,12.827,10.964,1,0,0.164,1.693,,1248,21
"CrossingSweep",1250,2,194,2.929,2.918,0.000,0,0,0.097,2.832,,1250,21
"CrossingSweep",1250,2,195,12.022,12.036,10.317,1,0,0.142,1.563,,1252,21
"CrossingSweep",1250,2,196,5.127,5.108,0.000,0,0,0.088,5.039,,1270,21
"CrossingSweep",1250,2,197,12.115,12.122,10.321,1,0,0.138,1.657,,1251,21
"CrossingSweep",1250,2,198,4.648,4.650,0.000,0,0,0.091,4.557,,1269,21
"CrossingSweep",1250,2,199,12.563,12.553,10.337,1,0,0.150,2.077,,1253,20
"CrossingSweep",1250,2,200,2.974,2.976,0.000,0,0,0.094,2.880,,1270,21
"CrossingSweep",1250,2,201,11.702,11.697,9.772,1,0,0.141,1.790,,1269,21
"CrossingSweep",1250,2,202,4.592,4.585,0.000,0,0,0.093,4.499,,1260,21
"CrossingSweep",1250,2,203,12.410,12.420,10.255,1,0,0.142,2.013,,1247,20
"CrossingSweep",1250,2,204,4.450,4.442,0.000,0,0,0.108,4.342,,1265,21
"CrossingSweep",1250,2,205,11.629,11.635,9.850,1,0,0.131,1.648,,1237,21
"CrossingSweep",1250,2,206,3.433,3.439,0.000,0,0,0.098,3.335,,1265,21
"CrossingSweep",1250,2,207,4.845,4.828,0.000,0,0,0.087,4.758,,1237,21
"CrossingSweep",1250,2,208,12.372,12.386,10.451,1,0,0.156,1.766,,1260,21
"CrossingSweep",1250,2,209,12.998,12.968,10.423,1,0,0.123,2.452,,1249,21
"CrossingSweep",1250,2,210,3.495,3.521,0.000,0,0,0.172,3.324,,1245,21
"CrossingSweep",1250,2,211,15.352,15.346,13.511,1,0,0.141,1.700,,1251,21
"CrossingSweep",1250,2,212,4.515,4.498,0.000,0,0,0.095,4.420,,1249,20
"CrossingSweep",1250,2,213,12.118,12.127,10.350,1,0,0.149,1.620,,1234,21
"CrossingSweep",1250,2,214,3.355,3.369,0.000,0,0,0.091,3.264,,1240,21
"CrossingSweep",1250,2,215,15.039,15.022,12.888,1,0,0.163,1.988,,1252,21
"CrossingSweep",1250,2,216,12.590,12.600,10.599,1,0,0.140,1.851,,1246,21
"CrossingSweep",1250,2,217,5.286,5.260,0.000,0,0,0.101,5.185,,1260,21
"CrossingSweep",1250,2,218,13.176,13.180,10.658,1,0,0.153,2.366,,1257,21
"CrossingSweep",1250,2,219,3.226,3.231,0.000,0,0,0.150,3.077,,1266,21
"CrossingSweep",1250,2,220,14.018,14.022,10.962,1,0,0.150,2.907,,1252,21
"CrossingSweep",1250,2,221,5.727,5.726,0.000,0,0,0.085,5.642,,1244,21
"CrossingSweep",1250,2,222,14.694,14.690,12.870,1,0,0.143,1.681,,1240,21
"CrossingSweep",1250,2,223,12.271,12.272,10.396,1,0,0.161,1.714,,1267,21
"CrossingSweep",1250,2,224,5.732,5.723,0.000,0,0,0.092,5.640,,1268,21
"CrossingSweep",1250,2,225,12.189,12.194,10.352,1,0,0.151,1.687,,1252,21
"CrossingSweep",1250,2,226,3.714,3.725,0.000,0,0,0.098,3.616,,1245,21
"CrossingSweep",1250,2,227,12.812,12.808,10.894,1,0,0.149,1.769,,1267,21
"CrossingSweep",1250,2,228,4.748,4.713,0.000,0,0,0.101,4.647,,1265,21
"CrossingSweep",1250,2,229,11.518,11.557,10.543,1,0,0.141,0.834,,1252,21
"CrossingSweep",1250,2,230,5.116,5.096,0.000,0,0,0.082,5.035,,1256,21
"CrossingSweep",1250,2,231,12.288,12.286,10.343,1,0,0.148,1.797,,1262,21
"CrossingSweep",1250,2,232,5.751,5.747,0.000,0,0,0.094,5.657,,1251,21
"CrossingSweep",1250,2,233,12.435,12.435,10.350,1,0,0.136,1.949,,1246,21
"CrossingSweep",1250,2,234,11.931,11.937,10.214,1,0,0.134,1.584,,1250,21
"CrossingSweep",1250,2,235,5.870,5.866,0.000,0,0,0.090,5.779,,1264,21
"CrossingSweep",1250,2,236,11.839,11.851,9.974,1,0,0.145,1.721,,1257,21
"CrossingSweep",1250,2,237,3.395,3.361,0.000,0,0,0.094,3.301,,1261,21
"CrossingSweep",1250,2,238,12.842,12.873,10.639,1,0,0.148,2.055,,1237,21
"CrossingSweep",1250,2,239,4.223,4.194,0.000,0,0,0.091,4.133,,1261,21
"CrossingSweep",1250,2,240,13.976,13.979,10.647,1,0,0.141,3.188,,1249,21
"CrossingSweep",1250,2,241,3.311,3.327,0.000,0,0,0.123,3.188,,1261,21
"CrossingSweep",1250,2,242,11.892,11.881,9.456,1,0,0.138,2.298,,1245,21
"CrossingSweep",1250,2,243,2.817,2.831,0.000,0,0,0.093,2.724,,1268,21
"CrossingSweep",1250,2,244,12.361,12.351,10.710,1,0,0.128,1.523,,1255,21
"CrossingSweep",1250,2,245,4.272,4.246,0.000,0,0,0.083,4.189,,1262,21
"CrossingSweep",1250,2,246,3.301,3.328,0.000,0,0,0.176,3.124,,1251,21
"CrossingSweep",1250,2,247,15.222,15.215,13.321,1,0,0.141,1.760,,1253,21
"CrossingSweep",1250,2,248,12.993,13.006,11.240,1,0,0.142,1.612,,1270,21
"CrossingSweep",1250,2,249,5.854,5.794,0.000,0,0,0.091,5.762,,1270,20
"CrossingSweep",1250,2,250,12.158,12.206,10.358,1,0,0.151,1.650,,1248,21
"CrossingSweep",1250,2,251,3.018,3.011,0.000,0,0,0.102,2.916,,1239,18
"CrossingSweep",1250,2,252,12.632,12.639,10.653,1,0,0.152,1.828,,1267,21
"CrossingSweep",1250,2,253,5.883,5.868,0.000,0,0,0.104,5.779,,1266,20
"CrossingSweep",1250,2,254,12.257,12.260,10.446,1,0,0.153,1.658,,1244,21
"CrossingSweep",1250,2,255,12.477,12.475,11.399,1,0,0.157,0.922,,1241,21
"CrossingSweep",1250,2,256,4.192,4.197,0.000,0,0,0.093,4.099,,1224,21
"CrossingSweep",1250,2,257,11.941,11.944,10.182,1,0,0.135,1.624,,1265,21
"CrossingSweep",1250,2,258,2.926,2.910,0.000,0,0,0.085,2.841,,1269,21
"CrossingSweep",1250,2,259,3.111,3.115,0.000,0,0,0.092,3.019,,1267,21
"CrossingSweep",1250,2,260,11.698,11.711,9.911,1,0,0.130,1.657,,1246,21
"CrossingSweep",1250,2,261,5.309,5.274,0.000,0,0,0.084,5.226,,1261,21
"CrossingSweep",1250,2,262,13.965,13.991,12.214,1,0,0.161,1.590,,1245,21
"CrossingSweep",1250,2,263,5.712,5.690,0.000,0,0,0.091,5.621,,1264,21
"CrossingSweep",1250,2,264,12.248,12.267,10.432,1,0,0.150,1.665,,1244,21
"CrossingSweep",1250,2,265,11.951,11.938,10.166,1,0,0.133,1.652,,1248,21
"CrossingSweep",1250,2,266,5.197,5.192,0.000,0,0,0.102,5.095,,1260,21
"CrossingSweep",1250,2,267,12.014,12.024,10.606,1,0,0.142,1.266,,1257,21
"CrossingSweep",1250,2,268,5.301,5.287,0.000,0,0,0.083,5.217,,1243,21
"CrossingSweep",1250,2,269,13.158,13.163,11.307,1,0,0.138,1.713,,1242,21
"CrossingSweep",1250,2,270,3.255,3.268,0.000,0,0,0.097,3.158,,1247,21
"CrossingSweep",1250,2,271,11.165,11.163,10.125,1,0,0.144,0.896,,1244,20
"CrossingSweep",1250,2,272,3.946,3.940,0.000,0,0,0.087,3.859,,1259,21
"CrossingSweep",1250,2,273,5.758,5.752,0.000,0,0,0.092,5.666,,1232,21
"CrossingSweep",1250,2,274,12.473,12.467,10.021,1,0,0.150,2.303,,1245,21
"CrossingSweep",1250,2,275,14.319,14.320,12.411,1,0,0.144,1.765,,1257,21
"CrossingSweep",1250,2,276,5.400,5.377,0.000,0,0,0.097,5.303,,1250,21
"CrossingSweep",1250,2,277,11.880,11.903,10.118,1,0,0.137,1.625,,1246,21
"CrossingSweep",1250,2,278,5.937,5.915,0.000,0,0,0.095,5.841,,1247,21
"CrossingSweep",1250,2,279,12.752,12.772,11.005,1,0,0.144,1.603,,1265,21
"CrossingSweep",1250,2,280,13.045,13.042,10.934,1,0,0.146,1.965,,1264,21
"CrossingSweep",1250,2,281,5.008,4.993,0.000,0,0,0.101,4.906,,1243,21
"CrossingSweep",1250,2,282,12.169,12.191,10.408,1,0,0.146,1.615,,1247,21
"CrossingSweep",1250,2,283,5.542,5.530,0.000,0,0,0.090,5.453,,1265,21
"CrossingSweep",1250,2,284,12.080,12.092,10.275,1,0,0.150,1.655,,1268,21
"CrossingSweep",1250,2,285,4.912,4.858,0.000,0,0,0.095,4.817,,1261,21
"CrossingSweep",1250,2,286,16.329,16.378,14.329,1,0,0.168,1.832,,1251,21
"CrossingSweep",1250,2,287,12.093,12.079,10.389,1,0,0.139,1.565,,1262,21
"CrossingSweep",1250,2,288,3.664,3.662,0.000,0,0,0.088,3.575,,1246,21
"CrossingSweep",1250,2,289,10.967,10.971,9.967,1,0,0.147,0.853,,1248,20
"CrossingSweep",1250,2,290,5.526,5.512,0.000,0,0,0.092,5.434,,1265,21
"CrossingSweep",1250,2,291,12.446,12.441,10.507,1,0,0.152,1.788,,1265,21
"CrossingSweep",1250,2,292,5.182,5.198,0.000,0,0,0.113,5.069,,1264,21
"CrossingSweep",1250,2,293,12.637,12.630,10.482,1,0,0.150,2.004,,1264,21
"CrossingSweep",1250,2,294,4.442,4.440,0.000,0,0,0.088,4.355,,1251,21
"CrossingSweep",1250,2,295,13.883,13.889,11.166,1,0,0.145,2.571,,1240,21
"CrossingSweep",1250,2,296,12.604,12.591,10.745,1,0,0.139,1.720,,1241,21
"CrossingSweep",1250,2,297,4.799,4.812,0.000,0,0,0.101,4.698,,1242,21
"CrossingSweep",1250,2,298,11.764,11.752,10.012,1,0,0.139,1.613,,1254,21
"CrossingSweep",1250,2,299,2.906,2.915,0.000,0,0,0.086,2.820,,1254,21
"CrossingSweep",1500,2,0,17.087,17.129,14.831,1,1,0.171,2.084,,1499,23
"CrossingSweep",1500,2,1,17.067,17.063,15.190,1,1,0.147,1.731,,1503,23
"CrossingSweep",1500,2,2,16.847,16.852,14.699,1,1,0.204,1.944,,1151,23
"CrossingSweep",1500,2,3,18.008,17.984,15.291,1,1,0.152,2.565,,1511,23
"CrossingSweep",1500,2,4,20.136,20.150,18.042,1,1,0.154,1.940,,1498,23
"CrossingSweep",1500,2,5,17.110,17.090,14.642,1,1,0.158,2.309,,1503,23
"CrossingSweep",1500,2,6,19.964,19.970,17.650,1,1,0.174,2.141,,1498,22
"CrossingSweep",1500,2,7,16.171,16.170,14.039,1,1,0.157,1.976,,1511,23
"CrossingSweep",1500,2,8,17.981,17.978,16.011,1,0,0.177,1.794,,1504,23
"CrossingSweep",1500,2,9,16.485,16.486,14.686,1,1,0.150,1.649,,1502,23
"CrossingSweep",1500,2,10,17.220,17.211,14.735,1,0,0.159,2.326,,1506,23
"CrossingSweep",1500,2,11,17.428,17.439,15.238,1,1,0.156,2.034,,1500,23
"CrossingSweep",1500,2,12,17.129,17.118,15.054,1,1,0.218,1.856,,1502,23
"CrossingSweep",1500,2,13,17.823,17.813,15.143,1,1,0.157,2.523,,1493,23
"CrossingSweep",1500,2,14,20.963,20.976,19.050,1,1,0.166,1.747,,1507,23
"CrossingSweep",1500,2,15,18.123,18.121,16.239,1,1,0.176,1.707,,1497,23
"CrossingSweep",1500,2,16,18.246,18.246,16.445,1,1,0.152,1.649,,1502,23
"CrossingSweep",1500,2,17,17.698,17.689,15.806,1,1,0.161,1.730,,1496,22
"CrossingSweep",1500,2,18,16.848,16.849,14.922,1,1,0.152,1.774,,1504,23
"CrossingSweep",1500,2,19,17.547,17.544,15.527,1,1,0.178,1.842,,1506,23
"CrossingSweep",1500,2,20,18.183,18.185,16.193,1,1,0.168,1.823,,1504,23
"CrossingSweep",1500,2,21,18.467,18.473,16.401,1,1,0.173,1.892,,1499,23
"CrossingSweep",1500,2,22,17.957,17.943,15.939,1,1,0.165,1.853,,1505,23
"CrossingSweep",1500,2,23,17.842,17.837,14.919,1,1,0.163,2.760,,1508,22
"CrossingSweep",1500,2,24,17.651,17.636,14.728,1,1,0.167,2.757,,1505,23
"CrossingSweep",1500,2,25,16.800,16.817,14.820,1,1,0.160,1.821,,1491,22
"CrossingSweep",1500,2,26,17.053,17.052,14.982,1,1,0.178,1.893,,1505,23
"CrossingSweep",1500,2,27,17.079,17.077,15.150,1,1,0.169,1.760,,1514,23
"CrossingSweep",1500,2,28,20.155,20.147,17.417,1,1,0.173,2.565,,1502,23
"CrossingSweep",1500,2,29,17.272,17.278,15.271,1,1,0.167,1.834,,1501,23
"CrossingSweep",1500,2,30,16.839,16.846,14.943,1,1,0.169,1.727,,1509,23
"CrossingSweep",1500,2,31,16.761,16.712,14.622,1,1,0.164,1.975,,1503,20
"CrossingSweep",1500,2,32,17.232,17.232,14.938,1,1,0.174,2.120,,1510,22
"CrossingSweep",1500,2,33,17.057,17.059,15.169,1,1,0.155,1.733,,1489,23
"CrossingSweep",1500,2,34,17.417,17.407,15.116,1,1,0.171,2.130,,1512,23
"CrossingSweep",1500,2,35,17.517,17.519,15.301,1,1,0.156,2.059,,1506,23
"CrossingSweep",1500,2,36,22.600,22.596,20.341,1,1,0.173,2.086,,1511,22
"CrossingSweep",1500,2,37,17.195,17.194,14.871,1,1,0.175,2.149,,1350,23
"CrossingSweep",1500,2,38,18.286,18.237,15.108,1,1,0.154,3.023,,1510,23
"CrossingSweep",1500,2,39,17.018,17.078,15.090,1,1,0.198,1.730,,1506,23
"CrossingSweep",1500,2,40,17.187,17.153,14.972,1,1,0.151,2.064,,1516,22
"CrossingSweep",1500,2,41,17.856,17.880,15.791,1,1,0.182,1.883,,1486,23
"CrossingSweep",1500,2,42,17.083,17.080,15.180,1,1,0.153,1.750,,1511,23
"CrossingSweep",1500,2,43,16.999,16.997,15.148,1,1,0.155,1.697,,1499,23
"CrossingSweep",1500,2,44,16.919,16.917,14.992,1,1,0.153,1.774,,1504,23
"CrossingSweep",1500,2,45,16.862,16.861,14.882,1,1,0.155,1.825,,1501,23
"CrossingSweep",1500,2,46,17.158,17.166,15.201,1,1,0.170,1.787,,1507,22
"CrossingSweep",1500,2,47,17.485,17.474,15.405,1,1,0.176,1.903,,1488,23
"CrossingSweep",1500,2,48,16.888,16.886,14.959,1,1,0.165,1.764,,1497,23
"CrossingSweep",1500,2,49,19.167,19.164,16.707,1,1,0.171,2.289,,1509,23
"CrossingSweep",1500,2,50,17.953,17.938,15.065,1,1,0.160,2.727,,1510,23
"CrossingSweep",1500,2,51,17.773,17.783,15.701,1,1,0.161,1.910,,1517,23
"CrossingSweep",1500,2,52,17.685,17.684,15.480,1,1,0.177,2.028,,1508,23
"CrossingSweep",1500,2,53,18.402,18.388,15.557,1,1,0.157,2.688,,1507,23
"CrossingSweep",1500,2,54,17.768,17.783,15.029,1,1,0.159,2.580,,1503,22
"CrossingSweep",1500,2,55,17.249,17.256,15.279,1,1,0.157,1.813,,1507,23
"CrossingSweep",1500,2,56,17.623,17.616,15.631,1,1,0.165,1.826,,1497,23
"CrossingSweep",1500,2,57,18.162,18.155,15.503,1,1,0.151,2.508,,1506,23
"CrossingSweep",1500,2,58,16.967,16.968,14.962,1,1,0.160,1.845,,1479,23
"CrossingSweep",1500,2,59,17.984,17.978,15.538,1,1,0.167,2.279,,1503,23
"CrossingSweep",1500,2,60,17.111,17.110,14.831,1,1,0.163,2.117,,1496,23
"CrossingSweep",1500,2,61,17.097,17.097,15.000,1,1,0.189,1.908,,1495,23
"CrossingSweep",1500,2,62,19.237,19.240,16.256,1,1,0.163,2.819,,1492,23
"CrossingSweep",1500,2,63,18.539,18.532,15.411,1,1,0.164,2.965,,1496,22
"CrossingSweep",1500,2,64,17.351,17.359,15.413,1,1,0.151,1.787,,1504,23
"CrossingSweep",1500,2,65,17.588,17.580,15.578,1,1,0.165,1.846,,1503,23
"CrossingSweep",1500,2,66,17.731,17.716,15.035,1,1,0.155,2.541,,1501,23
"CrossingSweep",1500,2,67,17.333,17.345,15.263,1,1,0.162,1.908,,1503,23
"CrossingSweep",1500,2,68,17.941,17.940,15.464,1,1,0.153,2.324,,1512,23
"CrossingSweep",1500,2,69,16.809,16.808,14.818,1,1,0.168,1.823,,1501,23
"CrossingSweep",1500,2,70,18.121,18.113,15.405,1,1,0.160,2.555,,1499,23
"CrossingSweep",1500,2,71,17.762,17.757,15.361,1,1,0.173,2.228,,1512,23
"CrossingSweep",1500,2,72,17.851,17.848,14.538,1,1,0.185,3.128,,1498,23
"CrossingSweep",1500,2,73,18.422,18.430,14.327,1,1,0.158,3.937,,1488,23
"CrossingSweep",1500,2,74,16.597,16.599,14.322,1,1,0.168,2.108,,1499,23
"CrossingSweep",1500,2,75,15.977,15.988,14.927,1,0,0.162,0.888,,1502,20
"CrossingSweep",1500,2,76,16.394,16.366,14.698,1,0,0.158,1.539,,1458,23
"CrossingSweep",1500,2,77,16.165,16.178,15.017,1,0,0.170,0.978,,1563,22
"CrossingSweep",1500,2,78,17.682,17.666,14.790,1,0,0.157,2.735,,1465,23
"CrossingSweep",1500,2,79,15.892,15.916,14.514,1,0,0.208,1.170,,1540,23
"CrossingSweep",1500,2,80,17.528,17.512,14.842,1,0,0.158,2.528,,1519,22
"CrossingSweep",1500,2,81,17.847,17.847,14.648,1,0,0.164,3.036,,1507,23
"CrossingSweep",1500,2,82,16.902,16.907,15.015,1,1,0.154,1.734,,1503,23
"CrossingSweep",1500,2,83,17.736,17.734,15.736,1,1,0.177,1.824,,1516,22
"CrossingSweep",1500,2,84,17.772,17.768,15.817,1,1,0.158,1.798,,1500,23
"CrossingSweep",1500,2,85,17.017,17.010,14.760,1,1,0.162,2.095,,1511,23
"CrossingSweep",1500,2,86,16.749,16.765,14.903,1,1,0.158,1.688,,1505,23
"CrossingSweep",1500,2,87,17.385,17.366,15.319,1,1,0.159,1.906,,1514,23
"CrossingSweep",1500,2,88,17.429,17.428,15.241,1,1,0.174,2.014,,1507,23
"CrossingSweep",1500,2,89,18.877,18.875,16.759,1,1,0.191,1.927,,1515,23
"CrossingSweep",1500,2,90,17.371,17.370,15.334,1,1,0.161,1.875,,1498,21
"CrossingSweep",1500,2,91,17.265,17.263,15.199,1,1,0.172,1.894,,868,23
"CrossingSweep",1500,2,92,21.356,21.358,19.210,1,1,0.186,1.960,,1503,23
"CrossingSweep",1500,2,93,18.435,18.436,16.417,1,1,0.180,1.837,,1498,23
"CrossingSweep",1500,2,94,19.099,19.092,16.974,1,1,0.160,1.965,,1501,22
"CrossingSweep",1500,2,95,19.575,19.574,17.482,1,1,0.176,1.917,,1488,23
"CrossingSweep",1500,2,96,17.431,17.427,14.772,1,1,0.157,2.502,,1500,22
"CrossingSweep",1500,2,97,16.728,16.732,14.762,1,1,0.161,1.805,,1516,23
"CrossingSweep",1500,2,98,16.727,16.734,14.759,1,1,0.157,1.811,,1504,23
"CrossingSweep",1500,2,99,17.037,17.026,15.207,1,1,0.161,1.669,,1507,23
"CrossingSweep",1500,2,100,17.507,17.505,15.588,1,1,0.159,1.761,,1513,22
"CrossingSweep",1500,2,101,17.772,17.726,15.773,1,1,0.158,1.841,,1496,23
"CrossingSweep",1500,2,102,17.042,17.078,14.955,1,1,0.156,1.931,,1508,23
"CrossingSweep",1500,2,103,17.406,17.411,15.377,1,1,0.172,1.858,,1493,23
"CrossingSweep",1500,2,104,17.645,17.640,15.592,1,1,0.172,1.882,,1516,22
"CrossingSweep",1500,2,105,19.449,19.443,16.081,1,1,0.178,3.191,,1502,23
"CrossingSweep",1500,2,106,17.392,17.405,15.325,1,1,0.173,1.894,,1509,23
"CrossingSweep",1500,2,107,18.560,18.545,16.033,1,1,0.178,2.350,,1514,23
"CrossingSweep",1500,2,108,18.179,18.177,15.675,1,1,0.170,2.333,,1506,23
"CrossingSweep",1500,2,109,17.640,17.597,15.157,1,1,0.168,2.314,,1507,23
"CrossingSweep",1500,2,110,18.229,18.271,15.455,1,1,0.165,2.609,,1505,23
"CrossingSweep",1500,2,111,17.040,17.042,15.138,1,1,0.174,1.728,,1493,22
"CrossingSweep",1500,2,112,17.378,17.378,15.388,1,1,0.169,1.822,,1517,23
"CrossingSweep",1500,2,113,17.114,17.108,14.984,1,1,0.165,1.966,,1517,23
"CrossingSweep",1500,2,114,17.229,17.243,15.303,1,1,0.153,1.773,,1509,23
"CrossingSweep",1500,2,115,17.509,17.492,15.445,1,1,0.164,1.900,,1501,23
"CrossingSweep",1500,2,116,18.246,18.242,16.205,1,1,0.166,1.876,,1500,23
"CrossingSweep",1500,2,117,16.738,16.738,14.765,1,1,0.166,1.807,,1515,23
"CrossingSweep",1500,2,118,16.944,16.948,14.934,1,1,0.161,1.849,,1514,23
"CrossingSweep",1500,2,119,17.761,17.757,15.721,1,1,0.170,1.870,,1496,23
"CrossingSweep",1500,2,120,17.101,17.103,14.920,1,1,0.156,2.025,,1518,23
"CrossingSweep",1500,2,121,17.427,17.418,15.422,1,1,0.163,1.842,,1498,23
"CrossingSweep",1500,2,122,16.973,16.985,14.805,1,1,0.161,2.007,,1497,23
"CrossingSweep",1500,2,123,17.603,17.589,15.633,1,1,0.163,1.807,,1514,23
"CrossingSweep",1500,2,124,17.113,17.121,14.867,1,1,0.156,2.090,,1511,22
"CrossingSweep",1500,2,125,17.179,17.176,15.259,1,1,0.162,1.757,,1499,22
"CrossingSweep",1500,2,126,18.733,18.714,15.705,1,1,0.160,2.868,,1513,23
"CrossingSweep",1500,2,127,17.649,17.655,15.285,1,1,0.173,2.191,,1503,23
"CrossingSweep",1500,2,128,16.467,16.477,14.525,1,1,0.157,1.786,,1496,23
"CrossingSweep",1500,2,129,16.749,16.757,14.876,1,0,0.163,1.711,,1519,23
"CrossingSweep",1500,2,130,16.295,16.282,15.117,1,0,0.154,1.024,,1515,22
"CrossingSweep",1500,2,131,18.053,18.049,15.128,1,0,0.151,2.775,,1494,23
"CrossingSweep",1500,2,132,17.551,17.554,15.214,1,1,0.168,2.169,,1509,23
"CrossingSweep",1500,2,133,17.711,17.705,15.796,1,1,0.164,1.751,,1500,23
"CrossingSweep",1500,2,134,17.050,17.052,15.070,1,1,0.170,1.810,,1516,23
"CrossingSweep",1500,2,135,17.892,17.891,15.984,1,1,0.174,1.734,,1503,23
"CrossingSweep",1500,2,136,18.210,18.206,16.253,1,1,0.168,1.789,,1515,23
"CrossingSweep",1500,2,137,19.802,19.789,16.854,1,1,0.164,2.785,,1500,23
"CrossingSweep",1500,2,138,21.553,21.564,19.530,1,1,0.160,1.863,,1512,23
"CrossingSweep",1500,2,139,17.076,17.077,15.126,1,1,0.167,1.784,,1509,23
"CrossingSweep",1500,2,140,17.980,17.982,15.070,1,1,0.159,2.751,,1514,22
"CrossingSweep",1500,2,141,17.573,17.564,15.331,1,1,0.164,2.078,,1508,22
"CrossingSweep",1500,2,142,16.700,16.705,14.772,1,1,0.162,1.767,,1519,22
"CrossingSweep",1500,2,143,17.551,17.545,15.678,1,1,0.162,1.711,,1514,21
"CrossingSweep",1500,2,144,17.085,17.081,14.995,1,1,0.171,1.919,,1511,23
"CrossingSweep",1500,2,145,17.243,17.240,15.171,1,1,0.172,1.900,,1508,23
"CrossingSweep",1500,2,146,18.725,18.722,16.278,1,1,0.159,2.288,,1496,23
"CrossingSweep",1500,2,147,17.002,17.006,14.971,1,1,0.204,1.827,,1516,23
"CrossingSweep",1500,2,148,17.674,17.679,15.203,1,1,0.163,2.308,,1511,23
"CrossingSweep",1500,2,149,17.362,17.353,15.205,1,1,0.179,1.978,,1487,23
"CrossingSweep",1500,2,150,17.801,17.745,14.910,1,1,0.161,2.730,,1519,23
"CrossingSweep",1500,2,151,17.993,18.044,15.893,1,1,0.209,1.891,,1504,23
"CrossingSweep",1500,2,152,17.502,17.503,15.524,1,1,0.161,1.816,,1515,23
"CrossingSweep",1500,2,153,17.704,17.699,15.586,1,1,0.156,1.962,,1502,23
"CrossingSweep",1500,2,154,18.182,18.170,15.212,1,1,0.168,2.803,,1495,23
"CrossingSweep",1500,2,155,18.657,18.658,16.365,1,1,0.151,2.141,,1511,23
"CrossingSweep",1500,2,156,17.527,17.538,15.523,1,1,0.161,1.844,,1501,23
"CrossingSweep",1500,2,157,17.426,17.421,15.031,1,1,0.157,2.237,,1501,23
"CrossingSweep",1500,2,158,17.053,17.051,15.068,1,1,0.169,1.816,,1514,23
"CrossingSweep",1500,2,159,16.710,16.706,14.713,1,1,0.162,1.835,,1501,23
"CrossingSweep",1500,2,160,18.296,18.289,15.899,1,1,0.173,2.224,,1502,23
"CrossingSweep",1500,2,161,17.019,17.020,14.967,1,1,0.172,1.880,,1518,23
"CrossingSweep",1500,2,162,17.099,17.102,15.040,1,1,0.179,1.880,,1518,23
"CrossingSweep",1500,2,163,17.681,17.674,15.296,1,1,0.157,2.228,,1517,23
"CrossingSweep",1500,2,164,17.139,17.155,15.197,1,1,0.168,1.775,,1506,23
"CrossingSweep",1500,2,165,17.876,17.855,15.255,1,1,0.167,2.454,,1506,23
"CrossingSweep",1500,2,166,17.522,17.532,15.517,1,1,0.159,1.847,,1500,23
"CrossingSweep",1500,2,167,18.292,18.287,16.319,1,1,0.173,1.801,,1506,23
"CrossingSweep",1500,2,168,17.206,17.207,15.349,1,1,0.154,1.704,,1504,22
"CrossingSweep",1500,2,169,17.292,17.292,15.270,1,1,0.172,1.851,,1508,23
"CrossingSweep",1500,2,170,17.379,17.375,15.171,1,1,0.210,1.998,,1503,23
"CrossingSweep",1500,2,171,17.049,17.051,15.123,1,1,0.161,1.765,,1498,23
"CrossingSweep",1500,2,172,17.458,17.466,15.543,1,1,0.155,1.760,,1497,23
"CrossingSweep",1500,2,173,17.261,17.247,15.309,1,1,0.154,1.798,,1504,23
"CrossingSweep",1500,2,174,18.726,18.692,15.360,1,1,0.153,3.213,,1493,23
"CrossingSweep",1500,2,175,18.096,18.128,15.778,1,1,0.160,2.158,,1499,23
"CrossingSweep",1500,2,176,17.695,17.691,15.663,1,1,0.160,1.871,,1502,23
"CrossingSweep",1500,2,177,17.887,17.890,15.998,1,1,0.158,1.731,,1500,23
"CrossingSweep",1500,2,178,16.984,16.976,14.980,1,1,0.157,1.847,,1516,22
"CrossingSweep",1500,2,179,17.060,17.064,15.115,1,1,0.164,1.781,,1500,23
"CrossingSweep",1500,2,180,17.314,17.309,15.212,1,1,0.154,1.948,,1499,23
"CrossingSweep",1500,2,181,17.204,17.214,15.293,1,1,0.157,1.753,,1493,22
"CrossingSweep",1500,2,182,17.596,17.563,14.936,1,1,0.157,2.504,,1519,23
"CrossingSweep",1500,2,183,16.989,17.013,15.048,1,1,0.154,1.787,,1505,23
"CrossingSweep",1500,2,184,16.895,16.891,14.900,1,1,0.156,1.839,,1501,23
"CrossingSweep",1500,2,185,17.204,17.201,15.290,1,1,0.162,1.753,,1501,23
"CrossingSweep",1500,2,186,16.527,16.526,14.642,1,1,0.151,1.735,,1506,23
"CrossingSweep",1500,2,187,16.870,16.864,14.761,1,0,0.174,1.935,,1518,23
"CrossingSweep",1500,2,188,19.550,19.557,17.625,1,1,0.156,1.769,,1500,23
"CrossingSweep",1500,2,189,17.006,17.002,15.040,1,1,0.196,1.771,,1369,23
"CrossingSweep",1500,2,190,17.482,17.479,15.286,1,1,0.150,2.047,,1517,23
"CrossingSweep",1500,2,191,17.193,17.194,15.262,1,1,0.164,1.766,,1505,23
"CrossingSweep",1500,2,192,17.438,17.431,15.473,1,1,0.166,1.799,,1521,23
"CrossingSweep",1500,2,193,17.853,17.856,15.911,1,1,0.165,1.777,,1511,23
"CrossingSweep",1500,2,194,17.123,17.118,15.101,1,1,0.152,1.870,,1518,23
"CrossingSweep",1500,2,195,17.193,17.190,14.452,1,1,0.155,2.586,,1515,23
"CrossingSweep",1500,2,196,16.716,16.729,14.792,1,1,0.157,1.766,,1505,21
"CrossingSweep",1500,2,197,17.494,17.483,15.495,1,1,0.162,1.838,,1516,23
"CrossingSweep",1500,2,198,17.173,17.168,15.148,1,1,0.153,1.873,,1509,23
"CrossingSweep",1500,2,199,17.124,17.122,15.006,1,1,0.157,1.961,,1519,23
"CrossingSweep",1500,2,200,16.885,16.888,14.926,1,1,0.156,1.804,,1510,23
"CrossingSweep",1500,2,201,17.191,17.187,15.245,1,1,0.162,1.785,,1504,23
"CrossingSweep",1500,2,202,16.845,16.847,14.892,1,1,0.168,1.786,,1517,23
"CrossingSweep",1500,2,203,18.155,18.157,15.088,1,1,0.172,2.896,,1500,23
"CrossingSweep",1500,2,204,17.414,17.411,15.498,1,1,0.156,1.760,,1511,23
"CrossingSweep",1500,2,205,17.025,17.019,14.902,1,1,0.172,1.951,,1500,23
"CrossingSweep",1500,2,206,17.436,17.431,15.053,1,1,0.169,2.214,,1504,23
"CrossingSweep",1500,2,207,16.837,16.842,14.797,1,1,0.239,1.801,,1515,22
"CrossingSweep",1500,2,208,17.751,17.753,15.879,1,1,0.158,1.714,,1508,22
"CrossingSweep",1500,2,209,17.215,17.211,15.300,1,1,0.163,1.753,,1513,23
"CrossingSweep",1500,2,210,17.138,17.145,15.157,1,1,0.158,1.823,,1517,23
"CrossingSweep",1500,2,211,17.164,17.152,14.921,1,1,0.181,2.062,,1515,22
"CrossingSweep",1500,2,212,16.842,16.845,14.536,1,1,0.173,2.133,,1512,23
"CrossingSweep",1500,2,213,17.184,17.178,14.852,1,1,0.155,2.177,,1507,23
"CrossingSweep",1500,2,214,16.804,16.807,14.738,1,1,0.262,1.805,,1449,23
"CrossingSweep",1500,2,215,16.469,16.469,14.583,1,1,0.147,1.739,,1506,21
"CrossingSweep",1500,2,216,16.929,16.920,14.964,1,0,0.162,1.803,,1516,23
"CrossingSweep",1500,2,217,17.173,17.185,14.963,1,1,0.158,2.053,,1513,23
"CrossingSweep",1500,2,218,17.486,17.472,15.487,1,1,0.166,1.834,,1495,23
"CrossingSweep",1500,2,219,16.979,16.979,15.031,1,1,0.174,1.774,,1505,23
"CrossingSweep",1500,2,220,16.739,16.727,14.847,1,1,0.166,1.727,,1514,23
"CrossingSweep",1500,2,221,17.448,17.459,15.355,1,1,0.172,1.921,,1504,23
"CrossingSweep",1500,2,222,17.240,17.234,15.138,1,1,0.159,1.943,,1499,23
"CrossingSweep",1500,2,223,18.055,18.053,15.552,1,1,0.182,2.321,,1518,22
"CrossingSweep",1500,2,224,18.825,18.817,15.958,1,1,0.177,2.690,,1516,23
"CrossingSweep",1500,2,225,22.285,22.298,20.350,1,1,0.157,1.778,,1498,23
"CrossingSweep",1500,2,226,18.178,18.177,16.277,1,1,0.172,1.729,,1510,23
"CrossingSweep",1500,2,227,17.528,17.532,15.535,1,1,0.162,1.831,,1519,23
"CrossingSweep",1500,2,228,17.191,17.180,15.278,1,1,0.166,1.747,,1497,23
"CrossingSweep",1500,2,229,17.674,17.671,15.318,1,1,0.172,2.185,,1512,21
"CrossingSweep",1500,2,230,18.013,18.020,16.113,1,1,0.172,1.728,,1518,22
"CrossingSweep",1500,2,231,18.367,18.351,16.180,1,1,0.159,2.029,,1501,23
"CrossingSweep",1500,2,232,16.814,16.823,14.913,1,1,0.155,1.746,,1501,23
"CrossingSweep",1500,2,233,18.273,18.265,15.941,1,1,0.153,2.179,,1497,23
"CrossingSweep",1500,2,234,17.770,17.773,15.695,1,1,0.176,1.900,,1502,23
"CrossingSweep",1500,2,235,17.778,17.760,15.265,1,1,0.160,2.353,,1499,23
"CrossingSweep",1500,2,236,18.785,18.798,15.854,1,1,0.157,2.774,,1516,23
"CrossingSweep",1500,2,237,21.457,21.454,19.523,1,1,0.161,1.774,,1503,23
"CrossingSweep",1500,2,238,16.821,16.834,14.869,1,1,0.173,1.779,,1498,23
"CrossingSweep",1500,2,239,16.923,16.911,14.973,1,1,0.152,1.798,,1506,23
"CrossingSweep",1500,2,240,18.398,18.397,15.345,1,1,0.162,2.891,,1517,23
"CrossingSweep",1500,2,241,17.156,17.155,15.085,1,1,0.163,1.909,,1491,23
"CrossingSweep",1500,2,242,18.356,18.355,16.341,1,1,0.165,1.851,,1495,23
"CrossingSweep",1500,2,243,17.819,17.818,15.937,1,1,0.157,1.726,,1493,23
"CrossingSweep",1500,2,244,17.357,17.355,15.089,1,1,0.161,2.107,,1502,23
"CrossingSweep",1500,2,245,18.675,18.667,16.537,1,1,0.164,1.973,,1508,23
"CrossingSweep",1500,2,246,17.449,17.461,15.369,1,1,0.163,1.917,,1499,23
"CrossingSweep",1500,2,247,17.580,17.565,15.572,1,1,0.186,1.823,,1508,23
"CrossingSweep",1500,2,248,18.857,18.851,15.685,1,1,0.157,3.016,,1507,23
"CrossingSweep",1500,2,249,18.078,18.079,15.349,1,1,0.196,2.533,,1491,23
"CrossingSweep",1500,2,250,17.950,17.946,15.519,1,1,0.169,2.262,,1519,23
"CrossingSweep",1500,2,251,16.446,16.455,14.590,1,1,0.152,1.705,,1511,23
"CrossingSweep",1500,2,252,16.726,16.722,15.340,1,0,0.158,1.228,,1518,23
"CrossingSweep",1500,2,253,17.638,17.638,15.337,1,0,0.162,2.139,,1501,23
"CrossingSweep",1500,2,254,16.762,16.764,14.786,1,1,0.156,1.820,,1518,22
"CrossingSweep",1500,2,255,19.779,19.766,17.063,1,1,0.243,2.473,,1497,23
"CrossingSweep",1500,2,256,19.402,19.414,17.613,1,1,0.159,1.630,,1518,23
"CrossingSweep",1500,2,257,17.612,17.604,15.408,1,1,0.170,2.033,,1502,23
"CrossingSweep",1500,2,258,17.312,17.309,15.261,1,1,0.184,1.867,,1494,23
"CrossingSweep",1500,2,259,17.816,17.803,15.153,1,1,0.167,2.496,,1492,20
"CrossingSweep",1500,2,260,21.635,21.645,19.592,1,1,0.179,1.864,,1500,21
"CrossingSweep",1500,2,261,16.913,16.916,15.007,1,1,0.158,1.749,,1488,23
"CrossingSweep",1500,2,262,17.961,17.951,15.655,1,1,0.170,2.136,,1509,22
"CrossingSweep",1500,2,263,16.586,16.596,14.667,1,1,0.159,1.761,,1516,23
"CrossingSweep",1500,2,264,17.333,17.329,15.413,1,0,0.172,1.748,,1513,23
"CrossingSweep",1500,2,265,18.169,18.168,16.203,1,1,0.172,1.794,,1503,23
"CrossingSweep",1500,2,266,18.260,18.258,16.270,1,1,0.166,1.825,,1503,23
"CrossingSweep",1500,2,267,18.443,18.430,15.125,1,1,0.152,3.166,,1502,22
"CrossingSweep",1500,2,268,17.486,17.494,15.166,1,1,0.166,2.154,,1491,23
"CrossingSweep",1500,2,269,17.568,17.557,15.134,1,1,0.161,2.273,,1515,23
"CrossingSweep",1500,2,270,16.561,16.574,14.663,1,1,0.158,1.740,,1505,23
"CrossingSweep",1500,2,271,17.113,17.102,15.144,1,0,0.153,1.816,,1511,23
"CrossingSweep",1500,2,272,16.997,17.001,14.640,1,1,0.161,2.196,,1509,23
"CrossingSweep",1500,2,273,17.175,17.167,15.226,1,1,0.159,1.791,,1510,23
"CrossingSweep",1500,2,274,18.560,18.573,16.310,1,1,0.158,2.092,,1513,23
"CrossingSweep",1500,2,275,16.633,16.617,14.533,1,1,0.175,1.925,,1508,23
"CrossingSweep",1500,2,276,16.603,16.606,14.324,1,0,0.162,2.117,,1506,23
"CrossingSweep",1500,2,277,16.978,16.977,15.079,1,0,0.149,1.750,,1516,23
"CrossingSweep",1500,2,278,18.270,18.258,16.028,1,1,0.166,2.077,,1509,22
"CrossingSweep",1500,2,279,18.176,18.186,16.169,1,1,0.172,1.834,,1507,23
"CrossingSweep",1500,2,280,17.023,17.022,15.050,1,1,0.173,1.801,,1488,23
"CrossingSweep",1500,2,281,16.708,16.715,14.913,1,1,0.151,1.644,,1501,23
"CrossingSweep",1500,2,282,17.888,17.850,15.155,1,1,0.167,2.566,,1518,23
"CrossingSweep",1500,2,283,18.085,18.111,15.958,1,1,0.179,1.948,,1188,21
"CrossingSweep",1500,2,284,16.638,16.642,14.756,1,1,0.154,1.729,,1511,23
"CrossingSweep",1500,2,285,17.275,17.271,16.024,1,0,0.181,1.071,,1390,23
"CrossingSweep",1500,2,286,18.215,18.218,16.203,1,1,0.163,1.850,,1518,23
"CrossingSweep",1500,2,287,17.824,17.807,15.073,1,1,0.157,2.594,,1510,23
"CrossingSweep",1500,2,288,18.244,18.255,16.301,1,1,0.157,1.786,,1513,23
"CrossingSweep",1500,2,289,18.048,18.038,15.778,1,1,0.158,2.112,,1505,23
"CrossingSweep",1500,2,290,17.261,17.275,14.956,1,1,0.163,2.143,,1509,23
"CrossingSweep",1500,2,291,17.323,17.316,15.319,1,1,0.168,1.836,,1498,23
"CrossingSweep",1500,2,292,17.865,17.849,15.036,1,1,0.167,2.661,,1350,22
"CrossingSweep",1500,2,293,18.039,18.051,16.018,1,1,0.167,1.854,,1508,23
"CrossingSweep",1500,2,294,17.186,17.180,15.246,1,1,0.155,1.785,,1510,23
"CrossingSweep",1500,2,295,17.594,17.595,15.551,1,1,0.173,1.870,,1513,23
"CrossingSweep",1500,2,296,18.916,18.918,16.787,1,1,0.182,1.947,,1508,23
"CrossingSweep",1500,2,297,17.652,17.644,15.645,1,1,0.166,1.841,,1507,23
"CrossingSweep",1500,2,298,19.143,19.142,15.586,1,1,0.176,3.382,,1499,23
"CrossingSweep",1500,2,299,18.244,18.243,15.996,1,1,0.164,2.084,,1486,23
"CrossingSweep",1750,2,0,22.830,22.825,20.717,1,1,0.205,1.908,,1750,26
"CrossingSweep",1750,2,1,22.610,22.603,20.229,1,1,0.222,2.159,,1737,26
"CrossingSweep",1750,2,2,22.472,22.477,20.049,1,1,0.253,2.170,,1755,25
"CrossingSweep",1750,2,3,22.859,22.862,20.754,1,1,0.209,1.896,,1752,26
"CrossingSweep",1750,2,4,24.674,24.663,22.199,1,1,0.215,2.261,,1744,26
"CrossingSweep",1750,2,5,22.492,22.498,20.402,1,1,0.199,1.891,,1747,26
"CrossingSweep",1750,2,6,23.418,23.406,20.897,1,1,0.213,2.308,,1759,26
"CrossingSweep",1750,2,7,24.180,24.183,21.382,1,1,0.204,2.594,,1756,25
"CrossingSweep",1750,2,8,26.056,26.043,23.305,1,1,0.198,2.554,,1753,26
"CrossingSweep",1750,2,9,21.864,21.879,19.854,1,1,0.202,1.809,,1738,26
"CrossingSweep",1750,2,10,22.763,22.760,20.418,1,1,0.196,2.150,,1744,26
"CrossingSweep",1750,2,11,23.368,23.316,20.987,1,1,0.195,2.186,,1759,26
"CrossingSweep",1750,2,12,22.746,22.788,20.146,1,1,0.192,2.408,,1762,26
"CrossingSweep",1750,2,13,22.417,22.423,20.182,1,1,0.204,2.031,,1736,26
"CrossingSweep",1750,2,14,22.364,22.359,20.023,1,1,0.195,2.146,,1748,26
"CrossingSweep",1750,2,15,22.251,22.257,20.174,1,1,0.196,1.881,,1752,26
"CrossingSweep",1750,2,16,23.700,23.682,20.375,1,1,0.190,3.135,,1753,26
"CrossingSweep",1750,2,17,23.791,23.803,21.645,1,1,0.221,1.925,,1746,26
"CrossingSweep",1750,2,18,23.309,23.271,20.861,1,1,0.187,2.262,,1742,26
"CrossingSweep",1750,2,19,25.226,25.248,21.654,1,1,0.209,3.364,,1746,26
"CrossingSweep",1750,2,20,25.966,25.975,22.814,1,1,0.201,2.951,,1760,26
"CrossingSweep",1750,2,21,22.609,22.610,20.469,1,1,0.214,1.925,,1726,25
"CrossingSweep",1750,2,22,24.164,24.145,20.567,1,1,0.201,3.396,,1754,25
"CrossingSweep",1750,2,23,22.593,22.606,20.486,1,1,0.203,1.904,,1607,25
"CrossingSweep",1750,2,24,22.626,22.623,20.226,1,1,0.197,2.203,,1755,26
"CrossingSweep",1750,2,25,22.603,22.606,20.523,1,1,0.190,1.890,,1757,26
"CrossingSweep",1750,2,26,23.222,23.217,20.798,1,1,0.204,2.220,,1748,26
"CrossingSweep",1750,2,27,24.334,24.339,21.794,1,1,0.224,2.317,,1744,26
"CrossingSweep",1750,2,28,23.199,23.184,20.775,1,1,0.197,2.227,,1759,26
"CrossingSweep",1750,2,29,23.920,23.929,21.807,1,1,0.201,1.912,,1755,26
"CrossingSweep",1750,2,30,23.289,23.283,20.795,1,1,0.195,2.300,,1753,26
"CrossingSweep",1750,2,31,22.478,22.482,20.372,1,1,0.202,1.905,,1760,26
"CrossingSweep",1750,2,32,22.300,22.293,20.068,1,1,0.201,2.031,,1762,26
"CrossingSweep",1750,2,33,23.487,23.490,21.321,1,1,0.199,1.967,,1757,25
"CrossingSweep",1750,2,34,23.373,23.370,21.261,1,1,0.188,1.924,,1765,26
"CrossingSweep",1750,2,35,22.794,22.794,20.648,1,1,0.205,1.941,,1755,26
"CrossingSweep",1750,2,36,22.595,22.595,20.396,1,1,0.222,1.978,,1760,26
"CrossingSweep",1750,2,37,23.394,23.390,21.210,1,1,0.194,1.991,,1757,26
"CrossingSweep",1750,2,38,23.471,23.461,20.241,1,1,0.212,3.018,,1744,26
"CrossingSweep",1750,2,39,23.353,23.359,21.258,1,1,0.214,1.881,,1757,26
"CrossingSweep",1750,2,40,22.791,22.788,20.694,1,1,0.201,1.896,,1754,25
"CrossingSweep",1750,2,41,22.970,22.969,20.919,1,1,0.201,1.850,,1755,26
"CrossingSweep",1750,2,42,23.443,23.450,21.253,1,1,0.204,1.986,,1756,25
"CrossingSweep",1750,2,43,23.723,23.710,21.469,1,1,0.195,2.058,,1762,26
"CrossingSweep",1750,2,44,22.598,22.602,20.324,1,1,0.203,2.071,,1766,26
"CrossingSweep",1750,2,45,22.888,22.890,20.754,1,1,0.192,1.942,,1761,26
"CrossingSweep",1750,2,46,21.924,21.920,19.770,1,1,0.188,1.966,,1755,26
"CrossingSweep",1750,2,47,22.259,22.246,20.115,1,1,0.200,1.944,,1750,25
"CrossingSweep",1750,2,48,23.909,23.918,20.829,1,1,0.219,2.862,,1750,26
"CrossingSweep",1750,2,49,22.649,22.646,20.523,1,1,0.204,1.922,,1748,26
"CrossingSweep",1750,2,50,24.094,24.072,20.854,1,1,0.200,3.039,,1760,26
"CrossingSweep",1750,2,51,24.682,24.685,21.609,1,1,0.214,2.859,,1755,26
"CrossingSweep",1750,2,52,26.423,26.439,24.363,1,1,0.207,1.854,,1757,26
"CrossingSweep",1750,2,53,22.310,22.312,20.313,1,1,0.181,1.816,,1762,26
"CrossingSweep",1750,2,54,23.188,23.179,20.783,1,1,0.198,2.207,,1755,26
"CrossingSweep",1750,2,55,22.713,22.715,20.327,1,1,0.203,2.183,,1766,26
"CrossingSweep",1750,2,56,21.690,21.692,19.646,1,1,0.191,1.854,,1749,26
"CrossingSweep",1750,2,57,23.282,23.269,20.178,1,1,0.194,2.910,,1756,26
"CrossingSweep",1750,2,58,24.572,24.579,21.040,1,1,0.192,3.340,,1758,26
"CrossingSweep",1750,2,59,22.487,22.488,20.421,1,1,0.190,1.876,,1747,26
"CrossingSweep",1750,2,60,22.191,22.191,19.707,1,1,0.187,2.297,,1758,26
"CrossingSweep",1750,2,61,24.753,24.743,22.301,1,1,0.203,2.250,,1754,26
"CrossingSweep",1750,2,62,22.683,22.687,20.559,1,1,0.194,1.930,,1733,26
"CrossingSweep",1750,2,63,21.910,21.909,19.853,1,1,0.190,1.868,,1760,25
"CrossingSweep",1750,2,64,22.885,22.878,20.418,1,1,0.195,2.272,,1758,26
"CrossingSweep",1750,2,65,22.334,22.333,20.246,1,1,0.206,1.882,,1748,25
"CrossingSweep",1750,2,66,21.952,21.954,19.818,1,1,0.201,1.933,,1749,26
"CrossingSweep",1750,2,67,24.673,24.670,22.519,1,1,0.193,1.961,,1759,26
"CrossingSweep",1750,2,68,22.728,22.726,20.231,1,1,0.200,2.297,,1759,26
"CrossingSweep",1750,2,69,22.587,22.590,20.474,1,1,0.192,1.921,,1759,26
"CrossingSweep",1750,2,70,22.220,22.221,20.140,1,1,0.190,1.891,,1752,26
"CrossingSweep",1750,2,71,24.066,24.053,20.688,1,1,0.271,3.107,,1741,26
"CrossingSweep",1750,2,72,21.714,21.725,19.710,1,1,0.198,1.805,,1752,25
"CrossingSweep",1750,2,73,22.250,22.246,20.187,1,1,0.203,1.861,,1761,26
"CrossingSweep",1750,2,74,22.228,22.223,20.067,1,1,0.205,1.957,,1761,26
"CrossingSweep",1750,2,75,22.289,22.289,20.164,1,1,0.202,1.923,,1740,26
"CrossingSweep",1750,2,76,23.489,23.484,21.333,1,1,0.203,1.953,,1758,26
"CrossingSweep",1750,2,77,22.199,22.201,20.017,1,1,0.202,1.980,,1755,26
"CrossingSweep",1750,2,78,22.803,22.802,20.784,1,1,0.186,1.833,,1755,25
"CrossingSweep",1750,2,79,23.115,23.093,20.028,1,1,0.188,2.898,,1756,26
"CrossingSweep",1750,2,80,26.603,26.622,24.489,1,1,0.201,1.913,,1751,26
"CrossingSweep",1750,2,81,22.704,22.700,20.233,1,1,0.195,2.277,,1661,26
"CrossingSweep",1750,2,82,22.922,22.919,20.751,1,1,0.204,1.966,,1746,26
"CrossingSweep",1750,2,83,22.071,22.076,20.047,1,1,0.203,1.820,,1738,26
"CrossingSweep",1750,2,84,23.484,23.473,20.986,1,1,0.197,2.301,,1755,26
"CrossingSweep",1750,2,85,22.512,22.518,20.518,1,1,0.202,1.793,,1746,26
"CrossingSweep",1750,2,86,22.241,22.243,20.128,1,1,0.192,1.921,,1758,26
"CrossingSweep",1750,2,87,22.205,22.204,20.094,1,1,0.190,1.922,,1745,26
"CrossingSweep",1750,2,88,22.419,22.415,20.331,1,1,0.188,1.900,,1762,26
"CrossingSweep",1750,2,89,23.416,23.412,21.364,1,1,0.195,1.858,,1747,26
"CrossingSweep",1750,2,90,22.905,22.905,20.774,1,1,0.194,1.937,,1759,26
"CrossingSweep",1750,2,91,23.073,23.063,20.725,1,1,0.244,2.103,,1761,26
"CrossingSweep",1750,2,92,22.123,22.128,19.935,1,1,0.215,1.974,,1743,26
"CrossingSweep",1750,2,93,22.317,22.319,20.312,1,1,0.202,1.803,,1756,26
"CrossingSweep",1750,2,94,22.993,22.992,20.621,1,1,0.232,2.140,,1758,26
"CrossingSweep",1750,2,95,22.700,22.699,20.617,1,1,0.196,1.887,,1764,26
"CrossingSweep",1750,2,96,23.230,23.225,21.142,1,1,0.199,1.889,,1756,26
"CrossingSweep",1750,2,97,23.161,23.162,21.024,1,1,0.221,1.916,,1752,26
"CrossingSweep",1750,2,98,22.106,22.107,20.035,1,1,0.197,1.875,,1755,26
"CrossingSweep",1750,2,99,22.282,22.274,20.274,1,1,0.198,1.811,,1758,26
"CrossingSweep",1750,2,100,23.197,23.194,20.066,1,1,0.199,2.932,,1763,26
"CrossingSweep",1750,2,101,22.531,22.540,20.474,1,1,0.195,1.862,,1753,26
"CrossingSweep",1750,2,102,22.219,22.218,20.143,1,1,0.190,1.886,,1765,26
"CrossingSweep",1750,2,103,22.239,22.234,19.698,1,1,0.189,2.352,,1755,26
"CrossingSweep",1750,2,104,24.330,24.329,21.423,1,1,0.201,2.706,,1571,26
"CrossingSweep",1750,2,105,22.759,22.761,20.731,1,1,0.190,1.838,,1757,26
"CrossingSweep",1750,2,106,26.241,26.238,24.041,1,1,0.220,1.980,,1755,26
"CrossingSweep",1750,2,107,22.397,22.397,20.365,1,1,0.185,1.848,,1763,25
"CrossingSweep",1750,2,108,28.448,28.443,26.263,1,1,0.190,1.995,,1761,26
"CrossingSweep",1750,2,109,23.463,23.465,21.384,1,1,0.210,1.868,,1747,26
"CrossingSweep",1750,2,110,28.737,28.717,25.806,1,1,0.210,2.721,,1756,26
"CrossingSweep",1750,2,111,25.864,25.873,23.833,1,1,0.189,1.842,,1756,26
"CrossingSweep",1750,2,112,25.052,25.052,22.631,1,1,0.205,2.217,,1754,26
"CrossingSweep",1750,2,113,24.598,24.599,22.330,1,1,0.216,2.052,,1747,26
"CrossingSweep",1750,2,114,25.320,25.287,22.390,1,1,0.218,2.713,,1754,26
"CrossingSweep",1750,2,115,22.856,22.888,20.837,1,1,0.202,1.817,,1740,26
"CrossingSweep",1750,2,116,23.917,23.899,20.885,1,1,0.189,2.843,,1764,26
"CrossingSweep",1750,2,117,22.728,22.735,20.181,1,1,0.195,2.352,,1745,26
"CrossingSweep",1750,2,118,22.124,22.124,19.982,1,1,0.201,1.942,,1762,26
"CrossingSweep",1750,2,119,22.511,22.513,20.373,1,1,0.199,1.939,,1760,26
"CrossingSweep",1750,2,120,22.234,22.232,20.083,1,1,0.191,1.960,,1760,25
"CrossingSweep",1750,2,121,22.267,22.267,20.270,1,1,0.191,1.806,,1754,26
"CrossingSweep",1750,2,122,22.763,22.752,19.883,1,1,0.200,2.681,,1760,26
"CrossingSweep",1750,2,123,22.371,22.377,19.678,1,1,0.199,2.494,,1751,26
"CrossingSweep",1750,2,124,22.377,22.374,20.352,1,1,0.200,1.825,,1729,26
"CrossingSweep",1750,2,125,22.741,22.743,20.690,1,1,0.237,1.814,,1759,26
"CrossingSweep",1750,2,126,22.166,22.160,19.948,1,1,0.191,2.027,,1766,26
"CrossingSweep",1750,2,127,23.766,23.766,20.805,1,1,0.203,2.758,,1761,24
"CrossingSweep",1750,2,128,21.768,21.771,19.615,1,1,0.195,1.958,,1756,26
"CrossingSweep",1750,2,129,22.131,22.128,20.073,1,1,0.190,1.868,,1748,26
"CrossingSweep",1750,2,130,22.859,22.841,20.131,1,1,0.182,2.546,,1761,26
"CrossingSweep",1750,2,131,23.585,23.593,20.654,1,1,0.195,2.735,,1743,26
"CrossingSweep",1750,2,132,23.397,23.401,21.335,1,1,0.185,1.876,,1727,25
"CrossingSweep",1750,2,133,23.200,23.193,20.943,1,1,0.183,2.074,,1754,26
"CrossingSweep",1750,2,134,23.021,23.025,20.972,1,1,0.204,1.844,,1750,26
"CrossingSweep",1750,2,135,22.102,22.093,19.566,1,1,0.200,2.335,,1763,26
"CrossingSweep",1750,2,136,22.930,22.931,20.549,1,1,0.201,2.180,,1751,24
"CrossingSweep",1750,2,137,22.437,22.433,20.326,1,1,0.202,1.909,,1758,26
"CrossingSweep",1750,2,138,23.057,23.058,20.933,1,1,0.205,1.920,,1764,26
"CrossingSweep",1750,2,139,22.796,22.799,20.644,1,1,0.203,1.950,,1745,25
"CrossingSweep",1750,2,140,25.032,25.021,22.609,1,1,0.201,2.223,,1758,26
"CrossingSweep",1750,2,141,21.917,21.927,19.769,1,1,0.212,1.936,,1756,26
"CrossingSweep",1750,2,142,22.585,22.582,20.437,1,1,0.203,1.946,,1760,25
"CrossingSweep",1750,2,143,22.340,22.335,20.219,1,1,0.194,1.927,,1757,26
"CrossingSweep",1750,2,144,23.223,23.222,21.020,1,1,0.213,1.990,,1762,26
"CrossingSweep",1750,2,145,23.324,23.321,19.973,1,1,0.185,3.166,,1751,26
"CrossingSweep",1750,2,146,22.962,22.967,20.344,1,1,0.185,2.433,,1759,25
"CrossingSweep",1750,2,147,23.055,23.050,20.852,1,1,0.204,1.999,,1755,26
"CrossingSweep",1750,2,148,22.379,22.382,20.245,1,1,0.191,1.944,,1761,26
"CrossingSweep",1750,2,149,22.780,22.779,20.713,1,1,0.194,1.873,,1759,26
"CrossingSweep",1750,2,150,23.154,23.134,20.288,1,1,0.199,2.667,,1742,26
"CrossingSweep",1750,2,151,22.374,22.391,20.198,1,1,0.197,1.979,,1755,26
"CrossingSweep",1750,2,152,22.921,22.919,20.739,1,1,0.186,1.997,,1756,26
"CrossingSweep",1750,2,153,25.928,25.923,23.676,1,1,0.246,2.006,,1752,26
"CrossingSweep",1750,2,154,22.690,22.692,20.599,1,1,0.195,1.897,,1760,26
"CrossingSweep",1750,2,155,22.865,22.853,20.113,1,1,0.204,2.548,,1738,26
"CrossingSweep",1750,2,156,22.638,22.618,20.469,1,1,0.190,1.980,,1756,26
"CrossingSweep",1750,2,157,22.991,23.020,20.831,1,1,0.187,1.973,,1746,26
"CrossingSweep",1750,2,158,22.722,22.723,20.651,1,1,0.244,1.828,,1762,26
"CrossingSweep",1750,2,159,22.453,22.446,20.330,1,1,0.189,1.934,,1763,26
"CrossingSweep",1750,2,160,22.571,22.573,20.274,1,1,0.200,2.096,,1752,26
"CrossingSweep",1750,2,161,23.118,23.118,21.044,1,1,0.202,1.873,,1764,26
"CrossingSweep",1750,2,162,23.302,23.295,20.813,1,1,0.197,2.292,,1753,26
"CrossingSweep",1750,2,163,23.299,23.298,21.169,1,1,0.195,1.935,,1752,26
"CrossingSweep",1750,2,164,23.076,23.078,21.029,1,1,0.203,1.845,,1759,26
"CrossingSweep",1750,2,165,22.804,22.796,20.049,1,1,0.188,2.567,,1754,26
"CrossingSweep",1750,2,166,23.766,23.765,21.101,1,1,0.214,2.452,,1761,26
"CrossingSweep",1750,2,167,22.511,22.508,19.964,1,1,0.202,2.346,,1760,24
"CrossingSweep",1750,2,168,22.767,22.769,20.562,1,1,0.197,2.007,,1763,25
"CrossingSweep",1750,2,169,22.944,22.946,20.768,1,1,0.201,1.975,,1759,26
"CrossingSweep",1750,2,170,22.252,22.247,20.082,1,1,0.198,1.972,,1763,26
"CrossingSweep",1750,2,171,24.486,24.485,22.411,1,1,0.190,1.885,,1750,26
"CrossingSweep",1750,2,172,22.439,22.432,19.806,1,1,0.199,2.434,,1758,26
"CrossingSweep",1750,2,173,23.151,23.150,20.025,1,1,0.200,2.926,,1721,25
"CrossingSweep",1750,2,174,22.429,22.436,20.380,1,1,0.192,1.857,,1756,26
"CrossingSweep",1750,2,175,22.766,22.762,20.669,1,1,0.184,1.914,,1763,26
"CrossingSweep",1750,2,176,23.740,23.739,20.573,1,1,0.322,2.845,,1745,26
"CrossingSweep",1750,2,177,22.172,22.171,19.965,1,1,0.196,2.011,,1747,26
"CrossingSweep",1750,2,178,24.586,24.573,22.104,1,1,0.196,2.287,,1742,26
"CrossingSweep",1750,2,179,21.781,21.786,19.632,1,1,0.209,1.941,,1748,26
"CrossingSweep",1750,2,180,23.020,23.027,20.860,1,1,0.268,1.892,,1757,26
"CrossingSweep",1750,2,181,23.029,23.024,20.953,1,1,0.194,1.883,,1750,26
"CrossingSweep",1750,2,182,23.897,23.895,21.596,1,1,0.202,2.099,,1750,26
"CrossingSweep",1750,2,183,24.731,24.728,21.277,1,1,0.195,3.259,,1745,26
"CrossingSweep",1750,2,184,22.573,22.575,20.402,1,1,0.221,1.950,,1753,26
"CrossingSweep",1750,2,185,23.063,23.063,21.004,1,1,0.187,1.872,,1756,26
"CrossingSweep",1750,2,186,23.262,23.248,20.219,1,1,0.189,2.855,,1752,26
"CrossingSweep",1750,2,187,24.236,24.239,20.749,1,1,0.191,3.296,,1749,24
"CrossingSweep",1750,2,188,22.631,22.635,20.504,1,1,0.195,1.931,,1750,26
"CrossingSweep",1750,2,189,23.433,23.429,21.174,1,1,0.197,2.061,,1747,26
"CrossingSweep",1750,2,190,22.775,22.733,20.171,1,1,0.204,2.400,,1765,25
"CrossingSweep",1750,2,191,22.656,22.698,20.571,1,1,0.197,1.889,,1753,26
"CrossingSweep",1750,2,192,23.305,23.307,20.941,1,1,0.191,2.173,,1759,26
"CrossingSweep",1750,2,193,24.381,24.369,22.157,1,1,0.209,2.015,,1748,26
"CrossingSweep",1750,2,194,23.783,23.792,21.609,1,1,0.233,1.941,,1754,26
"CrossingSweep",1750,2,195,23.056,23.044,20.827,1,1,0.251,1.978,,1756,25
"CrossingSweep",1750,2,196,23.817,23.821,21.256,1,1,0.242,2.319,,1753,26
"CrossingSweep",1750,2,197,22.595,22.591,20.390,1,1,0.191,2.014,,1757,26
"CrossingSweep",1750,2,198,23.404,23.406,21.322,1,1,0.210,1.873,,1767,26
"CrossingSweep",1750,2,199,22.971,22.929,20.400,1,1,0.195,2.376,,1757,26
"CrossingSweep",1750,2,200,22.911,22.957,20.872,1,1,0.191,1.849,,1744,26
"CrossingSweep",1750,2,201,24.338,24.289,21.475,1,1,0.198,2.664,,1739,26
"CrossingSweep",1750,2,202,23.385,23.421,21.157,1,1,0.221,2.007,,1740,26
"CrossingSweep",1750,2,203,23.076,23.078,20.982,1,1,0.199,1.895,,1757,26
"CrossingSweep",1750,2,204,23.335,23.335,21.012,1,1,0.204,2.119,,1748,26
"CrossingSweep",1750,2,205,22.997,22.994,20.868,1,1,0.207,1.922,,1753,26
"CrossingSweep",1750,2,206,24.229,24.223,21.214,1,1,0.214,2.801,,1761,26
"CrossingSweep",1750,2,207,23.855,23.861,21.667,1,1,0.197,1.991,,1760,26
"CrossingSweep",1750,2,208,23.361,23.358,21.279,1,1,0.196,1.886,,1757,26
"CrossingSweep",1750,2,209,23.018,23.014,20.781,1,1,0.258,1.979,,1759,26
"CrossingSweep",1750,2,210,23.107,23.104,20.611,1,1,0.191,2.305,,1766,25
"CrossingSweep",1750,2,211,23.258,23.262,21.122,1,1,0.198,1.939,,1766,26
"CrossingSweep",1750,2,212,23.369,23.356,20.622,1,1,0.206,2.541,,1766,26
"CrossingSweep",1750,2,213,22.921,22.934,20.816,1,1,0.216,1.890,,1751,26
"CrossingSweep",1750,2,214,23.410,23.392,20.527,1,1,0.193,2.690,,1748,26
"CrossingSweep",1750,2,215,21.964,21.973,19.701,1,1,0.194,2.069,,1759,26
"CrossingSweep",1750,2,216,23.381,23.344,20.907,1,1,0.205,2.269,,1759,26
"CrossingSweep",1750,2,217,22.937,22.979,20.856,1,1,0.196,1.885,,1758,26
"CrossingSweep",1750,2,218,23.581,23.575,21.485,1,1,0.196,1.900,,1762,26
"CrossingSweep",1750,2,219,24.252,24.250,21.362,1,1,0.233,2.657,,1754,26
"CrossingSweep",1750,2,220,24.017,24.014,21.895,1,1,0.196,1.926,,1753,25
"CrossingSweep",1750,2,221,24.409,24.407,21.270,1,1,0.204,2.935,,1759,26
"CrossingSweep",1750,2,222,24.030,24.021,21.700,1,1,0.204,2.126,,1758,25
"CrossingSweep",1750,2,223,24.009,24.018,21.348,1,1,0.209,2.453,,1762,26
"CrossingSweep",1750,2,224,23.809,23.806,21.574,1,1,0.192,2.043,,1764,26
"CrossingSweep",1750,2,225,23.646,23.643,20.805,1,1,0.204,2.637,,1752,26
"CrossingSweep",1750,2,226,22.773,22.778,20.685,1,1,0.191,1.897,,1751,25
"CrossingSweep",1750,2,227,24.161,24.154,21.802,1,1,0.267,2.092,,1758,25
"CrossingSweep",1750,2,228,23.212,23.212,20.788,1,1,0.204,2.220,,1750,26
"CrossingSweep",1750,2,229,22.788,22.788,20.602,1,1,0.198,1.988,,1760,26
"CrossingSweep",1750,2,230,23.880,23.877,21.622,1,1,0.257,2.001,,1755,26
"CrossingSweep",1750,2,231,23.550,23.549,21.281,1,1,0.202,2.066,,1750,26
"CrossingSweep",1750,2,232,23.498,23.485,21.044,1,1,0.187,2.267,,1753,26
"CrossingSweep",1750,2,233,22.992,22.999,20.731,1,1,0.209,2.053,,1757,26
"CrossingSweep",1750,2,234,24.542,24.543,22.472,1,1,0.207,1.864,,1757,26
"CrossingSweep",1750,2,235,22.425,22.420,20.337,1,1,0.189,1.900,,1768,26
"CrossingSweep",1750,2,236,23.408,23.409,21.273,1,1,0.199,1.936,,1741,26
"CrossingSweep",1750,2,237,22.372,22.371,20.203,1,1,0.200,1.969,,1744,25
"CrossingSweep",1750,2,238,23.992,23.979,21.026,1,1,0.189,2.778,,1766,26
"CrossingSweep",1750,2,239,26.949,26.963,24.801,1,1,0.197,1.952,,1737,26
"CrossingSweep",1750,2,240,23.541,23.535,21.325,1,1,0.197,2.018,,1742,26
"CrossingSweep",1750,2,241,24.132,24.122,21.373,1,1,0.195,2.564,,1755,26
"CrossingSweep",1750,2,242,22.666,22.669,20.524,1,1,0.186,1.957,,1757,25
"CrossingSweep",1750,2,243,24.514,24.515,21.139,1,1,0.196,3.179,,1746,26
"CrossingSweep",1750,2,244,24.075,24.070,21.332,1,1,0.193,2.549,,1751,26
"CrossingSweep",1750,2,245,24.112,24.114,21.574,1,1,0.209,2.328,,1749,26
"CrossingSweep",1750,2,246,23.712,23.712,21.541,1,1,0.203,1.968,,1760,26
"CrossingSweep",1750,2,247,25.219,25.213,21.553,1,1,0.205,3.461,,1754,26
"CrossingSweep",1750,2,248,24.938,24.911,21.518,1,1,0.193,3.227,,1758,26
"CrossingSweep",1750,2,249,24.425,24.448,21.793,1,1,0.246,2.386,,1755,26
"CrossingSweep",1750,2,250,24.060,24.060,21.154,1,1,0.191,2.715,,1760,25
"CrossingSweep",1750,2,251,23.719,23.716,21.486,1,1,0.213,2.020,,1751,26
"CrossingSweep",1750,2,252,23.274,23.270,20.963,1,1,0.194,2.117,,1751,25
"CrossingSweep",1750,2,253,23.289,23.295,21.131,1,1,0.197,1.961,,1756,26
"CrossingSweep",1750,2,254,23.819,23.809,21.050,1,1,0.199,2.571,,1753,26
"CrossingSweep",1750,2,255,23.586,23.590,21.525,1,1,0.208,1.853,,1749,26
"CrossingSweep",1750,2,256,23.708,23.704,21.151,1,1,0.282,2.275,,1749,26
"CrossingSweep",1750,2,257,24.442,24.442,20.986,1,1,0.196,3.260,,1753,26
"CrossingSweep",1750,2,258,23.508,23.508,21.343,1,1,0.201,1.964,,1757,24
"CrossingSweep",1750,2,259,22.592,22.596,20.462,1,1,0.201,1.930,,1762,26
"CrossingSweep",1750,2,260,24.244,24.229,21.030,1,1,0.195,3.020,,1756,25
"CrossingSweep",1750,2,261,24.439,24.446,21.126,1,1,0.236,3.077,,1764,26
"CrossingSweep",1750,2,262,23.039,23.032,20.876,1,1,0.189,1.974,,1759,25
"CrossingSweep",1750,2,263,23.069,23.066,20.337,1,1,0.199,2.534,,1755,26
"CrossingSweep",1750,2,264,22.954,22.962,20.725,1,1,0.210,2.019,,1743,26
"CrossingSweep",1750,2,265,26.219,26.212,24.084,1,1,0.202,1.933,,1752,26
"CrossingSweep",1750,2,266,26.051,26.045,23.340,1,1,0.197,2.514,,1760,25
"CrossingSweep",1750,2,267,23.217,23.224,21.044,1,1,0.198,1.975,,1760,26
"CrossingSweep",1750,2,268,22.899,22.900,20.872,1,1,0.200,1.827,,1766,26
"CrossingSweep",1750,2,269,23.650,23.635,21.138,1,1,0.227,2.284,,1747,26
"CrossingSweep",1750,2,270,23.128,23.135,20.643,1,1,0.207,2.278,,1763,25
"CrossingSweep",1750,2,271,23.888,23.872,21.059,1,1,0.195,2.634,,1758,26
"CrossingSweep",1750,2,272,23.738,23.754,21.521,1,1,0.203,2.014,,1737,26
"CrossingSweep",1750,2,273,23.605,23.603,21.223,1,1,0.202,2.180,,1762,26
"CrossingSweep",1750,2,274,24.324,24.302,21.257,1,1,0.226,2.841,,1749,26
"CrossingSweep",1750,2,275,25.130,25.142,21.806,1,1,0.201,3.123,,1761,26
"CrossingSweep",1750,2,276,24.729,24.730,22.445,1,1,0.206,2.077,,1763,26
"CrossingSweep",1750,2,277,22.320,22.321,20.198,1,1,0.185,1.937,,1764,26
"CrossingSweep",1750,2,278,23.260,23.254,20.606,1,1,0.191,2.464,,1762,26
"CrossingSweep",1750,2,279,23.111,23.114,20.991,1,1,0.199,1.921,,1752,26
"CrossingSweep",1750,2,280,23.138,23.134,20.680,1,1,0.208,2.250,,1761,26
"CrossingSweep",1750,2,281,22.308,22.308,20.134,1,1,0.188,1.985,,1747,26
"CrossingSweep",1750,2,282,23.268,23.267,21.115,1,1,0.210,1.943,,1758,26
"CrossingSweep",1750,2,283,22.806,22.802,20.315,1,1,0.184,2.307,,1763,26
"CrossingSweep",1750,2,284,23.658,23.657,20.593,1,1,0.192,2.873,,1758,26
"CrossingSweep",1750,2,285,23.684,23.686,21.196,1,1,0.201,2.287,,1757,26
"CrossingSweep",1750,2,286,22.971,22.968,20.482,1,1,0.228,2.261,,1742,26
"CrossingSweep",1750,2,287,23.965,23.966,21.115,1,1,0.196,2.655,,1755,26
"CrossingSweep",1750,2,288,22.372,22.367,20.233,1,1,0.206,1.933,,1761,26
"CrossingSweep",1750,2,289,22.860,22.838,20.045,1,1,0.194,2.622,,1759,26
"CrossingSweep",1750,2,290,27.426,27.448,25.238,1,1,0.207,1.981,,1756,26
"CrossingSweep",1750,2,291,22.923,22.922,20.696,1,1,0.195,2.032,,1766,26
"CrossingSweep",1750,2,292,24.324,24.308,21.615,1,1,0.196,2.514,,1751,26
"CrossingSweep",1750,2,293,23.185,23.203,21.063,1,1,0.190,1.932,,1753,26
"CrossingSweep",1750,2,294,22.712,22.701,20.536,1,1,0.200,1.976,,1763,26
"CrossingSweep",1750,2,295,23.751,23.746,21.290,1,1,0.207,2.253,,1751,26
"CrossingSweep",1750,2,296,23.010,23.019,20.856,1,1,0.246,1.907,,1756,26
"CrossingSweep",1750,2,297,23.380,23.372,21.205,1,1,0.234,1.941,,1762,25
"CrossingSweep",1750,2,298,23.419,23.374,20.803,1,1,0.215,2.401,,1753,24
"CrossingSweep",1750,2,299,23.361,23.405,21.168,1,1,0.195,1.998,,1764,25
"CrossingSweep",2000,2,0,30.185,30.176,27.026,1,1,0.247,2.912,,1996,28
"CrossingSweep",2000,2,1,29.302,29.298,27.004,1,1,0.235,2.063,,1991,28
"CrossingSweep",2000,2,2,30.025,30.025,27.272,1,1,0.255,2.498,,1992,28
"CrossingSweep",2000,2,3,29.877,29.884,27.637,1,1,0.293,1.947,,2001,28
"CrossingSweep",2000,2,4,30.216,30.204,27.749,1,1,0.247,2.220,,1997,28
"CrossingSweep",2000,2,5,30.069,30.049,26.509,1,1,0.240,3.321,,1990,28
"CrossingSweep",2000,2,6,29.873,29.899,27.689,1,1,0.237,1.947,,2004,27
"CrossingSweep",2000,2,7,28.997,28.992,26.768,1,1,0.233,1.996,,1997,28
"CrossingSweep",2000,2,8,29.400,29.401,27.242,1,1,0.231,1.927,,2001,27
"CrossingSweep",2000,2,9,28.778,28.775,26.688,1,1,0.234,1.857,,1982,26
"CrossingSweep",2000,2,10,28.630,28.631,26.474,1,1,0.248,1.908,,1996,28
"CrossingSweep",2000,2,11,30.131,30.129,27.442,1,1,0.253,2.436,,1991,27
"CrossingSweep",2000,2,12,29.218,29.213,26.604,1,1,0.237,2.377,,1977,28
"CrossingSweep",2000,2,13,28.968,28.959,26.556,1,1,0.232,2.180,,1980,28
"CrossingSweep",2000,2,14,30.476,30.471,26.854,1,1,0.257,3.365,,2006,28
"CrossingSweep",2000,2,15,29.022,29.036,26.738,1,1,0.234,2.050,,1989,28
"CrossingSweep",2000,2,16,29.083,29.081,26.961,1,1,0.225,1.897,,1974,28
"CrossingSweep",2000,2,17,28.833,28.827,26.582,1,1,0.229,2.022,,1991,27
"CrossingSweep",2000,2,18,28.624,28.620,25.997,1,1,0.232,2.395,,1996,28
"CrossingSweep",2000,2,19,28.729,28.736,26.562,1,1,0.244,1.923,,1995,28
"CrossingSweep",2000,2,20,28.309,28.305,26.120,1,1,0.237,1.953,,1998,28
"CrossingSweep",2000,2,21,29.093,29.096,26.834,1,1,0.229,2.030,,1977,28
"CrossingSweep",2000,2,22,30.717,30.707,27.876,1,1,0.228,2.613,,1991,28
"CrossingSweep",2000,2,23,29.231,29.237,26.905,1,1,0.266,2.060,,1995,28
"CrossingSweep",2000,2,24,29.532,29.529,27.296,1,1,0.249,1.987,,1991,28
"CrossingSweep",2000,2,25,28.986,28.987,26.838,1,1,0.234,1.914,,1989,28
"CrossingSweep",2000,2,26,29.188,29.183,27.066,1,1,0.234,1.887,,1979,27
"CrossingSweep",2000,2,27,27.935,27.936,25.767,1,1,0.236,1.933,,1984,28
"CrossingSweep",2000,2,28,29.584,29.576,27.419,1,1,0.227,1.939,,1985,28
"CrossingSweep",2000,2,29,32.138,32.134,29.276,1,1,0.303,2.560,,1993,27
"CrossingSweep",2000,2,30,28.888,28.870,26.080,1,1,0.229,2.579,,1925,28
"CrossingSweep",2000,2,31,30.593,30.612,27.048,1,1,0.230,3.315,,1995,28
"CrossingSweep",2000,2,32,29.093,29.088,26.445,1,1,0.241,2.407,,1996,28
"CrossingSweep",2000,2,33,28.754,28.759,26.539,1,1,0.238,1.977,,1999,25
"CrossingSweep",2000,2,34,28.950,28.950,26.742,1,1,0.231,1.977,,1998,28
"CrossingSweep",2000,2,35,28.445,28.438,26.133,1,1,0.231,2.081,,1997,27
"CrossingSweep",2000,2,36,28.968,28.963,26.702,1,1,0.250,2.016,,1997,28
"CrossingSweep",2000,2,37,28.767,28.765,26.489,1,1,0.233,2.045,,1993,28
"CrossingSweep",2000,2,38,29.065,29.066,26.491,1,1,0.232,2.341,,2005,28
"CrossingSweep",2000,2,39,28.710,28.714,26.504,1,1,0.245,1.961,,1997,28
"CrossingSweep",2000,2,40,29.028,29.026,26.292,1,1,0.235,2.501,,1991,28
"CrossingSweep",2000,2,41,29.265,29.264,26.951,1,1,0.236,2.078,,2002,27
"CrossingSweep",2000,2,42,30.612,30.609,27.767,1,1,0.260,2.584,,2003,28
"CrossingSweep",2000,2,43,29.496,29.491,26.757,1,1,0.259,2.479,,1992,28
"CrossingSweep",2000,2,44,28.594,28.596,26.395,1,1,0.242,1.957,,1991,28
"CrossingSweep",2000,2,45,28.658,28.657,26.406,1,1,0.237,2.015,,1990,28
"CrossingSweep",2000,2,46,29.280,29.269,26.712,1,1,0.256,2.312,,1998,28
"CrossingSweep",2000,2,47,32.186,32.191,28.951,1,1,0.253,2.981,,2007,28
"CrossingSweep",2000,2,48,31.282,31.275,28.888,1,1,0.253,2.142,,2002,28
"CrossingSweep",2000,2,49,31.438,31.445,29.127,1,1,0.251,2.061,,2008,28
"CrossingSweep",2000,2,50,30.883,30.865,28.113,1,1,0.240,2.530,,2012,28
"CrossingSweep",2000,2,51,29.119,29.129,26.881,1,1,0.252,1.986,,2001,28
"CrossingSweep",2000,2,52,33.173,33.152,30.187,1,1,0.318,2.667,,1999,27
"CrossingSweep",2000,2,53,30.447,30.463,28.163,1,1,0.243,2.041,,1973,28
"CrossingSweep",2000,2,54,29.645,29.648,27.310,1,1,0.246,2.089,,2004,28
"CrossingSweep",2000,2,55,28.788,28.785,26.505,1,1,0.238,2.046,,1995,27
"CrossingSweep",2000,2,56,28.855,28.852,26.604,1,1,0.240,2.011,,1986,28
"CrossingSweep",2000,2,57,31.723,31.725,28.706,1,1,0.250,2.767,,2004,28
"CrossingSweep",2000,2,58,30.200,30.194,27.180,1,1,0.258,2.762,,1935,28
"CrossingSweep",2000,2,59,30.955,30.955,27.072,1,1,0.359,3.524,,2005,28
"CrossingSweep",2000,2,60,28.993,28.995,26.638,1,1,0.249,2.105,,2014,27
"CrossingSweep",2000,2,61,31.983,31.967,28.987,1,1,0.248,2.749,,2009,28
"CrossingSweep",2000,2,62,29.373,29.388,27.152,1,1,0.242,1.979,,1966,28
"CrossingSweep",2000,2,63,30.589,30.567,27.399,1,1,0.240,2.950,,2001,27
"CrossingSweep",2000,2,64,31.501,31.511,28.434,1,1,0.250,2.817,,1999,28
"CrossingSweep",2000,2,65,30.666,30.676,28.224,1,1,0.241,2.201,,2002,28
"CrossingSweep",2000,2,66,30.407,30.393,28.021,1,1,0.260,2.126,,1990,28
"CrossingSweep",2000,2,67,30.575,30.576,28.236,1,1,0.255,2.085,,2001,27
"CrossingSweep",2000,2,68,31.171,31.169,28.860,1,1,0.236,2.076,,1997,28
"CrossingSweep",2000,2,69,29.442,29.443,27.097,1,1,0.251,2.093,,1997,27
"CrossingSweep",2000,2,70,29.696,29.697,27.420,1,1,0.246,2.030,,2002,27
"CrossingSweep",2000,2,71,30.074,30.057,27.405,1,1,0.249,2.420,,1993,28
"CrossingSweep",2000,2,72,30.077,30.084,27.671,1,1,0.255,2.151,,2007,27
"CrossingSweep",2000,2,73,30.431,30.435,27.600,1,1,0.244,2.587,,1999,28
"CrossingSweep",2000,2,74,30.210,30.203,27.350,1,1,0.243,2.617,,2010,28
"CrossingSweep",2000,2,75,30.842,30.845,28.418,1,1,0.254,2.169,,2006,28
"CrossingSweep",2000,2,76,30.519,30.518,28.247,1,1,0.238,2.034,,2017,28
"CrossingSweep",2000,2,77,29.549,29.546,27.333,1,1,0.233,1.983,,1994,28
"CrossingSweep",2000,2,78,30.760,30.760,28.493,1,1,0.245,2.023,,2012,28
"CrossingSweep",2000,2,79,31.356,31.349,28.367,1,1,0.255,2.734,,2004,28
"CrossingSweep",2000,2,80,31.166,31.167,28.293,1,1,0.258,2.615,,2014,28
"CrossingSweep",2000,2,81,30.853,30.847,28.172,1,1,0.251,2.430,,2000,28
"CrossingSweep",2000,2,82,31.558,31.562,29.112,1,1,0.246,2.200,,1979,28
"CrossingSweep",2000,2,83,30.650,30.642,28.195,1,1,0.237,2.218,,1993,28
"CrossingSweep",2000,2,84,30.749,30.745,27.914,1,1,0.248,2.587,,1980,28
"CrossingSweep",2000,2,85,30.497,30.504,28.199,1,1,0.245,2.053,,2001,28
"CrossingSweep",2000,2,86,30.391,30.380,28.016,1,1,0.242,2.132,,1999,28
"CrossingSweep",2000,2,87,31.303,31.311,28.989,1,1,0.254,2.060,,1892,27
"CrossingSweep",2000,2,88,29.321,29.320,27.017,1,1,0.235,2.068,,1948,28
"CrossingSweep",2000,2,89,30.233,30.221,27.634,1,1,0.243,2.357,,1988,26
"CrossingSweep",2000,2,90,31.228,31.238,28.877,1,1,0.250,2.101,,2002,28
"CrossingSweep",2000,2,91,32.579,32.574,30.243,1,1,0.316,2.021,,2007,28
"CrossingSweep",2000,2,92,30.203,30.203,27.539,1,1,0.255,2.410,,2005,28
"CrossingSweep",2000,2,93,31.214,31.208,28.113,1,1,0.242,2.859,,2004,28
"CrossingSweep",2000,2,94,31.125,31.125,28.271,1,1,0.256,2.597,,1994,28
"CrossingSweep",2000,2,95,31.670,31.665,29.216,1,1,0.265,2.189,,1990,28
"CrossingSweep",2000,2,96,30.726,30.729,28.324,1,1,0.269,2.133,,2005,27
"CrossingSweep",2000,2,97,31.464,31.453,29.031,1,1,0.252,2.181,,2009,28
"CrossingSweep",2000,2,98,29.626,29.630,27.283,1,1,0.259,2.084,,2002,28
"CrossingSweep",2000,2,99,30.528,30.528,28.143,1,1,0.249,2.135,,2005,27
"CrossingSweep",2000,2,100,29.777,29.772,27.458,1,1,0.243,2.076,,2011,28
"CrossingSweep",2000,2,101,30.263,30.266,27.883,1,1,0.263,2.117,,2000,28
"CrossingSweep",2000,2,102,30.060,30.053,27.228,1,1,0.258,2.574,,2013,28
"CrossingSweep",2000,2,103,31.570,31.562,27.673,1,1,0.242,3.654,,2008,28
"CrossingSweep",2000,2,104,29.325,29.336,27.001,1,1,0.258,2.066,,1995,28
"CrossingSweep",2000,2,105,30.141,30.136,27.784,1,1,0.256,2.101,,1980,28
"CrossingSweep",2000,2,106,31.059,31.060,28.597,1,1,0.268,2.193,,2012,27
"CrossingSweep",2000,2,107,31.049,31.046,28.640,1,1,0.255,2.153,,1987,28
"CrossingSweep",2000,2,108,30.350,30.342,27.851,1,1,0.260,2.239,,2009,28
"CrossingSweep",2000,2,109,31.340,31.341,28.064,1,1,0.262,3.014,,2009,28
"CrossingSweep",2000,2,110,31.818,31.807,29.252,1,1,0.265,2.301,,2003,28
"CrossingSweep",2000,2,111,30.777,30.789,28.431,1,1,0.257,2.090,,1998,28
"CrossingSweep",2000,2,112,29.808,29.795,26.918,1,1,0.253,2.637,,2010,26
"CrossingSweep",2000,2,113,29.573,29.577,26.905,1,1,0.269,2.399,,1384,28
"CrossingSweep",2000,2,114,29.657,29.658,27.204,1,1,0.260,2.194,,2013,26
"CrossingSweep",2000,2,115,29.896,29.896,27.444,1,1,0.256,2.197,,2003,28
"CrossingSweep",2000,2,116,30.573,30.568,28.190,1,1,0.263,2.120,,2005,28
"CrossingSweep",2000,2,117,30.486,30.487,28.101,1,1,0.258,2.127,,2002,28
"CrossingSweep",2000,2,118,30.260,30.244,27.908,1,1,0.245,2.107,,2009,25
"CrossingSweep",2000,2,119,30.822,30.836,28.324,1,1,0.298,2.200,,2000,28
"CrossingSweep",2000,2,120,30.210,30.189,27.868,1,1,0.253,2.089,,2011,28
"CrossingSweep",2000,2,121,29.744,29.750,26.848,1,1,0.254,2.642,,1935,28
"CrossingSweep",2000,2,122,29.795,29.803,26.774,1,1,0.265,2.756,,2006,28
"CrossingSweep",2000,2,123,29.066,29.067,26.644,1,1,0.260,2.162,,2015,28
"CrossingSweep",2000,2,124,30.530,30.522,27.679,1,1,0.248,2.603,,1991,27
"CrossingSweep",2000,2,125,29.657,29.659,27.301,1,1,0.251,2.105,,2006,28
"CrossingSweep",2000,2,126,30.691,30.690,28.339,1,1,0.300,2.052,,1996,27
"CrossingSweep",2000,2,127,29.684,29.678,27.286,1,1,0.255,2.143,,1991,28
"CrossingSweep",2000,2,128,28.997,28.999,26.673,1,1,0.248,2.075,,2012,27
"CrossingSweep",2000,2,129,29.645,29.648,26.480,1,1,0.301,2.864,,1775,28
"CrossingSweep",2000,2,130,29.915,29.908,27.224,1,1,0.252,2.439,,1994,28
"CrossingSweep",2000,2,131,30.232,30.232,27.995,1,1,0.238,1.999,,2012,28
"CrossingSweep",2000,2,132,29.866,29.861,27.443,1,1,0.264,2.160,,1983,26
"CrossingSweep",2000,2,133,29.235,29.233,26.884,1,1,0.255,2.097,,2006,28
"CrossingSweep",2000,2,134,29.610,29.501,27.073,1,1,0.346,2.191,,2006,26
"CrossingSweep",2000,2,135,29.746,29.856,27.263,1,1,0.299,2.184,,1997,26
"CrossingSweep",2000,2,136,30.166,30.169,27.892,1,1,0.262,2.012,,2009,28
"CrossingSweep",2000,2,137,28.760,28.745,26.113,1,1,0.242,2.405,,1997,26
"CrossingSweep",2000,2,138,30.413,30.413,27.991,1,1,0.243,2.179,,2008,28
"CrossingSweep",2000,2,139,29.031,29.039,26.728,1,1,0.264,2.038,,1823,28
"CrossingSweep",2000,2,140,29.299,29.296,27.020,1,1,0.251,2.028,,1988,28
"CrossingSweep",2000,2,141,29.363,29.367,26.956,1,1,0.243,2.165,,1981,27
"CrossingSweep",2000,2,142,30.422,30.408,28.108,1,1,0.239,2.075,,2006,28
"CrossingSweep",2000,2,143,29.858,29.859,27.430,1,1,0.263,2.164,,2008,28
"CrossingSweep",2000,2,144,29.259,29.262,26.689,1,1,0.271,2.299,,2007,27
"CrossingSweep",2000,2,145,29.103,29.105,26.663,1,1,0.262,2.178,,2013,27
"CrossingSweep",2000,2,146,30.627,30.616,27.612,1,1,0.252,2.762,,2013,28
"CrossingSweep",2000,2,147,30.071,30.078,27.686,1,1,0.251,2.134,,1999,28
"CrossingSweep",2000,2,148,31.731,31.719,28.916,1,1,0.244,2.571,,2006,26
"CrossingSweep",2000,2,149,30.392,30.400,28.094,1,1,0.260,2.039,,2005,27
"CrossingSweep",2000,2,150,29.999,29.991,27.244,1,1,0.268,2.487,,2008,28
"CrossingSweep",2000,2,151,31.292,31.301,28.893,1,1,0.263,2.135,,2005,28
"CrossingSweep",2000,2,152,31.447,31.440,29.085,1,1,0.264,2.098,,1994,28
"CrossingSweep",2000,2,153,30.553,30.549,28.249,1,1,0.256,2.048,,2002,28
"CrossingSweep",2000,2,154,29.447,29.449,27.056,1,1,0.266,2.125,,1937,28
"CrossingSweep",2000,2,155,29.235,29.237,26.789,1,1,0.250,2.197,,1989,28
"CrossingSweep",2000,2,156,31.839,31.833,29.107,1,1,0.255,2.477,,2009,27
"CrossingSweep",2000,2,157,30.909,30.913,28.548,1,1,0.267,2.094,,1998,28
"CrossingSweep",2000,2,158,29.688,29.681,27.345,1,1,0.254,2.089,,2004,28
"CrossingSweep",2000,2,159,29.953,29.898,27.503,1,1,0.273,2.178,,1998,28
"CrossingSweep",2000,2,160,30.591,30.645,27.884,1,1,0.257,2.450,,2000,28
"CrossingSweep",2000,2,161,28.871,28.872,26.637,1,1,0.242,1.992,,1998,28
"CrossingSweep",2000,2,162,29.557,29.546,27.248,1,1,0.246,2.063,,1990,28
"CrossingSweep",2000,2,163,29.689,29.693,27.398,1,1,0.255,2.037,,2010,28
"CrossingSweep",2000,2,164,29.437,29.433,26.989,1,1,0.303,2.145,,2006,27
"CrossingSweep",2000,2,165,29.647,29.649,27.323,1,1,0.249,2.075,,2008,28
"CrossingSweep",2000,2,166,31.743,31.732,28.325,1,1,0.257,3.161,,1993,28
"CrossingSweep",2000,2,167,30.017,30.026,27.744,1,1,0.251,2.021,,1994,28
"CrossingSweep",2000,2,168,29.225,29.221,26.394,1,1,0.264,2.567,,2009,28
"CrossingSweep",2000,2,169,29.487,29.488,27.138,1,1,0.267,2.081,,2009,27
"CrossingSweep",2000,2,170,30.044,30.041,27.719,1,1,0.251,2.074,,2009,28
"CrossingSweep",2000,2,171,30.672,30.661,27.828,1,1,0.289,2.555,,2011,28
"CrossingSweep",2000,2,172,29.526,29.530,27.218,1,1,0.259,2.049,,2014,28
"CrossingSweep",2000,2,173,30.273,30.270,27.663,1,1,0.260,2.350,,2004,28
"CrossingSweep",2000,2,174,30.255,30.248,26.927,1,1,0.255,3.073,,2014,28
"CrossingSweep",2000,2,175,29.262,29.264,26.820,1,1,0.246,2.196,,2015,28
"CrossingSweep",2000,2,176,29.954,29.953,27.647,1,1,0.259,2.048,,1989,27
"CrossingSweep",2000,2,177,30.453,30.456,28.126,1,1,0.256,2.070,,2013,26
"CrossingSweep",2000,2,178,30.723,30.715,27.459,1,1,0.244,3.020,,2017,28
"CrossingSweep",2000,2,179,29.577,29.582,27.227,1,1,0.297,2.053,,2006,28
"CrossingSweep",2000,2,180,29.443,29.440,26.814,1,1,0.255,2.375,,2014,27
"CrossingSweep",2000,2,181,29.529,29.479,27.149,1,1,0.249,2.131,,2000,27
"CrossingSweep",2000,2,182,30.464,30.514,27.999,1,1,0.288,2.177,,2006,28
"CrossingSweep",2000,2,183,31.026,31.020,27.567,1,1,0.252,3.206,,1991,27
"CrossingSweep",2000,2,184,30.422,30.420,27.238,1,1,0.242,2.941,,2004,27
"CrossingSweep",2000,2,185,29.883,29.886,27.214,1,1,0.268,2.401,,2015,28
"CrossingSweep",2000,2,186,28.681,28.679,26.337,1,1,0.261,2.083,,2002,26
"CrossingSweep",2000,2,187,29.614,29.610,27.160,1,1,0.257,2.197,,2014,28
"CrossingSweep",2000,2,188,29.394,29.389,27.074,1,1,0.249,2.071,,1980,27
"CrossingSweep",2000,2,189,29.296,29.297,26.871,1,1,0.271,2.154,,1989,28
"CrossingSweep",2000,2,190,29.225,29.227,26.869,1,1,0.243,2.113,,2007,28
"CrossingSweep",2000,2,191,29.358,29.357,26.964,1,1,0.249,2.145,,1980,25
"CrossingSweep",2000,2,192,29.455,29.446,27.053,1,1,0.244,2.159,,1999,28
"CrossingSweep",2000,2,193,29.961,29.962,27.622,1,1,0.255,2.084,,1958,27
"CrossingSweep",2000,2,194,29.862,29.864,27.436,1,1,0.279,2.146,,2010,27
"CrossingSweep",2000,2,195,30.163,30.158,27.653,1,1,0.244,2.267,,2007,28
"CrossingSweep",2000,2,196,30.575,30.563,27.835,1,1,0.249,2.492,,2003,28
"CrossingSweep",2000,2,197,29.829,29.841,27.366,1,1,0.260,2.202,,2012,28
"CrossingSweep",2000,2,198,32.329,32.324,29.832,1,1,0.254,2.243,,2008,28
"CrossingSweep",2000,2,199,29.945,29.947,27.227,1,1,0.253,2.465,,1994,28
"CrossingSweep",2000,2,200,30.454,30.427,26.930,1,1,0.253,3.271,,2009,28
"CrossingSweep",2000,2,201,30.963,30.987,28.622,1,1,0.259,2.082,,2004,28
"CrossingSweep",2000,2,202,29.572,29.572,27.126,1,1,0.254,2.193,,1988,28
"CrossingSweep",2000,2,203,30.142,30.135,27.770,1,1,0.253,2.118,,1977,28
"CrossingSweep",2000,2,204,30.081,30.082,27.789,1,1,0.258,2.034,,2001,28
"CrossingSweep",2000,2,205,29.642,29.642,27.401,1,1,0.256,1.985,,2011,26
"CrossingSweep",2000,2,206,29.392,29.385,26.992,1,1,0.249,2.151,,1976,28
"CrossingSweep",2000,2,207,29.749,29.752,27.451,1,1,0.263,2.035,,1992,28
"CrossingSweep",2000,2,208,31.879,31.883,29.705,1,1,0.245,1.929,,1952,28
"CrossingSweep",2000,2,209,29.448,29.436,26.805,1,1,0.235,2.407,,2004,28
"CrossingSweep",2000,2,210,30.021,30.002,27.285,1,1,0.254,2.482,,2012,28
"CrossingSweep",2000,2,211,30.044,30.063,27.638,1,1,0.265,2.141,,2005,28
"CrossingSweep",2000,2,212,29.745,29.728,27.222,1,1,0.250,2.274,,2002,27
"CrossingSweep",2000,2,213,29.877,29.887,26.497,1,1,0.259,3.121,,2008,27
"CrossingSweep",2000,2,214,29.580,29.584,27.308,1,1,0.244,2.028,,1976,28
"CrossingSweep",2000,2,215,30.844,30.821,28.131,1,1,0.240,2.473,,1992,28
"CrossingSweep",2000,2,216,30.645,30.664,28.403,1,1,0.246,1.995,,2002,27
"CrossingSweep",2000,2,217,30.371,30.364,27.412,1,1,0.269,2.691,,2006,28
"CrossingSweep",2000,2,218,28.825,28.816,26.102,1,1,0.241,2.482,,1984,27
"CrossingSweep",2000,2,219,29.917,29.915,27.184,1,1,0.259,2.474,,2008,28
"CrossingSweep",2000,2,220,29.780,29.732,27.065,1,1,0.257,2.458,,1975,28
"CrossingSweep",2000,2,221,30.290,30.290,27.046,1,1,0.260,2.984,,2002,27
"CrossingSweep",2000,2,222,30.366,30.412,27.038,1,1,0.252,3.076,,2012,28
"CrossingSweep",2000,2,223,29.411,29.408,26.674,1,1,0.253,2.484,,2011,28
"CrossingSweep",2000,2,224,31.237,31.229,27.703,1,1,0.258,3.276,,2014,28
"CrossingSweep",2000,2,225,30.226,30.212,26.617,1,1,0.277,3.332,,2009,25
"CrossingSweep",2000,2,226,31.713,31.731,28.513,1,1,0.249,2.951,,1983,28
"CrossingSweep",2000,2,227,29.344,29.341,26.695,1,1,0.251,2.398,,1993,28
"CrossingSweep",2000,2,228,29.636,29.637,27.011,1,1,0.250,2.375,,1979,28
"CrossingSweep",2000,2,229,31.023,31.013,28.262,1,1,0.247,2.513,,2009,28
"CrossingSweep",2000,2,230,29.349,29.339,26.550,1,1,0.244,2.555,,2001,27
"CrossingSweep",2000,2,231,28.929,28.940,26.262,1,1,0.248,2.419,,1999,28
"CrossingSweep",2000,2,232,28.954,28.956,26.337,1,1,0.251,2.366,,1982,27
"CrossingSweep",2000,2,233,29.227,29.228,26.536,1,1,0.255,2.436,,2009,27
"CrossingSweep",2000,2,234,30.158,30.142,27.142,1,1,0.247,2.769,,2008,28
"CrossingSweep",2000,2,235,29.465,29.410,26.189,1,1,0.247,3.029,,2014,27
"CrossingSweep",2000,2,236,30.060,30.123,26.992,1,1,0.252,2.817,,2006,27
"CrossingSweep",2000,2,237,28.760,28.760,26.053,1,1,0.258,2.450,,2007,28
"CrossingSweep",2000,2,238,28.821,28.814,25.985,1,1,0.251,2.585,,2007,28
"CrossingSweep",2000,2,239,29.662,29.658,26.287,1,1,0.247,3.129,,2008,28
"CrossingSweep",2000,2,240,28.771,28.771,26.136,1,1,0.247,2.389,,2000,28
"CrossingSweep",2000,2,241,29.518,29.523,26.783,1,1,0.265,2.471,,1992,28
"CrossingSweep",2000,2,242,29.112,29.107,26.367,1,1,0.267,2.478,,1993,28
"CrossingSweep",2000,2,243,30.246,30.242,27.541,1,1,0.258,2.446,,1997,28
"CrossingSweep",2000,2,244,30.385,30.384,27.038,1,1,0.259,3.088,,2001,28
"CrossingSweep",2000,2,245,30.107,30.112,27.381,1,1,0.249,2.476,,1990,28
"CrossingSweep",2000,2,246,30.508,30.496,27.035,1,1,0.245,3.229,,1988,28
"CrossingSweep",2000,2,247,30.121,30.123,26.551,1,1,0.260,3.310,,1975,28
"CrossingSweep",2000,2,248,32.527,32.522,29.048,1,1,0.258,3.221,,1990,28
"CrossingSweep",2000,2,249,30.315,30.316,27.541,1,1,0.269,2.505,,1993,28
"CrossingSweep",2000,2,250,29.593,29.586,26.684,1,1,0.277,2.633,,1997,28
"CrossingSweep",2000,2,251,31.503,31.511,28.830,1,1,0.265,2.409,,1998,28
"CrossingSweep",2000,2,252,29.664,29.660,27.076,1,1,0.249,2.339,,1996,28
"CrossingSweep",2000,2,253,30.457,30.456,27.738,1,1,0.261,2.458,,1989,28
"CrossingSweep",2000,2,254,29.538,29.535,26.612,1,1,0.256,2.670,,1986,28
"CrossingSweep",2000,2,255,32.045,32.050,29.422,1,1,0.260,2.363,,1989,28
"CrossingSweep",2000,2,256,30.553,30.546,27.492,1,1,0.256,2.806,,1993,27
"CrossingSweep",2000,2,257,29.440,29.433,26.632,1,1,0.258,2.549,,1997,27
"CrossingSweep",2000,2,258,29.365,29.367,26.339,1,1,0.256,2.770,,2005,28
"CrossingSweep",2000,2,259,29.300,29.300,26.489,1,1,0.253,2.557,,2009,27
"CrossingSweep",2000,2,260,30.065,30.065,27.130,1,1,0.241,2.694,,2001,27
"CrossingSweep",2000,2,261,29.657,29.658,27.319,1,1,0.256,2.083,,2002,27
"CrossingSweep",2000,2,262,29.495,29.496,27.264,1,1,0.241,1.990,,1999,28
"CrossingSweep",2000,2,263,31.025,31.014,28.509,1,1,0.261,2.255,,1994,28
"CrossingSweep",2000,2,264,30.314,30.318,27.829,1,1,0.257,2.229,,1918,28
"CrossingSweep",2000,2,265,30.169,30.169,27.729,1,1,0.249,2.191,,2007,27
"CrossingSweep",2000,2,266,29.512,29.505,27.044,1,1,0.266,2.202,,1982,27
"CrossingSweep",2000,2,267,30.409,30.416,28.082,1,1,0.265,2.062,,1999,28
"CrossingSweep",2000,2,268,29.715,29.707,27.411,1,1,0.255,2.050,,2008,28
"CrossingSweep",2000,2,269,29.751,29.732,26.921,1,1,0.253,2.577,,2001,28
"CrossingSweep",2000,2,270,31.466,31.486,28.977,1,1,0.251,2.238,,1995,28
"CrossingSweep",2000,2,271,30.150,30.143,27.707,1,1,0.255,2.188,,1997,28
"CrossingSweep",2000,2,272,32.067,32.069,29.241,1,1,0.266,2.561,,2015,27
"CrossingSweep",2000,2,273,31.872,31.837,27.653,1,1,0.259,3.960,,2000,28
"CrossingSweep",2000,2,274,32.932,32.961,30.594,1,1,0.243,2.096,,2003,28
"CrossingSweep",2000,2,275,30.754,30.752,28.301,1,1,0.275,2.178,,2013,28
"CrossingSweep",2000,2,276,30.021,30.031,27.552,1,1,0.262,2.208,,2013,27
"CrossingSweep",2000,2,277,30.587,30.571,27.724,1,1,0.251,2.611,,2007,27
"CrossingSweep",2000,2,278,30.003,30.008,27.620,1,1,0.262,2.122,,2007,28
"CrossingSweep",2000,2,279,29.364,29.362,27.030,1,1,0.259,2.075,,2002,28
"CrossingSweep",2000,2,280,29.581,29.584,27.272,1,1,0.252,2.057,,1969,28
"CrossingSweep",2000,2,281,29.430,29.414,27.026,1,1,0.254,2.150,,2010,26
"CrossingSweep",2000,2,282,29.671,29.636,27.285,1,1,0.259,2.127,,2000,28
"CrossingSweep",2000,2,283,30.096,30.138,27.757,1,1,0.249,2.089,,2007,26
"CrossingSweep",2000,2,284,29.623,29.617,27.242,1,1,0.246,2.135,,2005,28
"CrossingSweep",2000,2,285,31.121,31.125,28.722,1,1,0.286,2.114,,2001,28
"CrossingSweep",2000,2,286,29.260,29.264,27.010,1,1,0.243,2.007,,2002,28
"CrossingSweep",2000,2,287,30.512,30.501,27.532,1,1,0.243,2.737,,2008,26
"CrossingSweep",2000,2,288,29.536,29.542,27.297,1,1,0.251,1.987,,2013,28
"CrossingSweep",2000,2,289,31.599,31.570,27.715,1,1,0.250,3.634,,2010,28
"CrossingSweep",2000,2,290,31.421,31.437,28.608,1,1,0.261,2.553,,2018,28
"CrossingSweep",2000,2,291,29.508,29.520,27.132,1,1,0.256,2.120,,1993,28
"CrossingSweep",2000,2,292,30.699,30.684,28.300,1,1,0.261,2.139,,1989,27
"CrossingSweep",2000,2,293,30.005,30.008,27.652,1,1,0.259,2.094,,1979,28
"CrossingSweep",2000,2,294,30.702,30.696,27.204,1,1,0.256,3.243,,1997,28
"CrossingSweep",2000,2,295,31.165,31.168,28.722,1,1,0.263,2.180,,1986,28
"CrossingSweep",2000,2,296,30.122,30.124,27.777,1,1,0.264,2.081,,1991,28
"CrossingSweep",2000,2,297,30.963,30.957,28.672,1,1,0.253,2.038,,1991,28
"CrossingSweep",2000,2,298,28.998,28.996,26.747,1,1,0.256,1.996,,1999,28
"CrossingSweep",2000,2,299,30.679,30.680,28.327,1,1,0.252,2.100,,1984,27
"CrossingSweep",2250,2,0,38.650,38.642,35.760,1,1,0.298,2.592,,2219,30
"CrossingSweep",2250,2,1,38.054,38.056,35.342,1,1,0.296,2.416,,2249,31
"CrossingSweep",2250,2,2,38.661,38.659,35.748,1,1,0.323,2.590,,2250,31
"CrossingSweep",2250,2,3,37.113,37.107,34.076,1,1,0.283,2.754,,2247,31
"CrossingSweep",2250,2,4,39.116,39.113,35.365,1,1,0.283,3.468,,2258,29
"CrossingSweep",2250,2,5,37.929,37.893,34.664,1,1,0.288,2.977,,2255,30
"CrossingSweep",2250,2,6,37.297,37.341,34.670,1,1,0.369,2.258,,2257,30
"CrossingSweep",2250,2,7,37.974,37.977,35.583,1,1,0.298,2.093,,2228,31
"CrossingSweep",2250,2,8,36.766,36.755,34.342,1,1,0.283,2.142,,2228,30
"CrossingSweep",2250,2,9,38.268,38.271,35.761,1,1,0.284,2.223,,2258,31
"CrossingSweep",2250,2,10,36.921,36.923,34.450,1,1,0.285,2.186,,2252,31
"CrossingSweep",2250,2,11,38.070,38.057,34.671,1,1,0.315,3.084,,2254,30
"CrossingSweep",2250,2,12,37.699,37.706,34.906,1,1,0.288,2.506,,2247,31
"CrossingSweep",2250,2,13,37.150,37.140,34.680,1,1,0.276,2.194,,2221,31
"CrossingSweep",2250,2,14,36.324,36.331,33.922,1,1,0.284,2.118,,2253,30
"CrossingSweep",2250,2,15,36.250,36.250,33.908,1,1,0.277,2.066,,2026,30
"CrossingSweep",2250,2,16,36.394,36.395,34.054,1,1,0.271,2.070,,2255,31
"CrossingSweep",2250,2,17,37.769,37.744,34.318,1,1,0.266,3.185,,2259,31
"CrossingSweep",2250,2,18,35.880,35.899,33.434,1,1,0.265,2.180,,2250,31
"CrossingSweep",2250,2,19,37.087,37.084,34.379,1,1,0.281,2.427,,2244,31
"CrossingSweep",2250,2,20,36.908,36.903,34.334,1,1,0.286,2.289,,2236,31
"CrossingSweep",2250,2,21,37.620,37.623,35.267,1,1,0.276,2.077,,2250,31
"CrossingSweep",2250,2,22,36.967,36.968,34.619,1,1,0.276,2.072,,2242,31
"CrossingSweep",2250,2,23,36.877,36.866,33.884,1,1,0.276,2.716,,2256,31
"CrossingSweep",2250,2,24,39.237,39.225,35.742,1,1,0.275,3.220,,2249,31
"CrossingSweep",2250,2,25,38.407,38.415,35.054,1,1,0.279,3.074,,2258,31
"CrossingSweep",2250,2,26,36.682,36.688,34.172,1,1,0.317,2.193,,2245,30
"CrossingSweep",2250,2,27,38.405,38.388,35.125,1,1,0.264,3.017,,2248,30
"CrossingSweep",2250,2,28,37.027,37.037,34.547,1,1,0.285,2.194,,2257,30
"CrossingSweep",2250,2,29,37.718,37.720,35.253,1,1,0.287,2.178,,2219,31
"CrossingSweep",2250,2,30,36.713,36.707,34.372,1,1,0.264,2.077,,2240,31
"CrossingSweep",2250,2,31,38.173,38.172,35.227,1,1,0.284,2.662,,2207,31
"CrossingSweep",2250,2,32,39.202,39.184,35.832,1,1,0.267,3.103,,2232,31
"CrossingSweep",2250,2,33,36.665,36.685,34.150,1,1,0.324,2.191,,2248,31
"CrossingSweep",2250,2,34,42.383,42.363,38.708,1,1,0.287,3.389,,2215,31
"CrossingSweep",2250,2,35,37.065,37.074,34.337,1,1,0.268,2.461,,2219,31
"CrossingSweep",2250,2,36,38.498,38.492,35.420,1,1,0.278,2.801,,2255,30
"CrossingSweep",2250,2,37,36.206,36.218,33.837,1,1,0.265,2.104,,2252,31
"CrossingSweep",2250,2,38,38.511,38.494,34.851,1,1,0.263,3.397,,2252,31
"CrossingSweep",2250,2,39,37.488,37.497,34.908,1,1,0.272,2.308,,2201,30
"CrossingSweep",2250,2,40,36.983,36.966,34.103,1,1,0.265,2.614,,2248,30
"CrossingSweep",2250,2,41,38.143,38.156,35.817,1,1,0.271,2.054,,2251,29
"CrossingSweep",2250,2,42,36.425,36.425,34.057,1,1,0.274,2.094,,2252,31
"CrossingSweep",2250,2,43,35.709,35.709,33.338,1,1,0.272,2.100,,2252,30
"CrossingSweep",2250,2,44,37.179,37.172,34.000,1,1,0.289,2.890,,2257,31
"CrossingSweep",2250,2,45,37.663,37.661,34.817,1,1,0.275,2.572,,2252,31
"CrossingSweep",2250,2,46,37.540,37.515,33.988,1,1,0.270,3.282,,2256,31
"CrossingSweep",2250,2,47,36.685,36.702,33.949,1,1,0.298,2.438,,2259,29
"CrossingSweep",2250,2,48,36.708,36.713,34.337,1,1,0.293,2.079,,2254,29
"CrossingSweep",2250,2,49,35.858,35.855,33.290,1,1,0.281,2.286,,2256,31
"CrossingSweep",2250,2,50,37.199,37.192,34.852,1,1,0.288,2.058,,2220,31
"CrossingSweep",2250,2,51,36.528,36.525,33.938,1,1,0.308,2.282,,2241,31
"CrossingSweep",2250,2,52,37.459,37.464,34.565,1,1,0.291,2.603,,2146,31
"CrossingSweep",2250,2,53,37.575,37.564,34.545,1,1,0.272,2.758,,2249,30
"CrossingSweep",2250,2,54,37.047,37.051,34.215,1,1,0.286,2.546,,2246,31
"CrossingSweep",2250,2,55,37.928,37.921,35.279,1,1,0.282,2.367,,2247,31
"CrossingSweep",2250,2,56,36.992,36.996,34.491,1,1,0.297,2.204,,2256,30
"CrossingSweep",2250,2,57,38.814,38.794,35.948,1,1,0.314,2.552,,2222,30
"CrossingSweep",2250,2,58,36.569,36.585,33.994,1,1,0.277,2.297,,2262,31
"CrossingSweep",2250,2,59,37.026,37.022,34.199,1,1,0.295,2.532,,2257,31
"CrossingSweep",2250,2,60,37.847,37.833,34.512,1,1,0.275,3.060,,2264,31
"CrossingSweep",2250,2,61,40.264,40.280,37.790,1,1,0.285,2.189,,2250,31
"CrossingSweep",2250,2,62,36.402,36.392,33.930,1,1,0.278,2.194,,2262,29
"CrossingSweep",2250,2,63,42.166,42.167,39.630,1,1,0.301,2.235,,2244,31
"CrossingSweep",2250,2,64,36.836,36.842,34.324,1,1,0.283,2.229,,2234,31
"CrossingSweep",2250,2,65,37.564,37.562,35.051,1,1,0.281,2.233,,2175,31
"CrossingSweep",2250,2,66,39.104,39.097,35.552,1,1,0.284,3.268,,2268,31
"CrossingSweep",2250,2,67,37.032,37.041,34.632,1,1,0.282,2.118,,2193,30
"CrossingSweep",2250,2,68,37.158,37.145,34.708,1,1,0.279,2.171,,2266,31
"CrossingSweep",2250,2,69,37.072,37.074,34.576,1,1,0.288,2.209,,2258,31
"CrossingSweep",2250,2,70,39.144,39.134,35.426,1,1,0.277,3.441,,2265,31
"CrossingSweep",2250,2,71,38.215,38.224,35.562,1,1,0.276,2.376,,2253,31
"CrossingSweep",2250,2,72,37.045,37.041,34.603,1,1,0.292,2.150,,2259,29
"CrossingSweep",2250,2,73,38.108,38.095,35.216,1,1,0.287,2.605,,2249,31
"CrossingSweep",2250,2,74,36.761,36.774,34.091,1,1,0.289,2.381,,2257,30
"CrossingSweep",2250,2,75,37.754,37.749,35.293,1,1,0.274,2.187,,2232,31
"CrossingSweep",2250,2,76,37.319,37.319,34.896,1,1,0.268,2.155,,2242,31
"CrossingSweep",2250,2,77,37.808,37.810,35.472,1,1,0.268,2.069,,2244,31
"CrossingSweep",2250,2,78,38.285,38.281,35.623,1,1,0.278,2.384,,2254,31
"CrossingSweep",2250,2,79,39.337,39.330,36.110,1,1,0.272,2.955,,2246,31
"CrossingSweep",2250,2,80,38.550,38.553,35.499,1,1,0.288,2.763,,2236,31
"CrossingSweep",2250,2,81,38.672,38.661,35.846,1,1,0.293,2.533,,2240,31
"CrossingSweep",2250,2,82,37.216,37.210,33.812,1,1,0.283,3.121,,2160,30
"CrossingSweep",2250,2,83,41.349,41.363,38.875,1,1,0.290,2.184,,2259,31
"CrossingSweep",2250,2,84,38.817,38.803,35.266,1,1,0.293,3.257,,2247,31
"CrossingSweep",2250,2,85,38.424,38.433,36.002,1,1,0.278,2.145,,2244,31
"CrossingSweep",2250,2,86,37.692,37.686,35.219,1,1,0.272,2.201,,2258,31
"CrossingSweep",2250,2,87,37.905,37.899,34.919,1,1,0.308,2.678,,2263,30
"CrossingSweep",2250,2,88,38.914,38.921,36.126,1,1,0.444,2.344,,2251,31
"CrossingSweep",2250,2,89,37.880,37.879,35.397,1,1,0.270,2.213,,2251,31
"CrossingSweep",2250,2,90,39.191,39.190,36.563,1,1,0.284,2.344,,2234,31
"CrossingSweep",2250,2,91,37.418,37.417,34.951,1,1,0.288,2.179,,2232,31
"CrossingSweep",2250,2,92,36.499,36.496,34.084,1,1,0.276,2.139,,2259,31
"CrossingSweep",2250,2,93,37.656,37.650,35.232,1,1,0.292,2.132,,2246,31
"CrossingSweep",2250,2,94,39.785,39.773,36.864,1,1,0.290,2.631,,2266,31
"CrossingSweep",2250,2,95,37.480,37.489,34.717,1,1,0.490,2.273,,2259,30
"CrossingSweep",2250,2,96,36.547,36.547,33.997,1,1,0.282,2.268,,2249,31
"CrossingSweep",2250,2,97,37.361,37.356,34.973,1,1,0.274,2.114,,2264,30
"CrossingSweep",2250,2,98,38.019,38.021,35.460,1,1,0.314,2.245,,2243,31
"CrossingSweep",2250,2,99,37.157,37.149,34.417,1,1,0.282,2.458,,2235,31
"CrossingSweep",2250,2,100,36.609,36.612,34.073,1,1,0.292,2.244,,2079,31
"CrossingSweep",2250,2,101,37.302,37.286,34.284,1,1,0.290,2.728,,2181,31
"CrossingSweep",2250,2,102,36.995,37.003,34.473,1,1,0.279,2.243,,2254,31
"CrossingSweep",2250,2,103,37.981,37.987,35.571,1,1,0.291,2.119,,2254,31
"CrossingSweep",2250,2,104,37.641,37.639,35.290,1,1,0.293,2.058,,2267,31
"CrossingSweep",2250,2,105,38.461,38.451,34.747,1,1,0.290,3.425,,2197,31
"CrossingSweep",2250,2,106,38.239,38.173,35.452,1,1,0.281,2.506,,2258,31
"CrossingSweep",2250,2,107,38.590,38.647,35.048,1,1,0.274,3.267,,2240,28
"CrossingSweep",2250,2,108,37.826,37.830,35.189,1,1,0.295,2.343,,2221,31
"CrossingSweep",2250,2,109,38.349,38.340,34.980,1,1,0.287,3.082,,2245,31
"CrossingSweep",2250,2,110,38.108,38.120,35.640,1,1,0.279,2.189,,2239,31
"CrossingSweep",2250,2,111,40.576,40.575,37.983,1,1,0.359,2.235,,2247,31
"CrossingSweep",2250,2,112,36.804,36.798,34.464,1,1,0.269,2.071,,2241,31
"CrossingSweep",2250,2,113,36.067,36.074,33.735,1,1,0.265,2.068,,2230,31
"CrossingSweep",2250,2,114,36.882,36.876,33.877,1,1,0.267,2.738,,2224,30
"CrossingSweep",2250,2,115,37.383,37.380,34.302,1,1,0.274,2.807,,2200,31
"CrossingSweep",2250,2,116,37.093,37.080,33.868,1,1,0.270,2.956,,2248,29
"CrossingSweep",2250,2,117,40.232,40.226,36.074,1,1,0.272,3.886,,2238,30
"CrossingSweep",2250,2,118,37.536,37.551,35.060,1,1,0.275,2.201,,2232,31
"CrossingSweep",2250,2,119,37.182,37.180,34.765,1,1,0.275,2.143,,2239,31
"CrossingSweep",2250,2,120,36.976,36.968,34.466,1,1,0.281,2.229,,2248,31
"CrossingSweep",2250,2,121,38.872,38.877,36.406,1,1,0.284,2.181,,2242,31
"CrossingSweep",2250,2,122,37.307,37.296,34.287,1,1,0.265,2.755,,2241,31
"CrossingSweep",2250,2,123,37.942,37.940,35.305,1,1,0.289,2.348,,2232,31
"CrossingSweep",2250,2,124,38.218,38.223,35.808,1,1,0.278,2.132,,2021,31
"CrossingSweep",2250,2,125,37.194,37.183,34.265,1,1,0.281,2.648,,2238,29
"CrossingSweep",2250,2,126,37.222,37.226,33.784,1,1,0.285,3.153,,2242,31
"CrossingSweep",2250,2,127,37.145,37.144,34.707,1,1,0.271,2.167,,2249,31
"CrossingSweep",2250,2,128,37.352,37.347,34.979,1,1,0.287,2.086,,2234,31
"CrossingSweep",2250,2,129,36.883,36.887,34.289,1,1,0.287,2.307,,2262,30
"CrossingSweep",2250,2,130,37.261,37.256,34.371,1,1,0.274,2.616,,2221,31
"CrossingSweep",2250,2,131,38.195,38.197,34.597,1,1,0.285,3.313,,2223,31
"CrossingSweep",2250,2,132,37.713,37.706,34.913,1,1,0.274,2.527,,2252,31
"CrossingSweep",2250,2,133,37.223,37.213,34.150,1,1,0.279,2.793,,2244,31
"CrossingSweep",2250,2,134,37.635,37.646,34.442,1,1,0.277,2.915,,2114,31
"CrossingSweep",2250,2,135,39.373,39.361,36.023,1,1,0.292,3.058,,2250,29
"CrossingSweep",2250,2,136,37.732,37.733,34.442,1,1,0.269,3.021,,2244,31
"CrossingSweep",2250,2,137,37.599,37.609,34.659,1,1,0.277,2.663,,2240,31
"CrossingSweep",2250,2,138,36.723,36.721,34.339,1,1,0.264,2.120,,2257,31
"CrossingSweep",2250,2,139,35.548,35.548,33.228,1,1,0.270,2.051,,2253,31
"CrossingSweep",2250,2,140,37.067,37.060,34.338,1,1,0.270,2.460,,2257,31
"CrossingSweep",2250,2,141,37.867,37.862,34.934,1,1,0.269,2.664,,2255,31
"CrossingSweep",2250,2,142,38.095,38.098,35.686,1,1,0.266,2.143,,2260,31
"CrossingSweep",2250,2,143,35.474,35.473,33.163,1,1,0.267,2.045,,2250,30
"CrossingSweep",2250,2,144,36.529,36.532,34.167,1,1,0.282,2.081,,2253,30
"CrossingSweep",2250,2,145,39.331,39.312,36.327,1,1,0.275,2.729,,2253,31
"CrossingSweep",2250,2,146,37.606,37.620,34.626,1,1,0.282,2.698,,2251,31
"CrossingSweep",2250,2,147,37.214,37.213,34.895,1,1,0.263,2.056,,2258,31
"CrossingSweep",2250,2,148,38.433,38.408,35.198,1,1,0.276,2.959,,2259,31
"CrossingSweep",2250,2,149,39.140,39.154,36.731,1,1,0.263,2.146,,2252,31
"CrossingSweep",2250,2,150,37.009,37.011,34.655,1,1,0.275,2.079,,2250,30
"CrossingSweep",2250,2,151,36.833,36.835,34.506,1,1,0.277,2.050,,2254,30
"CrossingSweep",2250,2,152,40.765,40.759,38.199,1,1,0.270,2.296,,2261,30
"CrossingSweep",2250,2,153,38.286,38.276,34.520,1,1,0.275,3.491,,2254,30
"CrossingSweep",2250,2,154,38.293,38.302,35.832,1,1,0.275,2.186,,2242,30
"CrossingSweep",2250,2,155,35.968,35.968,33.481,1,1,0.290,2.197,,2246,31
"CrossingSweep",2250,2,156,36.443,36.433,33.221,1,1,0.276,2.946,,2259,31
"CrossingSweep",2250,2,157,37.123,37.123,33.332,1,1,0.282,3.509,,2247,29
"CrossingSweep",2250,2,158,36.000,35.999,33.217,1,1,0.279,2.504,,2244,31
"CrossingSweep",2250,2,159,36.429,36.430,33.660,1,1,0.275,2.494,,2235,31
"CrossingSweep",2250,2,160,36.301,36.286,33.213,1,1,0.274,2.813,,2250,31
"CrossingSweep",2250,2,161,37.881,37.838,34.965,1,1,0.282,2.634,,2227,29
"CrossingSweep",2250,2,162,36.820,36.873,33.312,1,1,0.271,3.238,,2255,30
"CrossingSweep",2250,2,163,37.493,37.384,34.247,1,1,0.277,2.969,,2255,31
"CrossingSweep",2250,2,164,38.022,38.122,34.535,1,1,0.310,3.178,,2261,31
"CrossingSweep",2250,2,165,36.374,36.353,33.165,1,1,0.277,2.933,,2247,31
"CrossingSweep",2250,2,166,37.039,37.057,34.151,1,1,0.276,2.611,,2251,31
"CrossingSweep",2250,2,167,37.227,37.224,34.355,1,1,0.290,2.582,,2257,31
"CrossingSweep",2250,2,168,37.182,37.177,34.299,1,1,0.288,2.595,,2261,31
"CrossingSweep",2250,2,169,37.988,37.988,34.292,1,1,0.272,3.424,,2244,31
"CrossingSweep",2250,2,170,37.060,37.052,34.010,1,1,0.291,2.759,,2265,31
"CrossingSweep",2250,2,171,36.257,36.258,32.988,1,1,0.267,3.002,,2261,31
"CrossingSweep",2250,2,172,38.263,38.268,33.841,1,1,0.280,4.142,,2234,31
"CrossingSweep",2250,2,173,36.991,36.993,34.222,1,1,0.262,2.507,,2237,30
"CrossingSweep",2250,2,174,37.357,37.354,35.012,1,1,0.265,2.080,,2232,30
"CrossingSweep",2250,2,175,39.028,39.028,36.468,1,1,0.359,2.201,,2216,30
"CrossingSweep",2250,2,176,37.476,37.472,34.570,1,1,0.265,2.642,,2254,31
"CrossingSweep",2250,2,177,36.648,36.606,33.996,1,1,0.274,2.377,,2254,31
"CrossingSweep",2250,2,178,37.052,37.094,34.614,1,1,0.271,2.168,,2261,31
"CrossingSweep",2250,2,179,36.453,36.449,34.106,1,1,0.267,2.081,,2253,31
"CrossingSweep",2250,2,180,37.662,37.652,34.320,1,1,0.270,3.072,,2250,31
"CrossingSweep",2250,2,181,35.725,35.730,32.938,1,1,0.283,2.504,,2233,31
"CrossingSweep",2250,2,182,37.618,37.617,34.896,1,1,0.280,2.442,,2253,30
"CrossingSweep",2250,2,183,38.412,38.414,35.660,1,1,0.303,2.448,,2245,30
"CrossingSweep",2250,2,184,40.674,40.669,36.777,1,1,0.282,3.615,,2253,31
"CrossingSweep",2250,2,185,38.011,38.005,35.135,1,1,0.281,2.595,,2247,30
"CrossingSweep",2250,2,186,37.541,37.543,33.930,1,1,0.267,3.345,,2254,30
"CrossingSweep",2250,2,187,37.257,37.258,34.550,1,1,0.288,2.419,,2250,28
"CrossingSweep",2250,2,188,39.411,39.399,36.667,1,1,0.321,2.423,,2255,31
"CrossingSweep",2250,2,189,37.749,37.750,34.672,1,1,0.306,2.770,,2260,31
"CrossingSweep",2250,2,190,36.840,36.841,34.326,1,1,0.281,2.234,,2252,31
"CrossingSweep",2250,2,191,37.196,37.199,34.558,1,1,0.287,2.351,,2258,31
"CrossingSweep",2250,2,192,37.650,37.640,34.745,1,1,0.280,2.625,,2262,31
"CrossingSweep",2250,2,193,37.818,37.822,35.059,1,1,0.376,2.384,,2242,31
"CrossingSweep",2250,2,194,38.801,38.804,36.379,1,1,0.267,2.155,,2244,31
"CrossingSweep",2250,2,195,37.016,37.005,34.321,1,1,0.277,2.418,,2257,31
"CrossingSweep",2250,2,196,38.130,38.139,35.706,1,1,0.280,2.144,,2254,31
"CrossingSweep",2250,2,197,38.142,38.137,35.414,1,1,0.275,2.453,,2255,31
"CrossingSweep",2250,2,198,39.491,39.483,36.074,1,1,0.267,3.150,,2242,31
"CrossingSweep",2250,2,199,36.652,36.655,34.186,1,1,0.277,2.189,,2207,31
"CrossingSweep",2250,2,200,37.279,37.281,34.810,1,1,0.270,2.199,,2242,30
"CrossingSweep",2250,2,201,37.980,37.952,35.079,1,1,0.264,2.637,,2220,31
"CrossingSweep",2250,2,202,38.447,38.469,35.732,1,1,0.293,2.421,,2245,31
"CrossingSweep",2250,2,203,37.366,37.366,34.778,1,1,0.277,2.311,,2226,31
"CrossingSweep",2250,2,204,38.482,38.479,35.949,1,1,0.271,2.261,,2238,31
"CrossingSweep",2250,2,205,37.361,37.358,34.835,1,1,0.270,2.256,,2241,31
"CrossingSweep",2250,2,206,36.814,36.812,34.369,1,1,0.268,2.178,,2238,31
"CrossingSweep",2250,2,207,38.826,38.827,36.327,1,1,0.277,2.222,,2242,31
"CrossingSweep",2250,2,208,38.081,38.072,34.749,1,1,0.283,3.049,,2259,31
"CrossingSweep",2250,2,209,39.755,39.759,36.140,1,1,0.305,3.310,,2243,30
"CrossingSweep",2250,2,210,37.746,37.694,35.041,1,1,0.281,2.424,,2236,31
"CrossingSweep",2250,2,211,38.086,38.133,35.563,1,1,0.275,2.248,,2253,30
"CrossingSweep",2250,2,212,36.688,36.690,34.204,1,1,0.268,2.216,,2233,31
"CrossingSweep",2250,2,213,37.926,37.927,35.423,1,1,0.273,2.230,,2232,31
"CrossingSweep",2250,2,214,40.820,40.810,37.187,1,1,0.289,3.345,,2238,31
"CrossingSweep",2250,2,215,38.631,38.629,36.218,1,1,0.275,2.138,,2230,31
"CrossingSweep",2250,2,216,37.575,37.581,35.045,1,1,0.289,2.241,,2240,31
"CrossingSweep",2250,2,217,37.850,37.848,35.342,1,1,0.267,2.241,,2239,31
"CrossingSweep",2250,2,218,38.178,38.171,35.653,1,1,0.295,2.231,,2216,31
"CrossingSweep",2250,2,219,39.495,39.479,35.921,1,1,0.275,3.298,,2240,31
"CrossingSweep",2250,2,220,38.923,38.940,36.382,1,1,0.279,2.262,,2244,29
"CrossingSweep",2250,2,221,38.397,38.390,35.433,1,1,0.271,2.694,,2249,31
"CrossingSweep",2250,2,222,37.939,37.944,35.482,1,1,0.276,2.181,,2249,31
"CrossingSweep",2250,2,223,37.451,37.442,34.985,1,1,0.271,2.195,,2250,31
"CrossingSweep",2250,2,224,41.378,41.368,37.498,1,1,0.282,3.599,,2254,31
"CrossingSweep",2250,2,225,37.733,37.746,35.265,1,1,0.284,2.184,,2249,31
"CrossingSweep",2250,2,226,38.837,38.831,36.337,1,1,0.274,2.226,,2249,31
"CrossingSweep",2250,2,227,37.549,37.552,35.022,1,1,0.287,2.240,,2240,29
"CrossingSweep",2250,2,228,37.954,37.953,35.531,1,1,0.267,2.156,,2239,30
"CrossingSweep",2250,2,229,37.721,37.719,35.090,1,1,0.275,2.357,,2228,31
"CrossingSweep",2250,2,230,38.578,38.575,35.783,1,1,0.277,2.518,,2239,31
"CrossingSweep",2250,2,231,39.900,39.891,36.916,1,1,0.312,2.672,,2229,31
"CrossingSweep",2250,2,232,37.371,37.377,34.858,1,1,0.289,2.224,,2245,31
"CrossingSweep",2250,2,233,37.798,37.792,35.188,1,1,0.290,2.320,,2235,31
"CrossingSweep",2250,2,234,38.717,38.712,36.231,1,1,0.280,2.206,,2233,31
"CrossingSweep",2250,2,235,38.837,38.842,36.352,1,1,0.293,2.193,,2254,31
"CrossingSweep",2250,2,236,38.564,38.559,35.859,1,1,0.287,2.418,,2258,30
"CrossingSweep",2250,2,237,37.821,37.825,35.435,1,1,0.271,2.116,,2250,31
"CrossingSweep",2250,2,238,38.245,38.224,35.212,1,1,0.270,2.763,,2239,31
"CrossingSweep",2250,2,239,38.119,38.134,35.583,1,1,0.276,2.261,,2207,31
"CrossingSweep",2250,2,240,37.891,37.879,35.321,1,1,0.278,2.292,,2240,31
"CrossingSweep",2250,2,241,39.789,39.792,36.509,1,1,0.284,2.996,,2228,31
"CrossingSweep",2250,2,242,37.800,37.793,34.851,1,1,0.280,2.670,,2245,31
"CrossingSweep",2250,2,243,37.539,37.551,35.150,1,1,0.279,2.111,,2228,31
"CrossingSweep",2250,2,244,36.984,36.979,34.554,1,1,0.266,2.164,,2258,29
"CrossingSweep",2250,2,245,38.819,38.819,36.342,1,1,0.282,2.195,,2235,30
"CrossingSweep",2250,2,246,38.074,38.062,34.349,1,1,0.271,3.454,,2251,31
"CrossingSweep",2250,2,247,38.109,38.118,35.029,1,1,0.270,2.810,,2217,31
"CrossingSweep",2250,2,248,38.210,38.202,34.864,1,1,0.289,3.057,,2238,31
"CrossingSweep",2250,2,249,37.039,37.044,34.567,1,1,0.282,2.190,,2159,30
"CrossingSweep",2250,2,250,38.747,38.737,35.912,1,1,0.304,2.531,,2230,31
"CrossingSweep",2250,2,251,37.710,37.714,35.270,1,1,0.275,2.165,,2243,31
"CrossingSweep",2250,2,252,37.258,37.262,34.658,1,1,0.280,2.320,,2232,31
"CrossingSweep",2250,2,253,37.985,37.980,35.442,1,1,0.266,2.277,,2242,31
"CrossingSweep",2250,2,254,38.067,38.068,35.673,1,1,0.265,2.129,,2235,31
"CrossingSweep",2250,2,255,37.402,37.393,35.003,1,1,0.272,2.127,,2253,31
"CrossingSweep",2250,2,256,36.771,36.775,34.284,1,1,0.276,2.210,,2257,31
"CrossingSweep",2250,2,257,38.068,38.064,35.519,1,1,0.280,2.270,,2260,31
"CrossingSweep",2250,2,258,37.407,37.406,35.019,1,1,0.294,2.094,,2259,31
"CrossingSweep",2250,2,259,37.073,37.055,34.211,1,1,0.284,2.579,,2268,31
"CrossingSweep",2250,2,260,36.381,36.379,33.904,1,1,0.266,2.210,,2265,31
"CrossingSweep",2250,2,261,37.223,37.237,34.614,1,1,0.270,2.338,,2264,31
"CrossingSweep",2250,2,262,36.535,36.536,34.225,1,1,0.267,2.043,,2251,31
"CrossingSweep",2250,2,263,36.639,36.638,34.074,1,1,0.279,2.286,,2260,30
"CrossingSweep",2250,2,264,36.763,36.737,33.971,1,1,0.266,2.526,,2262,31
"CrossingSweep",2250,2,265,37.867,37.889,35.267,1,1,0.283,2.317,,2244,31
"CrossingSweep",2250,2,266,36.623,36.622,34.124,1,1,0.279,2.220,,2253,31
"CrossingSweep",2250,2,267,36.623,36.613,34.109,1,1,0.264,2.249,,2258,31
"CrossingSweep",2250,2,268,37.549,37.556,35.168,1,1,0.266,2.115,,2247,31
"CrossingSweep",2250,2,269,36.038,36.037,33.552,1,1,0.277,2.209,,2256,31
"CrossingSweep",2250,2,270,36.120,36.115,33.314,1,1,0.265,2.542,,2252,31
"CrossingSweep",2250,2,271,36.892,36.894,34.515,1,1,0.273,2.105,,2217,30
"CrossingSweep",2250,2,272,35.893,35.890,33.533,1,1,0.262,2.098,,2226,31
"CrossingSweep",2250,2,273,34.919,34.917,32.594,1,1,0.260,2.065,,2245,31
"CrossingSweep",2250,2,274,36.800,36.749,33.979,1,1,0.272,2.549,,2248,31
"CrossingSweep",2250,2,275,36.098,36.147,33.744,1,1,0.276,2.078,,2252,31
"CrossingSweep",2250,2,276,36.141,36.135,33.803,1,1,0.250,2.088,,2225,31
"CrossingSweep",2250,2,277,38.220,38.226,35.776,1,1,0.272,2.173,,2246,31
"CrossingSweep",2250,2,278,37.132,37.131,34.687,1,1,0.323,2.121,,2232,31
"CrossingSweep",2250,2,279,37.881,37.858,34.102,1,1,0.261,3.518,,2234,31
"CrossingSweep",2250,2,280,39.887,39.887,37.061,1,1,0.254,2.572,,2248,30
"CrossingSweep",2250,2,281,36.215,36.215,33.196,1,1,0.254,2.765,,2260,31
"CrossingSweep",2250,2,282,41.022,41.036,38.450,1,1,0.268,2.304,,2250,31
"CrossingSweep",2250,2,283,38.999,38.990,36.549,1,1,0.270,2.180,,2234,31
"CrossingSweep",2250,2,284,38.216,38.211,34.346,1,1,0.275,3.596,,2224,31
"CrossingSweep",2250,2,285,39.315,39.308,36.415,1,1,0.284,2.616,,2231,31
"CrossingSweep",2250,2,286,36.138,36.150,33.768,1,1,0.272,2.098,,2231,31
"CrossingSweep",2250,2,287,36.887,36.885,34.503,1,1,0.274,2.109,,2236,31
"CrossingSweep",2250,2,288,35.814,35.812,33.430,1,1,0.277,2.108,,2252,31
"CrossingSweep",2250,2,289,39.083,39.072,35.996,1,1,0.284,2.803,,2244,31
"CrossingSweep",2250,2,290,36.709,36.718,34.224,1,1,0.270,2.215,,2240,31
"CrossingSweep",2250,2,291,36.813,36.809,34.227,1,1,0.286,2.300,,2258,31
"CrossingSweep",2250,2,292,38.250,38.251,35.832,1,1,0.282,2.136,,2259,31
"CrossingSweep",2250,2,293,36.763,36.762,34.298,1,1,0.272,2.194,,2238,31
"CrossingSweep",2250,2,294,37.436,37.426,34.708,1,1,0.285,2.444,,2259,31
"CrossingSweep",2250,2,295,37.062,37.067,34.663,1,1,0.271,2.127,,2258,31
"CrossingSweep",2250,2,296,37.973,37.962,35.350,1,1,0.276,2.348,,2258,31
"CrossingSweep",2250,2,297,37.448,37.449,34.200,1,1,0.303,2.945,,2234,31
"CrossingSweep",2250,2,298,37.932,37.941,35.514,1,1,0.271,2.147,,2250,31
"CrossingSweep",2250,2,299,38.446,38.441,36.051,1,1,0.272,2.124,,2245,31
"CrossingSweep",2500,2,0,44.842,44.840,41.541,1,1,0.304,2.997,,2481,33
"CrossingSweep",2500,2,1,44.874,44.880,42.423,1,1,0.290,2.160,,2491,33
"CrossingSweep",2500,2,2,44.700,44.691,41.831,1,1,0.305,2.564,,2458,31
"CrossingSweep",2500,2,3,43.498,43.503,41.054,1,1,0.302,2.142,,2490,31
"CrossingSweep",2500,2,4,44.911,44.896,41.173,1,1,0.296,3.442,,2490,33
"CrossingSweep",2500,2,5,44.126,44.137,41.698,1,1,0.326,2.102,,2474,33
"CrossingSweep",2500,2,6,47.896,47.876,43.637,1,1,0.294,3.965,,2450,33
"CrossingSweep",2500,2,7,44.389,44.403,41.486,1,1,0.307,2.596,,2489,31
"CrossingSweep",2500,2,8,43.937,43.926,40.894,1,1,0.301,2.743,,2487,33
"CrossingSweep",2500,2,9,44.920,44.928,42.062,1,1,0.415,2.444,,2489,33
"CrossingSweep",2500,2,10,43.857,43.850,40.929,1,1,0.283,2.645,,2483,33
"CrossingSweep",2500,2,11,44.179,44.185,41.741,1,1,0.318,2.120,,2481,33
"CrossingSweep",2500,2,12,43.967,43.961,41.160,1,1,0.303,2.504,,2471,33
"CrossingSweep",2500,2,13,43.645,43.648,41.262,1,1,0.299,2.084,,2448,33
"CrossingSweep",2500,2,14,43.428,43.417,40.723,1,1,0.291,2.414,,2468,33
"CrossingSweep",2500,2,15,43.348,43.356,40.316,1,1,0.299,2.733,,2476,33
"CrossingSweep",2500,2,16,44.142,44.132,41.240,1,1,0.358,2.544,,2486,33
"CrossingSweep",2500,2,17,45.444,45.393,41.809,1,1,0.291,3.345,,2470,33
"CrossingSweep",2500,2,18,44.725,44.731,40.607,1,1,0.306,3.813,,2487,32
"CrossingSweep",2500,2,19,44.006,44.055,41.493,1,1,0.290,2.223,,2466,32
"CrossingSweep",2500,2,20,44.276,44.269,41.433,1,1,0.313,2.530,,2476,33
"CrossingSweep",2500,2,21,45.299,45.296,42.527,1,1,0.413,2.359,,2480,32
"CrossingSweep",2500,2,22,44.079,44.066,41.118,1,1,0.301,2.660,,2494,33
"CrossingSweep",2500,2,23,44.542,44.563,41.932,1,1,0.367,2.243,,2467,33
"CrossingSweep",2500,2,24,43.818,43.812,41.158,1,1,0.349,2.311,,2491,33
"CrossingSweep",2500,2,25,45.928,45.914,42.712,1,1,0.306,2.909,,2481,33
"CrossingSweep",2500,2,26,45.678,45.688,42.160,1,1,0.334,3.184,,2478,33
"CrossingSweep",2500,2,27,44.236,44.239,41.777,1,1,0.296,2.162,,2461,33
"CrossingSweep",2500,2,28,44.126,44.126,41.596,1,1,0.302,2.228,,2499,32
"CrossingSweep",2500,2,29,44.356,44.350,41.824,1,1,0.298,2.234,,2479,33
"CrossingSweep",2500,2,30,45.756,45.757,41.952,1,1,0.304,3.499,,2491,33
"CrossingSweep",2500,2,31,45.174,45.167,42.564,1,1,0.295,2.315,,2484,33
"CrossingSweep",2500,2,32,44.607,44.606,41.818,1,1,0.336,2.453,,2491,33
"CrossingSweep",2500,2,33,44.885,44.879,41.991,1,1,0.285,2.609,,2484,33
"CrossingSweep",2500,2,34,44.319,44.312,41.082,1,1,0.291,2.947,,2460,33
"CrossingSweep",2500,2,35,44.289,44.305,41.787,1,1,0.313,2.189,,2230,33
"CrossingSweep",2500,2,36,44.800,44.797,42.402,1,1,0.318,2.081,,2485,33
"CrossingSweep",2500,2,37,44.194,44.191,41.417,1,1,0.302,2.475,,2493,33
"CrossingSweep",2500,2,38,44.160,44.126,41.040,1,1,0.302,2.819,,2501,33
"CrossingSweep",2500,2,39,45.723,45.749,41.995,1,1,0.320,3.409,,2499,33
"CrossingSweep",2500,2,40,43.063,43.070,40.534,1,1,0.305,2.224,,2495,33
"CrossingSweep",2500,2,41,44.333,44.325,41.740,1,1,0.292,2.302,,2496,32
"CrossingSweep",2500,2,42,44.397,44.393,41.670,1,1,0.290,2.437,,2478,33
"CrossingSweep",2500,2,43,44.801,44.742,42.210,1,1,0.289,2.302,,2511,33
"CrossingSweep",2500,2,44,44.498,44.559,41.913,1,1,0.328,2.257,,2377,32
"CrossingSweep",2500,2,45,45.875,45.875,43.172,1,1,0.299,2.404,,2498,33
"CrossingSweep",2500,2,46,46.522,46.521,44.085,1,1,0.317,2.120,,2390,33
"CrossingSweep",2500,2,47,48.131,48.127,45.697,1,1,0.306,2.128,,2500,33
"CrossingSweep",2500,2,48,46.644,46.643,43.880,1,1,0.305,2.460,,2475,33
"CrossingSweep",2500,2,49,43.234,43.235,40.796,1,1,0.314,2.125,,2490,33
"CrossingSweep",2500,2,50,44.505,44.497,41.756,1,1,0.290,2.459,,2503,33
"CrossingSweep",2500,2,51,47.204,47.206,44.146,1,1,0.306,2.752,,2508,33
"CrossingSweep",2500,2,52,43.498,43.489,40.589,1,1,0.283,2.626,,2505,33
"CrossingSweep",2500,2,53,44.209,44.218,41.758,1,1,0.293,2.158,,2497,32
"CrossingSweep",2500,2,54,44.254,44.253,40.994,1,1,0.290,2.970,,2491,33
"CrossingSweep",2500,2,55,47.104,47.099,44.545,1,1,0.298,2.262,,2473,33
"CrossingSweep",2500,2,56,43.432,43.434,40.886,1,1,0.302,2.244,,2467,32
"CrossingSweep",2500,2,57,43.058,43.046,40.135,1,1,0.299,2.623,,2500,33
"CrossingSweep",2500,2,58,47.725,47.732,44.750,1,1,0.320,2.655,,2499,33
"CrossingSweep",2500,2,59,46.068,46.062,43.211,1,1,0.305,2.553,,2502,33
"CrossingSweep",2500,2,60,45.519,45.518,43.022,1,1,0.295,2.202,,2498,33
"CrossingSweep",2500,2,61,44.098,44.099,41.567,1,1,0.327,2.204,,2491,33
"CrossingSweep",2500,2,62,46.800,46.787,43.747,1,1,0.447,2.606,,2503,33
"CrossingSweep",2500,2,63,45.707,45.721,43.185,1,1,0.305,2.217,,2467,33
"CrossingSweep",2500,2,64,44.566,44.550,40.777,1,1,0.282,3.507,,2460,33
"CrossingSweep",2500,2,65,44.391,44.392,41.587,1,1,0.317,2.487,,2445,33
"CrossingSweep",2500,2,66,42.802,42.810,40.392,1,1,0.320,2.090,,2466,32
"CrossingSweep",2500,2,67,45.024,45.015,42.442,1,1,0.294,2.288,,2499,33
"CrossingSweep",2500,2,68,42.956,42.960,40.545,1,1,0.298,2.114,,2503,33
"CrossingSweep",2500,2,69,46.146,46.146,43.633,1,1,0.312,2.201,,2503,33
"CrossingSweep",2500,2,70,52.026,52.023,48.391,1,1,0.306,3.329,,2418,33
"CrossingSweep",2500,2,71,43.835,43.834,41.042,1,1,0.310,2.483,,2492,33
"CrossingSweep",2500,2,72,47.087,47.074,43.605,1,1,0.306,3.176,,2510,33
"CrossingSweep",2500,2,73,45.083,45.088,42.606,1,1,0.305,2.173,,2496,32
"CrossingSweep",2500,2,74,45.378,45.380,42.765,1,1,0.291,2.322,,2497,33
"CrossingSweep",2500,2,75,45.138,45.134,42.603,1,1,0.297,2.238,,2450,33
"CrossingSweep",2500,2,76,44.394,44.394,41.552,1,1,0.338,2.505,,2510,33
"CrossingSweep",2500,2,77,45.204,45.204,42.605,1,1,0.290,2.310,,2510,33
"CrossingSweep",2500,2,78,45.478,45.407,42.954,1,1,0.296,2.228,,2510,33
"CrossingSweep",2500,2,79,44.052,44.125,41.612,1,1,0.300,2.140,,2504,33
"CrossingSweep",2500,2,80,44.254,44.244,40.818,1,1,0.292,3.145,,2496,33
"CrossingSweep",2500,2,81,44.381,44.380,41.594,1,1,0.313,2.474,,2465,33
"CrossingSweep",2500,2,82,44.576,44.574,41.893,1,1,0.303,2.380,,2487,33
"CrossingSweep",2500,2,83,44.528,44.533,42.029,1,1,0.304,2.195,,2486,33
"CrossingSweep",2500,2,84,48.470,48.452,44.990,1,1,0.314,3.167,,2502,33
"CrossingSweep",2500,2,85,48.891,48.887,45.409,1,1,0.300,3.182,,2505,33
"CrossingSweep",2500,2,86,46.720,46.727,43.512,1,1,0.315,2.894,,2505,33
"CrossingSweep",2500,2,87,48.388,48.389,45.641,1,1,0.322,2.425,,2499,33
"CrossingSweep",2500,2,88,45.973,45.978,41.941,1,1,0.309,3.723,,2495,33
"CrossingSweep",2500,2,89,47.879,47.881,44.916,1,1,0.315,2.648,,2491,33
"CrossingSweep",2500,2,90,48.387,48.387,45.790,1,1,0.324,2.274,,2505,32
"CrossingSweep",2500,2,91,49.952,49.942,46.469,1,1,0.378,3.105,,2489,33
"CrossingSweep",2500,2,92,45.719,45.719,43.186,1,1,0.331,2.202,,2489,33
"CrossingSweep",2500,2,93,46.521,46.517,42.391,1,1,0.304,3.826,,2490,31
"CrossingSweep",2500,2,94,47.155,47.154,42.952,1,1,0.307,3.896,,2462,33
"CrossingSweep",2500,2,95,45.087,45.087,42.541,1,1,0.314,2.232,,2497,33
"CrossingSweep",2500,2,96,44.211,44.208,41.441,1,1,0.290,2.480,,2490,33
"CrossingSweep",2500,2,97,46.170,46.164,43.275,1,1,0.298,2.597,,2503,33
"CrossingSweep",2500,2,98,44.196,44.196,41.336,1,1,0.323,2.537,,2500,33
"CrossingSweep",2500,2,99,45.700,45.696,42.425,1,1,0.296,2.979,,2491,33
"CrossingSweep",2500,2,100,45.131,45.136,41.927,1,1,0.300,2.904,,2490,33
"CrossingSweep",2500,2,101,43.513,43.513,40.698,1,1,0.289,2.526,,2467,33
"CrossingSweep",2500,2,102,44.122,44.123,40.541,1,1,0.302,3.279,,2460,33
"CrossingSweep",2500,2,103,43.398,43.392,40.981,1,1,0.300,2.117,,2503,33
"CrossingSweep",2500,2,104,44.425,44.420,40.779,1,1,0.289,3.357,,2462,33
"CrossingSweep",2500,2,105,45.438,45.441,43.000,1,1,0.316,2.123,,2469,33
"CrossingSweep",2500,2,106,43.595,43.593,40.989,1,1,0.301,2.305,,2474,33
"CrossingSweep",2500,2,107,43.034,43.034,40.442,1,1,0.308,2.285,,2507,32
"CrossingSweep",2500,2,108,44.151,44.153,41.731,1,1,0.290,2.130,,2505,33
"CrossingSweep",2500,2,109,45.656,45.643,42.368,1,1,0.295,2.993,,2042,32
"CrossingSweep",2500,2,110,45.075,45.074,42.268,1,1,0.318,2.489,,2497,33
"CrossingSweep",2500,2,111,45.771,45.772,43.145,1,1,0.315,2.312,,2471,33
"CrossingSweep",2500,2,112,45.057,45.062,41.354,1,1,0.303,3.400,,2498,33
"CrossingSweep",2500,2,113,43.879,43.839,40.758,1,1,0.305,2.816,,2481,33
"CrossingSweep",2500,2,114,44.921,44.942,41.593,1,1,0.301,3.027,,2492,33
"CrossingSweep",2500,2,115,44.145,44.156,41.033,1,1,0.318,2.794,,2501,33
"CrossingSweep",2500,2,116,46.635,46.610,42.529,1,1,0.319,3.787,,2496,32
"CrossingSweep",2500,2,117,50.836,50.843,47.253,1,1,0.374,3.209,,2482,33
"CrossingSweep",2500,2,118,45.344,45.355,42.717,1,1,0.294,2.333,,2485,33
"CrossingSweep",2500,2,119,43.938,43.931,40.749,1,1,0.295,2.894,,2497,33
"CrossingSweep",2500,2,120,43.995,43.999,41.541,1,1,0.296,2.158,,2482,33
"CrossingSweep",2500,2,121,45.076,45.079,42.614,1,1,0.334,2.128,,2421,33
"CrossingSweep",2500,2,122,44.247,44.237,40.752,1,1,0.321,3.175,,2459,33
"CrossingSweep",2500,2,123,45.822,45.829,43.314,1,1,0.308,2.200,,2481,33
"CrossingSweep",2500,2,124,46.272,46.266,43.717,1,1,0.314,2.241,,2487,33
"CrossingSweep",2500,2,125,45.534,45.515,42.193,1,1,0.332,3.009,,2467,33
"CrossingSweep",2500,2,126,46.957,46.957,43.666,1,1,0.402,2.888,,2474,33
"CrossingSweep",2500,2,127,44.450,44.462,41.649,1,1,0.303,2.498,,2464,33
"CrossingSweep",2500,2,128,44.975,44.970,42.208,1,1,0.300,2.468,,2480,31
"CrossingSweep",2500,2,129,44.046,44.052,41.615,1,1,0.302,2.129,,2470,33
"CrossingSweep",2500,2,130,46.214,46.209,43.580,1,1,0.321,2.312,,2461,32
"CrossingSweep",2500,2,131,49.888,49.878,47.026,1,1,0.321,2.541,,2476,33
"CrossingSweep",2500,2,132,47.366,47.370,44.440,1,1,0.381,2.545,,2468,33
"CrossingSweep",2500,2,133,44.491,44.497,42.110,1,1,0.300,2.081,,2472,33
"CrossingSweep",2500,2,134,44.685,44.683,42.105,1,1,0.290,2.291,,2468,33
"CrossingSweep",2500,2,135,44.388,44.387,41.880,1,1,0.295,2.213,,2469,32
"CrossingSweep",2500,2,136,44.140,44.135,41.176,1,1,0.291,2.673,,2496,31
"CrossingSweep",2500,2,137,43.433,43.425,40.590,1,1,0.307,2.537,,2499,33
"CrossingSweep",2500,2,138,44.174,44.183,41.686,1,1,0.293,2.194,,2475,33
"CrossingSweep",2500,2,139,43.111,43.108,40.685,1,1,0.295,2.131,,2491,33
"CrossingSweep",2500,2,140,46.262,46.243,42.536,1,1,0.312,3.413,,2485,33
"CrossingSweep",2500,2,141,47.460,47.460,44.267,1,1,0.363,2.830,,2492,33
"CrossingSweep",2500,2,142,47.312,47.321,44.944,1,1,0.290,2.078,,2491,33
"CrossingSweep",2500,2,143,46.602,46.605,43.962,1,1,0.376,2.264,,2428,33
"CrossingSweep",2500,2,144,46.327,46.316,43.220,1,1,0.301,2.805,,2467,33
"CrossingSweep",2500,2,145,45.905,45.903,43.144,1,1,0.295,2.466,,2475,33
"CrossingSweep",2500,2,146,48.417,48.408,44.475,1,1,0.298,3.645,,2481,32
"CrossingSweep",2500,2,147,48.573,48.582,45.381,1,1,0.295,2.898,,2461,33
"CrossingSweep",2500,2,148,43.464,43.464,40.971,1,1,0.301,2.192,,2470,33
"CrossingSweep",2500,2,149,43.668,43.658,40.637,1,1,0.302,2.729,,2447,33
"CrossingSweep",2500,2,150,44.228,44.231,41.386,1,1,0.291,2.551,,2488,33
"CrossingSweep",2500,2,151,45.556,45.559,41.996,1,1,0.307,3.253,,2490,33
"CrossingSweep",2500,2,152,43.900,43.905,41.552,1,1,0.289,2.060,,2516,31
"CrossingSweep",2500,2,153,46.150,46.123,42.494,1,1,0.313,3.343,,2493,33
"CrossingSweep",2500,2,154,44.252,44.272,41.386,1,1,0.320,2.546,,2466,33
"CrossingSweep",2500,2,155,48.029,48.020,44.113,1,1,0.441,3.475,,2481,33
"CrossingSweep",2500,2,156,47.769,47.776,45.129,1,1,0.331,2.309,,2502,33
"CrossingSweep",2500,2,157,44.258,44.239,41.625,1,1,0.294,2.339,,2456,33
"CrossingSweep",2500,2,158,45.091,45.106,42.539,1,1,0.312,2.240,,2489,33
"CrossingSweep",2500,2,159,45.556,45.546,42.847,1,1,0.293,2.417,,2478,33
"CrossingSweep",2500,2,160,45.740,45.749,43.355,1,1,0.296,2.089,,2461,33
"CrossingSweep",2500,2,161,43.610,43.601,41.164,1,1,0.294,2.153,,2465,33
"CrossingSweep",2500,2,162,44.254,44.255,41.781,1,1,0.309,2.164,,2500,33
"CrossingSweep",2500,2,163,47.263,47.226,44.080,1,1,0.350,2.833,,2472,33
"CrossingSweep",2500,2,164,44.298,44.331,41.775,1,1,0.303,2.221,,2487,32
"CrossingSweep",2500,2,165,46.453,46.451,43.724,1,1,0.374,2.355,,2487,33
"CrossingSweep",2500,2,166,45.624,45.627,42.970,1,1,0.301,2.352,,2476,33
"CrossingSweep",2500,2,167,46.013,45.991,42.672,1,1,0.294,3.047,,2473,32
"CrossingSweep",2500,2,168,44.272,44.289,40.004,1,1,0.294,3.974,,2467,33
"CrossingSweep",2500,2,169,44.650,44.650,41.894,1,1,0.363,2.393,,2486,31
"CrossingSweep",2500,2,170,46.437,46.433,43.353,1,1,0.289,2.795,,2421,33
"CrossingSweep",2500,2,171,43.400,43.394,40.858,1,1,0.296,2.246,,2480,33
"CrossingSweep",2500,2,172,43.836,43.829,40.787,1,1,0.304,2.745,,2482,33
"CrossingSweep",2500,2,173,43.500,43.512,40.857,1,1,0.311,2.332,,2511,33
"CrossingSweep",2500,2,174,45.089,45.083,42.364,1,1,0.396,2.329,,2496,33
"CrossingSweep",2500,2,175,44.530,44.530,42.028,1,1,0.313,2.189,,2504,33
"CrossingSweep",2500,2,176,45.924,45.910,43.040,1,1,0.309,2.576,,2506,32
"CrossingSweep",2500,2,177,44.725,44.736,42.154,1,1,0.311,2.260,,2488,33
"CrossingSweep",2500,2,178,45.058,45.053,42.255,1,1,0.313,2.490,,2506,33
"CrossingSweep",2500,2,179,46.462,46.460,42.921,1,1,0.317,3.223,,2488,33
"CrossingSweep",2500,2,180,47.022,47.022,43.941,1,1,0.350,2.730,,2484,33
"CrossingSweep",2500,2,181,43.513,43.480,41.004,1,1,0.291,2.219,,2492,33
"CrossingSweep",2500,2,182,44.294,44.323,41.452,1,1,0.503,2.339,,2492,33
"CrossingSweep",2500,2,183,44.460,44.458,40.985,1,1,0.307,3.168,,2490,33
"CrossingSweep",2500,2,184,44.017,44.011,40.875,1,1,0.314,2.828,,2493,33
"CrossingSweep",2500,2,185,43.923,43.928,41.454,1,1,0.290,2.179,,2485,31
"CrossingSweep",2500,2,186,43.491,43.488,41.040,1,1,0.294,2.157,,2488,33
"CrossingSweep",2500,2,187,43.010,43.012,40.546,1,1,0.290,2.174,,2481,33
"CrossingSweep",2500,2,188,43.065,43.051,40.283,1,1,0.284,2.498,,2500,32
"CrossingSweep",2500,2,189,43.284,43.282,39.847,1,1,0.298,3.139,,2478,33
"CrossingSweep",2500,2,190,43.966,43.979,41.564,1,1,0.296,2.106,,2474,33
"CrossingSweep",2500,2,191,44.866,44.858,42.229,1,1,0.297,2.340,,2467,33
"CrossingSweep",2500,2,192,46.006,46.010,43.547,1,1,0.310,2.148,,2470,33
"CrossingSweep",2500,2,193,43.134,43.129,40.673,1,1,0.304,2.158,,2476,32
"CrossingSweep",2500,2,194,46.056,46.032,42.537,1,1,0.310,3.209,,2497,33
"CrossingSweep",2500,2,195,43.911,43.913,40.901,1,1,0.288,2.722,,2507,33
"CrossingSweep",2500,2,196,44.176,44.190,41.510,1,1,0.291,2.375,,2511,33
"CrossingSweep",2500,2,197,44.905,44.907,42.410,1,1,0.345,2.150,,2499,33
"CrossingSweep",2500,2,198,47.251,47.237,43.587,1,1,0.529,3.134,,2458,32
"CrossingSweep",2500,2,199,45.892,45.894,43.467,1,1,0.303,2.123,,2492,33
"CrossingSweep",2500,2,200,46.695,46.704,44.150,1,1,0.308,2.237,,2471,33
"CrossingSweep",2500,2,201,43.401,43.392,40.945,1,1,0.305,2.151,,2504,33
"CrossingSweep",2500,2,202,43.947,43.947,40.594,1,1,0.411,2.943,,2493,33
"CrossingSweep",2500,2,203,43.733,43.735,41.032,1,1,0.312,2.389,,2506,32
"CrossingSweep",2500,2,204,45.724,45.712,42.675,1,1,0.303,2.747,,2497,33
"CrossingSweep",2500,2,205,47.738,47.741,44.008,1,1,0.304,3.427,,2494,33
"CrossingSweep",2500,2,206,48.455,48.445,45.458,1,1,0.292,2.705,,2466,33
"CrossingSweep",2500,2,207,43.500,43.512,41.062,1,1,0.319,2.119,,2487,33
"CrossingSweep",2500,2,208,44.848,44.850,42.354,1,1,0.331,2.163,,2502,33
"CrossingSweep",2500,2,209,43.697,43.677,40.424,1,1,0.294,2.980,,2452,33
"CrossingSweep",2500,2,210,50.835,50.850,48.217,1,1,0.301,2.318,,2467,33
"CrossingSweep",2500,2,211,44.920,44.915,41.102,1,1,0.444,3.374,,2458,33
"CrossingSweep",2500,2,212,44.458,44.455,41.854,1,1,0.299,2.304,,2492,33
"CrossingSweep",2500,2,213,43.886,43.890,41.393,1,1,0.308,2.185,,2504,33
"CrossingSweep",2500,2,214,42.949,42.949,40.351,1,1,0.306,2.292,,2495,32
"CrossingSweep",2500,2,215,45.593,45.588,42.693,1,1,0.440,2.459,,2482,32
"CrossingSweep",2500,2,216,44.811,44.811,42.283,1,1,0.326,2.202,,2502,33
"CrossingSweep",2500,2,217,43.372,43.365,40.930,1,1,0.298,2.145,,2488,33
"CrossingSweep",2500,2,218,44.689,44.685,41.692,1,1,0.392,2.605,,2504,33
"CrossingSweep",2500,2,219,43.669,43.677,41.217,1,1,0.296,2.155,,2497,33
"CrossingSweep",2500,2,220,44.014,43.996,40.908,1,1,0.288,2.819,,2497,32
"CrossingSweep",2500,2,221,44.254,44.267,41.816,1,1,0.307,2.132,,2485,32
"CrossingSweep",2500,2,222,45.588,45.563,41.962,1,1,0.289,3.337,,2495,33
"CrossingSweep",2500,2,223,42.953,42.977,40.571,1,1,0.300,2.082,,2482,33
"CrossingSweep",2500,2,224,44.622,44.600,41.648,1,1,0.319,2.655,,2504,33
"CrossingSweep",2500,2,225,44.755,44.767,42.349,1,1,0.290,2.115,,2470,33
"CrossingSweep",2500,2,226,44.332,44.322,41.459,1,1,0.326,2.547,,2486,33
"CrossingSweep",2500,2,227,43.525,43.529,41.056,1,1,0.302,2.166,,2486,33
"CrossingSweep",2500,2,228,45.313,45.310,42.296,1,1,0.328,2.689,,2481,33
"CrossingSweep",2500,2,229,44.572,44.578,41.874,1,1,0.305,2.393,,2508,33
"CrossingSweep",2500,2,230,45.363,45.345,40.468,1,1,0.313,4.582,,2497,33
"CrossingSweep",2500,2,231,43.333,43.343,40.803,1,1,0.288,2.242,,2477,33
"CrossingSweep",2500,2,232,44.440,44.427,41.154,1,1,0.328,2.958,,2461,33
"CrossingSweep",2500,2,233,44.157,44.159,41.017,1,1,0.290,2.850,,2476,33
"CrossingSweep",2500,2,234,44.037,44.046,41.006,1,1,0.435,2.597,,2428,32
"CrossingSweep",2500,2,235,48.802,48.801,46.336,1,1,0.297,2.169,,2499,33
"CrossingSweep",2500,2,236,46.031,45.996,42.829,1,1,0.333,2.869,,2462,33
"CrossingSweep",2500,2,237,47.046,47.075,44.608,1,1,0.290,2.148,,2480,33
"CrossingSweep",2500,2,238,45.081,45.076,42.213,1,1,0.345,2.523,,2498,33
"CrossingSweep",2500,2,239,44.565,44.556,41.518,1,1,0.303,2.744,,2515,33
"CrossingSweep",2500,2,240,47.914,47.909,44.868,1,1,0.300,2.745,,2485,33
"CrossingSweep",2500,2,241,43.677,43.684,41.236,1,1,0.289,2.151,,2491,32
"CrossingSweep",2500,2,242,44.941,44.937,42.000,1,1,0.313,2.628,,2476,33
"CrossingSweep",2500,2,243,46.860,46.836,42.940,1,1,0.311,3.609,,2488,33
"CrossingSweep",2500,2,244,45.144,45.167,42.130,1,1,0.319,2.695,,2504,33
"CrossingSweep",2500,2,245,46.217,46.218,43.685,1,1,0.321,2.212,,2507,33
"CrossingSweep",2500,2,246,47.127,47.108,43.865,1,1,0.329,2.934,,2485,33
"CrossingSweep",2500,2,247,49.214,49.225,45.954,1,1,0.561,2.699,,2489,33
"CrossingSweep",2500,2,248,44.989,44.989,41.566,1,1,0.305,3.118,,2508,33
"CrossingSweep",2500,2,249,46.000,46.003,42.471,1,1,0.312,3.217,,2479,33
"CrossingSweep",2500,2,250,44.447,44.440,40.870,1,1,0.305,3.272,,2508,32
"CrossingSweep",2500,2,251,46.976,46.977,44.316,1,1,0.302,2.359,,2480,33
"CrossingSweep",2500,2,252,45.399,45.388,42.154,1,1,0.330,2.915,,2491,33
"CrossingSweep",2500,2,253,44.708,44.722,42.218,1,1,0.318,2.172,,2472,32
"CrossingSweep",2500,2,254,46.042,46.028,42.177,1,1,0.339,3.527,,2477,33
"CrossingSweep",2500,2,255,44.278,44.287,41.675,1,1,0.310,2.293,,2475,33
"CrossingSweep",2500,2,256,44.243,44.164,41.568,1,1,0.371,2.305,,2460,33
"CrossingSweep",2500,2,257,48.113,48.170,44.540,1,1,0.446,3.128,,2468,33
"CrossingSweep",2500,2,258,44.272,44.288,41.440,1,1,0.302,2.531,,2480,33
"CrossingSweep",2500,2,259,46.774,46.729,42.838,1,1,0.310,3.627,,2485,33
"CrossingSweep",2500,2,260,45.376,45.415,42.870,1,1,0.320,2.185,,2474,33
"CrossingSweep",2500,2,261,46.396,46.396,43.904,1,1,0.305,2.188,,2448,33
"CrossingSweep",2500,2,262,45.989,45.989,42.007,1,1,0.299,3.682,,2474,32
"CrossingSweep",2500,2,263,45.007,45.006,42.478,1,1,0.303,2.226,,2464,31
"CrossingSweep",2500,2,264,44.151,44.149,41.643,1,1,0.304,2.203,,2472,33
"CrossingSweep",2500,2,265,45.798,45.795,43.142,1,1,0.384,2.272,,2479,32
"CrossingSweep",2500,2,266,44.306,44.306,41.569,1,1,0.302,2.435,,2475,33
"CrossingSweep",2500,2,267,44.950,44.942,42.236,1,1,0.299,2.415,,2479,33
"CrossingSweep",2500,2,268,44.241,44.245,41.693,1,1,0.311,2.238,,2468,33
"CrossingSweep",2500,2,269,47.299,47.293,42.438,1,1,0.330,4.531,,2473,33
"CrossingSweep",2500,2,270,44.603,44.607,41.410,1,1,0.296,2.898,,2463,32
"CrossingSweep",2500,2,271,45.888,45.869,42.781,1,1,0.328,2.779,,2271,32
"CrossingSweep",2500,2,272,44.808,44.814,41.876,1,1,0.322,2.611,,2470,33
"CrossingSweep",2500,2,273,45.585,45.589,42.790,1,1,0.302,2.493,,2475,33
"CrossingSweep",2500,2,274,45.242,45.245,42.709,1,1,0.315,2.218,,2482,32
"CrossingSweep",2500,2,275,46.106,46.104,43.321,1,1,0.309,2.476,,2479,33
"CrossingSweep",2500,2,276,45.391,45.388,42.813,1,1,0.291,2.288,,2478,33
"CrossingSweep",2500,2,277,45.705,45.679,42.018,1,1,0.311,3.375,,2487,33
"CrossingSweep",2500,2,278,46.356,46.382,43.748,1,1,0.354,2.254,,2511,32
"CrossingSweep",2500,2,279,45.651,45.648,42.962,1,1,0.298,2.391,,2508,32
"CrossingSweep",2500,2,280,48.457,48.435,43.752,1,1,0.294,4.410,,2493,33
"CrossingSweep",2500,2,281,45.486,45.499,42.281,1,1,0.328,2.877,,2471,33
"CrossingSweep",2500,2,282,45.541,45.516,42.144,1,1,0.314,3.084,,2411,33
"CrossingSweep",2500,2,283,50.483,50.502,47.729,1,1,0.312,2.442,,2479,33
"CrossingSweep",2500,2,284,46.022,46.028,42.337,1,1,0.299,3.385,,2466,33
"CrossingSweep",2500,2,285,46.310,46.300,42.733,1,1,0.302,3.275,,2485,33
"CrossingSweep",2500,2,286,45.990,45.991,43.452,1,1,0.292,2.246,,2512,33
"CrossingSweep",2500,2,287,44.681,44.670,40.952,1,1,0.325,3.404,,2439,33
"CrossingSweep",2500,2,288,44.187,44.198,41.625,1,1,0.310,2.252,,2477,33
"CrossingSweep",2500,2,289,44.766,44.762,42.126,1,1,0.324,2.315,,2482,32
"CrossingSweep",2500,2,290,45.331,45.331,42.470,1,1,0.341,2.520,,2493,33
"CrossingSweep",2500,2,291,46.212,46.216,43.643,1,1,0.336,2.233,,2469,33
"CrossingSweep",2500,2,292,46.633,46.626,43.598,1,1,0.315,2.720,,2486,33
"CrossingSweep",2500,2,293,46.819,46.811,43.312,1,1,0.303,3.203,,2483,33
"CrossingSweep",2500,2,294,46.179,46.149,42.905,1,1,0.351,2.923,,2475,33
"CrossingSweep",2500,2,295,44.564,44.593,42.002,1,1,0.307,2.254,,2471,31
"CrossingSweep",2500,2,296,44.635,44.639,42.177,1,1,0.299,2.158,,2482,31
"CrossingSweep",2500,2,297,44.466,44.463,41.964,1,1,0.299,2.203,,2473,33
"CrossingSweep",2500,2,298,44.641,44.631,41.930,1,1,0.306,2.405,,1225,32
"CrossingSweep",2500,2,299,46.151,46.128,43.466,1,1,0.306,2.379,,2476,33
"CrossingSweep",1000,3,0,3.474,3.458,0.000,0,0,0.077,3.396,,1009,18
"CrossingSweep",1000,3,1,4.549,4.562,0.000,0,0,0.087,4.462,,1012,18
"CrossingSweep",1000,3,2,8.669,8.652,6.858,1,0,0.133,1.678,,1010,18
"CrossingSweep",1000,3,3,2.135,2.147,0.000,0,0,0.077,2.058,,1009,18
"CrossingSweep",1000,3,4,1.317,1.330,0.000,0,0,0.077,1.240,,1003,18
"CrossingSweep",1000,3,5,1.663,1.654,0.000,0,0,0.066,1.597,,1008,18
"CrossingSweep",1000,3,6,8.106,8.083,6.355,1,0,0.102,1.649,,1013,18
"CrossingSweep",1000,3,7,2.466,2.477,0.000,0,0,0.080,2.386,,1006,18
"CrossingSweep",1000,3,8,2.000,2.005,0.000,0,0,0.075,1.925,,934,18
"CrossingSweep",1000,3,9,3.815,3.805,0.000,0,0,0.069,3.746,,1003,18
"CrossingSweep",1000,3,10,8.808,8.815,7.063,1,0,0.133,1.613,,1009,18
"CrossingSweep",1000,3,11,1.973,1.963,0.000,0,0,0.072,1.901,,1012,18
"CrossingSweep",1000,3,12,3.136,3.130,0.000,0,0,0.081,3.054,,1014,18
"CrossingSweep",1000,3,13,2.045,2.058,0.000,0,0,0.090,1.954,,1007,18
"CrossingSweep",1000,3,14,8.669,8.663,6.815,1,0,0.114,1.741,,1010,18
"CrossingSweep",1000,3,15,3.151,3.139,0.000,0,0,0.089,3.062,,1013,18
"CrossingSweep",1000,3,16,2.499,2.503,0.000,0,0,0.089,2.410,,1012,18
"CrossingSweep",1000,3,17,1.612,1.626,0.000,0,0,0.081,1.531,,1005,18
"CrossingSweep",1000,3,18,4.022,3.961,0.000,0,0,0.072,3.950,,1008,18
"CrossingSweep",1000,3,19,8.341,8.397,6.621,1,0,0.117,1.603,,1014,18
"CrossingSweep",1000,3,20,1.875,1.872,0.000,0,0,0.082,1.793,,1006,18
"CrossingSweep",1000,3,21,2.520,2.501,0.000,0,0,0.072,2.448,,1014,18
"CrossingSweep",1000,3,22,1.606,1.621,0.000,0,0,0.098,1.509,,1012,18
"CrossingSweep",1000,3,23,8.354,8.358,6.417,1,0,0.103,1.834,,1013,18
"CrossingSweep",1000,3,24,3.946,3.929,0.000,0,0,0.072,3.874,,1014,18
"CrossingSweep",1000,3,25,1.471,1.491,0.000,0,0,0.082,1.389,,1016,18
"CrossingSweep",1000,3,26,2.069,2.054,0.000,0,0,0.074,1.995,,1008,18
"CrossingSweep",1000,3,27,8.756,8.741,6.972,1,0,0.130,1.654,,1000,18
"CrossingSweep",1000,3,28,3.123,3.132,0.000,0,0,0.079,3.044,,1009,18
"CrossingSweep",1000,3,29,1.468,1.488,0.000,0,0,0.081,1.387,,1014,18
"CrossingSweep",1000,3,30,4.024,4.002,0.000,0,0,0.068,3.956,,1009,17
"CrossingSweep",1000,3,31,8.296,8.298,6.611,1,0,0.113,1.572,,1016,18
"CrossingSweep",1000,3,32,1.945,1.931,0.000,0,0,0.071,1.874,,1011,18
"CrossingSweep",1000,3,33,3.549,3.556,0.000,0,0,0.071,3.478,,1010,18
"CrossingSweep",1000,3,34,1.408,1.428,0.000,0,0,0.083,1.325,,1011,18
"CrossingSweep",1000,3,35,2.199,2.187,0.000,0,0,0.072,2.127,,1013,18
"CrossingSweep",1000,3,36,8.304,8.299,6.515,1,0,0.101,1.689,,1011,18
"CrossingSweep",1000,3,37,3.588,3.548,0.000,0,0,0.072,3.516,,1013,18
"CrossingSweep",1000,3,38,1.615,1.669,0.000,0,0,0.078,1.537,,1006,18
"CrossingSweep",1000,3,39,3.758,3.731,0.000,0,0,0.078,3.680,,1008,18
"CrossingSweep",1000,3,40,8.096,8.112,6.372,1,0,0.121,1.603,,1012,18
"CrossingSweep",1000,3,41,2.278,2.272,0.000,0,0,0.069,2.209,,1012,18
"CrossingSweep",1000,3,42,3.467,3.452,0.000,0,0,0.071,3.396,,1014,18
"CrossingSweep",1000,3,43,1.488,1.509,0.000,0,0,0.081,1.407,,1007,18
"CrossingSweep",1000,3,44,8.479,8.469,6.693,1,0,0.104,1.682,,1012,18
"CrossingSweep",1000,3,45,3.959,3.930,0.000,0,0,0.071,3.888,,1000,18
"CrossingSweep",1000,3,46,1.695,1.732,0.000,0,0,0.097,1.598,,1015,18
"CrossingSweep",1000,3,47,1.826,1.819,0.000,0,0,0.075,1.751,,1012,18
"CrossingSweep",1000,3,48,8.251,8.239,6.530,1,0,0.103,1.619,,980,18
"CrossingSweep",1000,3,49,3.481,3.483,0.000,0,0,0.073,3.408,,1011,18
"CrossingSweep",1000,3,50,1.341,1.358,0.000,0,0,0.079,1.262,,999,18
"CrossingSweep",1000,3,51,4.238,4.201,0.000,0,0,0.067,4.171,,1015,18
"CrossingSweep",1000,3,52,7.711,7.713,6.519,1,0,0.115,1.076,,1014,18
"CrossingSweep",1000,3,53,1.840,1.856,0.000,0,0,0.140,1.700,,1012,16
"CrossingSweep",1000,3,54,1.377,1.390,0.000,0,0,0.068,1.309,,1015,18
"CrossingSweep",1000,3,55,3.634,3.601,0.000,0,0,0.065,3.569,,1012,18
"CrossingSweep",1000,3,56,2.052,2.075,0.000,0,0,0.129,1.923,,1019,18
"CrossingSweep",1000,3,57,8.137,8.122,6.417,1,0,0.102,1.618,,1013,18
"CrossingSweep",1000,3,58,3.012,3.011,0.000,0,0,0.068,2.944,,1015,18
"CrossingSweep",1000,3,59,1.708,1.718,0.000,0,0,0.087,1.621,,1017,18
"CrossingSweep",1000,3,60,2.570,2.571,0.000,0,0,0.085,2.485,,1019,18
"CrossingSweep",1000,3,61,2.699,2.664,0.000,0,0,0.070,2.630,,1015,18
"CrossingSweep",1000,3,62,8.768,8.789,6.560,1,0,0.123,2.086,,1020,18
"CrossingSweep",1000,3,63,5.842,5.837,0.000,0,0,0.073,5.769,,1019,18
"CrossingSweep",1000,3,64,8.720,8.734,6.938,1,0,0.120,1.663,,1016,18
"CrossingSweep",1000,3,65,1.891,1.882,0.000,0,0,0.074,1.818,,1015,18
"CrossingSweep",1000,3,66,2.476,2.472,0.000,0,0,0.094,2.381,,998,18
"CrossingSweep",1000,3,67,2.771,2.762,0.000,0,0,0.079,2.692,,1014,17
"CrossingSweep",1000,3,68,1.670,1.694,0.000,0,0,0.085,1.585,,1016,18
"CrossingSweep",1000,3,69,8.838,8.785,7.092,1,0,0.102,1.644,,1012,18
"CrossingSweep",1000,3,70,2.719,2.743,0.000,0,0,0.071,2.649,,998,18
"CrossingSweep",1000,3,71,1.844,1.865,0.000,0,0,0.071,1.772,,1016,18
"CrossingSweep",1000,3,72,3.018,2.990,0.000,0,0,0.069,2.949,,1010,18
"CrossingSweep",1000,3,73,8.416,8.440,6.745,1,0,0.111,1.560,,1019,18
"CrossingSweep",1000,3,74,1.880,1.879,0.000,0,0,0.069,1.811,,1011,18
"CrossingSweep",1000,3,75,5.631,5.618,0.000,0,0,0.067,5.563,,1014,18
"CrossingSweep",1000,3,76,8.524,8.527,6.777,1,0,0.111,1.635,,1012,18
"CrossingSweep",1000,3,77,3.348,3.336,0.000,0,0,0.073,3.275,,1017,18
"CrossingSweep",1000,3,78,3.186,3.198,0.000,0,0,0.089,3.097,,1013,18
"CrossingSweep",1000,3,79,4.624,4.612,0.000,0,0,0.076,4.548,,1011,18
"CrossingSweep",1000,3,80,8.277,8.280,6.473,1,0,0.114,1.690,,1016,18
"CrossingSweep",1000,3,81,1.892,1.899,0.000,0,0,0.084,1.807,,1016,18
"CrossingSweep",1000,3,82,5.269,5.248,0.000,0,0,0.074,5.195,,989,18
"CrossingSweep",1000,3,83,8.501,8.520,6.660,1,0,0.123,1.718,,1006,18
"CrossingSweep",1000,3,84,3.436,3.407,0.000,0,0,0.071,3.365,,1011,18
"CrossingSweep",1000,3,85,1.464,1.500,0.000,0,0,0.092,1.372,,1014,18
"CrossingSweep",1000,3,86,2.059,2.041,0.000,0,0,0.080,1.979,,1015,18
"CrossingSweep",1000,3,87,11.648,11.648,9.675,1,0,0.132,1.842,,1008,18
"CrossingSweep",1000,3,88,1.986,1.983,0.000,0,0,0.091,1.896,,1016,18
"CrossingSweep",1000,3,89,5.570,5.550,0.000,0,0,0.083,5.487,,999,18
"CrossingSweep",1000,3,90,8.308,8.333,6.566,1,0,0.115,1.627,,1015,18
"CrossingSweep",1000,3,91,3.227,3.205,0.000,0,0,0.087,3.141,,1014,16
"CrossingSweep",1000,3,92,2.032,2.045,0.000,0,0,0.083,1.949,,993,18
"CrossingSweep",1000,3,93,11.848,11.837,9.944,1,0,0.134,1.770,,1004,18
"CrossingSweep",1000,3,94,2.151,2.142,0.000,0,0,0.075,2.076,,1010,18
"CrossingSweep",1000,3,95,1.782,1.806,0.000,0,0,0.091,1.691,,1017,18
"CrossingSweep",1000,3,96,3.021,3.005,0.000,0,0,0.067,2.954,,1014,18
"CrossingSweep",1000,3,97,8.267,8.266,6.501,1,0,0.109,1.657,,1004,18
"CrossingSweep",1000,3,98,1.825,1.837,0.000,0,0,0.085,1.740,,1013,18
"CrossingSweep",1000,3,99,3.816,3.806,0.000,0,0,0.066,3.750,,1019,18
"CrossingSweep",1000,3,100,0.734,0.749,0.000,0,0,0.078,0.656,,1013,18
"CrossingSweep",1000,3,101,8.323,8.303,6.552,1,0,0.113,1.658,,1018,18
"CrossingSweep",1000,3,102,1.956,1.971,0.000,0,0,0.073,1.884,,1016,18
"CrossingSweep",1000,3,103,2.815,2.797,0.000,0,0,0.066,2.748,,1014,18
"CrossingSweep",1000,3,104,4.159,4.160,0.000,0,0,0.084,4.075,,1008,18
"CrossingSweep",1000,3,105,8.067,8.057,5.948,1,0,0.100,2.020,,1013,18
"CrossingSweep",1000,3,106,3.116,3.125,0.000,0,0,0.081,3.035,,996,18
"CrossingSweep",1000,3,107,2.338,2.345,0.000,0,0,0.068,2.270,,1015,18
"CrossingSweep",1000,3,108,3.158,3.148,0.000,0,0,0.068,3.090,,1015,18
"CrossingSweep",1000,3,109,8.232,8.244,6.532,1,0,0.104,1.596,,1010,18
"CrossingSweep",1000,3,110,1.850,1.849,0.000,0,0,0.066,1.784,,1018,18
"CrossingSweep",1000,3,111,3.874,3.851,0.000,0,0,0.069,3.805,,1012,18
"CrossingSweep",1000,3,112,1.947,1.967,0.000,0,0,0.083,1.865,,1013,18
"CrossingSweep",1000,3,113,8.413,8.412,6.740,1,0,0.103,1.570,,1015,18
"CrossingSweep",1000,3,114,3.464,3.446,0.000,0,0,0.072,3.392,,1016,18
"CrossingSweep",1000,3,115,1.522,1.541,0.000,0,0,0.097,1.425,,1015,18
"CrossingSweep",1000,3,116,2.474,2.468,0.000,0,0,0.075,2.399,,1011,18
"CrossingSweep",1000,3,117,5.199,5.174,0.000,0,0,0.077,5.122,,1016,18
"CrossingSweep",1000,3,118,8.286,8.310,6.337,1,0,0.113,1.837,,1011,18
"CrossingSweep",1000,3,119,3.350,3.336,0.000,0,0,0.069,3.281,,1007,18
"CrossingSweep",1000,3,120,0.975,0.988,0.000,0,0,0.081,0.894,,1016,18
"CrossingSweep",1000,3,121,9.122,9.111,7.191,1,0,0.109,1.822,,1013,18
"CrossingSweep",1000,3,122,3.812,3.804,0.000,0,0,0.078,3.734,,1012,18
"CrossingSweep",1000,3,123,1.502,1.521,0.000,0,0,0.085,1.418,,1018,18
"CrossingSweep",1000,3,124,1.948,1.944,0.000,0,0,0.073,1.875,,1016,18
"CrossingSweep",1000,3,125,8.128,8.114,6.419,1,0,0.104,1.605,,1020,18
"CrossingSweep",1000,3,126,3.261,3.267,0.000,0,0,0.066,3.195,,1007,18
"CrossingSweep",1000,3,127,1.386,1.396,0.000,0,0,0.076,1.311,,992,18
"CrossingSweep",1000,3,128,4.634,4.602,0.000,0,0,0.066,4.568,,1016,18
"CrossingSweep",1000,3,129,9.028,9.054,7.371,1,0,0.109,1.549,,1016,18
"CrossingSweep",1000,3,130,1.863,1.855,0.000,0,0,0.069,1.794,,1009,18
"CrossingSweep",1000,3,131,3.032,3.021,0.000,0,0,0.067,2.965,,1015,18
"CrossingSweep",1000,3,132,2.645,2.661,0.000,0,0,0.100,2.544,,1014,18
"CrossingSweep",1000,3,133,8.579,8.576,6.355,1,0,0.097,2.126,,1012,18
"CrossingSweep",1000,3,134,3.191,3.177,0.000,0,0,0.073,3.118,,1017,18
"CrossingSweep",1000,3,135,1.717,1.725,0.000,0,0,0.081,1.636,,1009,18
"CrossingSweep",1000,3,136,1.977,1.982,0.000,0,0,0.074,1.903,,1008,18
"CrossingSweep",1000,3,137,2.641,2.632,0.000,0,0,0.066,2.576,,1015,18
"CrossingSweep",1000,3,138,8.445,8.448,6.721,1,0,0.114,1.611,,1011,18
"CrossingSweep",1000,3,139,5.546,5.531,0.000,0,0,0.068,5.478,,1008,18
"CrossingSweep",1000,3,140,1.539,1.546,0.000,0,0,0.091,1.447,,998,18
"CrossingSweep",1000,3,141,8.124,8.132,6.338,1,0,0.104,1.682,,1009,18
"CrossingSweep",1000,3,142,1.760,1.760,0.000,0,0,0.070,1.690,,1007,18
"CrossingSweep",1000,3,143,3.256,3.245,0.000,0,0,0.066,3.190,,1002,18
"CrossingSweep",1000,3,144,1.486,1.500,0.000,0,0,0.080,1.406,,1015,18
"CrossingSweep",1000,3,145,4.657,4.638,0.000,0,0,0.070,4.587,,1015,18
"CrossingSweep",1000,3,146,8.574,8.574,6.792,1,0,0.124,1.658,,1005,18
"CrossingSweep",1000,3,147,2.032,2.038,0.000,0,0,0.069,1.962,,1013,18
"CrossingSweep",1000,3,148,3.203,3.186,0.000,0,0,0.076,3.128,,1014,18
"CrossingSweep",1000,3,149,9.078,9.081,6.673,1,0,0.131,2.275,,1017,18
"CrossingSweep",1000,3,150,2.013,2.019,0.000,0,0,0.081,1.933,,939,18
"CrossingSweep",1000,3,151,2.860,2.841,0.000,0,0,0.145,2.715,,1014,18
"CrossingSweep",1000,3,152,2.254,2.257,0.000,0,0,0.086,2.167,,1013,18
"CrossingSweep",1000,3,153,12.219,12.222,10.144,1,0,0.139,1.937,,1010,18
"CrossingSweep",1000,3,154,2.017,2.027,0.000,0,0,0.088,1.929,,1013,18
"CrossingSweep",1000,3,155,4.337,4.313,0.000,0,0,0.070,4.268,,1017,18
"CrossingSweep",1000,3,156,8.678,8.705,6.887,1,0,0.123,1.667,,1012,18
"CrossingSweep",1000,3,157,1.931,1.913,0.000,0,0,0.086,1.845,,1017,18
"CrossingSweep",1000,3,158,3.278,3.257,0.000,0,0,0.138,3.141,,1013,18
"CrossingSweep",1000,3,159,1.605,1.638,0.000,0,0,0.130,1.475,,1004,18
"CrossingSweep",1000,3,160,8.006,8.004,6.264,1,0,0.105,1.638,,1020,18
"CrossingSweep",1000,3,161,4.431,4.393,0.000,0,0,0.067,4.364,,1019,18
"CrossingSweep",1000,3,162,1.749,1.793,0.000,0,0,0.106,1.643,,1017,18
"CrossingSweep",1000,3,163,2.100,2.090,0.000,0,0,0.091,2.009,,1005,18
"CrossingSweep",1000,3,164,7.988,7.994,7.248,1,0,0.101,0.639,,1016,18
"CrossingSweep",1000,3,165,4.470,4.463,0.000,0,0,0.085,4.386,,789,18
"CrossingSweep",1000,3,166,1.170,1.164,0.000,0,0,0.072,1.097,,1236,18
"CrossingSweep",1000,3,167,5.139,5.137,0.000,0,0,0.064,5.075,,1018,18
"CrossingSweep",1000,3,168,8.782,8.777,6.560,1,0,0.108,2.113,,1014,18
"CrossingSweep",1000,3,169,3.129,3.128,0.000,0,0,0.080,3.049,,1016,18
"CrossingSweep",1000,3,170,1.908,1.925,0.000,0,0,0.088,1.820,,1020,18
"CrossingSweep",1000,3,171,8.941,8.927,7.283,1,0,0.111,1.547,,1012,18
"CrossingSweep",1000,3,172,3.469,3.463,0.000,0,0,0.073,3.396,,1016,18
"CrossingSweep",1000,3,173,1.217,1.230,0.000,0,0,0.082,1.136,,1020,18
"CrossingSweep",1000,3,174,5.287,5.264,0.000,0,0,0.107,5.180,,1016,18
"CrossingSweep",1000,3,175,10.799,10.808,8.948,1,0,0.123,1.727,,1005,17
"CrossingSweep",1000,3,176,3.438,3.430,0.000,0,0,0.082,3.357,,1014,18
"CrossingSweep",1000,3,177,1.567,1.587,0.000,0,0,0.099,1.468,,1015,18
"CrossingSweep",1000,3,178,8.366,8.360,6.628,1,0,0.117,1.621,,1017,18
"CrossingSweep",1000,3,179,3.657,3.623,0.000,0,0,0.080,3.577,,1017,18
"CrossingSweep",1000,3,180,1.477,1.513,0.000,0,0,0.140,1.337,,1020,18
"CrossingSweep",1000,3,181,2.102,2.083,0.000,0,0,0.066,2.037,,1016,18
"CrossingSweep",1000,3,182,8.530,8.539,6.777,1,0,0.103,1.650,,1019,18
"CrossingSweep",1000,3,183,3.397,3.400,0.000,0,0,0.079,3.318,,1017,18
"CrossingSweep",1000,3,184,2.145,2.150,0.000,0,0,0.068,2.077,,997,18
"CrossingSweep",1000,3,185,3.119,3.096,0.000,0,0,0.075,3.045,,1013,18
"CrossingSweep",1000,3,186,8.591,8.609,6.861,1,0,0.112,1.618,,1019,18
"CrossingSweep",1000,3,187,1.777,1.774,0.000,0,0,0.068,1.709,,1009,18
"CrossingSweep",1000,3,188,1.093,1.098,0.000,0,0,0.070,1.024,,1018,18
"CrossingSweep",1000,3,189,2.693,2.682,0.000,0,0,0.094,2.598,,1002,18
"CrossingSweep",1000,3,190,1.141,1.147,0.000,0,0,0.078,1.063,,1017,18
"CrossingSweep",1000,3,191,2.485,2.485,0.000,0,0,0.075,2.410,,1017,18
"CrossingSweep",1000,3,192,9.011,8.988,7.154,1,0,0.116,1.741,,1010,18
"CrossingSweep",1000,3,193,2.259,2.275,0.000,0,0,0.088,2.171,,1015,18
"CrossingSweep",1000,3,194,2.260,2.266,0.000,0,0,0.071,2.189,,1016,17
"CrossingSweep",1000,3,195,5.598,5.575,0.000,0,0,0.065,5.533,,996,18
"CrossingSweep",1000,3,196,9.002,9.003,7.083,1,0,0.129,1.791,,1019,18
"CrossingSweep",1000,3,197,3.617,3.580,0.000,0,0,0.073,3.544,,1016,18
"CrossingSweep",1000,3,198,8.367,8.413,7.241,1,0,0.144,0.982,,1013,18
"CrossingSweep",1000,3,199,1.831,1.819,0.000,0,0,0.079,1.752,,1011,18
"CrossingSweep",1000,3,200,2.815,2.804,0.000,0,0,0.159,2.656,,987,17
"CrossingSweep",1000,3,201,1.593,1.623,0.000,0,0,0.096,1.497,,1013,18
"CrossingSweep",1000,3,202,2.537,2.533,0.000,0,0,0.076,2.460,,999,18
"CrossingSweep",1000,3,203,9.185,9.174,7.108,1,0,0.105,1.972,,1016,18
"CrossingSweep",1000,3,204,3.843,3.821,0.000,0,0,0.083,3.760,,1012,18
"CrossingSweep",1000,3,205,3.689,3.682,0.000,0,0,0.070,3.619,,999,18
"CrossingSweep",1000,3,206,10.510,10.545,8.702,1,0,0.125,1.683,,1007,18
"CrossingSweep",1000,3,207,3.418,3.398,0.000,0,0,0.069,3.349,,1011,18
"CrossingSweep",1000,3,208,1.502,1.504,0.000,0,0,0.095,1.407,,1017,18
"CrossingSweep",1000,3,209,2.236,2.242,0.000,0,0,0.150,2.087,,1013,18
"CrossingSweep",1000,3,210,8.442,8.438,6.685,1,0,0.106,1.651,,1016,18
"CrossingSweep",1000,3,211,3.577,3.586,0.000,0,0,0.079,3.498,,805,18
"CrossingSweep",1000,3,212,1.121,1.120,0.000,0,0,0.066,1.055,,1020,18
"CrossingSweep",1000,3,213,3.912,3.875,0.000,0,0,0.072,3.840,,1003,18
"CrossingSweep",1000,3,214,8.212,8.235,6.440,1,0,0.105,1.668,,1020,18
"CrossingSweep",1000,3,215,1.770,1.782,0.000,0,0,0.070,1.700,,1014,18
"CrossingSweep",1000,3,216,1.414,1.418,0.000,0,0,0.067,1.346,,1003,18
"CrossingSweep",1000,3,217,2.457,2.442,0.000,0,0,0.065,2.392,,1012,18
"CrossingSweep",1000,3,218,3.300,3.285,0.000,0,0,0.112,3.188,,1017,18
"CrossingSweep",1000,3,219,8.628,8.635,6.841,1,0,0.104,1.684,,1015,18
"CrossingSweep",1000,3,220,3.318,3.320,0.000,0,0,0.074,3.244,,1003,18
"CrossingSweep",1000,3,221,2.119,2.135,0.000,0,0,0.076,2.043,,993,18
"CrossingSweep",1000,3,222,8.199,8.189,6.283,1,0,0.105,1.811,,995,18
"CrossingSweep",1000,3,223,3.551,3.533,0.000,0,0,0.070,3.481,,1007,18
"CrossingSweep",1000,3,224,1.458,1.484,0.000,0,0,0.081,1.378,,1004,17
"CrossingSweep",1000,3,225,4.169,4.147,0.000,0,0,0.065,4.104,,1001,18
"CrossingSweep",1000,3,226,8.701,8.711,6.619,1,0,0.115,1.967,,997,18
"CrossingSweep",1000,3,227,5.231,5.206,0.000,0,0,0.097,5.134,,1020,18
"CrossingSweep",1000,3,228,1.594,1.622,0.000,0,0,0.084,1.510,,1015,17
"CrossingSweep",1000,3,229,1.841,1.839,0.000,0,0,0.074,1.767,,1010,18
"CrossingSweep",1000,3,230,8.795,8.782,6.927,1,0,0.109,1.758,,1012,18
"CrossingSweep",1000,3,231,3.009,3.013,0.000,0,0,0.080,2.929,,1014,18
"CrossingSweep",1000,3,232,1.409,1.424,0.000,0,0,0.078,1.331,,991,18
"CrossingSweep",1000,3,233,4.155,4.117,0.000,0,0,0.064,4.091,,996,18
"CrossingSweep",1000,3,234,8.453,8.475,6.677,1,0,0.116,1.660,,1017,18
"CrossingSweep",1000,3,235,1.811,1.799,0.000,0,0,0.067,1.744,,1019,18
"CrossingSweep",1000,3,236,1.129,1.148,0.000,0,0,0.080,1.049,,1015,18
"CrossingSweep",1000,3,237,2.919,2.903,0.000,0,0,0.063,2.856,,1001,18
"CrossingSweep",1000,3,238,8.598,8.597,6.804,1,0,0.115,1.679,,1021,18
"CrossingSweep",1000,3,239,1.914,1.921,0.000,0,0,0.069,1.846,,1020,18
"CrossingSweep",1000,3,240,2.989,2.978,0.000,0,0,0.071,2.918,,1015,18
"CrossingSweep",1000,3,241,3.298,3.309,0.000,0,0,0.090,3.209,,1012,18
"CrossingSweep",1000,3,242,8.961,8.943,7.065,1,0,0.109,1.786,,1016,18
"CrossingSweep",1000,3,243,3.548,3.559,0.000,0,0,0.076,3.472,,1008,18
"CrossingSweep",1000,3,244,1.432,1.444,0.000,0,0,0.072,1.360,,1011,18
"CrossingSweep",1000,3,245,3.524,3.498,0.000,0,0,0.066,3.458,,1017,18
"CrossingSweep",1000,3,246,8.487,8.501,6.745,1,0,0.122,1.620,,1016,18
"CrossingSweep",1000,3,247,1.957,1.949,0.000,0,0,0.080,1.877,,1020,17
"CrossingSweep",1000,3,248,3.467,3.453,0.000,0,0,0.065,3.402,,1018,18
"CrossingSweep",1000,3,249,1.523,1.550,0.000,0,0,0.090,1.433,,995,18
"CrossingSweep",1000,3,250,2.050,2.030,0.000,0,0,0.075,1.976,,1010,18
"CrossingSweep",1000,3,251,9.043,9.038,7.087,1,0,0.118,1.839,,1001,18
"CrossingSweep",1000,3,252,2.772,2.772,0.000,0,0,0.099,2.672,,1018,18
"CrossingSweep",1000,3,253,6.653,6.635,0.000,0,0,0.080,6.573,,1014,18
"CrossingSweep",1000,3,254,8.783,8.804,6.916,1,0,0.133,1.734,,1013,18
"CrossingSweep",1000,3,255,3.912,3.897,0.000,0,0,0.087,3.825,,999,18
"CrossingSweep",1000,3,256,1.542,1.556,0.000,0,0,0.128,1.414,,1011,18
"CrossingSweep",1000,3,257,7.962,7.963,6.348,1,0,0.102,1.512,,1014,18
"CrossingSweep",1000,3,258,4.427,4.398,0.000,0,0,0.080,4.347,,1002,18
"CrossingSweep",1000,3,259,2.578,2.585,0.000,0,0,0.122,2.456,,1010,18
"CrossingSweep",1000,3,260,4.324,4.329,0.000,0,0,0.078,4.247,,1018,18
"CrossingSweep",1000,3,261,8.748,8.746,6.535,1,0,0.115,2.097,,1010,18
"CrossingSweep",1000,3,262,1.436,1.460,0.000,0,0,0.080,1.356,,1008,18
"CrossingSweep",1000,3,263,3.705,3.687,0.000,0,0,0.072,3.633,,1014,18
"CrossingSweep",1000,3,264,8.832,8.831,6.767,1,0,0.109,1.957,,1018,18
"CrossingSweep",1000,3,265,1.822,1.829,0.000,0,0,0.077,1.745,,1006,18
"CrossingSweep",1000,3,266,3.193,3.179,0.000,0,0,0.066,3.127,,1015,18
"CrossingSweep",1000,3,267,1.875,1.888,0.000,0,0,0.091,1.784,,1003,18
"CrossingSweep",1000,3,268,8.252,8.250,6.530,1,0,0.101,1.621,,1019,18
"CrossingSweep",1000,3,269,3.801,3.780,0.000,0,0,0.070,3.731,,1004,18
"CrossingSweep",1000,3,270,1.495,1.519,0.000,0,0,0.078,1.417,,1013,18
"CrossingSweep",1000,3,271,1.782,1.782,0.000,0,0,0.076,1.707,,992,18
"CrossingSweep",1000,3,272,1.446,1.447,0.000,0,0,0.065,1.382,,1012,18
"CrossingSweep",1000,3,273,8.535,8.520,6.470,1,0,0.106,1.958,,1019,18
"CrossingSweep",1000,3,274,7.623,7.584,0.000,0,0,0.070,7.552,,1001,17
"CrossingSweep",1000,3,275,1.561,1.605,0.000,0,0,0.103,1.459,,1010,18
"CrossingSweep",1000,3,276,8.425,8.419,6.599,1,0,0.114,1.712,,1017,18
"CrossingSweep",1000,3,277,3.850,3.840,0.000,0,0,0.082,3.768,,1016,18
"CrossingSweep",1000,3,278,0.824,0.847,0.000,0,0,0.084,0.741,,1019,18
"CrossingSweep",1000,3,279,1.815,1.806,0.000,0,0,0.079,1.736,,712,18
"CrossingSweep",1000,3,280,1.152,1.153,0.000,0,0,0.069,1.084,,1310,18
"CrossingSweep",1000,3,281,9.026,9.000,7.085,1,0,0.121,1.820,,1020,18
"CrossingSweep",1000,3,282,5.360,5.377,0.000,0,0,0.098,5.262,,1004,18
"CrossingSweep",1000,3,283,3.679,3.653,0.000,0,0,0.082,3.598,,1017,18
"CrossingSweep",1000,3,284,8.983,8.981,6.381,1,0,0.120,2.482,,1017,18
"CrossingSweep",1000,3,285,2.701,2.719,0.000,0,0,0.148,2.553,,1014,18
"CrossingSweep",1000,3,286,2.408,2.416,0.000,0,0,0.145,2.263,,1015,18
"CrossingSweep",1000,3,287,1.419,1.415,0.000,0,0,0.129,1.290,,1009,18
"CrossingSweep",1000,3,288,11.855,11.846,9.850,1,0,0.124,1.881,,1011,18
"CrossingSweep",1000,3,289,1.561,1.574,0.000,0,0,0.087,1.474,,1011,18
"CrossingSweep",1000,3,290,1.445,1.441,0.000,0,0,0.067,1.378,,1021,18
"CrossingSweep",1000,3,291,3.330,3.312,0.000,0,0,0.083,3.247,,1018,18
"CrossingSweep",1000,3,292,8.210,8.222,6.347,1,0,0.113,1.749,,1010,18
"CrossingSweep",1000,3,293,1.740,1.732,0.000,0,0,0.082,1.658,,1008,18
"CrossingSweep",1000,3,294,1.268,1.279,0.000,0,0,0.067,1.201,,1012,18
"CrossingSweep",1000,3,295,2.688,2.657,0.000,0,0,0.066,2.622,,1015,18
"CrossingSweep",1000,3,296,1.444,1.478,0.000,0,0,0.079,1.365,,1012,18
"CrossingSweep",1000,3,297,8.677,8.666,6.930,1,0,0.114,1.633,,1011,18
"CrossingSweep",1000,3,298,3.762,3.730,0.000,0,0,0.080,3.681,,1016,18
"CrossingSweep",1000,3,299,1.604,1.629,0.000,0,0,0.153,1.451,,1018,18
"CrossingSweep",1250,3,0,2.810,2.789,0.000,0,0,0.091,2.719,,1243,21
"CrossingSweep",1250,3,1,12.121,12.110,10.269,1,0,0.146,1.705,,1258,21
"CrossingSweep",1250,3,2,4.390,4.409,0.000,0,0,0.118,4.271,,1258,21
"CrossingSweep",1250,3,3,12.090,12.082,10.357,1,0,0.149,1.583,,1249,21
"CrossingSweep",1250,3,4,1.943,1.952,0.000,0,0,0.084,1.859,,1255,21
"CrossingSweep",1250,3,5,1.419,1.431,0.000,0,0,0.088,1.330,,1252,21
"CrossingSweep",1250,3,6,3.056,3.008,0.000,0,0,0.107,2.949,,1259,21
"CrossingSweep",1250,3,7,11.793,11.811,10.019,1,0,0.153,1.621,,1257,21
"CrossingSweep",1250,3,8,1.993,1.998,0.000,0,0,0.106,1.887,,1265,21
"CrossingSweep",1250,3,9,1.954,1.962,0.000,0,0,0.128,1.825,,1252,21
"CrossingSweep",1250,3,10,11.872,11.867,10.108,1,0,0.167,1.598,,1261,21
"CrossingSweep",1250,3,11,1.945,1.939,0.000,0,0,0.096,1.849,,1254,21
"CrossingSweep",1250,3,12,1.499,1.516,0.000,0,0,0.098,1.402,,1259,21
"CrossingSweep",1250,3,13,2.989,2.968,0.000,0,0,0.084,2.905,,1260,21
"CrossingSweep",1250,3,14,12.192,12.197,10.452,1,0,0.140,1.600,,1255,21
"CrossingSweep",1250,3,15,2.809,2.770,0.000,0,0,0.093,2.716,,1232,21
"CrossingSweep",1250,3,16,11.704,11.734,10.023,1,0,0.142,1.539,,1217,21
"CrossingSweep",1250,3,17,2.150,2.152,0.000,0,0,0.093,2.057,,1247,21
"CrossingSweep",1250,3,18,1.468,1.483,0.000,0,0,0.180,1.288,,1250,21
"CrossingSweep",1250,3,19,1.575,1.566,0.000,0,0,0.082,1.493,,1228,21
"CrossingSweep",1250,3,20,13.355,13.336,11.242,1,0,0.169,1.944,,1253,21
"CrossingSweep",1250,3,21,5.714,5.713,0.000,0,0,0.096,5.618,,1259,21
"CrossingSweep",1250,3,22,12.561,12.564,10.748,1,0,0.167,1.645,,1250,21
"CrossingSweep",1250,3,23,3.168,3.184,0.000,0,0,0.096,3.072,,1252,21
"CrossingSweep",1250,3,24,13.637,13.614,11.364,1,0,0.166,2.107,,1254,21
"CrossingSweep",1250,3,25,4.417,4.406,0.000,0,0,0.099,4.318,,1238,21
"CrossingSweep",1250,3,26,11.726,11.687,9.565,1,0,0.164,1.997,,1234,21
"CrossingSweep",1250,3,27,5.191,5.249,0.000,0,0,0.106,5.085,,1251,21
"CrossingSweep",1250,3,28,13.325,13.302,10.523,1,0,0.155,2.647,,1240,21
"CrossingSweep",1250,3,29,15.767,15.788,14.156,1,0,0.143,1.469,,1262,21
"CrossingSweep",1250,3,30,14.066,14.024,11.569,1,0,0.153,2.344,,1258,21
"CrossingSweep",1250,3,31,3.514,3.544,0.000,0,0,0.283,3.230,,1250,21
"CrossingSweep",1250,3,32,12.899,12.879,10.140,1,0,0.157,2.603,,1258,21
"CrossingSweep",1250,3,33,2.164,2.197,0.000,0,0,0.166,1.998,,1243,20
"CrossingSweep",1250,3,34,3.293,3.259,0.000,0,0,0.144,3.148,,1261,21
"CrossingSweep",1250,3,35,13.477,13.488,11.570,1,0,0.170,1.736,,1251,21
"CrossingSweep",1250,3,36,2.715,2.708,0.000,0,0,0.105,2.610,,463,21
"CrossingSweep",1250,3,37,11.613,11.623,9.827,1,0,0.153,1.633,,1266,21
"CrossingSweep",1250,3,38,2.268,2.265,0.000,0,0,0.102,2.166,,1262,20
"CrossingSweep",1250,3,39,1.618,1.602,0.000,0,0,0.090,1.528,,1240,21
"CrossingSweep",1250,3,40,12.245,12.264,10.568,1,0,0.146,1.530,,1262,21
"CrossingSweep",1250,3,41,2.271,2.265,0.000,0,0,0.086,2.185,,1262,21
"CrossingSweep",1250,3,42,3.350,3.340,0.000,0,0,0.090,3.259,,1260,21
"CrossingSweep",1250,3,43,12.241,12.248,9.846,1,0,0.145,2.250,,1253,21
"CrossingSweep",1250,3,44,3.152,3.152,0.000,0,0,0.134,3.018,,1127,21
"CrossingSweep",1250,3,45,13.765,13.757,11.733,1,0,0.173,1.858,,1250,21
"CrossingSweep",1250,3,46,4.679,4.625,0.000,0,0,0.104,4.575,,1248,21
"CrossingSweep",1250,3,47,12.216,12.262,10.371,1,0,0.166,1.680,,1248,21
"CrossingSweep",1250,3,48,4.183,4.196,0.000,0,0,0.111,4.072,,1264,21
"CrossingSweep",1250,3,49,11.909,11.900,10.100,1,0,0.158,1.651,,1240,21
"CrossingSweep",1250,3,50,2.222,2.237,0.000,0,0,0.092,2.129,,1259,21
"CrossingSweep",1250,3,51,11.730,11.721,10.665,1,0,0.177,0.888,,1262,21
"CrossingSweep",1250,3,52,2.545,2.507,0.000,0,0,0.095,2.450,,1259,21
"CrossingSweep",1250,3,53,3.764,3.767,0.000,0,0,0.197,3.567,,1261,21
"CrossingSweep",1250,3,54,16.598,16.577,14.265,1,0,0.158,2.175,,1262,20
"CrossingSweep",1250,3,55,12.647,12.696,10.269,1,0,0.199,2.179,,1263,21
"CrossingSweep",1250,3,56,1.694,1.706,0.000,0,0,0.095,1.599,,1263,21
"CrossingSweep",1250,3,57,3.763,3.748,0.000,0,0,0.085,3.677,,1264,21
"CrossingSweep",1250,3,58,12.126,12.124,10.380,1,0,0.147,1.598,,1265,21
"CrossingSweep",1250,3,59,3.380,3.386,0.000,0,0,0.089,3.291,,1255,21
"CrossingSweep",1250,3,60,14.160,14.135,11.431,1,0,0.180,2.549,,1255,21
"CrossingSweep",1250,3,61,2.196,2.227,0.000,0,0,0.167,2.028,,1265,21
"CrossingSweep",1250,3,62,14.490,14.476,12.727,1,0,0.145,1.618,,1260,21
"CrossingSweep",1250,3,63,3.603,3.600,0.000,0,0,0.086,3.517,,1263,21
"CrossingSweep",1250,3,64,12.734,12.729,10.836,1,0,0.172,1.725,,1259,21
"CrossingSweep",1250,3,65,3.033,3.037,0.000,0,0,0.099,2.934,,1265,21
"CrossingSweep",1250,3,66,15.251,15.253,13.145,1,0,0.162,1.945,,1265,21
"CrossingSweep",1250,3,67,11.339,11.324,9.551,1,0,0.137,1.651,,1259,21
"CrossingSweep",1250,3,68,2.243,2.258,0.000,0,0,0.105,2.138,,1264,20
"CrossingSweep",1250,3,69,3.520,3.505,0.000,0,0,0.124,3.396,,1260,21
"CrossingSweep",1250,3,70,13.323,13.321,11.303,1,0,0.180,1.841,,1260,21
"CrossingSweep",1250,3,71,2.234,2.251,0.000,0,0,0.097,2.138,,1260,21
"CrossingSweep",1250,3,72,1.851,1.854,0.000,0,0,0.090,1.761,,1264,21
"CrossingSweep",1250,3,73,12.039,12.021,10.329,1,0,0.156,1.554,,1263,21
"CrossingSweep",1250,3,74,4.437,4.410,0.000,0,0,0.090,4.347,,1251,21
"CrossingSweep",1250,3,75,16.378,16.391,12.979,1,0,0.231,3.169,,1259,21
"CrossingSweep",1250,3,76,15.501,15.515,13.624,1,0,0.159,1.718,,1260,21
"CrossingSweep",1250,3,77,2.799,2.787,0.000,0,0,0.100,2.699,,1268,21
"CrossingSweep",1250,3,78,13.385,13.396,11.415,1,0,0.169,1.800,,1255,21
"CrossingSweep",1250,3,79,2.692,2.687,0.000,0,0,0.108,2.584,,1265,20
"CrossingSweep",1250,3,80,14.858,14.856,12.680,1,0,0.180,1.998,,1265,21
"CrossingSweep",1250,3,81,12.586,12.581,10.860,1,0,0.182,1.543,,1261,21
"CrossingSweep",1250,3,82,2.390,2.397,0.000,0,0,0.085,2.305,,1269,21
"CrossingSweep",1250,3,83,2.840,2.829,0.000,0,0,0.085,2.754,,1261,21
"CrossingSweep",1250,3,84,12.667,12.657,10.689,1,0,0.169,1.810,,1261,21
"CrossingSweep",1250,3,85,3.195,3.210,0.000,0,0,0.106,3.090,,1238,21
"CrossingSweep",1250,3,86,16.699,16.682,14.690,1,0,0.170,1.840,,1257,21
"CrossingSweep",1250,3,87,13.367,13.373,11.448,1,0,0.167,1.752,,1254,21
"CrossingSweep",1250,3,88,3.818,3.820,0.000,0,0,0.101,3.717,,1257,21
"CrossingSweep",1250,3,89,12.288,12.280,9.856,1,0,0.151,2.281,,1266,21
"CrossingSweep",1250,3,90,2.043,2.058,0.000,0,0,0.213,1.830,,1262,21
"CrossingSweep",1250,3,91,5.710,5.694,0.000,0,0,0.089,5.622,,1252,21
"CrossingSweep",1250,3,92,11.872,11.880,10.053,1,0,0.136,1.683,,1263,21
"CrossingSweep",1250,3,93,8.535,8.496,0.000,0,0,0.101,8.434,,1266,21
"CrossingSweep",1250,3,94,11.593,11.630,9.719,1,0,0.155,1.718,,1269,21
"CrossingSweep",1250,3,95,12.439,12.428,10.585,1,0,0.159,1.696,,1250,21
"CrossingSweep",1250,3,96,3.745,3.736,0.000,0,0,0.099,3.646,,1257,21
"CrossingSweep",1250,3,97,13.391,13.397,11.517,1,0,0.162,1.713,,1258,21
"CrossingSweep",1250,3,98,2.472,2.484,0.000,0,0,0.114,2.359,,1262,21
"CrossingSweep",1250,3,99,11.626,11.618,10.548,1,0,0.167,0.911,,1260,21
"CrossingSweep",1250,3,100,2.651,2.628,0.000,0,0,0.104,2.547,,1262,21
"CrossingSweep",1250,3,101,1.367,1.381,0.000,0,0,0.183,1.184,,1256,21
"CrossingSweep",1250,3,102,11.969,11.974,10.877,1,0,0.194,0.898,,1259,21
"CrossingSweep",1250,3,103,2.335,2.332,0.000,0,0,0.086,2.250,,1226,21
"CrossingSweep",1250,3,104,2.754,2.738,0.000,0,0,0.122,2.632,,1261,21
"CrossingSweep",1250,3,105,12.270,12.291,11.219,1,0,0.160,0.890,,1267,21
"CrossingSweep",1250,3,106,3.104,3.095,0.000,0,0,0.090,3.014,,1265,21
"CrossingSweep",1250,3,107,14.107,14.094,10.849,1,0,0.180,3.078,,1262,21
"CrossingSweep",1250,3,108,2.128,2.148,0.000,0,0,0.101,2.028,,1248,21
"CrossingSweep",1250,3,109,3.082,3.064,0.000,0,0,0.084,2.998,,1263,21
"CrossingSweep",1250,3,110,13.307,13.303,11.363,1,0,0.167,1.776,,1264,21
"CrossingSweep",1250,3,111,2.815,2.829,0.000,0,0,0.094,2.720,,1262,21
"CrossingSweep",1250,3,112,13.550,13.537,11.563,1,0,0.153,1.834,,1258,21
"CrossingSweep",1250,3,113,2.191,2.186,0.000,0,0,0.107,2.084,,1262,21
"CrossingSweep",1250,3,114,14.922,14.905,11.918,1,0,0.164,2.840,,1259,21
"CrossingSweep",1250,3,115,5.409,5.433,0.000,0,0,0.202,5.207,,1262,21
"CrossingSweep",1250,3,116,12.616,12.609,10.651,1,0,0.170,1.794,,1259,21
"CrossingSweep",1250,3,117,11.673,11.677,10.022,1,0,0.143,1.508,,1259,21
"CrossingSweep",1250,3,118,2.591,2.588,0.000,0,0,0.090,2.501,,1256,20
"CrossingSweep",1250,3,119,1.497,1.515,0.000,0,0,0.085,1.413,,1262,21
"CrossingSweep",1250,3,120,12.228,12.212,10.531,1,0,0.146,1.551,,1249,21
"CrossingSweep",1250,3,121,4.583,4.565,0.000,0,0,0.086,4.497,,1265,21
"CrossingSweep",1250,3,122,13.393,13.397,11.667,1,0,0.147,1.578,,1261,21
"CrossingSweep",1250,3,123,2.692,2.707,0.000,0,0,0.090,2.601,,1267,21
"CrossingSweep",1250,3,124,2.005,2.007,0.000,0,0,0.118,1.887,,1262,21
"CrossingSweep",1250,3,125,12.660,12.644,10.908,1,0,0.153,1.599,,1258,21
"CrossingSweep",1250,3,126,3.874,3.870,0.000,0,0,0.087,3.787,,1264,21
"CrossingSweep",1250,3,127,13.744,13.740,11.447,1,0,0.162,2.135,,1263,20
"CrossingSweep",1250,3,128,2.514,2.521,0.000,0,0,0.105,2.409,,1259,21
"CrossingSweep",1250,3,129,13.612,13.613,11.662,1,0,0.174,1.776,,1258,20
"CrossingSweep",1250,3,130,2.011,2.019,0.000,0,0,0.118,1.894,,1264,21
"CrossingSweep",1250,3,131,5.084,5.051,0.000,0,0,0.094,4.990,,1262,21
"CrossingSweep",1250,3,132,13.184,13.209,11.314,1,0,0.189,1.681,,1261,21
"CrossingSweep",1250,3,133,11.616,11.604,9.905,1,0,0.137,1.573,,1258,21
"CrossingSweep",1250,3,134,2.819,2.831,0.000,0,0,0.095,2.723,,1259,21
"CrossingSweep",1250,3,135,1.976,1.983,0.000,0,0,0.117,1.859,,1255,21
"CrossingSweep",1250,3,136,13.306,13.289,10.319,1,0,0.136,2.851,,1256,21
"CrossingSweep",1250,3,137,3.478,3.453,0.000,0,0,0.087,3.392,,1260,21
"CrossingSweep",1250,3,138,12.704,12.727,10.991,1,0,0.155,1.558,,1266,21
"CrossingSweep",1250,3,139,4.011,4.011,0.000,0,0,0.092,3.919,,1259,21
"CrossingSweep",1250,3,140,13.728,13.722,11.889,1,0,0.163,1.675,,1264,21
"CrossingSweep",1250,3,141,4.268,4.258,0.000,0,0,0.099,4.170,,1266,21
"CrossingSweep",1250,3,142,15.119,15.118,12.588,1,0,0.221,2.310,,1265,21
"CrossingSweep",1250,3,143,14.882,14.900,13.195,1,0,0.138,1.549,,1264,21
"CrossingSweep",1250,3,144,2.273,2.247,0.000,0,0,0.084,2.189,,1262,21
"CrossingSweep",1250,3,145,11.226,11.240,10.313,1,0,0.143,0.770,,1261,21
"CrossingSweep",1250,3,146,5.117,5.108,0.000,0,0,0.083,5.034,,1255,21
"CrossingSweep",1250,3,147,12.363,12.355,10.379,1,0,0.167,1.817,,1263,21
"CrossingSweep",1250,3,148,5.141,5.164,0.000,0,0,0.112,5.029,,1261,21
"CrossingSweep",1250,3,149,11.989,11.971,10.171,1,0,0.153,1.665,,1265,21
"CrossingSweep",1250,3,150,2.115,2.136,0.000,0,0,0.105,2.010,,1268,21
"CrossingSweep",1250,3,151,5.493,5.476,0.000,0,0,0.084,5.409,,1247,21
"CrossingSweep",1250,3,152,11.697,11.690,9.762,1,0,0.165,1.769,,1264,21
"CrossingSweep",1250,3,153,12.170,12.177,10.290,1,0,0.144,1.736,,1262,21
"CrossingSweep",1250,3,154,4.320,4.323,0.000,0,0,0.092,4.229,,1258,21
"CrossingSweep",1250,3,155,12.217,12.207,10.322,1,0,0.154,1.741,,1265,21
"CrossingSweep",1250,3,156,2.242,2.259,0.000,0,0,0.111,2.131,,1259,21
"CrossingSweep",1250,3,157,3.526,3.509,0.000,0,0,0.085,3.442,,1259,21
"CrossingSweep",1250,3,158,12.629,12.597,11.034,1,0,0.164,1.432,,1262,21
"CrossingSweep",1250,3,159,3.315,3.336,0.000,0,0,0.254,3.061,,1263,21
"CrossingSweep",1250,3,160,12.421,12.425,10.354,1,0,0.158,1.910,,1262,21
"CrossingSweep",1250,3,161,3.964,3.979,0.000,0,0,0.099,3.865,,1263,21
"CrossingSweep",1250,3,162,12.870,12.855,10.952,1,0,0.159,1.759,,1261,21
"CrossingSweep",1250,3,163,3.436,3.430,0.000,0,0,0.099,3.337,,1255,21
"CrossingSweep",1250,3,164,12.196,12.202,10.031,1,0,0.159,2.007,,1261,21
"CrossingSweep",1250,3,165,2.930,2.923,0.000,0,0,0.107,2.823,,1264,21
"CrossingSweep",1250,3,166,2.575,2.593,0.000,0,0,0.101,2.474,,1266,21
"CrossingSweep",1250,3,167,12.760,12.754,10.966,1,0,0.150,1.644,,1262,21
"CrossingSweep",1250,3,168,4.304,4.266,0.000,0,0,0.094,4.210,,1250,21
"CrossingSweep",1250,3,169,13.449,13.335,12.342,1,0,0.152,0.955,,1262,21
"CrossingSweep",1250,3,170,2.900,3.048,0.000,0,0,0.088,2.812,,1251,21
"CrossingSweep",1250,3,171,10.926,10.912,9.776,1,0,0.147,1.003,,1257,20
"CrossingSweep",1250,3,172,4.622,4.623,0.000,0,0,0.087,4.535,,1255,21
"CrossingSweep",1250,3,173,12.063,12.065,10.456,1,0,0.151,1.457,,1266,21
"CrossingSweep",1250,3,174,4.608,4.592,0.000,0,0,0.089,4.519,,1262,21
"CrossingSweep",1250,3,175,1.687,1.717,0.000,0,0,0.130,1.557,,1258,21
"CrossingSweep",1250,3,176,11.788,11.769,10.119,1,0,0.150,1.519,,1262,21
"CrossingSweep",1250,3,177,2.456,2.454,0.000,0,0,0.091,2.365,,1259,21
"CrossingSweep",1250,3,178,1.796,1.809,0.000,0,0,0.113,1.683,,1261,21
"CrossingSweep",1250,3,179,12.064,12.055,10.230,1,0,0.159,1.675,,1260,21
"CrossingSweep",1250,3,180,2.071,2.071,0.000,0,0,0.088,1.983,,1257,20
"CrossingSweep",1250,3,181,2.913,2.888,0.000,0,0,0.084,2.829,,1245,21
"CrossingSweep",1250,3,182,11.871,11.893,9.928,1,0,0.159,1.784,,1264,21
"CrossingSweep",1250,3,183,3.754,3.732,0.000,0,0,0.094,3.660,,1251,21
"CrossingSweep",1250,3,184,14.117,14.126,12.919,1,0,0.168,1.030,,1259,21
"CrossingSweep",1250,3,185,2.396,2.405,0.000,0,0,0.095,2.301,,1263,21
"CrossingSweep",1250,3,186,12.658,12.649,10.862,1,0,0.151,1.646,,1258,21
"CrossingSweep",1250,3,187,3.746,3.744,0.000,0,0,0.090,3.656,,1266,21
"CrossingSweep",1250,3,188,1.476,1.492,0.000,0,0,0.115,1.361,,1258,21
"CrossingSweep",1250,3,189,13.665,13.641,10.791,1,0,0.173,2.702,,1263,21
"CrossingSweep",1250,3,190,1.983,2.001,0.000,0,0,0.096,1.887,,1260,21
"CrossingSweep",1250,3,191,13.188,13.170,11.231,1,0,0.167,1.790,,1258,21
"CrossingSweep",1250,3,192,4.462,4.462,0.000,0,0,0.101,4.362,,1266,21
"CrossingSweep",1250,3,193,12.199,12.204,10.345,1,0,0.152,1.703,,1270,21
"CrossingSweep",1250,3,194,3.314,3.302,0.000,0,0,0.100,3.215,,1264,21
"CrossingSweep",1250,3,195,12.608,12.623,10.737,1,0,0.165,1.706,,1048,21
"CrossingSweep",1250,3,196,2.498,2.496,0.000,0,0,0.096,2.402,,1265,21
"CrossingSweep",1250,3,197,4.142,4.119,0.000,0,0,0.106,4.036,,1260,21
"CrossingSweep",1250,3,198,14.730,14.671,10.841,1,0,0.163,3.727,,1265,21
"CrossingSweep",1250,3,199,12.034,12.088,9.794,1,0,0.147,2.093,,1265,21
"CrossingSweep",1250,3,200,2.968,2.989,0.000,0,0,0.139,2.829,,1261,20
"CrossingSweep",1250,3,201,2.440,2.450,0.000,0,0,0.120,2.320,,1257,21
"CrossingSweep",1250,3,202,12.222,12.204,10.371,1,0,0.144,1.707,,1259,21
"CrossingSweep",1250,3,203,4.169,4.157,0.000,0,0,0.092,4.077,,1257,21
"CrossingSweep",1250,3,204,12.659,12.663,10.885,1,0,0.153,1.621,,1265,21
"CrossingSweep",1250,3,205,2.740,2.729,0.000,0,0,0.104,2.636,,1257,21
"CrossingSweep",1250,3,206,12.475,12.494,10.620,1,0,0.159,1.696,,1262,21
"CrossingSweep",1250,3,207,2.215,2.208,0.000,0,0,0.095,2.120,,1259,21
"CrossingSweep",1250,3,208,1.774,1.792,0.000,0,0,0.095,1.679,,1259,21
"CrossingSweep",1250,3,209,3.295,3.277,0.000,0,0,0.083,3.212,,1258,21
"CrossingSweep",1250,3,210,12.144,12.148,10.238,1,0,0.151,1.754,,1216,21
"CrossingSweep",1250,3,211,2.990,2.952,0.000,0,0,0.101,2.889,,1263,20
"CrossingSweep",1250,3,212,11.619,11.656,9.892,1,0,0.137,1.590,,1266,21
"CrossingSweep",1250,3,213,2.613,2.604,0.000,0,0,0.088,2.525,,1253,21
"CrossingSweep",1250,3,214,2.185,2.194,0.000,0,0,0.087,2.099,,1264,21
"CrossingSweep",1250,3,215,12.602,12.589,10.622,1,0,0.153,1.828,,1264,21
"CrossingSweep",1250,3,216,3.987,3.985,0.000,0,0,0.097,3.890,,1267,21
"CrossingSweep",1250,3,217,11.630,11.629,10.520,1,0,0.151,0.958,,1266,20
"CrossingSweep",1250,3,218,4.049,4.048,0.000,0,0,0.089,3.960,,1258,21
"CrossingSweep",1250,3,219,13.590,13.587,10.199,1,0,0.166,3.225,,1258,19
"CrossingSweep",1250,3,220,2.230,2.230,0.000,0,0,0.094,2.136,,1265,20
"CrossingSweep",1250,3,221,3.267,3.266,0.000,0,0,0.112,3.155,,1265,21
"CrossingSweep",1250,3,222,12.887,12.879,10.858,1,0,0.155,1.874,,1257,21
"CrossingSweep",1250,3,223,3.831,3.843,0.000,0,0,0.105,3.726,,1268,21
"CrossingSweep",1250,3,224,12.664,12.661,10.364,1,0,0.172,2.129,,1256,21
"CrossingSweep",1250,3,225,2.289,2.289,0.000,0,0,0.096,2.193,,1265,21
"CrossingSweep",1250,3,226,11.740,11.741,9.868,1,0,0.182,1.690,,1259,21
"CrossingSweep",1250,3,227,5.308,5.296,0.000,0,0,0.090,5.218,,1254,19
"CrossingSweep",1250,3,228,11.934,11.933,9.970,1,0,0.159,1.804,,1263,21
"CrossingSweep",1250,3,229,3.359,3.366,0.000,0,0,0.095,3.264,,1264,21
"CrossingSweep",1250,3,230,13.600,13.589,10.514,1,0,0.166,2.920,,1259,20
"CrossingSweep",1250,3,231,2.005,2.020,0.000,0,0,0.098,1.907,,1260,21
"CrossingSweep",1250,3,232,3.689,3.675,0.000,0,0,0.224,3.465,,1257,21
"CrossingSweep",1250,3,233,12.109,12.103,10.026,1,0,0.149,1.935,,1259,21
"CrossingSweep",1250,3,234,3.153,3.166,0.000,0,0,0.103,3.050,,1261,21
"CrossingSweep",1250,3,235,11.886,11.883,10.072,1,0,0.152,1.663,,1258,21
"CrossingSweep",1250,3,236,3.564,3.537,0.000,0,0,0.093,3.471,,1262,21
"CrossingSweep",1250,3,237,16.750,16.764,14.262,1,0,0.175,2.313,,1266,21
"CrossingSweep",1250,3,238,12.330,12.331,10.034,1,0,0.144,2.151,,1257,21
"CrossingSweep",1250,3,239,3.947,3.860,0.000,0,0,0.132,3.816,,1267,21
"CrossingSweep",1250,3,240,1.780,1.880,0.000,0,0,0.159,1.622,,1259,21
"CrossingSweep",1250,3,241,12.278,12.257,10.028,1,0,0.155,2.095,,1264,21
"CrossingSweep",1250,3,242,1.791,1.794,0.000,0,0,0.095,1.696,,1262,21
"CrossingSweep",1250,3,243,3.761,3.763,0.000,0,0,0.105,3.657,,1259,21
"CrossingSweep",1250,3,244,11.891,11.885,9.596,1,0,0.144,2.151,,1266,21
"CrossingSweep",1250,3,245,5.489,5.497,0.000,0,0,0.102,5.387,,1255,21
"CrossingSweep",1250,3,246,12.340,12.333,10.567,1,0,0.146,1.627,,1263,21
"CrossingSweep",1250,3,247,1.939,1.953,0.000,0,0,0.085,1.855,,1259,21
"CrossingSweep",1250,3,248,12.482,12.477,10.710,1,0,0.148,1.625,,1268,21
"CrossingSweep",1250,3,249,2.109,2.100,0.000,0,0,0.088,2.022,,1270,21
"CrossingSweep",1250,3,250,3.670,3.670,0.000,0,0,0.089,3.581,,1270,21
"CrossingSweep",1250,3,251,13.069,13.071,11.217,1,0,0.166,1.685,,1259,21
"CrossingSweep",1250,3,252,2.142,2.132,0.000,0,0,0.088,2.054,,1260,21
"CrossingSweep",1250,3,253,12.992,13.001,11.260,1,0,0.156,1.576,,1267,21
"CrossingSweep",1250,3,254,2.049,2.052,0.000,0,0,0.089,1.960,,1260,21
"CrossingSweep",1250,3,255,3.127,3.112,0.000,0,0,0.087,3.040,,1257,21
"CrossingSweep",1250,3,256,11.141,11.147,10.151,1,0,0.153,0.837,,1263,21
"CrossingSweep",1250,3,257,3.932,3.923,0.000,0,0,0.090,3.842,,1257,21
"CrossingSweep",1250,3,258,11.795,11.789,9.967,1,0,0.152,1.676,,1260,20
"CrossingSweep",1250,3,259,3.226,3.243,0.000,0,0,0.096,3.130,,1259,21
"CrossingSweep",1250,3,260,1.545,1.545,0.000,0,0,0.095,1.450,,1229,21
"CrossingSweep",1250,3,261,13.200,13.184,10.188,1,0,0.145,2.867,,1258,20
"CrossingSweep",1250,3,262,3.811,3.807,0.000,0,0,0.093,3.719,,1260,20
"CrossingSweep",1250,3,263,12.689,12.685,10.780,1,0,0.153,1.755,,1266,20
"CrossingSweep",1250,3,264,4.381,4.396,0.000,0,0,0.103,4.278,,1261,19
"CrossingSweep",1250,3,265,11.955,11.954,10.127,1,0,0.201,1.628,,1252,20
"CrossingSweep",1250,3,266,1.977,1.981,0.000,0,0,0.091,1.886,,1261,21
"CrossingSweep",1250,3,267,3.672,3.653,0.000,0,0,0.088,3.584,,1261,21
"CrossingSweep",1250,3,268,12.691,12.694,10.845,1,0,0.149,1.698,,1266,21
"CrossingSweep",1250,3,269,2.772,2.785,0.000,0,0,0.114,2.658,,1186,21
"CrossingSweep",1250,3,270,12.949,12.934,11.216,1,0,0.152,1.581,,1261,21
"CrossingSweep",1250,3,271,1.969,1.981,0.000,0,0,0.087,1.882,,1258,21
"CrossingSweep",1250,3,272,4.359,4.345,0.000,0,0,0.086,4.273,,1259,21
"CrossingSweep",1250,3,273,13.182,13.178,11.015,1,0,0.143,2.024,,1266,21
"CrossingSweep",1250,3,274,17.519,17.510,15.453,1,0,0.182,1.885,,1265,21
"CrossingSweep",1250,3,275,13.942,13.946,11.629,1,0,0.147,2.165,,1262,21
"CrossingSweep",1250,3,276,3.960,3.964,0.000,0,0,0.090,3.870,,1267,21
"CrossingSweep",1250,3,277,11.919,11.924,10.125,1,0,0.154,1.640,,1264,21
"CrossingSweep",1250,3,278,3.820,3.810,0.000,0,0,0.101,3.719,,1262,21
"CrossingSweep",1250,3,279,10.969,10.845,9.857,1,0,0.151,0.960,,1262,21
"CrossingSweep",1250,3,280,5.710,5.822,0.000,0,0,0.126,5.584,,1271,21
"CrossingSweep",1250,3,281,12.656,12.669,10.906,1,0,0.149,1.602,,1263,21
"CrossingSweep",1250,3,282,3.581,3.571,0.000,0,0,0.087,3.494,,1261,21
"CrossingSweep",1250,3,283,12.019,12.021,11.011,1,0,0.156,0.852,,1232,21
"CrossingSweep",1250,3,284,3.916,3.921,0.000,0,0,0.099,3.817,,1263,21
"CrossingSweep",1250,3,285,12.198,12.193,11.063,1,0,0.162,0.972,,1259,21
"CrossingSweep",1250,3,286,2.312,2.324,0.000,0,0,0.098,2.214,,1262,21
"CrossingSweep",1250,3,287,1.485,1.486,0.000,0,0,0.094,1.391,,1264,21
"CrossingSweep",1250,3,288,13.592,13.576,11.782,1,0,0.174,1.636,,1269,21
"CrossingSweep",1250,3,289,4.105,4.088,0.000,0,0,0.089,4.016,,1260,21
"CrossingSweep",1250,3,290,12.903,12.922,11.035,1,0,0.156,1.712,,1269,21
"CrossingSweep",1250,3,291,2.219,2.225,0.000,0,0,0.094,2.125,,1246,21
"CrossingSweep",1250,3,292,1.709,1.682,0.000,0,0,0.095,1.614,,1265,20
"CrossingSweep",1250,3,293,13.110,13.120,10.286,1,0,0.137,2.687,,1266,21
"CrossingSweep",1250,3,294,3.792,3.758,0.000,0,0,0.168,3.624,,1269,21
"CrossingSweep",1250,3,295,12.358,12.389,10.523,1,0,0.155,1.681,,1264,21
"CrossingSweep",1250,3,296,5.880,5.889,0.000,0,0,0.102,5.778,,1253,21
"CrossingSweep",1250,3,297,12.020,12.009,10.029,1,0,0.152,1.839,,1260,21
"CrossingSweep",1250,3,298,6.209,6.188,0.000,0,0,0.111,6.099,,1263,21
"CrossingSweep",1250,3,299,11.846,11.865,9.967,1,0,0.154,1.725,,1258,21
"CrossingSweep",1500,3,0,19.601,19.589,17.011,1,1,0.222,2.368,,1500,23
"CrossingSweep",1500,3,1,16.935,16.939,14.350,1,1,0.194,2.391,,1505,23
"CrossingSweep",1500,3,2,17.476,17.489,15.500,1,1,0.228,1.748,,1503,23
"CrossingSweep",1500,3,3,18.637,18.607,15.663,1,1,0.224,2.750,,1502,23
"CrossingSweep",1500,3,4,21.982,22.002,19.936,1,1,0.232,1.815,,1504,23
"CrossingSweep",1500,3,5,16.527,16.527,14.550,1,1,0.203,1.774,,1496,23
"CrossingSweep",1500,3,6,19.531,19.527,17.472,1,0,0.240,1.819,,1490,21
"CrossingSweep",1500,3,7,18.014,18.009,16.049,1,1,0.204,1.761,,1479,23
"CrossingSweep",1500,3,8,18.748,18.749,16.627,1,1,0.246,1.875,,1481,23
"CrossingSweep",1500,3,9,17.122,17.119,15.028,1,1,0.309,1.785,,1483,23
"CrossingSweep",1500,3,10,17.124,17.125,14.877,1,1,0.229,2.019,,1493,23
"CrossingSweep",1500,3,11,18.334,18.334,16.249,1,1,0.220,1.865,,1487,22
"CrossingSweep",1500,3,12,19.352,19.350,17.166,1,1,0.205,1.981,,1492,23
"CrossingSweep",1500,3,13,17.224,17.224,15.136,1,1,0.292,1.797,,1488,22
"CrossingSweep",1500,3,14,18.966,18.952,16.346,1,1,0.207,2.412,,1496,23
"CrossingSweep",1500,3,15,17.391,17.412,15.066,1,1,0.247,2.079,,1513,23
"CrossingSweep",1500,3,16,17.264,17.252,15.319,1,1,0.205,1.739,,1497,23
"CrossingSweep",1500,3,17,17.849,17.839,15.533,1,1,0.206,2.110,,1510,23
"CrossingSweep",1500,3,18,16.593,16.604,14.697,1,1,0.202,1.694,,1514,23
"CrossingSweep",1500,3,19,17.340,17.333,15.048,1,0,0.204,2.088,,1490,23
"CrossingSweep",1500,3,20,16.680,16.678,14.682,1,1,0.203,1.795,,1498,23
"CrossingSweep",1500,3,21,16.870,16.870,14.829,1,1,0.187,1.854,,1501,23
"CrossingSweep",1500,3,22,16.890,16.893,14.866,1,1,0.210,1.814,,1510,23
"CrossingSweep",1500,3,23,16.763,16.758,14.766,1,1,0.201,1.796,,1513,23
"CrossingSweep",1500,3,24,16.905,16.898,14.950,1,1,0.202,1.753,,1501,23
"CrossingSweep",1500,3,25,16.328,16.330,14.340,1,1,0.208,1.781,,1112,23
"CrossingSweep",1500,3,26,17.038,17.040,15.024,1,0,0.210,1.804,,1512,23
"CrossingSweep",1500,3,27,17.836,17.826,15.208,1,1,0.207,2.422,,1505,23
"CrossingSweep",1500,3,28,19.798,19.803,17.663,1,1,0.252,1.883,,1515,23
"CrossingSweep",1500,3,29,19.825,19.777,16.816,1,1,0.217,2.792,,1490,23
"CrossingSweep",1500,3,30,17.990,18.032,15.618,1,1,0.202,2.169,,1509,21
"CrossingSweep",1500,3,31,18.006,18.015,14.978,1,1,0.198,2.831,,1508,23
"CrossingSweep",1500,3,32,17.000,16.993,14.932,1,1,0.260,1.809,,1508,23
"CrossingSweep",1500,3,33,17.734,17.729,15.596,1,1,0.204,1.934,,1516,23
"CrossingSweep",1500,3,34,17.803,17.805,15.643,1,1,0.214,1.946,,1505,22
"CrossingSweep",1500,3,35,18.110,18.109,16.029,1,1,0.222,1.859,,1510,23
"CrossingSweep",1500,3,36,18.401,18.394,16.255,1,1,0.221,1.925,,1514,22
"CrossingSweep",1500,3,37,16.959,16.963,14.817,1,1,0.217,1.925,,1508,23
"CrossingSweep",1500,3,38,18.072,18.064,15.448,1,1,0.197,2.427,,1511,21
"CrossingSweep",1500,3,39,17.041,17.055,14.965,1,1,0.222,1.854,,1513,22
"CrossingSweep",1500,3,40,18.597,18.568,15.450,1,1,0.196,2.951,,1496,21
"CrossingSweep",1500,3,41,16.635,16.647,14.286,1,1,0.213,2.136,,1512,23
"CrossingSweep",1500,3,42,18.375,18.371,14.640,1,0,0.204,3.531,,1508,23
"CrossingSweep",1500,3,43,17.618,17.613,15.086,1,1,0.262,2.270,,1506,23
"CrossingSweep",1500,3,44,17.023,17.023,14.296,1,1,0.235,2.492,,1394,23
"CrossingSweep",1500,3,45,17.864,17.826,15.258,1,1,0.266,2.340,,1509,22
"CrossingSweep",1500,3,46,18.367,18.401,15.577,1,1,0.232,2.558,,1503,23
"CrossingSweep",1500,3,47,19.122,19.113,16.489,1,1,0.231,2.403,,1514,23
"CrossingSweep",1500,3,48,17.564,17.572,14.882,1,1,0.240,2.443,,1508,23
"CrossingSweep",1500,3,49,19.153,19.148,15.849,1,1,0.254,3.050,,1508,21
"CrossingSweep",1500,3,50,22.545,22.548,20.088,1,1,0.246,2.211,,1491,23
"CrossingSweep",1500,3,51,18.097,18.095,15.536,1,1,0.239,2.321,,1492,21
"CrossingSweep",1500,3,52,18.407,18.410,15.602,1,1,0.282,2.524,,1518,23
"CrossingSweep",1500,3,53,17.381,17.373,14.620,1,1,0.213,2.549,,1505,23
"CrossingSweep",1500,3,54,18.179,18.175,15.532,1,1,0.234,2.413,,1512,23
"CrossingSweep",1500,3,55,17.832,17.839,15.038,1,1,0.228,2.566,,1502,23
"CrossingSweep",1500,3,56,17.627,17.621,15.191,1,1,0.199,2.237,,1508,23
"CrossingSweep",1500,3,57,17.320,17.321,14.612,1,1,0.207,2.501,,1505,23
"CrossingSweep",1500,3,58,17.568,17.569,15.012,1,1,0.238,2.318,,1513,23
"CrossingSweep",1500,3,59,18.339,18.320,15.425,1,1,0.231,2.683,,1508,23
"CrossingSweep",1500,3,60,19.608,19.625,17.551,1,1,0.229,1.828,,1501,23
"CrossingSweep",1500,3,61,17.768,17.765,15.638,1,1,0.213,1.917,,1501,22
"CrossingSweep",1500,3,62,17.797,17.804,15.544,1,1,0.212,2.041,,1513,23
"CrossingSweep",1500,3,63,16.918,16.906,14.796,1,1,0.210,1.911,,1500,23
"CrossingSweep",1500,3,64,18.080,18.078,15.561,1,1,0.220,2.299,,1516,23
"CrossingSweep",1500,3,65,18.558,18.550,15.756,1,1,0.236,2.566,,1498,22
"CrossingSweep",1500,3,66,17.033,17.042,14.891,1,1,0.202,1.940,,1499,23
"CrossingSweep",1500,3,67,17.342,17.336,15.115,1,1,0.251,1.976,,1504,23
"CrossingSweep",1500,3,68,18.015,18.018,15.882,1,1,0.261,1.871,,1511,21
"CrossingSweep",1500,3,69,20.357,20.348,17.113,1,1,0.255,2.990,,1494,23
"CrossingSweep",1500,3,70,17.209,17.212,15.027,1,1,0.250,1.932,,1510,23
"CrossingSweep",1500,3,71,19.390,19.377,16.001,1,1,0.250,3.139,,1511,23
"CrossingSweep",1500,3,72,17.909,17.931,15.599,1,1,0.254,2.056,,1500,23
"CrossingSweep",1500,3,73,18.061,18.046,15.895,1,1,0.240,1.926,,1496,22
"CrossingSweep",1500,3,74,17.933,17.922,15.523,1,1,0.243,2.168,,1477,22
"CrossingSweep",1500,3,75,16.998,17.005,14.815,1,1,0.296,1.887,,1495,23
"CrossingSweep",1500,3,76,17.676,17.673,15.517,1,1,0.254,1.905,,1492,23
"CrossingSweep",1500,3,77,19.225,19.225,17.032,1,1,0.241,1.952,,1502,23
"CrossingSweep",1500,3,78,19.215,19.167,16.989,1,1,0.248,1.978,,1506,23
"CrossingSweep",1500,3,79,18.491,18.530,16.357,1,1,0.254,1.879,,1510,23
"CrossingSweep",1500,3,80,18.553,18.540,15.446,1,1,0.241,2.865,,1515,20
"CrossingSweep",1500,3,81,20.724,20.739,18.638,1,1,0.246,1.839,,1499,23
"CrossingSweep",1500,3,82,18.822,18.822,16.625,1,1,0.237,1.960,,1511,23
"CrossingSweep",1500,3,83,17.918,17.914,15.714,1,1,0.252,1.952,,1504,23
"CrossingSweep",1500,3,84,20.865,20.857,17.461,1,1,0.252,3.152,,1506,23
"CrossingSweep",1500,3,85,18.286,18.291,15.991,1,1,0.253,2.042,,1498,21
"CrossingSweep",1500,3,86,17.777,17.784,15.592,1,1,0.261,1.923,,1510,23
"CrossingSweep",1500,3,87,18.345,18.331,16.045,1,1,0.242,2.059,,1509,23
"CrossingSweep",1500,3,88,17.541,17.543,15.332,1,1,0.241,1.967,,1505,23
"CrossingSweep",1500,3,89,17.624,17.617,15.395,1,1,0.257,1.972,,1509,23
"CrossingSweep",1500,3,90,23.661,23.660,21.002,1,1,0.266,2.393,,1511,23
"CrossingSweep",1500,3,91,18.768,18.773,16.577,1,1,0.259,1.932,,1512,22
"CrossingSweep",1500,3,92,18.054,18.055,15.914,1,1,0.248,1.891,,1479,23
"CrossingSweep",1500,3,93,18.393,18.388,16.180,1,1,0.254,1.960,,1512,21
"CrossingSweep",1500,3,94,18.388,18.376,15.925,1,1,0.235,2.228,,1511,23
"CrossingSweep",1500,3,95,17.589,17.600,15.291,1,1,0.250,2.048,,1515,23
"CrossingSweep",1500,3,96,17.784,17.778,15.486,1,1,0.251,2.047,,1509,23
"CrossingSweep",1500,3,97,18.546,18.543,15.801,1,1,0.251,2.494,,1513,22
"CrossingSweep",1500,3,98,19.153,19.163,16.930,1,1,0.266,1.957,,1513,23
"CrossingSweep",1500,3,99,17.879,17.863,15.711,1,1,0.245,1.923,,1469,23
"CrossingSweep",1500,3,100,19.180,19.182,16.781,1,1,0.240,2.160,,1499,23
"CrossingSweep",1500,3,101,17.432,17.445,15.083,1,1,0.260,2.090,,1506,22
"CrossingSweep",1500,3,102,18.162,18.150,15.886,1,1,0.217,2.059,,1517,22
"CrossingSweep",1500,3,103,18.658,18.654,16.061,1,1,0.242,2.355,,1497,23
"CrossingSweep",1500,3,104,17.543,17.548,15.391,1,1,0.261,1.891,,1479,23
"CrossingSweep",1500,3,105,19.567,19.554,16.779,1,1,0.238,2.551,,1501,21
"CrossingSweep",1500,3,106,21.327,21.341,19.259,1,1,0.263,1.804,,1506,23
"CrossingSweep",1500,3,107,18.185,18.183,16.110,1,1,0.219,1.856,,1517,23
"CrossingSweep",1500,3,108,19.516,19.509,17.253,1,1,0.267,1.995,,1494,22
"CrossingSweep",1500,3,109,17.751,17.747,15.492,1,1,0.249,2.011,,1511,23
"CrossingSweep",1500,3,110,18.456,18.453,15.928,1,1,0.192,2.336,,1491,22
"CrossingSweep",1500,3,111,18.018,18.019,15.843,1,1,0.217,1.958,,1506,23
"CrossingSweep",1500,3,112,18.549,18.543,16.330,1,1,0.226,1.993,,1512,22
"CrossingSweep",1500,3,113,17.659,17.665,15.461,1,1,0.251,1.947,,1511,23
"CrossingSweep",1500,3,114,18.593,18.557,16.292,1,1,0.246,2.055,,1518,23
"CrossingSweep",1500,3,115,18.056,18.052,15.968,1,1,0.202,1.886,,1514,22
"CrossingSweep",1500,3,116,17.407,17.437,15.337,1,1,0.221,1.849,,1519,23
"CrossingSweep",1500,3,117,19.253,19.239,16.480,1,1,0.213,2.560,,1512,23
"CrossingSweep",1500,3,118,17.443,17.456,15.323,1,1,0.246,1.873,,1498,23
"CrossingSweep",1500,3,119,18.394,18.390,16.123,1,1,0.255,2.017,,1509,23
"CrossingSweep",1500,3,120,17.909,17.913,15.724,1,1,0.235,1.950,,1514,22
"CrossingSweep",1500,3,121,19.208,19.206,17.041,1,1,0.245,1.921,,1502,22
"CrossingSweep",1500,3,122,18.461,18.456,16.273,1,1,0.248,1.940,,1508,23
"CrossingSweep",1500,3,123,17.719,17.717,15.465,1,1,0.238,2.016,,1508,23
"CrossingSweep",1500,3,124,17.567,17.564,15.262,1,1,0.261,2.044,,1515,23
"CrossingSweep",1500,3,125,19.331,19.322,16.579,1,1,0.254,2.499,,1513,23
"CrossingSweep",1500,3,126,17.925,17.949,15.794,1,1,0.223,1.909,,1514,23
"CrossingSweep",1500,3,127,18.039,18.024,15.845,1,1,0.226,1.968,,1495,23
"CrossingSweep",1500,3,128,18.460,18.457,15.874,1,1,0.220,2.366,,1515,23
"CrossingSweep",1500,3,129,18.450,18.453,16.129,1,1,0.307,2.014,,1509,23
"CrossingSweep",1500,3,130,18.237,18.230,15.978,1,1,0.236,2.022,,1516,23
"CrossingSweep",1500,3,131,20.922,20.920,18.740,1,1,0.234,1.948,,1501,23
"CrossingSweep",1500,3,132,18.355,18.352,15.927,1,1,0.215,2.212,,1508,22
"CrossingSweep",1500,3,133,17.793,17.795,15.220,1,1,0.248,2.325,,1502,23
"CrossingSweep",1500,3,134,19.457,19.447,16.366,1,1,0.247,2.845,,1514,23
"CrossingSweep",1500,3,135,18.630,18.633,15.969,1,1,0.245,2.415,,1505,23
"CrossingSweep",1500,3,136,17.844,17.852,15.680,1,1,0.220,1.944,,1511,22
"CrossingSweep",1500,3,137,17.857,17.857,15.752,1,1,0.240,1.865,,1492,23
"CrossingSweep",1500,3,138,19.069,19.061,15.945,1,1,0.210,2.915,,1512,22
"CrossingSweep",1500,3,139,18.466,18.476,16.312,1,1,0.216,1.938,,1505,23
"CrossingSweep",1500,3,140,17.848,17.832,15.520,1,1,0.231,2.097,,1514,23
"CrossingSweep",1500,3,141,19.311,19.312,15.947,1,1,0.200,3.164,,1516,23
"CrossingSweep",1500,3,142,17.923,17.926,15.609,1,1,0.267,2.047,,1510,23
"CrossingSweep",1500,3,143,17.282,17.274,15.150,1,1,0.203,1.929,,1501,23
"CrossingSweep",1500,3,144,17.746,17.748,15.714,1,1,0.195,1.837,,1510,23
"CrossingSweep",1500,3,145,17.799,17.793,15.445,1,1,0.236,2.118,,1504,23
"CrossingSweep",1500,3,146,17.634,17.637,15.577,1,1,0.231,1.826,,1513,23
"CrossingSweep",1500,3,147,18.330,18.326,16.249,1,1,0.240,1.841,,1518,23
"CrossingSweep",1500,3,148,18.457,18.454,15.713,1,1,0.207,2.537,,1515,23
"CrossingSweep",1500,3,149,18.469,18.470,15.894,1,1,0.218,2.357,,1507,23
"CrossingSweep",1500,3,150,18.039,18.048,15.910,1,1,0.211,1.918,,1517,23
"CrossingSweep",1500,3,151,17.936,17.929,15.878,1,1,0.206,1.853,,1511,23
"CrossingSweep",1500,3,152,18.584,18.581,16.621,1,1,0.206,1.757,,1508,23
"CrossingSweep",1500,3,153,17.401,17.398,15.334,1,1,0.207,1.860,,1517,23
"CrossingSweep",1500,3,154,18.128,18.127,16.061,1,1,0.235,1.832,,1505,22
"CrossingSweep",1500,3,155,17.263,17.257,15.164,1,1,0.211,1.889,,1509,23
"CrossingSweep",1500,3,156,18.707,18.709,15.681,1,1,0.225,2.801,,1490,22
"CrossingSweep",1500,3,157,17.805,17.796,15.017,1,1,0.249,2.540,,1507,22
"CrossingSweep",1500,3,158,17.617,17.627,15.579,1,1,0.202,1.836,,1506,23
"CrossingSweep",1500,3,159,17.972,17.969,15.927,1,1,0.231,1.814,,1502,23
"CrossingSweep",1500,3,160,18.107,18.106,15.353,1,1,0.193,2.562,,1511,21
"CrossingSweep",1500,3,161,20.434,20.431,18.413,1,1,0.217,1.803,,1492,23
"CrossingSweep",1500,3,162,17.581,17.572,15.104,1,1,0.219,2.258,,1494,23
"CrossingSweep",1500,3,163,17.548,17.547,15.382,1,1,0.208,1.959,,1509,23
"CrossingSweep",1500,3,164,17.338,17.342,15.266,1,1,0.230,1.842,,1498,23
"CrossingSweep",1500,3,165,17.758,17.750,15.606,1,1,0.222,1.929,,1449,23
"CrossingSweep",1500,3,166,18.068,18.066,15.570,1,1,0.225,2.274,,1509,22
"CrossingSweep",1500,3,167,17.987,17.991,15.925,1,1,0.246,1.817,,1505,23
"CrossingSweep",1500,3,168,17.386,17.389,15.131,1,1,0.221,2.034,,1511,21
"CrossingSweep",1500,3,169,20.403,20.399,18.422,1,1,0.217,1.765,,1499,23
"CrossingSweep",1500,3,170,18.614,18.612,16.197,1,1,0.310,2.107,,1505,23
"CrossingSweep",1500,3,171,16.978,16.991,14.982,1,1,0.217,1.778,,1513,22
"CrossingSweep",1500,3,172,18.582,18.564,16.265,1,1,0.216,2.101,,1503,23
"CrossingSweep",1500,3,173,18.536,18.530,15.657,1,1,0.289,2.590,,1512,23
"CrossingSweep",1500,3,174,17.583,17.591,15.408,1,1,0.234,1.941,,1499,23
"CrossingSweep",1500,3,175,19.088,19.074,16.627,1,1,0.219,2.242,,1508,23
"CrossingSweep",1500,3,176,16.924,16.937,15.015,1,1,0.192,1.716,,1511,23
"CrossingSweep",1500,3,177,17.767,17.766,15.794,1,1,0.208,1.764,,1508,23
"CrossingSweep",1500,3,178,18.643,18.640,16.581,1,1,0.220,1.842,,1514,23
"CrossingSweep",1500,3,179,17.316,17.309,15.146,1,1,0.205,1.964,,1512,22
"CrossingSweep",1500,3,180,17.470,17.472,15.384,1,1,0.219,1.867,,1511,23
"CrossingSweep",1500,3,181,18.575,18.575,16.254,1,1,0.225,2.096,,1512,23
"CrossingSweep",1500,3,182,17.836,17.827,15.693,1,1,0.232,1.912,,1517,23
"CrossingSweep",1500,3,183,17.935,17.931,15.741,1,1,0.232,1.962,,1511,23
"CrossingSweep",1500,3,184,17.227,17.231,15.146,1,1,0.230,1.851,,1513,23
"CrossingSweep",1500,3,185,18.562,18.523,15.096,1,1,0.210,3.257,,1514,23
"CrossingSweep",1500,3,186,18.337,18.375,16.290,1,1,0.202,1.846,,1506,23
"CrossingSweep",1500,3,187,17.459,17.455,15.321,1,1,0.207,1.931,,1516,23
"CrossingSweep",1500,3,188,17.933,17.930,15.670,1,1,0.219,2.045,,1517,23
"CrossingSweep",1500,3,189,17.225,17.224,15.209,1,1,0.225,1.791,,1517,22
"CrossingSweep",1500,3,190,17.267,17.275,15.121,1,1,0.229,1.917,,1515,23
"CrossingSweep",1500,3,191,18.014,18.005,15.951,1,1,0.233,1.830,,1514,23
"CrossingSweep",1500,3,192,18.059,18.052,15.572,1,1,0.206,2.281,,1509,23
"CrossingSweep",1500,3,193,17.061,17.065,14.980,1,1,0.209,1.872,,1512,23
"CrossingSweep",1500,3,194,17.211,17.207,15.104,1,1,0.204,1.902,,1504,23
"CrossingSweep",1500,3,195,18.586,18.583,16.035,1,1,0.302,2.249,,1506,23
"CrossingSweep",1500,3,196,18.660,18.662,16.007,1,1,0.220,2.433,,1512,23
"CrossingSweep",1500,3,197,18.369,18.363,15.500,1,1,0.214,2.655,,1513,23
"CrossingSweep",1500,3,198,22.626,22.634,19.828,1,1,0.203,2.594,,1515,23
"CrossingSweep",1500,3,199,18.343,18.336,15.788,1,1,0.204,2.352,,1502,23
"CrossingSweep",1500,3,200,17.759,17.759,15.646,1,1,0.214,1.900,,1494,22
"CrossingSweep",1500,3,201,18.082,18.080,16.019,1,1,0.207,1.856,,1505,23
"CrossingSweep",1500,3,202,19.305,19.306,17.190,1,1,0.215,1.900,,1478,23
"CrossingSweep",1500,3,203,18.075,18.081,16.023,1,1,0.214,1.839,,1490,23
"CrossingSweep",1500,3,204,17.744,17.733,15.545,1,1,0.212,1.987,,1491,23
"CrossingSweep",1500,3,205,17.666,17.666,15.590,1,1,0.213,1.863,,1506,23
"CrossingSweep",1500,3,206,18.395,18.374,15.246,1,1,0.205,2.944,,1494,23
"CrossingSweep",1500,3,207,17.452,17.475,14.766,1,1,0.216,2.470,,1492,23
"CrossingSweep",1500,3,208,18.305,18.295,16.034,1,1,0.231,2.040,,1518,22
"CrossingSweep",1500,3,209,17.342,17.346,15.382,1,1,0.217,1.743,,1505,23
"CrossingSweep",1500,3,210,17.995,17.994,15.948,1,1,0.218,1.829,,1509,23
"CrossingSweep",1500,3,211,18.097,18.089,16.012,1,1,0.203,1.883,,1509,23
"CrossingSweep",1500,3,212,17.717,17.728,15.622,1,1,0.246,1.849,,1510,23
"CrossingSweep",1500,3,213,17.180,17.167,15.121,1,1,0.201,1.858,,1507,23
"CrossingSweep",1500,3,214,18.211,18.214,15.978,1,1,0.236,1.997,,1509,22
"CrossingSweep",1500,3,215,17.976,17.963,15.156,1,1,0.210,2.611,,1508,23
"CrossingSweep",1500,3,216,17.602,17.613,15.528,1,1,0.199,1.875,,1516,23
"CrossingSweep",1500,3,217,18.423,18.405,15.387,1,1,0.223,2.813,,1516,23
"CrossingSweep",1500,3,218,18.501,18.501,15.547,1,1,0.198,2.756,,1505,23
"CrossingSweep",1500,3,219,18.138,18.151,15.245,1,1,0.226,2.667,,1512,23
"CrossingSweep",1500,3,220,19.401,19.398,16.393,1,1,0.224,2.783,,1509,23
"CrossingSweep",1500,3,221,17.563,17.560,15.505,1,1,0.191,1.867,,1512,22
"CrossingSweep",1500,3,222,18.091,18.091,15.967,1,1,0.241,1.882,,1499,23
"CrossingSweep",1500,3,223,18.843,18.848,16.383,1,1,0.255,2.205,,1501,23
"CrossingSweep",1500,3,224,18.277,18.264,16.203,1,1,0.228,1.845,,1507,23
"CrossingSweep",1500,3,225,17.218,17.224,15.090,1,1,0.221,1.907,,1508,23
"CrossingSweep",1500,3,226,17.298,17.289,14.959,1,1,0.196,2.143,,1520,23
"CrossingSweep",1500,3,227,17.411,17.414,15.401,1,1,0.218,1.791,,1512,23
"CrossingSweep",1500,3,228,17.523,17.519,15.136,1,1,0.200,2.187,,1516,22
"CrossingSweep",1500,3,229,17.484,17.481,15.337,1,1,0.266,1.881,,1511,21
"CrossingSweep",1500,3,230,17.583,17.562,15.069,1,1,0.201,2.313,,1518,21
"CrossingSweep",1500,3,231,18.712,18.734,15.632,1,1,0.225,2.855,,1505,23
"CrossingSweep",1500,3,232,17.451,17.453,15.447,1,1,0.229,1.775,,1512,23
"CrossingSweep",1500,3,233,17.494,17.487,15.340,1,1,0.224,1.930,,1517,21
"CrossingSweep",1500,3,234,17.846,17.843,15.141,1,1,0.228,2.477,,1516,23
"CrossingSweep",1500,3,235,18.863,18.860,15.875,1,1,0.199,2.788,,1517,23
"CrossingSweep",1500,3,236,17.987,17.992,15.941,1,1,0.209,1.837,,1484,23
"CrossingSweep",1500,3,237,17.134,17.130,15.199,1,1,0.207,1.728,,1510,23
"CrossingSweep",1500,3,238,17.659,17.660,15.620,1,1,0.195,1.843,,1510,23
"CrossingSweep",1500,3,239,19.553,19.549,17.361,1,1,0.208,1.984,,1502,23
"CrossingSweep",1500,3,240,17.169,17.163,15.109,1,1,0.225,1.835,,1511,23
"CrossingSweep",1500,3,241,16.849,16.865,14.746,1,1,0.213,1.890,,1506,21
"CrossingSweep",1500,3,242,17.577,17.555,15.087,1,1,0.192,2.298,,1507,23
"CrossingSweep",1500,3,243,18.140,18.148,15.919,1,1,0.258,1.964,,1500,23
"CrossingSweep",1500,3,244,17.084,17.077,15.061,1,1,0.208,1.816,,1520,23
"CrossingSweep",1500,3,245,17.538,17.542,14.829,1,1,0.216,2.494,,1513,23
"CrossingSweep",1500,3,246,17.711,17.705,15.523,1,1,0.227,1.961,,1483,23
"CrossingSweep",1500,3,247,17.267,17.271,15.186,1,1,0.224,1.857,,1493,23
"CrossingSweep",1500,3,248,18.657,18.655,16.057,1,1,0.265,2.335,,1506,21
"CrossingSweep",1500,3,249,16.793,16.804,14.796,1,1,0.201,1.796,,1506,23
"CrossingSweep",1500,3,250,17.871,17.844,14.841,1,1,0.187,2.843,,1511,23
"CrossingSweep",1500,3,251,17.224,17.240,15.276,1,1,0.200,1.749,,1499,21
"CrossingSweep",1500,3,252,18.830,18.819,16.205,1,1,0.238,2.388,,1507,22
"CrossingSweep",1500,3,253,18.244,18.240,15.662,1,1,0.179,2.403,,1514,22
"CrossingSweep",1500,3,254,17.563,17.569,15.327,1,1,0.229,2.006,,1515,23
"CrossingSweep",1500,3,255,16.799,16.797,14.750,1,1,0.184,1.865,,1499,22
"CrossingSweep",1500,3,256,17.430,17.423,15.076,1,1,0.212,2.142,,1502,23
"CrossingSweep",1500,3,257,17.877,17.872,15.261,1,1,0.202,2.414,,1509,22
"CrossingSweep",1500,3,258,18.682,18.691,16.591,1,1,0.224,1.867,,1489,23
"CrossingSweep",1500,3,259,17.680,17.680,15.259,1,1,0.247,2.174,,1514,23
"CrossingSweep",1500,3,260,16.654,16.653,14.621,1,1,0.212,1.821,,1508,23
"CrossingSweep",1500,3,261,16.576,16.573,15.297,1,0,0.200,1.079,,1513,23
"CrossingSweep",1500,3,262,16.719,16.719,14.783,1,0,0.192,1.744,,1514,23
"CrossingSweep",1500,3,263,17.431,17.425,15.413,1,0,0.205,1.812,,1513,22
"CrossingSweep",1500,3,264,17.172,17.177,15.152,1,1,0.224,1.797,,1497,23
"CrossingSweep",1500,3,265,17.667,17.650,15.048,1,1,0.200,2.419,,1503,23
"CrossingSweep",1500,3,266,18.067,18.088,15.432,1,1,0.230,2.405,,1491,23
"CrossingSweep",1500,3,267,16.995,16.983,14.898,1,1,0.198,1.899,,1520,22
"CrossingSweep",1500,3,268,17.570,17.565,15.041,1,1,0.217,2.313,,1513,23
"CrossingSweep",1500,3,269,17.130,17.130,15.048,1,1,0.215,1.868,,1316,23
"CrossingSweep",1500,3,270,16.631,16.638,14.604,1,1,0.223,1.804,,1516,23
"CrossingSweep",1500,3,271,18.274,18.260,15.740,1,0,0.197,2.337,,1507,23
"CrossingSweep",1500,3,272,16.895,16.904,14.863,1,1,0.212,1.820,,1505,23
"CrossingSweep",1500,3,273,16.698,16.703,14.756,1,1,0.187,1.755,,1508,22
"CrossingSweep",1500,3,274,17.473,17.458,15.014,1,1,0.224,2.236,,1506,21
"CrossingSweep",1500,3,275,17.152,17.152,14.896,1,1,0.210,2.046,,1512,21
"CrossingSweep",1500,3,276,17.527,17.533,15.420,1,1,0.210,1.898,,1510,23
"CrossingSweep",1500,3,277,17.489,17.472,14.857,1,1,0.199,2.432,,1507,23
"CrossingSweep",1500,3,278,16.979,16.991,15.026,1,1,0.205,1.748,,1501,22
"CrossingSweep",1500,3,279,17.114,17.109,15.114,1,1,0.196,1.804,,1499,23
"CrossingSweep",1500,3,280,19.042,19.036,15.282,1,1,0.243,3.517,,1491,22
"CrossingSweep",1500,3,281,16.962,16.972,14.896,1,1,0.234,1.832,,1513,23
"CrossingSweep",1500,3,282,17.156,17.150,14.788,1,1,0.198,2.169,,1510,23
"CrossingSweep",1500,3,283,17.979,17.970,15.618,1,1,0.204,2.157,,1506,22
"CrossingSweep",1500,3,284,18.149,18.146,15.195,1,1,0.205,2.750,,1515,23
"CrossingSweep",1500,3,285,20.776,20.788,18.829,1,1,0.206,1.742,,1510,23
"CrossingSweep",1500,3,286,17.834,17.824,15.234,1,1,0.245,2.355,,1511,22
"CrossingSweep",1500,3,287,17.173,17.178,15.148,1,1,0.198,1.828,,1508,23
"CrossingSweep",1500,3,288,16.711,16.709,14.739,1,1,0.201,1.771,,1513,23
"CrossingSweep",1500,3,289,16.850,16.848,14.721,1,1,0.200,1.929,,1516,22
"CrossingSweep",1500,3,290,18.079,18.085,15.936,1,1,0.236,1.907,,1514,23
"CrossingSweep",1500,3,291,16.720,16.709,14.658,1,1,0.197,1.866,,1508,23
"CrossingSweep",1500,3,292,17.208,17.207,15.157,1,1,0.197,1.854,,1496,22
"CrossingSweep",1500,3,293,18.274,18.275,16.227,1,1,0.204,1.843,,1474,23
"CrossingSweep",1500,3,294,18.839,18.837,16.458,1,1,0.248,2.133,,1503,23
"CrossingSweep",1500,3,295,17.060,17.055,14.731,1,1,0.209,2.120,,1516,22
"CrossingSweep",1500,3,296,17.447,17.450,15.486,1,1,0.209,1.752,,1506,22
"CrossingSweep",1500,3,297,17.311,17.298,14.868,1,1,0.200,2.242,,1510,23
"CrossingSweep",1500,3,298,17.270,17.288,15.153,1,1,0.223,1.893,,1509,23
"CrossingSweep",1500,3,299,19.421,19.400,17.028,1,1,0.213,2.181,,1512,23
"CrossingSweep",1750,3,0,22.183,22.187,20.040,1,1,0.252,1.892,,1735,26
"CrossingSweep",1750,3,1,22.341,22.340,20.296,1,1,0.222,1.823,,1743,26
"CrossingSweep",1750,3,2,23.461,23.457,20.686,1,1,0.237,2.538,,1756,26
"CrossingSweep",1750,3,3,22.773,22.768,20.247,1,1,0.226,2.300,,1741,26
"CrossingSweep",1750,3,4,21.820,21.828,19.811,1,1,0.222,1.787,,1747,26
"CrossingSweep",1750,3,5,23.605,23.598,20.609,1,1,0.247,2.749,,1749,26
"CrossingSweep",1750,3,6,21.799,21.801,19.741,1,1,0.207,1.851,,1757,25
"CrossingSweep",1750,3,7,22.584,22.566,20.098,1,1,0.209,2.278,,1736,25
"CrossingSweep",1750,3,8,22.831,22.843,20.699,1,1,0.260,1.871,,1744,26
"CrossingSweep",1750,3,9,22.399,22.397,20.263,1,1,0.234,1.902,,1741,25
"CrossingSweep",1750,3,10,22.342,22.343,20.273,1,1,0.225,1.844,,1748,25
"CrossingSweep",1750,3,11,22.295,22.284,19.835,1,1,0.219,2.241,,1755,26
"CrossingSweep",1750,3,12,23.223,23.226,21.135,1,1,0.234,1.855,,1742,26
"CrossingSweep",1750,3,13,22.078,22.080,20.006,1,1,0.226,1.846,,1750,26
"CrossingSweep",1750,3,14,22.274,22.271,20.160,1,1,0.232,1.882,,1761,26
"CrossingSweep",1750,3,15,22.928,22.925,20.855,1,1,0.219,1.854,,1751,24
"CrossingSweep",1750,3,16,22.327,22.327,20.216,1,1,0.230,1.880,,1748,26
"CrossingSweep",1750,3,17,22.251,22.249,20.169,1,1,0.210,1.871,,1760,26
"CrossingSweep",1750,3,18,23.481,23.463,20.267,1,1,0.208,3.006,,1744,26
"CrossingSweep",1750,3,19,23.494,23.509,21.436,1,1,0.227,1.832,,1737,26
"CrossingSweep",1750,3,20,22.857,22.855,20.740,1,1,0.218,1.900,,1740,26
"CrossingSweep",1750,3,21,22.597,22.598,20.551,1,1,0.204,1.843,,1756,26
"CrossingSweep",1750,3,22,24.080,24.062,20.628,1,1,0.218,3.233,,1761,26
"CrossingSweep",1750,3,23,22.860,22.873,20.488,1,1,0.222,2.150,,1738,26
"CrossingSweep",1750,3,24,23.085,23.075,20.341,1,1,0.221,2.524,,1744,25
"CrossingSweep",1750,3,25,25.078,25.086,22.992,1,1,0.219,1.867,,1739,26
"CrossingSweep",1750,3,26,22.240,22.240,20.070,1,1,0.242,1.928,,1748,25
"CrossingSweep",1750,3,27,22.258,22.256,20.154,1,1,0.210,1.895,,1760,26
"CrossingSweep",1750,3,28,22.989,22.972,19.936,1,1,0.210,2.843,,1756,26
"CrossingSweep",1750,3,29,23.315,23.332,21.065,1,1,0.244,2.005,,1737,26
"CrossingSweep",1750,3,30,22.702,22.688,20.355,1,1,0.212,2.135,,1745,26
"CrossingSweep",1750,3,31,22.126,22.131,19.983,1,1,0.217,1.927,,1739,26
"CrossingSweep",1750,3,32,22.850,22.846,20.369,1,1,0.221,2.260,,1752,26
"CrossingSweep",1750,3,33,22.763,22.767,20.633,1,1,0.218,1.912,,1738,26
"CrossingSweep",1750,3,34,22.989,22.989,20.914,1,1,0.217,1.858,,1744,26
"CrossingSweep",1750,3,35,23.301,23.293,20.142,1,1,0.209,2.950,,1751,26
"CrossingSweep",1750,3,36,22.516,22.518,20.351,1,1,0.222,1.942,,1743,26
"CrossingSweep",1750,3,37,23.033,23.038,20.979,1,1,0.206,1.848,,1755,26
"CrossingSweep",1750,3,38,23.123,23.114,20.940,1,1,0.217,1.966,,1742,26
"CrossingSweep",1750,3,39,22.989,22.988,20.759,1,1,0.239,1.991,,1744,26
"CrossingSweep",1750,3,40,22.669,22.668,20.508,1,1,0.233,1.929,,1753,26
"CrossingSweep",1750,3,41,22.624,22.620,20.480,1,1,0.211,1.933,,1764,26
"CrossingSweep",1750,3,42,22.862,22.859,20.196,1,1,0.244,2.422,,1746,26
"CrossingSweep",1750,3,43,22.776,22.779,20.658,1,1,0.223,1.894,,1759,26
"CrossingSweep",1750,3,44,22.157,22.160,20.046,1,1,0.219,1.891,,1748,26
"CrossingSweep",1750,3,45,23.298,23.288,20.066,1,1,0.233,2.999,,1737,26
"CrossingSweep",1750,3,46,22.553,22.545,20.496,1,1,0.220,1.837,,1737,26
"CrossingSweep",1750,3,47,23.128,23.135,20.690,1,1,0.208,2.230,,1748,26
"CrossingSweep",1750,3,48,21.979,21.985,19.903,1,1,0.213,1.864,,1763,26
"CrossingSweep",1750,3,49,22.479,22.474,20.371,1,1,0.220,1.888,,1736,25
"CrossingSweep",1750,3,50,22.487,22.488,20.347,1,1,0.223,1.917,,1743,26
"CrossingSweep",1750,3,51,22.666,22.662,20.366,1,1,0.238,2.062,,1574,26
"CrossingSweep",1750,3,52,23.019,23.014,20.463,1,1,0.223,2.333,,1764,24
"CrossingSweep",1750,3,53,23.130,23.131,20.916,1,1,0.231,1.982,,1751,26
"CrossingSweep",1750,3,54,23.268,23.269,20.364,1,1,0.233,2.671,,1747,26
"CrossingSweep",1750,3,55,22.317,22.316,20.089,1,1,0.224,2.004,,1748,26
"CrossingSweep",1750,3,56,22.532,22.532,20.429,1,1,0.208,1.895,,1748,26
"CrossingSweep",1750,3,57,22.397,22.396,20.322,1,1,0.212,1.863,,1739,26
"CrossingSweep",1750,3,58,22.942,22.937,20.454,1,1,0.225,2.263,,1748,26
"CrossingSweep",1750,3,59,24.011,24.005,20.551,1,1,0.221,3.238,,1762,25
"CrossingSweep",1750,3,60,23.287,23.289,21.078,1,1,0.226,1.983,,1745,26
"CrossingSweep",1750,3,61,22.875,22.869,20.405,1,1,0.217,2.254,,1751,26
"CrossingSweep",1750,3,62,22.685,22.660,20.476,1,1,0.218,1.991,,1753,26
"CrossingSweep",1750,3,63,23.012,23.038,20.565,1,1,0.268,2.179,,1754,26
"CrossingSweep",1750,3,64,22.659,22.659,20.539,1,1,0.224,1.896,,1759,26
"CrossingSweep",1750,3,65,22.443,22.443,20.333,1,1,0.217,1.893,,1755,26
"CrossingSweep",1750,3,66,23.683,23.674,21.487,1,1,0.228,1.969,,1752,26
"CrossingSweep",1750,3,67,22.626,22.632,20.548,1,1,0.216,1.862,,1761,26
"CrossingSweep",1750,3,68,22.110,22.108,19.847,1,1,0.209,2.055,,1762,26
"CrossingSweep",1750,3,69,23.093,23.091,20.941,1,1,0.212,1.940,,1766,26
"CrossingSweep",1750,3,70,22.670,22.650,20.127,1,1,0.225,2.317,,1760,26
"CrossingSweep",1750,3,71,22.976,22.998,20.693,1,1,0.259,2.024,,1751,26
"CrossingSweep",1750,3,72,23.639,23.629,20.976,1,1,0.245,2.418,,1763,25
"CrossingSweep",1750,3,73,23.428,23.426,20.873,1,1,0.238,2.316,,1761,25
"CrossingSweep",1750,3,74,23.656,23.662,21.591,1,1,0.223,1.842,,1692,26
"CrossingSweep",1750,3,75,24.900,24.886,21.799,1,1,0.219,2.882,,1764,26
"CrossingSweep",1750,3,76,23.766,23.772,21.176,1,1,0.234,2.356,,1765,26
"CrossingSweep",1750,3,77,26.807,26.806,24.585,1,1,0.227,1.995,,1746,26
"CrossingSweep",1750,3,78,23.287,23.284,21.083,1,1,0.245,1.959,,1761,26
"CrossingSweep",1750,3,79,24.541,24.535,21.952,1,1,0.232,2.357,,1765,26
"CrossingSweep",1750,3,80,23.444,23.452,21.231,1,1,0.223,1.990,,1766,26
"CrossingSweep",1750,3,81,23.353,23.349,20.948,1,1,0.226,2.179,,1765,26
"CrossingSweep",1750,3,82,24.419,24.417,22.239,1,1,0.222,1.957,,1765,26
"CrossingSweep",1750,3,83,24.006,23.994,21.286,1,1,0.217,2.504,,1765,26
"CrossingSweep",1750,3,84,23.770,23.778,20.874,1,1,0.223,2.673,,1758,26
"CrossingSweep",1750,3,85,23.690,23.686,21.481,1,1,0.246,1.963,,1761,26
"CrossingSweep",1750,3,86,24.594,24.595,22.363,1,1,0.236,1.994,,1731,26
"CrossingSweep",1750,3,87,22.772,22.768,20.567,1,1,0.230,1.974,,1761,25
"CrossingSweep",1750,3,88,22.995,22.977,20.412,1,1,0.232,2.352,,1762,26
"CrossingSweep",1750,3,89,28.698,28.720,26.513,1,1,0.226,1.959,,1755,26
"CrossingSweep",1750,3,90,25.262,25.257,21.604,1,1,0.225,3.434,,1760,26
"CrossingSweep",1750,3,91,23.541,23.542,21.333,1,1,0.225,1.983,,1758,26
"CrossingSweep",1750,3,92,23.830,23.832,21.396,1,1,0.232,2.203,,1762,25
"CrossingSweep",1750,3,93,23.783,23.767,21.589,1,1,0.228,1.966,,1758,25
"CrossingSweep",1750,3,94,24.359,24.355,21.278,1,1,0.227,2.854,,1763,26
"CrossingSweep",1750,3,95,27.205,27.215,24.902,1,1,0.243,2.059,,1767,26
"CrossingSweep",1750,3,96,24.668,24.660,21.741,1,1,0.229,2.699,,1711,26
"CrossingSweep",1750,3,97,22.918,22.923,20.610,1,1,0.245,2.063,,1754,25
"CrossingSweep",1750,3,98,29.032,29.029,25.925,1,1,0.215,2.891,,1761,26
"CrossingSweep",1750,3,99,23.219,23.211,20.871,1,1,0.217,2.131,,1769,26
"CrossingSweep",1750,3,100,23.207,23.212,20.986,1,1,0.232,1.989,,1756,26
"CrossingSweep",1750,3,101,22.596,22.600,20.489,1,1,0.215,1.892,,1628,26
"CrossingSweep",1750,3,102,24.821,24.811,22.012,1,1,0.217,2.593,,1762,26
"CrossingSweep",1750,3,103,24.023,24.027,21.072,1,1,0.228,2.723,,1761,26
"CrossingSweep",1750,3,104,22.652,22.655,20.255,1,1,0.222,2.175,,1751,26
"CrossingSweep",1750,3,105,23.022,23.002,20.429,1,1,0.218,2.375,,1764,26
"CrossingSweep",1750,3,106,23.513,23.529,21.296,1,1,0.234,1.984,,1759,26
"CrossingSweep",1750,3,107,25.220,25.202,22.034,1,1,0.216,2.970,,1761,26
"CrossingSweep",1750,3,108,23.397,23.416,21.203,1,1,0.251,1.943,,1759,26
"CrossingSweep",1750,3,109,25.159,25.143,22.461,1,1,0.216,2.483,,1679,26
"CrossingSweep",1750,3,110,22.657,22.660,20.446,1,1,0.220,1.991,,1752,26
"CrossingSweep",1750,3,111,24.614,24.604,20.906,1,1,0.234,3.474,,1758,26
"CrossingSweep",1750,3,112,22.934,22.945,20.669,1,1,0.226,2.039,,1748,25
"CrossingSweep",1750,3,113,23.700,23.694,21.155,1,1,0.246,2.299,,1750,26
"CrossingSweep",1750,3,114,24.540,24.535,21.032,1,1,0.211,3.297,,1762,25
"CrossingSweep",1750,3,115,23.237,23.235,20.628,1,1,0.244,2.365,,1763,26
"CrossingSweep",1750,3,116,23.555,23.560,21.252,1,1,0.229,2.074,,1757,25
"CrossingSweep",1750,3,117,24.059,24.055,20.422,1,1,0.236,3.401,,1757,26
"CrossingSweep",1750,3,118,23.588,23.586,20.703,1,1,0.222,2.663,,1746,26
"CrossingSweep",1750,3,119,24.656,24.644,20.735,1,1,0.208,3.712,,1758,25
"CrossingSweep",1750,3,120,22.701,22.721,20.562,1,1,0.221,1.918,,1751,26
"CrossingSweep",1750,3,121,23.016,22.997,20.263,1,1,0.215,2.538,,1749,25
"CrossingSweep",1750,3,122,22.448,22.460,20.354,1,1,0.216,1.879,,1762,26
"CrossingSweep",1750,3,123,22.647,22.638,20.152,1,1,0.218,2.277,,1763,26
"CrossingSweep",1750,3,124,23.419,23.416,20.471,1,1,0.231,2.716,,1589,26
"CrossingSweep",1750,3,125,23.828,23.828,21.306,1,1,0.214,2.307,,1739,26
"CrossingSweep",1750,3,126,23.661,23.669,21.479,1,1,0.231,1.951,,1760,26
"CrossingSweep",1750,3,127,23.252,23.233,20.582,1,1,0.235,2.435,,1736,26
"CrossingSweep",1750,3,128,22.181,22.192,20.085,1,1,0.216,1.880,,1758,26
"CrossingSweep",1750,3,129,23.158,23.154,20.589,1,1,0.239,2.331,,1767,26
"CrossingSweep",1750,3,130,23.391,23.395,21.145,1,1,0.224,2.022,,1760,25
"CrossingSweep",1750,3,131,23.511,23.499,20.993,1,1,0.226,2.293,,1757,26
"CrossingSweep",1750,3,132,23.813,23.819,21.394,1,1,0.227,2.192,,1764,26
"CrossingSweep",1750,3,133,23.381,23.368,20.798,1,1,0.210,2.373,,1767,26
"CrossingSweep",1750,3,134,22.544,22.558,20.291,1,1,0.239,2.014,,1761,26
"CrossingSweep",1750,3,135,23.975,23.969,20.706,1,1,0.219,3.050,,1757,26
"CrossingSweep",1750,3,136,22.936,22.936,20.692,1,1,0.214,2.030,,1758,26
"CrossingSweep",1750,3,137,22.666,22.659,20.125,1,1,0.241,2.301,,1763,26
"CrossingSweep",1750,3,138,22.833,22.841,20.660,1,1,0.230,1.943,,1751,25
"CrossingSweep",1750,3,139,22.748,22.727,20.026,1,1,0.237,2.485,,1758,26
"CrossingSweep",1750,3,140,23.655,23.661,20.850,1,1,0.260,2.545,,1747,26
"CrossingSweep",1750,3,141,25.008,25.017,22.891,1,1,0.207,1.911,,1741,26
"CrossingSweep",1750,3,142,23.719,23.716,21.542,1,1,0.234,1.943,,1732,25
"CrossingSweep",1750,3,143,22.368,22.368,20.315,1,1,0.212,1.840,,1749,26
"CrossingSweep",1750,3,144,23.477,23.468,21.162,1,1,0.224,2.092,,1756,26
"CrossingSweep",1750,3,145,22.925,22.928,20.277,1,1,0.232,2.417,,1763,26
"CrossingSweep",1750,3,146,22.648,22.647,20.433,1,1,0.216,2.000,,1755,25
"CrossingSweep",1750,3,147,23.048,23.052,20.956,1,1,0.217,1.875,,1745,26
"CrossingSweep",1750,3,148,23.388,23.369,20.673,1,1,0.223,2.492,,1754,26
"CrossingSweep",1750,3,149,25.128,25.145,22.955,1,1,0.218,1.955,,1732,25
"CrossingSweep",1750,3,150,23.823,23.821,21.725,1,1,0.220,1.878,,1763,26
"CrossingSweep",1750,3,151,23.039,23.033,20.810,1,1,0.230,1.999,,1756,25
"CrossingSweep",1750,3,152,22.579,22.580,20.499,1,1,0.212,1.868,,1764,26
"CrossingSweep",1750,3,153,22.036,22.033,19.815,1,1,0.204,2.018,,1757,25
"CrossingSweep",1750,3,154,23.611,23.595,20.480,1,1,0.286,2.845,,1733,26
"CrossingSweep",1750,3,155,23.289,23.304,21.059,1,1,0.226,2.004,,1749,26
"CrossingSweep",1750,3,156,23.288,23.279,21.109,1,1,0.219,1.960,,1755,26
"CrossingSweep",1750,3,157,22.960,22.953,20.270,1,1,0.223,2.467,,1757,26
"CrossingSweep",1750,3,158,22.049,22.060,19.987,1,1,0.219,1.843,,1763,26
"CrossingSweep",1750,3,159,23.136,23.131,20.898,1,1,0.232,2.005,,1749,26
"CrossingSweep",1750,3,160,23.050,23.047,20.868,1,1,0.228,1.954,,1719,26
"CrossingSweep",1750,3,161,24.230,24.232,22.072,1,1,0.232,1.927,,1739,26
"CrossingSweep",1750,3,162,22.887,22.877,20.166,1,1,0.213,2.508,,1731,26
"CrossingSweep",1750,3,163,23.113,23.122,20.040,1,1,0.220,2.853,,1756,26
"CrossingSweep",1750,3,164,22.808,22.810,20.669,1,1,0.256,1.883,,1757,26
"CrossingSweep",1750,3,165,23.607,23.596,21.375,1,1,0.210,2.022,,1756,26
"CrossingSweep",1750,3,166,22.544,22.551,20.226,1,1,0.315,2.004,,1766,26
"CrossingSweep",1750,3,167,21.901,21.898,19.622,1,1,0.229,2.050,,1765,26
"CrossingSweep",1750,3,168,22.692,22.689,20.258,1,1,0.238,2.196,,1761,26
"CrossingSweep",1750,3,169,22.949,22.947,20.863,1,1,0.210,1.877,,1767,26
"CrossingSweep",1750,3,170,22.533,22.519,19.831,1,1,0.274,2.427,,1747,26
"CrossingSweep",1750,3,171,22.141,22.155,20.104,1,1,0.218,1.819,,1746,25
"CrossingSweep",1750,3,172,24.977,24.959,21.382,1,1,0.243,3.352,,1762,26
"CrossingSweep",1750,3,173,23.440,23.451,20.681,1,1,0.222,2.537,,1759,26
"CrossingSweep",1750,3,174,22.661,22.667,20.566,1,1,0.209,1.886,,1764,26
"CrossingSweep",1750,3,175,22.139,22.135,20.081,1,1,0.205,1.853,,1764,26
"CrossingSweep",1750,3,176,21.845,21.839,19.593,1,1,0.206,2.046,,1759,24
"CrossingSweep",1750,3,177,22.980,22.983,19.824,1,1,0.213,2.944,,1742,25
"CrossingSweep",1750,3,178,22.705,22.704,20.470,1,1,0.233,2.002,,1759,26
"CrossingSweep",1750,3,179,23.781,23.775,20.646,1,1,0.217,2.918,,1758,26
"CrossingSweep",1750,3,180,21.789,21.787,19.702,1,1,0.218,1.869,,1673,26
"CrossingSweep",1750,3,181,22.314,22.316,20.146,1,1,0.224,1.944,,1760,26
"CrossingSweep",1750,3,182,22.964,22.958,20.678,1,1,0.222,2.064,,1725,25
"CrossingSweep",1750,3,183,22.202,22.208,20.078,1,1,0.216,1.909,,1755,25
"CrossingSweep",1750,3,184,22.327,22.319,20.259,1,1,0.204,1.865,,1759,26
"CrossingSweep",1750,3,185,22.153,22.160,20.080,1,1,0.219,1.854,,1743,26
"CrossingSweep",1750,3,186,25.554,25.537,22.612,1,1,0.238,2.705,,1735,26
"CrossingSweep",1750,3,187,23.898,23.905,21.240,1,1,0.288,2.370,,1763,26
"CrossingSweep",1750,3,188,25.516,25.490,21.960,1,1,0.215,3.341,,1757,26
"CrossingSweep",1750,3,189,23.444,23.467,20.943,1,1,0.277,2.225,,1753,26
"CrossingSweep",1750,3,190,21.781,21.785,19.629,1,1,0.216,1.937,,1745,26
"CrossingSweep",1750,3,191,23.257,23.240,20.197,1,1,0.232,2.828,,1751,26
"CrossingSweep",1750,3,192,27.191,27.191,24.699,1,1,0.233,2.260,,1766,26
"CrossingSweep",1750,3,193,23.952,23.964,21.715,1,1,0.241,1.996,,1741,25
"CrossingSweep",1750,3,194,22.996,22.993,20.837,1,1,0.206,1.953,,1759,25
"CrossingSweep",1750,3,195,22.668,22.663,20.346,1,1,0.201,2.121,,1752,25
"CrossingSweep",1750,3,196,22.750,22.743,20.308,1,1,0.212,2.231,,1754,26
"CrossingSweep",1750,3,197,22.596,22.599,20.528,1,1,0.232,1.836,,1691,26
"CrossingSweep",1750,3,198,22.629,22.619,19.909,1,1,0.217,2.503,,1748,26
"CrossingSweep",1750,3,199,22.953,22.959,20.755,1,1,0.235,1.962,,1760,26
"CrossingSweep",1750,3,200,22.460,22.465,20.319,1,1,0.228,1.913,,1745,26
"CrossingSweep",1750,3,201,22.527,22.521,19.835,1,1,0.209,2.483,,1747,25
"CrossingSweep",1750,3,202,21.890,21.893,19.691,1,1,0.210,1.989,,1747,26
"CrossingSweep",1750,3,203,22.550,22.545,20.472,1,1,0.221,1.857,,1759,26
"CrossingSweep",1750,3,204,22.088,22.082,19.657,1,1,0.208,2.222,,1749,26
"CrossingSweep",1750,3,205,22.780,22.784,20.339,1,1,0.220,2.221,,1747,26
"CrossingSweep",1750,3,206,22.539,22.538,20.409,1,1,0.218,1.912,,1765,26
"CrossingSweep",1750,3,207,22.079,22.074,19.621,1,1,0.233,2.225,,1758,26
"CrossingSweep",1750,3,208,22.771,22.775,20.612,1,1,0.234,1.924,,1747,26
"CrossingSweep",1750,3,209,22.633,22.632,20.559,1,1,0.214,1.860,,1746,26
"CrossingSweep",1750,3,210,22.071,22.066,19.546,1,1,0.212,2.312,,1738,26
"CrossingSweep",1750,3,211,22.141,22.141,20.042,1,1,0.225,1.874,,1757,26
"CrossingSweep",1750,3,212,22.831,22.822,20.698,1,1,0.228,1.904,,1745,26
"CrossingSweep",1750,3,213,23.731,23.732,20.927,1,1,0.215,2.590,,1762,26
"CrossingSweep",1750,3,214,22.569,22.573,20.362,1,1,0.229,1.978,,1767,26
"CrossingSweep",1750,3,215,22.663,22.664,20.625,1,1,0.221,1.816,,1766,26
"CrossingSweep",1750,3,216,22.957,22.947,20.213,1,1,0.221,2.522,,1745,26
"CrossingSweep",1750,3,217,23.276,23.280,21.176,1,1,0.229,1.871,,1734,26
"CrossingSweep",1750,3,218,22.262,22.263,20.259,1,1,0.212,1.791,,1750,26
"CrossingSweep",1750,3,219,22.916,22.908,19.450,1,1,0.213,3.253,,1761,26
"CrossingSweep",1750,3,220,27.796,27.788,25.460,1,1,0.218,2.118,,1755,26
"CrossingSweep",1750,3,221,23.575,23.586,21.466,1,1,0.216,1.894,,1742,26
"CrossingSweep",1750,3,222,22.669,22.668,20.510,1,1,0.236,1.923,,1755,26
"CrossingSweep",1750,3,223,23.177,23.171,20.897,1,1,0.205,2.074,,1766,26
"CrossingSweep",1750,3,224,22.882,22.884,20.652,1,1,0.227,2.004,,1761,26
"CrossingSweep",1750,3,225,21.820,21.809,19.797,1,1,0.227,1.797,,1750,26
"CrossingSweep",1750,3,226,22.494,22.503,20.322,1,1,0.237,1.936,,1754,25
"CrossingSweep",1750,3,227,23.876,23.865,21.027,1,1,0.228,2.620,,1743,25
"CrossingSweep",1750,3,228,22.467,22.474,20.099,1,1,0.231,2.137,,1750,25
"CrossingSweep",1750,3,229,22.231,22.227,20.039,1,1,0.222,1.970,,1762,26
"CrossingSweep",1750,3,230,24.462,24.454,21.330,1,1,0.230,2.901,,1755,26
"CrossingSweep",1750,3,231,22.773,22.780,20.625,1,1,0.232,1.916,,1759,26
"CrossingSweep",1750,3,232,23.413,23.414,21.304,1,1,0.223,1.887,,1764,26
"CrossingSweep",1750,3,233,23.622,23.579,21.332,1,1,0.203,2.087,,1760,25
"CrossingSweep",1750,3,234,25.034,25.066,22.302,1,1,0.233,2.499,,1749,26
"CrossingSweep",1750,3,235,25.477,25.465,22.571,1,1,0.238,2.668,,1754,26
"CrossingSweep",1750,3,236,22.151,22.165,19.953,1,1,0.236,1.963,,1760,25
"CrossingSweep",1750,3,237,23.516,23.497,20.601,1,1,0.213,2.702,,1741,26
"CrossingSweep",1750,3,238,26.243,26.257,23.600,1,1,0.226,2.418,,1756,26
"CrossingSweep",1750,3,239,23.036,23.036,20.947,1,1,0.215,1.875,,1745,26
"CrossingSweep",1750,3,240,24.225,24.222,22.091,1,1,0.232,1.902,,1752,26
"CrossingSweep",1750,3,241,25.551,25.547,22.910,1,1,0.235,2.406,,1766,26
"CrossingSweep",1750,3,242,25.710,25.709,22.651,1,1,0.250,2.809,,1742,26
"CrossingSweep",1750,3,243,22.928,22.931,20.559,1,1,0.222,2.147,,1744,26
"CrossingSweep",1750,3,244,24.307,24.289,21.124,1,1,0.238,2.944,,1748,25
"CrossingSweep",1750,3,245,24.140,24.153,21.751,1,1,0.285,2.104,,1753,26
"CrossingSweep",1750,3,246,25.480,25.480,22.523,1,1,0.256,2.702,,1685,26
"CrossingSweep",1750,3,247,25.297,25.297,22.974,1,1,0.242,2.081,,1748,26
"CrossingSweep",1750,3,248,25.333,25.316,23.024,1,1,0.224,2.085,,1763,26
"CrossingSweep",1750,3,249,23.286,23.298,20.998,1,1,0.235,2.053,,1759,26
"CrossingSweep",1750,3,250,29.554,29.551,27.437,1,1,0.212,1.904,,1761,24
"CrossingSweep",1750,3,251,24.813,24.795,21.568,1,1,0.234,3.011,,1760,26
"CrossingSweep",1750,3,252,22.461,22.480,20.301,1,1,0.229,1.931,,1755,25
"CrossingSweep",1750,3,253,22.912,22.906,20.651,1,1,0.262,1.998,,1763,26
"CrossingSweep",1750,3,254,23.332,23.331,20.743,1,1,0.250,2.340,,1760,26
"CrossingSweep",1750,3,255,23.582,23.585,21.366,1,1,0.267,1.949,,1754,26
"CrossingSweep",1750,3,256,23.292,23.283,21.010,1,1,0.231,2.051,,1712,25
"CrossingSweep",1750,3,257,22.960,22.966,20.757,1,1,0.227,1.976,,1749,26
"CrossingSweep",1750,3,258,22.685,22.683,20.507,1,1,0.220,1.957,,1754,26
"CrossingSweep",1750,3,259,23.377,23.363,20.571,1,1,0.215,2.591,,1763,26
"CrossingSweep",1750,3,260,22.396,22.401,20.197,1,1,0.219,1.979,,1714,26
"CrossingSweep",1750,3,261,23.955,23.952,20.516,1,1,0.220,3.219,,1760,26
"CrossingSweep",1750,3,262,24.651,24.652,22.238,1,1,0.371,2.042,,1755,26
"CrossingSweep",1750,3,263,22.368,22.371,20.291,1,1,0.216,1.860,,1737,26
"CrossingSweep",1750,3,264,24.345,24.334,21.462,1,1,0.229,2.655,,1751,26
"CrossingSweep",1750,3,265,24.105,24.115,21.955,1,1,0.239,1.911,,1746,26
"CrossingSweep",1750,3,266,26.892,26.882,24.715,1,1,0.229,1.948,,1761,26
"CrossingSweep",1750,3,267,24.722,24.729,22.509,1,1,0.228,1.985,,1736,25
"CrossingSweep",1750,3,268,23.612,23.598,20.678,1,1,0.218,2.716,,1756,26
"CrossingSweep",1750,3,269,23.690,23.691,20.647,1,1,0.235,2.808,,1594,26
"CrossingSweep",1750,3,270,23.914,23.916,21.802,1,1,0.227,1.886,,1757,26
"CrossingSweep",1750,3,271,24.774,24.771,22.238,1,1,0.256,2.280,,1697,26
"CrossingSweep",1750,3,272,24.447,24.443,21.620,1,1,0.219,2.608,,1743,26
"CrossingSweep",1750,3,273,24.541,24.539,21.478,1,1,0.236,2.827,,1758,26
"CrossingSweep",1750,3,274,24.459,24.464,22.319,1,1,0.222,1.918,,1749,26
"CrossingSweep",1750,3,275,23.316,23.313,21.168,1,1,0.219,1.929,,1760,25
"CrossingSweep",1750,3,276,22.565,22.569,20.416,1,1,0.220,1.929,,1756,26
"CrossingSweep",1750,3,277,23.533,23.531,21.451,1,1,0.219,1.863,,1755,26
"CrossingSweep",1750,3,278,23.924,23.922,21.709,1,1,0.229,1.987,,1758,26
"CrossingSweep",1750,3,279,23.082,23.078,20.893,1,1,0.217,1.972,,1757,26
"CrossingSweep",1750,3,280,22.993,22.992,20.775,1,1,0.221,1.996,,1747,26
"CrossingSweep",1750,3,281,23.833,23.833,21.279,1,1,0.220,2.334,,1734,25
"CrossingSweep",1750,3,282,23.628,23.617,21.441,1,1,0.216,1.971,,1747,26
"CrossingSweep",1750,3,283,23.151,23.152,20.988,1,1,0.228,1.935,,1764,26
"CrossingSweep",1750,3,284,25.527,25.526,23.138,1,1,0.209,2.180,,1758,26
"CrossingSweep",1750,3,285,24.190,24.188,22.000,1,1,0.251,1.939,,1752,26
"CrossingSweep",1750,3,286,23.742,23.680,20.411,1,1,0.243,3.089,,1759,26
"CrossingSweep",1750,3,287,28.555,28.609,26.315,1,1,0.222,2.018,,1743,26
"CrossingSweep",1750,3,288,24.288,24.297,22.112,1,1,0.247,1.930,,1765,25
"CrossingSweep",1750,3,289,25.247,25.230,22.090,1,1,0.225,2.932,,1765,25
"CrossingSweep",1750,3,290,24.333,24.343,21.016,1,1,0.226,3.091,,1749,26
"CrossingSweep",1750,3,291,23.319,23.314,21.168,1,1,0.203,1.948,,1761,25
"CrossingSweep",1750,3,292,23.207,23.206,20.872,1,1,0.233,2.102,,1760,26
"CrossingSweep",1750,3,293,23.638,23.636,21.136,1,1,0.218,2.284,,1752,25
"CrossingSweep",1750,3,294,22.806,22.801,20.544,1,1,0.228,2.035,,1765,26
"CrossingSweep",1750,3,295,23.366,23.368,20.885,1,1,0.247,2.234,,1756,26
"CrossingSweep",1750,3,296,24.297,24.293,21.754,1,1,0.220,2.323,,1759,26
"CrossingSweep",1750,3,297,23.981,23.980,21.806,1,1,0.243,1.932,,1759,26
"CrossingSweep",1750,3,298,24.832,24.807,21.123,1,1,0.232,3.477,,1764,25
"CrossingSweep",1750,3,299,26.608,26.626,23.705,1,1,0.330,2.573,,1756,26
"CrossingSweep",2000,3,0,29.248,29.247,26.901,1,1,0.284,2.064,,1972,28
"CrossingSweep",2000,3,1,29.155,29.155,26.852,1,1,0.297,2.006,,2001,28
"CrossingSweep",2000,3,2,29.565,29.563,27.280,1,1,0.298,1.987,,1988,28
"CrossingSweep",2000,3,3,29.368,29.358,26.337,1,1,0.283,2.748,,2001,28
"CrossingSweep",2000,3,4,30.261,30.273,27.779,1,1,0.317,2.165,,1978,28
"CrossingSweep",2000,3,5,29.662,29.655,27.250,1,1,0.287,2.125,,2009,28
"CrossingSweep",2000,3,6,30.446,30.441,28.086,1,1,0.290,2.070,,1990,28
"CrossingSweep",2000,3,7,30.448,30.448,28.045,1,1,0.310,2.093,,1982,28
"CrossingSweep",2000,3,8,30.627,30.626,28.281,1,1,0.295,2.051,,1968,28
"CrossingSweep",2000,3,9,29.538,29.537,27.248,1,1,0.287,2.003,,1993,27
"CrossingSweep",2000,3,10,33.388,33.377,30.122,1,1,0.431,2.835,,2000,28
"CrossingSweep",2000,3,11,32.369,32.379,29.837,1,1,0.297,2.236,,1992,27
"CrossingSweep",2000,3,12,32.100,32.086,28.282,1,1,0.309,3.508,,1988,27
"CrossingSweep",2000,3,13,30.550,30.562,28.225,1,1,0.311,2.014,,1982,27
"CrossingSweep",2000,3,14,31.603,31.596,28.665,1,1,0.300,2.638,,1993,28
"CrossingSweep",2000,3,15,31.431,31.432,29.018,1,1,0.301,2.112,,1987,28
"CrossingSweep",2000,3,16,30.440,30.433,27.280,1,1,0.291,2.870,,2007,28
"CrossingSweep",2000,3,17,30.730,30.733,27.925,1,1,0.302,2.503,,1991,27
"CrossingSweep",2000,3,18,29.729,29.725,27.423,1,1,0.281,2.025,,2008,27
"CrossingSweep",2000,3,19,30.282,30.272,27.473,1,1,0.279,2.529,,1994,28
"CrossingSweep",2000,3,20,29.114,29.120,26.790,1,1,0.306,2.019,,1998,28
"CrossingSweep",2000,3,21,30.429,30.433,28.125,1,1,0.292,2.013,,2000,27
"CrossingSweep",2000,3,22,29.351,29.347,27.055,1,1,0.282,2.014,,2005,28
"CrossingSweep",2000,3,23,29.728,29.726,27.361,1,1,0.296,2.070,,2000,28
"CrossingSweep",2000,3,24,31.798,31.792,29.452,1,1,0.282,2.064,,2009,27
"CrossingSweep",2000,3,25,31.356,31.359,28.567,1,1,0.289,2.500,,1880,27
"CrossingSweep",2000,3,26,30.891,30.892,28.374,1,1,0.282,2.235,,1995,28
"CrossingSweep",2000,3,27,30.980,30.974,28.560,1,1,0.301,2.120,,2000,28
"CrossingSweep",2000,3,28,30.033,30.034,27.112,1,1,0.273,2.648,,2015,28
"CrossingSweep",2000,3,29,30.671,30.659,27.435,1,1,0.292,2.944,,2008,28
"CrossingSweep",2000,3,30,29.525,29.516,27.100,1,1,0.290,2.135,,1983,28
"CrossingSweep",2000,3,31,30.900,30.911,27.615,1,1,0.392,2.893,,2014,28
"CrossingSweep",2000,3,32,32.288,32.287,29.552,1,1,0.270,2.466,,2010,28
"CrossingSweep",2000,3,33,29.259,29.265,26.957,1,1,0.293,2.010,,1994,28
"CrossingSweep",2000,3,34,29.349,29.345,26.943,1,1,0.284,2.123,,2005,28
"CrossingSweep",2000,3,35,29.332,29.326,27.020,1,1,0.292,2.021,,1990,26
"CrossingSweep",2000,3,36,29.675,29.676,27.385,1,1,0.299,1.992,,1984,28
"CrossingSweep",2000,3,37,29.535,29.536,27.171,1,1,0.306,2.058,,1990,28
"CrossingSweep",2000,3,38,29.095,29.091,26.191,1,1,0.373,2.531,,1984,27
"CrossingSweep",2000,3,39,29.051,29.050,26.679,1,1,0.279,2.092,,2000,28
"CrossingSweep",2000,3,40,30.053,30.054,26.901,1,1,0.298,2.854,,1987,28
"CrossingSweep",2000,3,41,31.511,31.495,27.967,1,1,0.290,3.254,,1993,28
"CrossingSweep",2000,3,42,30.241,30.242,27.370,1,1,0.279,2.592,,1932,28
"CrossingSweep",2000,3,43,29.455,29.466,27.129,1,1,0.276,2.050,,2008,28
"CrossingSweep",2000,3,44,30.807,30.800,27.982,1,1,0.317,2.509,,1994,25
"CrossingSweep",2000,3,45,29.202,29.200,26.917,1,1,0.291,1.995,,2011,28
"CrossingSweep",2000,3,46,28.654,28.661,26.356,1,1,0.282,2.016,,2012,28
"CrossingSweep",2000,3,47,29.386,29.385,27.020,1,1,0.277,2.090,,1992,27
"CrossingSweep",2000,3,48,31.067,31.038,27.577,1,1,0.287,3.203,,2000,28
"CrossingSweep",2000,3,49,33.205,33.224,30.548,1,1,0.359,2.299,,1995,28
"CrossingSweep",2000,3,50,29.656,29.649,26.726,1,1,0.271,2.660,,2015,28
"CrossingSweep",2000,3,51,31.408,31.414,28.428,1,1,0.328,2.652,,1973,28
"CrossingSweep",2000,3,52,30.206,30.191,27.129,1,1,0.282,2.796,,2005,28
"CrossingSweep",2000,3,53,29.997,29.978,27.704,1,1,0.270,2.023,,1998,28
"CrossingSweep",2000,3,54,29.712,29.743,27.474,1,1,0.289,1.950,,2012,26
"CrossingSweep",2000,3,55,31.957,31.943,29.162,1,1,0.283,2.513,,1998,28
"CrossingSweep",2000,3,56,29.404,29.399,25.960,1,1,0.290,3.154,,1981,28
"CrossingSweep",2000,3,57,30.619,30.634,28.241,1,1,0.303,2.075,,1996,28
"CrossingSweep",2000,3,58,31.165,31.163,28.867,1,1,0.290,2.008,,1990,28
"CrossingSweep",2000,3,59,30.134,30.131,27.769,1,1,0.286,2.079,,1970,28
"CrossingSweep",2000,3,60,29.842,29.843,27.131,1,1,0.319,2.391,,1991,28
"CrossingSweep",2000,3,61,30.554,30.533,28.205,1,1,0.305,2.044,,1704,28
"CrossingSweep",2000,3,62,30.229,30.248,27.892,1,1,0.283,2.053,,1989,28
"CrossingSweep",2000,3,63,29.031,29.027,26.619,1,1,0.293,2.119,,1980,28
"CrossingSweep",2000,3,64,29.170,29.168,26.880,1,1,0.292,1.998,,1996,28
"CrossingSweep",2000,3,65,29.243,29.241,26.950,1,1,0.280,2.013,,2012,28
"CrossingSweep",2000,3,66,31.029,31.026,27.866,1,1,0.284,2.879,,2012,27
"CrossingSweep",2000,3,67,30.184,30.185,27.737,1,1,0.270,2.177,,2010,28
"CrossingSweep",2000,3,68,31.261,31.244,27.727,1,1,0.355,3.179,,1980,28
"CrossingSweep",2000,3,69,34.554,34.564,32.161,1,1,0.302,2.091,,1988,28
"CrossingSweep",2000,3,70,29.920,29.920,27.541,1,1,0.306,2.073,,2002,28
"CrossingSweep",2000,3,71,28.812,28.802,26.157,1,1,0.289,2.365,,2009,28
"CrossingSweep",2000,3,72,28.455,28.469,26.207,1,1,0.272,1.976,,1995,28
"CrossingSweep",2000,3,73,30.435,30.428,27.915,1,1,0.413,2.107,,1979,28
"CrossingSweep",2000,3,74,30.956,30.958,28.718,1,1,0.281,1.957,,1991,28
"CrossingSweep",2000,3,75,29.434,29.423,27.093,1,1,0.273,2.069,,2002,28
"CrossingSweep",2000,3,76,28.605,28.600,25.924,1,1,0.277,2.404,,1985,28
"CrossingSweep",2000,3,77,29.226,29.232,26.858,1,1,0.291,2.078,,1997,28
"CrossingSweep",2000,3,78,29.111,29.111,26.644,1,1,0.294,2.173,,1988,26
"CrossingSweep",2000,3,79,28.570,28.570,26.335,1,1,0.286,1.949,,2009,28
"CrossingSweep",2000,3,80,29.011,29.010,26.548,1,1,0.269,2.195,,2002,28
"CrossingSweep",2000,3,81,29.367,29.365,27.132,1,1,0.283,1.953,,2006,28
"CrossingSweep",2000,3,82,28.767,28.769,26.514,1,1,0.285,1.968,,1977,28
"CrossingSweep",2000,3,83,29.445,29.444,27.183,1,1,0.282,1.979,,1996,28
"CrossingSweep",2000,3,84,29.231,29.225,26.689,1,1,0.282,2.260,,1985,28
"CrossingSweep",2000,3,85,29.797,29.797,27.520,1,1,0.287,1.990,,1990,28
"CrossingSweep",2000,3,86,30.516,30.514,27.979,1,1,0.335,2.202,,1915,28
"CrossingSweep",2000,3,87,33.964,33.951,30.221,1,1,0.340,3.404,,2011,28
"CrossingSweep",2000,3,88,30.984,30.997,28.546,1,1,0.300,2.138,,1913,28
"CrossingSweep",2000,3,89,29.664,29.656,27.208,1,1,0.276,2.180,,1992,28
"CrossingSweep",2000,3,90,30.928,30.926,27.806,1,1,0.282,2.840,,2003,28
"CrossingSweep",2000,3,91,29.307,29.313,26.752,1,1,0.300,2.254,,2006,28
"CrossingSweep",2000,3,92,29.730,29.723,27.269,1,1,0.280,2.182,,2003,28
"CrossingSweep",2000,3,93,31.011,31.010,28.304,1,1,0.288,2.419,,2014,27
"CrossingSweep",2000,3,94,29.481,29.484,26.468,1,1,0.297,2.716,,2006,28
"CrossingSweep",2000,3,95,28.553,28.545,26.209,1,1,0.296,2.048,,2006,28
"CrossingSweep",2000,3,96,30.152,30.109,27.714,1,1,0.281,2.157,,1995,28
"CrossingSweep",2000,3,97,29.425,29.464,27.052,1,1,0.293,2.079,,2018,27
"CrossingSweep",2000,3,98,28.862,28.870,26.676,1,1,0.276,1.911,,2008,28
"CrossingSweep",2000,3,99,28.376,28.372,26.082,1,1,0.290,2.004,,1975,28
"CrossingSweep",2000,3,100,35.705,35.700,33.281,1,1,0.308,2.116,,2016,28
"CrossingSweep",2000,3,101,28.907,28.905,26.689,1,1,0.276,1.942,,1994,28
"CrossingSweep",2000,3,102,28.513,28.516,26.231,1,1,0.284,1.998,,1985,27
"CrossingSweep",2000,3,103,30.183,30.173,27.042,1,1,0.297,2.845,,1979,28
"CrossingSweep",2000,3,104,28.288,28.291,26.008,1,1,0.290,1.991,,2008,28
"CrossingSweep",2000,3,105,28.565,28.569,26.332,1,1,0.262,1.971,,2003,28
"CrossingSweep",2000,3,106,28.947,28.942,26.715,1,1,0.276,1.956,,2000,28
"CrossingSweep",2000,3,107,29.240,29.235,26.532,1,1,0.275,2.433,,2004,28
"CrossingSweep",2000,3,108,29.018,29.020,26.647,1,1,0.272,2.099,,2005,28
"CrossingSweep",2000,3,109,30.445,30.441,28.155,1,1,0.287,2.003,,1977,28
"CrossingSweep",2000,3,110,28.633,28.630,26.408,1,1,0.276,1.949,,1988,28
"CrossingSweep",2000,3,111,29.473,29.476,27.162,1,1,0.314,1.997,,2001,27
"CrossingSweep",2000,3,112,29.297,29.284,26.556,1,1,0.283,2.458,,1998,28
"CrossingSweep",2000,3,113,30.328,30.337,27.622,1,1,0.272,2.434,,2004,28
"CrossingSweep",2000,3,114,29.178,29.178,26.900,1,1,0.284,1.994,,1997,28
"CrossingSweep",2000,3,115,29.849,29.847,27.442,1,1,0.332,2.075,,1993,28
"CrossingSweep",2000,3,116,28.729,28.726,26.293,1,1,0.285,2.150,,1991,28
"CrossingSweep",2000,3,117,29.041,29.044,26.735,1,1,0.281,2.026,,1998,28
"CrossingSweep",2000,3,118,29.561,29.557,27.181,1,1,0.299,2.081,,1991,28
"CrossingSweep",2000,3,119,30.735,30.737,28.415,1,1,0.272,2.047,,2007,28
"CrossingSweep",2000,3,120,29.618,29.606,26.591,1,1,0.273,2.755,,1994,28
"CrossingSweep",2000,3,121,29.000,29.004,26.676,1,1,0.289,2.035,,2007,28
"CrossingSweep",2000,3,122,29.231,29.230,26.993,1,1,0.316,1.922,,2008,27
"CrossingSweep",2000,3,123,28.990,28.988,26.694,1,1,0.270,2.026,,2002,27
"CrossingSweep",2000,3,124,29.411,29.417,27.155,1,1,0.265,1.992,,1989,27
"CrossingSweep",2000,3,125,30.140,30.130,27.891,1,1,0.299,1.950,,1977,28
"CrossingSweep",2000,3,126,30.196,30.200,27.835,1,1,0.275,2.086,,1991,27
"CrossingSweep",2000,3,127,29.146,29.140,26.731,1,1,0.307,2.108,,1989,28
"CrossingSweep",2000,3,128,28.544,28.543,26.201,1,1,0.283,2.060,,1995,27
"CrossingSweep",2000,3,129,28.984,28.983,26.626,1,1,0.308,2.050,,2005,27
"CrossingSweep",2000,3,130,29.192,29.194,26.910,1,1,0.285,1.997,,1988,28
"CrossingSweep",2000,3,131,28.378,28.374,26.100,1,1,0.285,1.993,,2008,28
"CrossingSweep",2000,3,132,28.882,28.880,26.278,1,1,0.277,2.327,,1993,28
"CrossingSweep",2000,3,133,29.790,29.788,27.550,1,1,0.267,1.973,,2012,28
"CrossingSweep",2000,3,134,29.085,29.085,26.753,1,1,0.270,2.062,,1994,28
"CrossingSweep",2000,3,135,29.945,29.938,27.196,1,1,0.279,2.470,,1972,28
"CrossingSweep",2000,3,136,30.081,30.087,27.250,1,1,0.271,2.560,,1998,28
"CrossingSweep",2000,3,137,29.414,29.409,27.026,1,1,0.293,2.095,,2004,28
"CrossingSweep",2000,3,138,29.931,29.933,26.930,1,1,0.319,2.682,,1998,28
"CrossingSweep",2000,3,139,28.944,28.935,26.374,1,1,0.274,2.296,,2009,28
"CrossingSweep",2000,3,140,28.997,29.001,26.670,1,1,0.272,2.055,,1996,28
"CrossingSweep",2000,3,141,28.638,28.639,26.336,1,1,0.283,2.019,,2008,26
"CrossingSweep",2000,3,142,30.334,30.326,28.009,1,1,0.286,2.040,,2002,28
"CrossingSweep",2000,3,143,28.998,29.000,26.304,1,1,0.286,2.409,,2012,28
"CrossingSweep",2000,3,144,30.429,30.431,28.147,1,1,0.275,2.007,,1985,28
"CrossingSweep",2000,3,145,29.656,29.655,27.259,1,1,0.325,2.071,,1993,28
"CrossingSweep",2000,3,146,30.280,30.267,26.290,1,1,0.322,3.668,,2007,28
"CrossingSweep",2000,3,147,29.241,29.238,26.130,1,1,0.299,2.812,,2002,28
"CrossingSweep",2000,3,148,29.895,29.908,27.160,1,1,0.265,2.470,,2003,28
"CrossingSweep",2000,3,149,31.147,31.136,28.403,1,1,0.280,2.464,,2005,27
"CrossingSweep",2000,3,150,28.604,28.609,26.340,1,1,0.285,1.980,,2002,28
"CrossingSweep",2000,3,151,28.955,28.955,26.761,1,1,0.278,1.917,,1999,27
"CrossingSweep",2000,3,152,28.607,28.597,25.736,1,1,0.291,2.579,,1997,27
"CrossingSweep",2000,3,153,29.385,29.395,27.058,1,1,0.284,2.043,,1998,28
"CrossingSweep",2000,3,154,29.880,29.861,26.960,1,1,0.269,2.652,,1993,28
"CrossingSweep",2000,3,155,29.894,29.903,27.520,1,1,0.308,2.065,,1979,28
"CrossingSweep",2000,3,156,29.065,29.069,26.790,1,1,0.263,2.013,,1979,28
"CrossingSweep",2000,3,157,29.553,29.552,27.237,1,1,0.269,2.047,,1988,28
"CrossingSweep",2000,3,158,29.580,29.573,26.781,1,1,0.267,2.532,,1997,28
"CrossingSweep",2000,3,159,28.884,28.883,26.290,1,1,0.278,2.317,,1993,28
"CrossingSweep",2000,3,160,29.788,29.793,27.420,1,1,0.369,2.000,,1980,28
"CrossingSweep",2000,3,161,29.327,29.325,27.058,1,1,0.265,2.004,,2009,27
"CrossingSweep",2000,3,162,28.822,28.726,26.418,1,1,0.273,2.131,,1984,28
"CrossingSweep",2000,3,163,28.978,29.053,26.071,1,1,0.265,2.642,,2002,28
"CrossingSweep",2000,3,164,31.515,31.531,29.140,1,1,0.331,2.044,,2001,28
"CrossingSweep",2000,3,165,28.477,28.473,26.123,1,1,0.283,2.071,,1990,28
"CrossingSweep",2000,3,166,29.405,29.381,26.484,1,1,0.299,2.623,,1982,28
"CrossingSweep",2000,3,167,29.220,29.243,26.885,1,1,0.279,2.056,,2002,28
"CrossingSweep",2000,3,168,29.389,29.389,27.075,1,1,0.283,2.031,,1986,27
"CrossingSweep",2000,3,169,29.458,29.456,27.040,1,1,0.285,2.134,,1992,28
"CrossingSweep",2000,3,170,28.724,28.726,26.527,1,1,0.307,1.890,,1995,28
"CrossingSweep",2000,3,171,32.813,32.808,30.384,1,1,0.289,2.141,,1999,27
"CrossingSweep",2000,3,172,31.389,31.385,29.072,1,1,0.272,2.046,,1826,27
"CrossingSweep",2000,3,173,29.100,29.099,26.788,1,1,0.279,2.034,,1867,28
"CrossingSweep",2000,3,174,28.035,28.036,25.672,1,1,0.262,2.100,,1980,28
"CrossingSweep",2000,3,175,29.452,29.449,27.136,1,1,0.289,2.027,,1998,28
"CrossingSweep",2000,3,176,29.998,29.999,26.673,1,1,0.329,2.996,,1992,28
"CrossingSweep",2000,3,177,29.269,29.255,25.676,1,1,0.282,3.312,,2008,27
"CrossingSweep",2000,3,178,27.274,27.287,25.104,1,1,0.276,1.894,,2002,28
"CrossingSweep",2000,3,179,29.772,29.760,27.412,1,1,0.319,2.040,,2012,28
"CrossingSweep",2000,3,180,31.026,31.027,28.603,1,1,0.320,2.102,,2000,27
"CrossingSweep",2000,3,181,30.972,30.970,28.523,1,1,0.312,2.137,,1986,27
"CrossingSweep",2000,3,182,29.358,29.363,27.095,1,1,0.304,1.959,,2004,28
"CrossingSweep",2000,3,183,29.472,29.470,27.162,1,1,0.291,2.020,,2006,28
"CrossingSweep",2000,3,184,29.412,29.414,26.677,1,1,0.288,2.447,,1999,28
"CrossingSweep",2000,3,185,28.861,28.860,26.582,1,1,0.272,2.007,,1987,28
"CrossingSweep",2000,3,186,29.851,29.834,26.656,1,1,0.262,2.933,,2006,27
"CrossingSweep",2000,3,187,29.241,29.256,26.914,1,1,0.283,2.044,,1999,27
"CrossingSweep",2000,3,188,29.686,29.684,27.449,1,1,0.285,1.953,,2009,26
"CrossingSweep",2000,3,189,29.556,29.550,27.294,1,1,0.280,1.982,,1989,28
"CrossingSweep",2000,3,190,29.088,29.091,26.861,1,1,0.278,1.949,,1994,28
"CrossingSweep",2000,3,191,29.954,29.952,27.795,1,1,0.280,1.879,,1979,28
"CrossingSweep",2000,3,192,29.378,29.379,27.122,1,1,0.291,1.965,,2006,28
"CrossingSweep",2000,3,193,29.905,29.895,27.409,1,1,0.296,2.200,,2003,28
"CrossingSweep",2000,3,194,30.043,30.046,26.805,1,1,0.294,2.943,,1992,28
"CrossingSweep",2000,3,195,30.078,30.075,26.842,1,1,0.314,2.921,,1993,27
"CrossingSweep",2000,3,196,29.622,29.617,26.720,1,1,0.289,2.613,,2015,27
"CrossingSweep",2000,3,197,30.046,30.054,27.597,1,1,0.293,2.156,,2013,28
"CrossingSweep",2000,3,198,29.303,29.253,26.929,1,1,0.322,2.051,,1986,28
"CrossingSweep",2000,3,199,29.721,29.766,27.504,1,1,0.277,1.940,,1992,28
"CrossingSweep",2000,3,200,29.108,29.104,26.773,1,1,0.288,2.046,,1956,28
"CrossingSweep",2000,3,201,28.890,28.885,26.575,1,1,0.307,2.008,,1974,28
"CrossingSweep",2000,3,202,31.239,31.241,28.777,1,1,0.365,2.096,,1981,27
"CrossingSweep",2000,3,203,29.351,29.343,27.056,1,1,0.276,2.019,,1996,28
"CrossingSweep",2000,3,204,29.266,29.256,26.324,1,1,0.262,2.680,,1979,28
"CrossingSweep",2000,3,205,29.766,29.775,27.378,1,1,0.307,2.082,,1990,28
"CrossingSweep",2000,3,206,30.563,30.564,28.167,1,1,0.334,2.062,,2012,28
"CrossingSweep",2000,3,207,29.239,29.234,26.281,1,1,0.286,2.672,,2004,28
"CrossingSweep",2000,3,208,29.132,29.127,26.415,1,1,0.273,2.445,,2011,27
"CrossingSweep",2000,3,209,30.207,30.217,27.820,1,1,0.276,2.112,,1971,28
"CrossingSweep",2000,3,210,32.422,32.417,30.084,1,1,0.284,2.053,,2001,28
"CrossingSweep",2000,3,211,30.941,30.941,28.562,1,1,0.300,2.080,,1994,28
"CrossingSweep",2000,3,212,31.400,31.393,28.758,1,1,0.308,2.334,,1994,28
"CrossingSweep",2000,3,213,28.685,28.687,26.265,1,1,0.300,2.119,,2007,28
"CrossingSweep",2000,3,214,29.942,29.941,27.640,1,1,0.281,2.021,,2008,28
"CrossingSweep",2000,3,215,31.127,31.120,28.543,1,1,0.299,2.286,,2001,27
"CrossingSweep",2000,3,216,29.816,29.822,27.539,1,1,0.309,1.968,,2002,27
"CrossingSweep",2000,3,217,33.095,33.089,30.660,1,1,0.286,2.149,,1987,28
"CrossingSweep",2000,3,218,31.677,31.675,28.855,1,1,0.311,2.511,,2004,26
"CrossingSweep",2000,3,219,33.921,33.924,30.135,1,1,0.304,3.482,,2000,27
"CrossingSweep",2000,3,220,32.512,32.512,29.676,1,1,0.279,2.556,,1976,28
"CrossingSweep",2000,3,221,33.937,33.930,31.351,1,1,0.298,2.288,,1985,28
"CrossingSweep",2000,3,222,31.765,31.768,29.379,1,1,0.286,2.101,,1990,28
"CrossingSweep",2000,3,223,33.116,33.117,30.677,1,1,0.293,2.147,,1984,28
"CrossingSweep",2000,3,224,33.574,33.573,31.246,1,1,0.314,2.014,,1992,28
"CrossingSweep",2000,3,225,33.274,33.267,30.799,1,1,0.300,2.175,,1973,28
"CrossingSweep",2000,3,226,30.689,30.695,28.379,1,1,0.276,2.034,,1991,28
"CrossingSweep",2000,3,227,29.505,29.503,27.317,1,1,0.256,1.932,,2009,28
"CrossingSweep",2000,3,228,29.329,29.321,26.302,1,1,0.268,2.759,,2001,27
"CrossingSweep",2000,3,229,29.941,29.940,27.219,1,1,0.307,2.414,,1999,28
"CrossingSweep",2000,3,230,28.669,28.672,26.412,1,1,0.280,1.977,,1984,28
"CrossingSweep",2000,3,231,28.701,28.701,26.509,1,1,0.282,1.910,,2001,27
"CrossingSweep",2000,3,232,30.085,30.080,27.681,1,1,0.294,2.111,,1999,26
"CrossingSweep",2000,3,233,28.755,28.742,26.135,1,1,0.279,2.341,,1987,28
"CrossingSweep",2000,3,234,29.315,29.323,26.912,1,1,0.299,2.104,,1986,28
"CrossingSweep",2000,3,235,28.542,28.544,26.342,1,1,0.279,1.920,,2001,28
"CrossingSweep",2000,3,236,28.924,28.923,26.664,1,1,0.274,1.985,,1983,27
"CrossingSweep",2000,3,237,29.299,29.299,27.002,1,1,0.304,1.993,,2009,28
"CrossingSweep",2000,3,238,30.435,30.423,27.347,1,1,0.303,2.786,,1987,27
"CrossingSweep",2000,3,239,28.756,28.765,26.466,1,1,0.283,2.007,,1975,27
"CrossingSweep",2000,3,240,28.210,28.206,25.826,1,1,0.292,2.092,,2008,27
"CrossingSweep",2000,3,241,29.711,29.712,27.369,1,1,0.287,2.055,,2007,27
"CrossingSweep",2000,3,242,31.644,31.642,29.425,1,1,0.271,1.948,,1981,28
"CrossingSweep",2000,3,243,28.915,28.862,26.610,1,1,0.272,2.032,,1984,28
"CrossingSweep",2000,3,244,30.476,30.525,28.206,1,1,0.278,1.993,,1998,28
"CrossingSweep",2000,3,245,30.344,30.330,26.870,1,1,0.294,3.180,,1985,27
"CrossingSweep",2000,3,246,31.227,31.237,28.834,1,1,0.310,2.084,,1999,28
"CrossingSweep",2000,3,247,30.645,30.624,26.461,1,1,0.286,3.898,,1993,28
"CrossingSweep",2000,3,248,30.190,30.210,27.846,1,1,0.299,2.044,,1983,28
"CrossingSweep",2000,3,249,29.924,29.923,27.635,1,1,0.283,2.007,,1994,28
"CrossingSweep",2000,3,250,31.256,31.238,28.291,1,1,0.288,2.676,,1998,28
"CrossingSweep",2000,3,251,31.693,31.708,29.459,1,1,0.274,1.959,,2000,27
"CrossingSweep",2000,3,252,28.688,28.682,26.420,1,1,0.260,2.008,,1996,28
"CrossingSweep",2000,3,253,29.651,29.652,27.320,1,1,0.294,2.037,,1992,28
"CrossingSweep",2000,3,254,29.472,29.469,26.548,1,1,0.260,2.664,,2004,28
"CrossingSweep",2000,3,255,29.936,29.939,27.059,1,1,0.324,2.553,,2018,28
"CrossingSweep",2000,3,256,30.084,30.072,27.365,1,1,0.269,2.450,,1989,28
"CrossingSweep",2000,3,257,29.688,29.692,26.761,1,1,0.287,2.639,,1974,28
"CrossingSweep",2000,3,258,28.678,28.679,26.343,1,1,0.274,2.061,,1981,28
"CrossingSweep",2000,3,259,30.434,30.431,28.120,1,1,0.282,2.032,,1999,28
"CrossingSweep",2000,3,260,29.706,29.699,27.373,1,1,0.267,2.066,,2001,28
"CrossingSweep",2000,3,261,29.315,29.320,26.976,1,1,0.329,2.009,,1997,28
"CrossingSweep",2000,3,262,28.859,28.845,26.132,1,1,0.279,2.448,,2005,28
"CrossingSweep",2000,3,263,28.703,28.715,26.407,1,1,0.291,2.005,,2004,28
"CrossingSweep",2000,3,264,28.756,28.755,26.487,1,1,0.269,1.999,,1991,28
"CrossingSweep",2000,3,265,29.968,29.960,27.376,1,1,0.271,2.321,,2008,28
"CrossingSweep",2000,3,266,30.253,30.254,27.280,1,1,0.289,2.683,,1990,28
"CrossingSweep",2000,3,267,29.303,29.302,26.187,1,1,0.276,2.840,,1987,28
"CrossingSweep",2000,3,268,29.418,29.405,26.954,1,1,0.304,2.160,,2006,28
"CrossingSweep",2000,3,269,29.059,29.067,26.719,1,1,0.296,2.043,,1986,27
"CrossingSweep",2000,3,270,30.805,30.805,28.375,1,1,0.289,2.141,,2003,28
"CrossingSweep",2000,3,271,29.482,29.482,27.096,1,1,0.338,2.048,,2006,28
"CrossingSweep",2000,3,272,29.692,29.687,27.351,1,1,0.302,2.040,,2012,28
"CrossingSweep",2000,3,273,30.497,30.494,27.994,1,1,0.334,2.169,,1989,28
"CrossingSweep",2000,3,274,29.262,29.268,26.934,1,1,0.275,2.053,,2000,28
"CrossingSweep",2000,3,275,32.823,32.814,29.340,1,1,0.379,3.105,,1996,28
"CrossingSweep",2000,3,276,32.907,32.906,29.876,1,1,0.266,2.764,,1995,28
"CrossingSweep",2000,3,277,29.840,29.844,27.552,1,1,0.288,2.000,,1975,28
"CrossingSweep",2000,3,278,28.992,28.990,26.608,1,1,0.290,2.094,,1996,28
"CrossingSweep",2000,3,279,31.188,31.181,28.146,1,1,0.311,2.731,,1988,28
"CrossingSweep",2000,3,280,30.660,30.658,27.501,1,1,0.307,2.851,,1987,28
"CrossingSweep",2000,3,281,30.676,30.666,27.816,1,1,0.299,2.561,,1997,28
"CrossingSweep",2000,3,282,29.047,29.056,26.537,1,1,0.291,2.219,,1995,27
"CrossingSweep",2000,3,283,32.657,32.659,29.984,1,1,0.325,2.348,,2012,28
"CrossingSweep",2000,3,284,33.330,33.331,30.260,1,1,0.298,2.772,,2008,28
"CrossingSweep",2000,3,285,30.879,30.865,28.206,1,1,0.322,2.350,,1995,28
"CrossingSweep",2000,3,286,30.341,30.346,27.935,1,1,0.296,2.110,,1996,28
"CrossingSweep",2000,3,287,30.093,30.090,27.436,1,1,0.289,2.368,,1979,28
"CrossingSweep",2000,3,288,30.619,30.597,27.799,1,1,0.295,2.526,,2007,28
"CrossingSweep",2000,3,289,35.555,35.573,32.886,1,1,0.318,2.351,,1992,28
"CrossingSweep",2000,3,290,30.119,30.123,27.782,1,1,0.270,2.067,,1984,28
"CrossingSweep",2000,3,291,30.500,30.492,28.216,1,1,0.278,2.006,,1982,28
"CrossingSweep",2000,3,292,29.722,29.723,27.073,1,1,0.277,2.372,,2001,28
"CrossingSweep",2000,3,293,30.041,30.041,27.496,1,1,0.297,2.248,,1995,28
"CrossingSweep",2000,3,294,31.533,31.530,29.177,1,1,0.294,2.062,,1997,28
"CrossingSweep",2000,3,295,31.812,31.815,29.198,1,1,0.286,2.328,,1993,28
"CrossingSweep",2000,3,296,32.682,32.682,30.376,1,1,0.308,1.998,,1990,28
"CrossingSweep",2000,3,297,32.963,32.956,30.531,1,1,0.306,2.126,,1996,28
"CrossingSweep",2000,3,298,31.219,31.216,28.230,1,1,0.297,2.692,,1697,26
"CrossingSweep",2000,3,299,32.350,32.359,29.918,1,1,0.289,2.144,,1990,28
"CrossingSweep",2250,3,0,38.579,38.578,36.169,1,1,0.289,2.121,,2128,31
"CrossingSweep",2250,3,1,37.824,37.824,35.279,1,1,0.298,2.248,,2232,31
"CrossingSweep",2250,3,2,37.396,37.394,34.368,1,1,0.294,2.735,,2251,31
"CrossingSweep",2250,3,3,36.920,36.925,34.331,1,1,0.305,2.284,,2252,31
"CrossingSweep",2250,3,4,36.177,36.173,33.472,1,1,0.280,2.425,,2216,31
"CrossingSweep",2250,3,5,36.220,36.216,33.253,1,1,0.286,2.682,,2256,31
"CrossingSweep",2250,3,6,36.922,36.928,34.485,1,1,0.303,2.134,,2241,31
"CrossingSweep",2250,3,7,37.209,37.184,33.799,1,1,0.298,3.112,,2250,31
"CrossingSweep",2250,3,8,36.299,36.318,33.569,1,1,0.286,2.444,,2163,31
"CrossingSweep",2250,3,9,37.882,37.882,34.919,1,1,0.453,2.509,,2244,31
"CrossingSweep",2250,3,10,35.945,35.945,33.569,1,1,0.294,2.082,,2249,31
"CrossingSweep",2250,3,11,36.594,36.576,33.490,1,1,0.279,2.826,,2248,31
"CrossingSweep",2250,3,12,39.814,39.827,37.322,1,1,0.303,2.189,,2253,31
"CrossingSweep",2250,3,13,37.193,37.184,34.628,1,1,0.287,2.278,,2256,31
"CrossingSweep",2250,3,14,38.778,38.784,36.397,1,1,0.303,2.078,,2243,31
"CrossingSweep",2250,3,15,37.153,37.147,34.614,1,1,0.315,2.224,,2249,30
"CrossingSweep",2250,3,16,36.495,36.497,34.029,1,1,0.277,2.189,,2223,31
"CrossingSweep",2250,3,17,38.291,38.288,34.519,1,1,0.296,3.476,,2220,31
"CrossingSweep",2250,3,18,39.409,39.409,36.443,1,1,0.318,2.649,,2238,31
"CrossingSweep",2250,3,19,38.905,38.888,35.712,1,1,0.429,2.763,,2240,31
"CrossingSweep",2250,3,20,39.940,39.953,37.454,1,1,0.296,2.191,,2247,31
"CrossingSweep",2250,3,21,35.511,35.510,32.961,1,1,0.305,2.246,,2233,31
"CrossingSweep",2250,3,22,37.158,37.158,34.708,1,1,0.296,2.155,,2216,31
"CrossingSweep",2250,3,23,34.456,34.456,32.232,1,1,0.275,1.950,,2243,31
"CrossingSweep",2250,3,24,35.512,35.510,33.052,1,1,0.315,2.144,,2246,31
"CrossingSweep",2250,3,25,36.597,36.598,33.628,1,1,0.417,2.553,,2231,31
"CrossingSweep",2250,3,26,36.003,35.999,33.527,1,1,0.332,2.144,,2247,31
"CrossingSweep",2250,3,27,36.294,36.286,33.707,1,1,0.287,2.300,,2241,31
"CrossingSweep",2250,3,28,38.467,38.463,35.511,1,1,0.299,2.658,,2250,31
"CrossingSweep",2250,3,29,37.096,37.091,34.393,1,1,0.311,2.392,,2262,30
"CrossingSweep",2250,3,30,35.759,35.766,33.110,1,1,0.285,2.364,,2241,31
"CrossingSweep",2250,3,31,36.624,36.626,34.266,1,1,0.296,2.062,,2245,31
"CrossingSweep",2250,3,32,36.099,36.101,33.814,1,1,0.286,1.998,,2236,31
"CrossingSweep",2250,3,33,37.316,37.301,34.482,1,1,0.309,2.525,,2232,31
"CrossingSweep",2250,3,34,38.294,38.293,35.703,1,1,0.288,2.302,,2211,31
"CrossingSweep",2250,3,35,37.400,37.410,33.691,1,1,0.286,3.423,,2216,31
"CrossingSweep",2250,3,36,35.047,35.047,32.644,1,1,0.281,2.123,,2246,31
"CrossingSweep",2250,3,37,35.252,35.243,32.531,1,1,0.278,2.443,,2208,31
"CrossingSweep",2250,3,38,36.252,36.254,33.921,1,1,0.281,2.050,,2254,31
"CrossingSweep",2250,3,39,37.425,37.424,34.769,1,1,0.303,2.353,,2249,31
"CrossingSweep",2250,3,40,41.156,41.149,37.220,1,1,0.312,3.624,,2248,31
"CrossingSweep",2250,3,41,39.200,39.203,36.880,1,1,0.286,2.034,,2237,31
"CrossingSweep",2250,3,42,36.148,36.143,33.108,1,1,0.299,2.742,,2250,31
"CrossingSweep",2250,3,43,37.547,37.526,33.691,1,1,0.352,3.505,,2253,31
"CrossingSweep",2250,3,44,42.493,42.516,39.087,1,1,0.309,3.098,,2251,31
"CrossingSweep",2250,3,45,38.758,38.746,35.362,1,1,0.306,3.091,,2234,31
"CrossingSweep",2250,3,46,40.953,40.954,37.001,1,1,0.304,3.649,,2243,31
"CrossingSweep",2250,3,47,40.379,40.366,37.050,1,1,0.317,3.012,,2226,31
"CrossingSweep",2250,3,48,37.196,37.193,34.082,1,1,0.295,2.819,,2253,30
"CrossingSweep",2250,3,49,36.463,36.477,33.051,1,1,0.295,3.117,,2226,31
"CrossingSweep",2250,3,50,36.169,36.164,32.766,1,1,0.299,3.104,,2256,31
"CrossingSweep",2250,3,51,37.519,37.521,34.581,1,1,0.289,2.650,,2251,31
"CrossingSweep",2250,3,52,37.486,37.478,33.403,1,1,0.283,3.800,,2250,31
"CrossingSweep",2250,3,53,36.274,36.267,33.054,1,1,0.304,2.917,,2261,31
"CrossingSweep",2250,3,54,37.017,37.021,33.924,1,1,0.285,2.808,,2247,31
"CrossingSweep",2250,3,55,42.033,42.039,39.241,1,1,0.284,2.507,,2245,31
"CrossingSweep",2250,3,56,36.786,36.767,33.943,1,1,0.301,2.542,,2198,31
"CrossingSweep",2250,3,57,37.589,37.594,33.599,1,1,0.355,3.635,,2243,31
"CrossingSweep",2250,3,58,38.414,38.416,33.597,1,1,0.382,4.434,,2252,31
"CrossingSweep",2250,3,59,37.370,37.369,34.512,1,1,0.281,2.578,,2245,31
"CrossingSweep",2250,3,60,36.289,36.283,32.554,1,1,0.279,3.456,,2222,31
"CrossingSweep",2250,3,61,36.685,36.690,33.737,1,1,0.291,2.657,,2258,31
"CrossingSweep",2250,3,62,35.179,35.175,32.469,1,1,0.287,2.422,,2212,30
"CrossingSweep",2250,3,63,36.377,36.381,33.438,1,1,0.283,2.655,,2246,31
"CrossingSweep",2250,3,64,36.734,36.722,32.891,1,1,0.270,3.574,,2246,31
"CrossingSweep",2250,3,65,35.193,35.189,32.393,1,1,0.281,2.520,,2220,31
"CrossingSweep",2250,3,66,38.223,38.235,35.282,1,1,0.308,2.633,,2263,31
"CrossingSweep",2250,3,67,37.276,37.257,34.414,1,1,0.280,2.582,,2228,31
"CrossingSweep",2250,3,68,36.582,36.593,33.647,1,1,0.288,2.648,,2245,31
"CrossingSweep",2250,3,69,36.014,36.011,33.263,1,1,0.290,2.461,,2217,31
"CrossingSweep",2250,3,70,36.257,36.256,33.384,1,1,0.320,2.554,,2244,31
"CrossingSweep",2250,3,71,36.289,36.290,32.980,1,1,0.310,3.000,,2250,31
"CrossingSweep",2250,3,72,37.126,37.122,33.349,1,1,0.299,3.478,,2236,31
"CrossingSweep",2250,3,73,38.434,38.438,35.580,1,1,0.291,2.564,,2219,30
"CrossingSweep",2250,3,74,38.305,38.299,34.841,1,1,0.311,3.153,,2253,31
"CrossingSweep",2250,3,75,37.396,37.399,34.559,1,1,0.294,2.543,,2253,31
"CrossingSweep",2250,3,76,36.084,36.081,33.175,1,1,0.310,2.600,,2257,31
"CrossingSweep",2250,3,77,37.185,37.178,33.732,1,1,0.303,3.149,,2244,31
"CrossingSweep",2250,3,78,37.737,37.742,33.873,1,1,0.302,3.562,,2210,31
"CrossingSweep",2250,3,79,36.571,36.518,33.043,1,1,0.292,3.235,,2225,31
"CrossingSweep",2250,3,80,43.839,43.874,39.534,1,1,0.310,3.996,,2133,31
"CrossingSweep",2250,3,81,37.728,37.742,34.998,1,1,0.288,2.442,,2259,31
"CrossingSweep",2250,3,82,35.581,35.574,32.831,1,1,0.302,2.448,,2267,31
"CrossingSweep",2250,3,83,35.388,35.388,32.699,1,1,0.278,2.411,,2232,31
"CrossingSweep",2250,3,84,37.277,37.273,33.545,1,1,0.291,3.441,,2248,30
"CrossingSweep",2250,3,85,35.684,35.666,32.765,1,1,0.288,2.631,,2239,31
"CrossingSweep",2250,3,86,36.302,36.327,33.515,1,1,0.285,2.502,,2237,31
"CrossingSweep",2250,3,87,36.981,36.961,33.741,1,1,0.311,2.930,,2233,31
"CrossingSweep",2250,3,88,37.888,37.889,33.744,1,1,0.285,3.859,,2228,31
"CrossingSweep",2250,3,89,37.486,37.480,34.326,1,1,0.296,2.865,,2250,31
"CrossingSweep",2250,3,90,37.605,37.606,34.237,1,1,0.287,3.081,,2090,31
"CrossingSweep",2250,3,91,36.959,36.963,32.857,1,1,0.295,3.808,,2241,31
"CrossingSweep",2250,3,92,35.334,35.339,32.641,1,1,0.278,2.414,,2245,29
"CrossingSweep",2250,3,93,35.504,35.503,32.721,1,1,0.298,2.485,,2262,31
"CrossingSweep",2250,3,94,36.122,36.116,32.815,1,1,0.300,3.008,,2233,31
"CrossingSweep",2250,3,95,38.635,38.634,34.834,1,1,0.331,3.470,,2238,31
"CrossingSweep",2250,3,96,36.350,36.353,33.563,1,1,0.299,2.489,,2245,30
"CrossingSweep",2250,3,97,37.134,37.127,34.092,1,1,0.354,2.688,,2264,31
"CrossingSweep",2250,3,98,42.323,42.315,37.860,1,1,0.290,4.172,,2259,31
"CrossingSweep",2250,3,99,40.916,40.913,37.007,1,1,0.311,3.598,,2253,31
"CrossingSweep",2250,3,100,40.130,40.142,36.835,1,1,0.334,2.961,,2165,31
"CrossingSweep",2250,3,101,41.388,41.362,37.902,1,1,0.303,3.183,,2254,30
"CrossingSweep",2250,3,102,39.295,39.308,35.485,1,1,0.323,3.487,,2230,31
"CrossingSweep",2250,3,103,36.110,36.110,33.208,1,1,0.313,2.589,,2248,31
"CrossingSweep",2250,3,104,37.573,37.561,34.475,1,1,0.299,2.799,,2229,31
"CrossingSweep",2250,3,105,36.855,36.873,34.315,1,1,0.288,2.252,,2259,31
"CrossingSweep",2250,3,106,37.675,37.673,35.107,1,1,0.309,2.260,,2261,31
"CrossingSweep",2250,3,107,37.690,37.680,34.441,1,1,0.293,2.957,,2241,31
"CrossingSweep",2250,3,108,36.584,36.593,34.201,1,1,0.324,2.059,,2258,31
"CrossingSweep",2250,3,109,39.594,39.570,35.382,1,1,0.304,3.908,,2246,30
"CrossingSweep",2250,3,110,38.042,38.058,35.396,1,1,0.327,2.319,,2227,31
"CrossingSweep",2250,3,111,36.951,36.948,34.362,1,1,0.294,2.295,,2267,31
"CrossingSweep",2250,3,112,37.985,37.975,34.836,1,1,0.418,2.730,,2257,31
"CrossingSweep",2250,3,113,37.964,37.973,35.337,1,1,0.304,2.323,,2246,31
"CrossingSweep",2250,3,114,39.107,39.108,36.394,1,1,0.337,2.376,,2259,30
"CrossingSweep",2250,3,115,38.987,38.980,35.465,1,1,0.296,3.226,,2263,31
"CrossingSweep",2250,3,116,37.513,37.516,34.885,1,1,0.317,2.312,,2243,31
"CrossingSweep",2250,3,117,37.570,37.569,35.112,1,1,0.296,2.162,,2259,31
"CrossingSweep",2250,3,118,43.458,43.440,40.589,1,1,0.297,2.572,,2212,31
"CrossingSweep",2250,3,119,37.483,37.499,35.013,1,1,0.293,2.177,,2230,31
"CrossingSweep",2250,3,120,37.157,37.155,34.357,1,1,0.308,2.492,,2246,30
"CrossingSweep",2250,3,121,37.434,37.428,34.429,1,1,0.300,2.705,,2247,30
"CrossingSweep",2250,3,122,39.090,39.074,35.058,1,1,0.302,3.729,,2233,31
"CrossingSweep",2250,3,123,39.518,39.538,37.011,1,1,0.313,2.194,,2246,31
"CrossingSweep",2250,3,124,38.154,38.142,35.140,1,1,0.288,2.726,,2240,31
"CrossingSweep",2250,3,125,38.041,38.048,34.545,1,1,0.298,3.198,,2244,31
"CrossingSweep",2250,3,126,38.119,38.109,34.924,1,1,0.303,2.893,,2241,31
"CrossingSweep",2250,3,127,37.294,37.298,34.806,1,1,0.315,2.173,,2222,31
"CrossingSweep",2250,3,128,38.213,38.199,34.953,1,1,0.304,2.957,,2233,31
"CrossingSweep",2250,3,129,37.635,37.642,34.673,1,1,0.310,2.652,,1628,31
"CrossingSweep",2250,3,130,36.321,36.323,33.444,1,1,0.287,2.591,,2229,31
"CrossingSweep",2250,3,131,35.270,35.273,32.868,1,1,0.301,2.101,,2244,30
"CrossingSweep",2250,3,132,36.659,36.651,34.144,1,1,0.300,2.216,,2262,31
"CrossingSweep",2250,3,133,37.747,37.752,34.245,1,1,0.307,3.196,,2240,31
"CrossingSweep",2250,3,134,37.863,37.844,35.414,1,1,0.277,2.172,,2241,31
"CrossingSweep",2250,3,135,36.274,36.282,33.737,1,1,0.306,2.230,,2237,30
"CrossingSweep",2250,3,136,36.292,36.283,33.707,1,1,0.426,2.159,,2242,31
"CrossingSweep",2250,3,137,37.098,37.110,34.642,1,1,0.313,2.143,,2243,31
"CrossingSweep",2250,3,138,36.834,36.828,34.222,1,1,0.299,2.314,,2270,31
"CrossingSweep",2250,3,139,42.651,42.645,39.933,1,1,0.299,2.418,,2252,31
"CrossingSweep",2250,3,140,36.070,36.076,33.654,1,1,0.306,2.110,,2240,31
"CrossingSweep",2250,3,141,36.298,36.297,33.875,1,1,0.282,2.142,,2249,31
"CrossingSweep",2250,3,142,35.736,35.740,33.366,1,1,0.284,2.087,,2254,31
"CrossingSweep",2250,3,143,35.747,35.743,33.193,1,1,0.345,2.209,,2247,31
"CrossingSweep",2250,3,144,35.913,35.907,33.626,1,1,0.289,1.997,,2257,31
"CrossingSweep",2250,3,145,36.436,36.437,34.055,1,1,0.286,2.095,,2240,31
"CrossingSweep",2250,3,146,36.771,36.755,33.919,1,1,0.278,2.575,,2226,31
"CrossingSweep",2250,3,147,38.774,38.781,35.128,1,1,0.284,3.362,,2223,31
"CrossingSweep",2250,3,148,36.938,36.947,34.108,1,1,0.302,2.529,,2197,31
"CrossingSweep",2250,3,149,43.811,43.807,41.524,1,1,0.293,1.995,,2161,31
"CrossingSweep",2250,3,150,36.674,36.670,34.235,1,1,0.287,2.153,,2237,31
"CrossingSweep",2250,3,151,37.871,37.861,34.848,1,1,0.304,2.719,,2221,31
"CrossingSweep",2250,3,152,37.039,37.043,33.992,1,1,0.311,2.736,,2257,31
"CrossingSweep",2250,3,153,42.349,42.347,39.745,1,1,0.300,2.305,,2243,31
"CrossingSweep",2250,3,154,41.372,41.367,38.417,1,1,0.365,2.590,,2261,31
"CrossingSweep",2250,3,155,37.126,37.133,34.689,1,1,0.308,2.129,,2242,31
"CrossingSweep",2250,3,156,37.396,37.394,34.897,1,1,0.314,2.185,,2245,31
"CrossingSweep",2250,3,157,40.095,40.090,36.703,1,1,0.302,3.089,,2081,31
"CrossingSweep",2250,3,158,39.275,39.258,36.127,1,1,0.283,2.866,,2232,31
"CrossingSweep",2250,3,159,40.147,40.126,37.620,1,1,0.294,2.233,,2252,31
"CrossingSweep",2250,3,160,41.057,41.093,37.750,1,1,0.319,2.988,,2256,31
"CrossingSweep",2250,3,161,37.180,37.164,34.148,1,1,0.293,2.739,,2255,31
"CrossingSweep",2250,3,162,37.562,37.573,35.130,1,1,0.295,2.137,,2251,31
"CrossingSweep",2250,3,163,36.868,36.847,33.988,1,1,0.315,2.565,,2236,31
"CrossingSweep",2250,3,164,38.729,38.738,35.847,1,1,0.302,2.579,,2257,31
"CrossingSweep",2250,3,165,36.945,36.953,34.511,1,1,0.280,2.154,,2262,31
"CrossingSweep",2250,3,166,37.779,37.768,34.753,1,1,0.295,2.731,,2259,31
"CrossingSweep",2250,3,167,36.002,36.010,33.601,1,1,0.294,2.108,,2251,31
"CrossingSweep",2250,3,168,35.689,35.686,33.269,1,1,0.294,2.126,,2253,31
"CrossingSweep",2250,3,169,38.162,38.139,35.291,1,1,0.297,2.573,,2263,31
"CrossingSweep",2250,3,170,39.350,39.362,35.237,1,1,0.294,3.819,,2237,31
"CrossingSweep",2250,3,171,35.486,35.493,33.116,1,1,0.297,2.073,,2239,31
"CrossingSweep",2250,3,172,36.143,36.110,33.518,1,1,0.279,2.347,,2258,31
"CrossingSweep",2250,3,173,36.046,36.070,33.603,1,1,0.289,2.153,,2252,31
"CrossingSweep",2250,3,174,35.477,35.479,33.093,1,1,0.299,2.085,,2245,31
"CrossingSweep",2250,3,175,38.645,38.626,34.978,1,1,0.300,3.368,,2238,30
"CrossingSweep",2250,3,176,38.889,38.904,36.493,1,1,0.302,2.093,,2261,31
"CrossingSweep",2250,3,177,39.671,39.663,36.232,1,1,0.291,3.148,,2259,31
"CrossingSweep",2250,3,178,37.293,37.298,34.863,1,1,0.300,2.130,,2146,31
"CrossingSweep",2250,3,179,36.834,36.834,34.349,1,1,0.283,2.202,,2255,31
"CrossingSweep",2250,3,180,36.971,36.962,34.163,1,1,0.306,2.502,,2259,31
"CrossingSweep",2250,3,181,38.995,38.998,36.570,1,1,0.304,2.121,,2266,31
"CrossingSweep",2250,3,182,37.791,37.788,34.946,1,1,0.300,2.546,,2254,31
"CrossingSweep",2250,3,183,37.403,37.404,34.913,1,1,0.295,2.195,,2247,31
"CrossingSweep",2250,3,184,39.330,39.327,36.030,1,1,0.282,3.019,,2241,31
"CrossingSweep",2250,3,185,37.221,37.216,34.437,1,1,0.317,2.467,,2253,31
"CrossingSweep",2250,3,186,41.097,41.100,38.669,1,1,0.301,2.126,,2251,31
"CrossingSweep",2250,3,187,37.454,37.449,35.111,1,1,0.279,2.064,,2262,31
"CrossingSweep",2250,3,188,36.435,36.434,34.003,1,1,0.290,2.142,,2258,31
"CrossingSweep",2250,3,189,36.587,36.587,34.117,1,1,0.304,2.166,,2260,31
"CrossingSweep",2250,3,190,36.951,36.953,34.285,1,1,0.296,2.370,,2261,31
"CrossingSweep",2250,3,191,37.304,37.294,33.940,1,1,0.293,3.071,,2256,31
"CrossingSweep",2250,3,192,39.439,39.435,36.014,1,1,0.321,3.104,,2264,31
"CrossingSweep",2250,3,193,37.263,37.265,34.826,1,1,0.298,2.139,,2250,31
"CrossingSweep",2250,3,194,38.407,38.408,34.573,1,1,0.436,3.398,,2253,31
"CrossingSweep",2250,3,195,37.645,37.631,34.284,1,1,0.273,3.088,,2221,30
"CrossingSweep",2250,3,196,36.499,36.510,33.887,1,1,0.283,2.329,,2250,31
"CrossingSweep",2250,3,197,39.437,39.429,35.704,1,1,0.305,3.428,,2251,31
"CrossingSweep",2250,3,198,37.504,37.494,34.654,1,1,0.453,2.397,,2257,31
"CrossingSweep",2250,3,199,38.177,38.147,35.002,1,1,0.297,2.877,,2255,31
"CrossingSweep",2250,3,200,36.763,36.788,34.034,1,1,0.290,2.439,,2259,31
"CrossingSweep",2250,3,201,37.425,37.428,35.033,1,1,0.289,2.103,,2260,29
"CrossingSweep",2250,3,202,38.216,38.198,34.727,1,1,0.288,3.200,,2256,30
"CrossingSweep",2250,3,203,36.013,36.019,33.522,1,1,0.291,2.201,,2249,31
"CrossingSweep",2250,3,204,35.691,35.695,33.163,1,1,0.306,2.222,,2253,30
"CrossingSweep",2250,3,205,43.109,43.099,39.966,1,1,0.290,2.853,,2251,31
"CrossingSweep",2250,3,206,37.774,37.766,34.602,1,1,0.306,2.867,,2248,31
"CrossingSweep",2250,3,207,41.133,41.144,37.715,1,1,0.305,3.113,,2246,31
"CrossingSweep",2250,3,208,38.405,38.392,34.075,1,1,0.301,4.029,,2225,31
"CrossingSweep",2250,3,209,36.830,36.774,33.327,1,1,0.302,3.201,,2234,31
"CrossingSweep",2250,3,210,36.633,36.699,34.349,1,1,0.290,1.995,,2256,31
"CrossingSweep",2250,3,211,38.133,38.133,35.504,1,1,0.305,2.324,,2247,31
"CrossingSweep",2250,3,212,36.972,36.958,34.316,1,1,0.292,2.363,,2258,31
"CrossingSweep",2250,3,213,36.495,36.503,34.064,1,1,0.290,2.142,,2236,31
"CrossingSweep",2250,3,214,38.758,38.761,35.491,1,1,0.305,2.962,,2247,31
"CrossingSweep",2250,3,215,37.819,37.813,34.816,1,1,0.492,2.511,,2248,31
"CrossingSweep",2250,3,216,37.677,37.676,35.243,1,1,0.292,2.142,,2246,30
"CrossingSweep",2250,3,217,36.735,36.730,34.013,1,1,0.304,2.418,,2252,31
"CrossingSweep",2250,3,218,35.685,35.686,33.281,1,1,0.287,2.118,,2239,31
"CrossingSweep",2250,3,219,37.333,37.332,34.795,1,1,0.333,2.206,,2247,31
"CrossingSweep",2250,3,220,40.017,40.008,36.930,1,1,0.300,2.787,,2255,31
"CrossingSweep",2250,3,221,40.664,40.656,36.029,1,1,0.298,4.336,,2262,31
"CrossingSweep",2250,3,222,36.275,36.284,33.692,1,1,0.296,2.287,,2238,31
"CrossingSweep",2250,3,223,37.400,37.405,34.934,1,1,0.309,2.156,,2223,30
"CrossingSweep",2250,3,224,37.554,37.534,34.491,1,1,0.296,2.767,,2261,31
"CrossingSweep",2250,3,225,36.026,36.041,33.626,1,1,0.295,2.105,,2212,31
"CrossingSweep",2250,3,226,38.211,38.206,35.445,1,1,0.296,2.470,,2260,31
"CrossingSweep",2250,3,227,43.173,43.160,39.994,1,1,0.301,2.878,,2258,31
"CrossingSweep",2250,3,228,38.841,38.852,35.960,1,1,0.289,2.593,,2252,31
"CrossingSweep",2250,3,229,36.581,36.584,34.013,1,1,0.300,2.268,,2260,31
"CrossingSweep",2250,3,230,36.871,36.866,33.796,1,1,0.284,2.791,,2249,31
"CrossingSweep",2250,3,231,37.985,37.975,34.890,1,1,0.286,2.808,,2244,31
"CrossingSweep",2250,3,232,41.281,41.286,38.555,1,1,0.361,2.365,,2251,31
"CrossingSweep",2250,3,233,36.619,36.624,34.090,1,1,0.307,2.222,,2243,31
"CrossingSweep",2250,3,234,35.042,35.039,32.586,1,1,0.283,2.172,,2244,30
"CrossingSweep",2250,3,235,41.678,41.673,39.046,1,1,0.300,2.332,,2233,29
"CrossingSweep",2250,3,236,37.362,37.356,33.623,1,1,0.302,3.437,,2239,31
"CrossingSweep",2250,3,237,36.574,36.582,34.225,1,1,0.298,2.052,,2217,31
"CrossingSweep",2250,3,238,35.630,35.626,33.212,1,1,0.294,2.124,,2249,31
"CrossingSweep",2250,3,239,36.176,36.171,33.623,1,1,0.286,2.267,,2250,31
"CrossingSweep",2250,3,240,38.019,38.014,34.516,1,1,0.593,2.910,,2248,31
"CrossingSweep",2250,3,241,37.515,37.522,35.001,1,1,0.297,2.217,,2234,31
"CrossingSweep",2250,3,242,36.093,36.086,33.640,1,1,0.289,2.165,,2264,31
"CrossingSweep",2250,3,243,35.981,35.980,33.224,1,1,0.280,2.478,,2245,31
"CrossingSweep",2250,3,244,35.862,35.861,32.958,1,1,0.497,2.407,,2223,31
"CrossingSweep",2250,3,245,36.422,36.428,34.043,1,1,0.303,2.075,,2259,31
"CrossingSweep",2250,3,246,36.233,36.231,33.707,1,1,0.293,2.233,,2253,31
"CrossingSweep",2250,3,247,36.035,36.026,33.334,1,1,0.279,2.422,,2260,31
"CrossingSweep",2250,3,248,36.023,36.026,33.426,1,1,0.309,2.289,,2259,31
"CrossingSweep",2250,3,249,36.025,36.028,33.578,1,1,0.288,2.159,,2237,31
"CrossingSweep",2250,3,250,36.630,36.622,33.897,1,1,0.274,2.459,,2228,31
"CrossingSweep",2250,3,251,35.821,35.800,32.913,1,1,0.289,2.618,,2256,31
"CrossingSweep",2250,3,252,35.333,35.350,32.830,1,1,0.283,2.220,,2215,31
"CrossingSweep",2250,3,253,36.044,36.044,33.689,1,1,0.277,2.077,,2241,31
"CrossingSweep",2250,3,254,35.833,35.830,33.352,1,1,0.318,2.163,,2242,30
"CrossingSweep",2250,3,255,36.313,36.312,33.983,1,1,0.297,2.033,,2241,31
"CrossingSweep",2250,3,256,35.998,36.002,33.632,1,1,0.290,2.077,,2262,31
"CrossingSweep",2250,3,257,36.837,36.830,33.468,1,1,0.282,3.086,,2263,31
"CrossingSweep",2250,3,258,42.015,42.014,39.350,1,1,0.307,2.358,,2254,31
"CrossingSweep",2250,3,259,37.420,37.415,34.548,1,1,0.390,2.483,,2232,31
"CrossingSweep",2250,3,260,36.112,36.112,33.343,1,1,0.286,2.484,,2258,31
"CrossingSweep",2250,3,261,44.351,44.350,40.627,1,1,0.282,3.442,,2263,31
"CrossingSweep",2250,3,262,46.970,46.973,44.526,1,1,0.303,2.141,,2221,30
"CrossingSweep",2250,3,263,39.264,39.262,36.921,1,1,0.289,2.054,,2228,31
"CrossingSweep",2250,3,264,43.866,43.860,41.103,1,1,0.322,2.441,,2226,31
"CrossingSweep",2250,3,265,40.940,40.945,38.568,1,1,0.294,2.078,,2252,30
"CrossingSweep",2250,3,266,36.065,36.064,33.094,1,1,0.289,2.682,,2235,31
"CrossingSweep",2250,3,267,35.722,35.717,33.360,1,1,0.280,2.082,,2259,31
"CrossingSweep",2250,3,268,35.916,35.911,33.563,1,1,0.280,2.073,,2239,31
"CrossingSweep",2250,3,269,36.054,36.049,33.320,1,1,0.290,2.444,,2254,31
"CrossingSweep",2250,3,270,34.537,34.544,32.263,1,1,0.284,1.991,,2253,31
"CrossingSweep",2250,3,271,36.098,36.090,32.373,1,1,0.285,3.440,,2245,31
"CrossingSweep",2250,3,272,36.087,36.086,33.099,1,1,0.288,2.699,,2257,31
"CrossingSweep",2250,3,273,35.188,35.193,32.706,1,1,0.284,2.198,,2249,31
"CrossingSweep",2250,3,274,36.515,36.516,34.205,1,1,0.276,2.034,,2242,31
"CrossingSweep",2250,3,275,36.709,36.707,34.236,1,1,0.363,2.110,,2242,30
"CrossingSweep",2250,3,276,37.400,37.399,35.047,1,1,0.281,2.072,,2242,31
"CrossingSweep",2250,3,277,38.289,38.279,35.119,1,1,0.296,2.874,,2251,30
"CrossingSweep",2250,3,278,35.625,35.627,33.287,1,1,0.287,2.051,,2242,30
"CrossingSweep",2250,3,279,37.443,37.440,34.900,1,1,0.322,2.221,,2257,29
"CrossingSweep",2250,3,280,37.281,37.283,34.807,1,1,0.279,2.195,,2250,31
"CrossingSweep",2250,3,281,36.558,36.551,33.093,1,1,0.389,3.077,,2230,31
"CrossingSweep",2250,3,282,36.007,36.012,33.648,1,1,0.285,2.073,,2253,31
"CrossingSweep",2250,3,283,34.993,34.991,32.672,1,1,0.303,2.018,,2249,31
"CrossingSweep",2250,3,284,35.885,35.884,33.121,1,1,0.296,2.467,,2250,31
"CrossingSweep",2250,3,285,36.680,36.662,33.662,1,1,0.298,2.719,,2257,31
"CrossingSweep",2250,3,286,38.012,37.974,33.740,1,1,0.308,3.964,,2241,31
"CrossingSweep",2250,3,287,37.324,37.370,33.861,1,1,0.308,3.155,,2246,30
"CrossingSweep",2250,3,288,37.839,37.824,34.633,1,1,0.304,2.902,,2238,31
"CrossingSweep",2250,3,289,40.769,40.785,38.376,1,1,0.318,2.075,,2216,31
"CrossingSweep",2250,3,290,36.271,36.269,33.283,1,1,0.510,2.479,,2227,31
"CrossingSweep",2250,3,291,36.789,36.787,34.226,1,1,0.335,2.228,,2234,31
"CrossingSweep",2250,3,292,37.074,37.056,33.515,1,1,0.342,3.217,,2238,31
"CrossingSweep",2250,3,293,37.185,37.200,34.837,1,1,0.293,2.055,,2237,30
"CrossingSweep",2250,3,294,36.477,36.478,34.050,1,1,0.326,2.101,,2246,31
"CrossingSweep",2250,3,295,35.797,35.795,33.253,1,1,0.291,2.253,,2243,31
"CrossingSweep",2250,3,296,37.384,37.371,34.599,1,1,0.303,2.482,,2244,31
"CrossingSweep",2250,3,297,37.852,37.859,35.389,1,1,0.298,2.165,,2260,31
"CrossingSweep",2250,3,298,36.777,36.773,34.249,1,1,0.290,2.239,,2239,31
"CrossingSweep",2250,3,299,40.614,40.607,37.500,1,1,0.284,2.830,,2239,31
"CrossingSweep",2500,3,0,44.077,44.078,41.600,1,1,0.354,2.123,,2468,33
"CrossingSweep",2500,3,1,44.954,44.951,42.061,1,1,0.386,2.508,,2376,32
"CrossingSweep",2500,3,2,45.279,45.279,42.306,1,1,0.417,2.557,,2480,33
"CrossingSweep",2500,3,3,44.068,44.066,41.595,1,1,0.356,2.118,,2461,32
"CrossingSweep",2500,3,4,45.617,45.617,42.922,1,1,0.367,2.329,,2487,33
"CrossingSweep",2500,3,5,46.680,46.678,42.686,1,1,0.592,3.402,,2494,33
"CrossingSweep",2500,3,6,44.508,44.504,41.815,1,1,0.386,2.308,,2473,33
"CrossingSweep",2500,3,7,45.227,45.220,41.821,1,1,0.387,3.019,,2492,33
"CrossingSweep",2500,3,8,44.654,44.660,42.004,1,1,0.426,2.223,,2458,33
"CrossingSweep",2500,3,9,47.687,47.687,44.816,1,1,0.372,2.499,,2474,33
"CrossingSweep",2500,3,10,46.114,46.103,42.985,1,1,0.349,2.780,,2447,33
"CrossingSweep",2500,3,11,43.946,43.949,41.242,1,1,0.376,2.328,,2481,33
"CrossingSweep",2500,3,12,44.570,44.568,42.089,1,1,0.365,2.115,,2467,33
"CrossingSweep",2500,3,13,47.045,47.025,43.772,1,1,0.488,2.785,,2471,33
"CrossingSweep",2500,3,14,47.958,47.961,44.292,1,1,0.379,3.286,,2466,33
"CrossingSweep",2500,3,15,52.308,52.290,49.141,1,1,0.395,2.773,,2280,32
"CrossingSweep",2500,3,16,48.577,48.607,45.949,1,1,0.391,2.237,,2486,33
"CrossingSweep",2500,3,17,46.131,46.113,42.484,1,1,0.446,3.202,,2487,33
"CrossingSweep",2500,3,18,46.149,46.164,43.521,1,1,0.372,2.256,,2467,33
"CrossingSweep",2500,3,19,46.627,46.625,43.999,1,1,0.414,2.215,,2487,32
"CrossingSweep",2500,3,20,48.433,48.431,45.735,1,1,0.437,2.261,,2507,33
"CrossingSweep",2500,3,21,45.629,45.630,43.092,1,1,0.383,2.154,,2501,32
"CrossingSweep",2500,3,22,45.687,45.685,42.866,1,1,0.416,2.406,,2484,33
"CrossingSweep",2500,3,23,47.807,47.800,44.883,1,1,0.404,2.520,,2486,33
"CrossingSweep",2500,3,24,46.103,46.108,43.403,1,1,0.427,2.274,,2511,33
"CrossingSweep",2500,3,25,47.267,47.265,44.549,1,1,0.365,2.353,,2487,32
"CrossingSweep",2500,3,26,45.925,45.916,42.282,1,1,0.381,3.261,,2508,33
"CrossingSweep",2500,3,27,46.731,46.712,43.259,1,1,0.359,3.114,,2509,32
"CrossingSweep",2500,3,28,48.347,48.365,45.127,1,1,0.391,2.829,,2460,33
"CrossingSweep",2500,3,29,46.805,46.807,44.204,1,1,0.380,2.220,,2491,33
"CrossingSweep",2500,3,30,45.326,45.325,41.830,1,1,0.521,2.975,,2477,33
"CrossingSweep",2500,3,31,47.819,47.802,44.044,1,1,0.410,3.365,,2489,33
"CrossingSweep",2500,3,32,49.770,49.766,45.354,1,1,0.399,4.017,,2461,33
"CrossingSweep",2500,3,33,50.490,50.502,47.808,1,1,0.382,2.300,,2469,33
"CrossingSweep",2500,3,34,45.278,45.274,42.563,1,1,0.359,2.356,,2497,33
"CrossingSweep",2500,3,35,44.325,44.332,41.736,1,1,0.393,2.197,,2503,33
"CrossingSweep",2500,3,36,45.193,45.172,41.335,1,1,0.358,3.500,,2497,33
"CrossingSweep",2500,3,37,49.695,49.701,46.914,1,1,0.369,2.412,,2468,33
"CrossingSweep",2500,3,38,43.991,43.994,41.419,1,1,0.369,2.204,,2503,32
"CrossingSweep",2500,3,39,44.642,44.640,41.283,1,1,0.391,2.968,,2504,33
"CrossingSweep",2500,3,40,43.630,43.634,41.132,1,1,0.354,2.144,,2455,33
"CrossingSweep",2500,3,41,43.606,43.604,40.923,1,1,0.364,2.319,,2485,33
"CrossingSweep",2500,3,42,45.090,45.079,41.861,1,1,0.379,2.851,,914,32
"CrossingSweep",2500,3,43,45.195,45.205,42.619,1,1,0.396,2.181,,2496,33
"CrossingSweep",2500,3,44,45.036,45.035,42.446,1,1,0.358,2.233,,2508,33
"CrossingSweep",2500,3,45,45.603,45.598,42.935,1,1,0.382,2.286,,2483,33
"CrossingSweep",2500,3,46,45.333,45.331,42.690,1,1,0.428,2.214,,2507,33
"CrossingSweep",2500,3,47,46.296,46.299,43.722,1,1,0.367,2.207,,2464,32
"CrossingSweep",2500,3,48,44.670,44.669,42.113,1,1,0.368,2.189,,2477,33
"CrossingSweep",2500,3,49,45.816,45.809,42.894,1,1,0.371,2.551,,2502,33
"CrossingSweep",2500,3,50,46.893,46.881,43.141,1,1,0.501,3.251,,2484,33
"CrossingSweep",2500,3,51,50.308,50.316,47.393,1,1,0.378,2.537,,2490,33
"CrossingSweep",2500,3,52,45.862,45.857,42.283,1,1,0.419,3.159,,2472,33
"CrossingSweep",2500,3,53,43.832,43.838,40.867,1,1,0.413,2.552,,2487,33
"CrossingSweep",2500,3,54,44.543,44.538,41.936,1,1,0.375,2.232,,2508,33
"CrossingSweep",2500,3,55,45.162,45.165,42.539,1,1,0.366,2.257,,2482,33
"CrossingSweep",2500,3,56,45.549,45.541,42.494,1,1,0.364,2.692,,2501,33
"CrossingSweep",2500,3,57,45.775,45.767,42.414,1,1,0.358,3.004,,2503,32
"CrossingSweep",2500,3,58,48.115,48.124,45.555,1,1,0.384,2.175,,2487,33
"CrossingSweep",2500,3,59,44.300,44.297,41.758,1,1,0.371,2.171,,2502,32
"CrossingSweep",2500,3,60,45.102,45.097,42.030,1,1,0.389,2.683,,2465,33
"CrossingSweep",2500,3,61,45.736,45.745,43.173,1,1,0.363,2.200,,2504,33
"CrossingSweep",2500,3,62,46.847,46.838,43.963,1,1,0.370,2.515,,2497,33
"CrossingSweep",2500,3,63,45.896,45.895,43.222,1,1,0.391,2.283,,2494,33
"CrossingSweep",2500,3,64,46.750,46.745,43.545,1,1,0.375,2.829,,2504,33
"CrossingSweep",2500,3,65,44.632,44.636,41.990,1,1,0.424,2.218,,2499,33
"CrossingSweep",2500,3,66,45.244,45.228,41.333,1,1,0.367,3.544,,2500,33
"CrossingSweep",2500,3,67,45.739,45.748,42.827,1,1,0.371,2.541,,2503,33
"CrossingSweep",2500,3,68,45.427,45.411,41.857,1,1,0.357,3.213,,2492,33
"CrossingSweep",2500,3,69,48.763,48.779,46.060,1,1,0.361,2.342,,2484,32
"CrossingSweep",2500,3,70,45.894,45.882,42.140,1,1,0.369,3.385,,2505,32
"CrossingSweep",2500,3,71,44.352,44.357,41.677,1,1,0.387,2.289,,2501,33
"CrossingSweep",2500,3,72,45.927,45.929,43.246,1,1,0.436,2.244,,2508,33
"CrossingSweep",2500,3,73,45.028,45.023,41.731,1,1,0.371,2.927,,2472,32
"CrossingSweep",2500,3,74,44.608,44.611,42.047,1,1,0.372,2.188,,2479,33
"CrossingSweep",2500,3,75,46.317,46.316,43.507,1,1,0.379,2.431,,2492,33
"CrossingSweep",2500,3,76,49.450,49.436,46.644,1,1,0.454,2.352,,2481,33
"CrossingSweep",2500,3,77,44.891,44.891,42.234,1,1,0.385,2.272,,2515,33
"CrossingSweep",2500,3,78,47.176,47.177,44.325,1,1,0.370,2.481,,2472,33
"CrossingSweep",2500,3,79,46.225,46.220,43.277,1,1,0.545,2.403,,2339,33
"CrossingSweep",2500,3,80,45.113,45.109,42.175,1,1,0.389,2.550,,2497,33
"CrossingSweep",2500,3,81,44.720,44.723,42.104,1,1,0.382,2.234,,2509,32
"CrossingSweep",2500,3,82,45.523,45.525,42.972,1,1,0.413,2.138,,2507,33
"CrossingSweep",2500,3,83,50.787,50.785,47.221,1,1,0.502,3.064,,2500,31
"CrossingSweep",2500,3,84,45.149,45.127,42.180,1,1,0.366,2.603,,2480,33
"CrossingSweep",2500,3,85,44.159,44.175,41.457,1,1,0.406,2.297,,2507,33
"CrossingSweep",2500,3,86,44.898,44.900,42.240,1,1,0.369,2.288,,2491,33
"CrossingSweep",2500,3,87,46.095,46.089,43.532,1,1,0.379,2.184,,2512,33
"CrossingSweep",2500,3,88,52.946,52.943,48.625,1,1,0.467,3.854,,2480,33
"CrossingSweep",2500,3,89,46.996,46.957,42.499,1,1,0.402,4.095,,2495,33
"CrossingSweep",2500,3,90,45.997,46.038,43.337,1,1,0.450,2.210,,2496,33
"CrossingSweep",2500,3,91,51.010,50.995,47.220,1,1,0.376,3.414,,2472,33
"CrossingSweep",2500,3,92,51.100,51.098,47.943,1,1,0.389,2.768,,2481,33
"CrossingSweep",2500,3,93,44.367,44.379,41.495,1,1,0.376,2.496,,2465,33
"CrossingSweep",2500,3,94,47.358,47.350,43.233,1,1,0.361,3.764,,2480,33
"CrossingSweep",2500,3,95,49.050,49.051,46.493,1,1,0.376,2.180,,2475,33
"CrossingSweep",2500,3,96,45.885,45.874,42.461,1,1,0.362,3.061,,2458,33
"CrossingSweep",2500,3,97,47.342,47.350,44.151,1,1,0.400,2.791,,2509,32
"CrossingSweep",2500,3,98,48.501,48.504,45.841,1,1,0.438,2.222,,2501,33
"CrossingSweep",2500,3,99,45.829,45.804,42.778,1,1,0.397,2.655,,2477,33
"CrossingSweep",2500,3,100,45.607,45.627,42.559,1,1,0.468,2.581,,2488,33
"CrossingSweep",2500,3,101,44.542,44.541,41.751,1,1,0.372,2.419,,2254,33
"CrossingSweep",2500,3,102,44.690,44.691,42.054,1,1,0.386,2.250,,2461,33
"CrossingSweep",2500,3,103,44.520,44.501,41.179,1,1,0.381,2.960,,2507,33
"CrossingSweep",2500,3,104,45.958,45.970,42.765,1,1,0.359,2.834,,2506,33
"CrossingSweep",2500,3,105,44.228,44.222,41.612,1,1,0.370,2.246,,2497,33
"CrossingSweep",2500,3,106,46.084,46.087,43.367,1,1,0.398,2.318,,2491,33
"CrossingSweep",2500,3,107,44.200,44.190,41.488,1,1,0.375,2.336,,2509,33
"CrossingSweep",2500,3,108,44.233,44.198,41.566,1,1,0.367,2.300,,2500,33
"CrossingSweep",2500,3,109,45.818,45.837,42.604,1,1,0.360,2.855,,2482,33
"CrossingSweep",2500,3,110,44.720,44.740,42.099,1,1,0.389,2.232,,2468,33
"CrossingSweep",2500,3,111,44.750,44.739,41.695,1,1,0.371,2.684,,2501,31
"CrossingSweep",2500,3,112,44.579,44.589,42.152,1,1,0.357,2.070,,2485,33
"CrossingSweep",2500,3,113,44.306,44.295,41.498,1,1,0.361,2.447,,2487,31
"CrossingSweep",2500,3,114,45.234,45.229,41.399,1,1,0.371,3.464,,2375,33
"CrossingSweep",2500,3,115,45.208,45.192,41.102,1,1,0.355,3.751,,2483,32
"CrossingSweep",2500,3,116,44.743,44.755,41.119,1,1,0.356,3.269,,2492,33
"CrossingSweep",2500,3,117,45.601,45.609,41.551,1,1,0.365,3.686,,2465,33
"CrossingSweep",2500,3,118,44.572,44.574,42.085,1,1,0.351,2.136,,2491,33
"CrossingSweep",2500,3,119,46.993,46.982,42.786,1,1,0.359,3.848,,2496,33
"CrossingSweep",2500,3,120,45.404,45.412,42.251,1,1,0.366,2.786,,2488,31
"CrossingSweep",2500,3,121,44.921,44.906,41.544,1,1,0.480,2.897,,2495,33
"CrossingSweep",2500,3,122,46.330,46.341,41.996,1,1,0.468,3.865,,2490,33
"CrossingSweep",2500,3,123,45.936,45.914,41.926,1,1,0.342,3.668,,2489,33
"CrossingSweep",2500,3,124,43.596,43.614,40.755,1,1,0.380,2.461,,2462,33
"CrossingSweep",2500,3,125,44.174,44.144,40.268,1,1,0.386,3.520,,2461,31
"CrossingSweep",2500,3,126,48.701,48.728,46.215,1,1,0.345,2.142,,2475,33
"CrossingSweep",2500,3,127,45.502,45.481,42.388,1,1,0.393,2.721,,2498,33
"CrossingSweep",2500,3,128,44.373,44.383,41.197,1,1,0.403,2.773,,2497,31
"CrossingSweep",2500,3,129,45.578,45.576,42.271,1,1,0.374,2.933,,2497,33
"CrossingSweep",2500,3,130,45.413,45.385,41.274,1,1,0.382,3.757,,2492,33
"CrossingSweep",2500,3,131,46.744,46.777,43.878,1,1,0.367,2.500,,2476,33
"CrossingSweep",2500,3,132,45.237,45.230,41.665,1,1,0.357,3.215,,2504,33
"CrossingSweep",2500,3,133,46.516,46.510,42.674,1,1,0.386,3.457,,2486,33
"CrossingSweep",2500,3,134,47.160,47.161,44.182,1,1,0.364,2.614,,2470,33
"CrossingSweep",2500,3,135,45.598,45.600,41.749,1,1,0.351,3.498,,2494,33
"CrossingSweep",2500,3,136,46.076,46.075,43.042,1,1,0.378,2.656,,2484,33
"CrossingSweep",2500,3,137,44.482,44.483,41.816,1,1,0.371,2.295,,2479,33
"CrossingSweep",2500,3,138,45.628,45.619,42.342,1,1,0.404,2.882,,2486,33
"CrossingSweep",2500,3,139,48.690,48.691,45.529,1,1,0.350,2.811,,2423,33
"CrossingSweep",2500,3,140,44.008,44.016,41.349,1,1,0.350,2.310,,2504,33
"CrossingSweep",2500,3,141,45.251,45.246,42.408,1,1,0.383,2.460,,2484,33
"CrossingSweep",2500,3,142,44.086,44.083,40.483,1,1,0.349,3.254,,2500,33
"CrossingSweep",2500,3,143,45.288,45.291,41.844,1,1,0.357,3.088,,2470,33
"CrossingSweep",2500,3,144,46.014,45.990,42.306,1,1,0.352,3.356,,2486,33
"CrossingSweep",2500,3,145,45.206,45.228,41.775,1,1,0.370,3.061,,2473,33
"CrossingSweep",2500,3,146,46.202,46.200,43.725,1,1,0.363,2.114,,2477,33
"CrossingSweep",2500,3,147,47.676,47.619,45.091,1,1,0.376,2.209,,2512,33
"CrossingSweep",2500,3,148,42.543,42.591,39.829,1,1,0.369,2.345,,2491,33
"CrossingSweep",2500,3,149,44.286,44.287,41.508,1,1,0.397,2.381,,2488,33
"CrossingSweep",2500,3,150,45.214,45.208,42.351,1,1,0.392,2.470,,2463,33
"CrossingSweep",2500,3,151,45.926,45.924,42.525,1,1,0.363,3.037,,1669,33
"CrossingSweep",2500,3,152,45.140,45.133,42.065,1,1,0.359,2.716,,2466,33
"CrossingSweep",2500,3,153,46.110,46.107,42.996,1,1,0.347,2.768,,2501,33
"CrossingSweep",2500,3,154,46.486,46.496,43.811,1,1,0.365,2.311,,2497,33
"CrossingSweep",2500,3,155,44.105,44.075,40.195,1,1,0.352,3.559,,2477,32
"CrossingSweep",2500,3,156,43.548,43.578,40.605,1,1,0.360,2.583,,2496,33
"CrossingSweep",2500,3,157,47.153,47.148,43.817,1,1,0.360,2.977,,2453,33
"CrossingSweep",2500,3,158,49.305,49.302,45.824,1,1,0.353,3.128,,2485,33
"CrossingSweep",2500,3,159,47.015,47.004,44.015,1,1,0.364,2.636,,2486,32
"CrossingSweep",2500,3,160,46.082,46.097,43.531,1,1,0.355,2.196,,2494,33
"CrossingSweep",2500,3,161,42.957,42.951,40.399,1,1,0.352,2.206,,2480,33
"CrossingSweep",2500,3,162,45.411,45.408,42.914,1,1,0.393,2.104,,2495,33
"CrossingSweep",2500,3,163,44.478,44.479,41.699,1,1,0.391,2.388,,2506,33
"CrossingSweep",2500,3,164,49.113,49.107,46.416,1,1,0.398,2.299,,2505,31
"CrossingSweep",2500,3,165,46.798,46.801,43.195,1,1,0.367,3.235,,2469,32
"CrossingSweep",2500,3,166,43.436,43.433,40.945,1,1,0.364,2.126,,2479,33
"CrossingSweep",2500,3,167,42.417,42.415,39.583,1,1,0.359,2.475,,2471,33
"CrossingSweep",2500,3,168,44.689,44.686,42.065,1,1,0.374,2.251,,2458,33
"CrossingSweep",2500,3,169,43.994,43.995,40.978,1,1,0.404,2.612,,2482,33
"CrossingSweep",2500,3,170,44.835,44.827,41.567,1,1,0.386,2.882,,2494,33
"CrossingSweep",2500,3,171,46.709,46.711,43.931,1,1,0.394,2.384,,2477,33
"CrossingSweep",2500,3,172,46.523,46.522,43.189,1,1,0.408,2.926,,2476,32
"CrossingSweep",2500,3,173,43.961,43.958,41.061,1,1,0.383,2.518,,2508,33
"CrossingSweep",2500,3,174,46.142,46.144,43.454,1,1,0.376,2.312,,2480,33
"CrossingSweep",2500,3,175,45.446,45.433,42.302,1,1,0.388,2.756,,2478,33
"CrossingSweep",2500,3,176,46.794,46.784,43.120,1,1,0.559,3.116,,2500,33
"CrossingSweep",2500,3,177,44.375,44.393,41.766,1,1,0.379,2.230,,2484,32
"CrossingSweep",2500,3,178,45.331,45.329,42.653,1,1,0.395,2.283,,2501,32
"CrossingSweep",2500,3,179,45.679,45.672,42.664,1,1,0.385,2.630,,2497,33
"CrossingSweep",2500,3,180,44.323,44.328,41.675,1,1,0.377,2.272,,2456,33
"CrossingSweep",2500,3,181,44.497,44.486,41.893,1,1,0.369,2.235,,2475,33
"CrossingSweep",2500,3,182,43.888,43.895,41.371,1,1,0.383,2.133,,2485,32
"CrossingSweep",2500,3,183,44.978,44.943,41.213,1,1,0.402,3.364,,2484,33
"CrossingSweep",2500,3,184,44.600,44.625,41.383,1,1,0.587,2.631,,2491,32
"CrossingSweep",2500,3,185,44.673,44.672,41.603,1,1,0.402,2.668,,2485,31
"CrossingSweep",2500,3,186,46.047,46.049,43.572,1,1,0.360,2.114,,2506,33
"CrossingSweep",2500,3,187,46.603,46.576,42.549,1,1,0.384,3.671,,2502,33
"CrossingSweep",2500,3,188,47.114,47.132,44.400,1,1,0.402,2.312,,2513,33
"CrossingSweep",2500,3,189,43.913,43.918,41.177,1,1,0.395,2.342,,2504,33
"CrossingSweep",2500,3,190,45.605,45.604,42.997,1,1,0.413,2.194,,2506,32
"CrossingSweep",2500,3,191,45.675,45.671,42.928,1,1,0.394,2.354,,2508,33
"CrossingSweep",2500,3,192,44.130,44.130,41.584,1,1,0.370,2.176,,2479,33
"CrossingSweep",2500,3,193,50.287,50.276,46.946,1,1,0.372,2.970,,2501,33
"CrossingSweep",2500,3,194,44.879,44.884,42.093,1,1,0.399,2.387,,2505,33
"CrossingSweep",2500,3,195,47.318,47.311,44.221,1,1,0.394,2.703,,2470,33
"CrossingSweep",2500,3,196,46.887,46.886,43.277,1,1,0.392,3.217,,2510,33
"CrossingSweep",2500,3,197,44.207,44.208,41.529,1,1,0.405,2.273,,2497,33
"CrossingSweep",2500,3,198,46.429,46.428,43.794,1,1,0.379,2.256,,2507,33
"CrossingSweep",2500,3,199,44.680,44.683,41.426,1,1,0.382,2.872,,2504,33
"CrossingSweep",2500,3,200,45.627,45.587,42.296,1,1,0.383,2.948,,2505,33
"CrossingSweep",2500,3,201,46.202,46.235,42.656,1,1,0.382,3.164,,2471,33
"CrossingSweep",2500,3,202,45.946,45.942,43.306,1,1,0.396,2.244,,2490,33
"CrossingSweep",2500,3,203,44.913,44.906,42.283,1,1,0.394,2.235,,2510,31
"CrossingSweep",2500,3,204,46.441,46.451,43.816,1,1,0.387,2.238,,2509,33
"CrossingSweep",2500,3,205,45.602,45.590,42.425,1,1,0.389,2.789,,2481,33
"CrossingSweep",2500,3,206,47.978,47.970,44.852,1,1,0.450,2.676,,2508,33
"CrossingSweep",2500,3,207,44.863,44.871,42.298,1,1,0.384,2.181,,2505,33
"CrossingSweep",2500,3,208,44.344,44.343,41.769,1,1,0.400,2.175,,2506,33
"CrossingSweep",2500,3,209,47.559,47.536,43.248,1,1,0.400,3.911,,2501,32
"CrossingSweep",2500,3,210,45.525,45.537,42.382,1,1,0.387,2.756,,2511,33
"CrossingSweep",2500,3,211,49.000,48.999,45.070,1,1,0.468,3.463,,2488,33
"CrossingSweep",2500,3,212,47.446,47.446,44.753,1,1,0.379,2.314,,2475,33
"CrossingSweep",2500,3,213,47.135,47.139,44.343,1,1,0.401,2.391,,2502,33
"CrossingSweep",2500,3,214,49.549,49.532,46.090,1,1,0.383,3.075,,2506,32
"CrossingSweep",2500,3,215,48.790,48.770,44.734,1,1,0.417,3.639,,2484,33
"CrossingSweep",2500,3,216,46.928,46.958,43.877,1,1,0.509,2.543,,2517,33
"CrossingSweep",2500,3,217,46.849,46.847,44.134,1,1,0.378,2.337,,2503,33
"CrossingSweep",2500,3,218,45.473,45.457,42.813,1,1,0.381,2.279,,2480,33
"CrossingSweep",2500,3,219,47.714,47.723,44.317,1,1,0.404,2.993,,2486,33
"CrossingSweep",2500,3,220,45.542,45.537,42.761,1,1,0.394,2.387,,2501,33
"CrossingSweep",2500,3,221,46.402,46.409,43.665,1,1,0.398,2.340,,2509,32
"CrossingSweep",2500,3,222,47.363,47.319,42.591,1,1,0.405,4.367,,2494,32
"CrossingSweep",2500,3,223,47.772,47.803,44.330,1,1,0.396,3.046,,2357,33
"CrossingSweep",2500,3,224,45.721,45.725,42.499,1,1,0.393,2.829,,2467,33
"CrossingSweep",2500,3,225,45.207,45.210,42.401,1,1,0.407,2.399,,2484,33
"CrossingSweep",2500,3,226,46.483,46.476,43.572,1,1,0.429,2.483,,2488,33
"CrossingSweep",2500,3,227,46.836,46.828,43.892,1,1,0.397,2.547,,2481,33
"CrossingSweep",2500,3,228,45.094,45.099,42.119,1,1,0.384,2.591,,2306,27
"CrossingSweep",2500,3,229,47.310,47.311,44.112,1,1,0.399,2.799,,2462,33
"CrossingSweep",2500,3,230,44.732,44.733,42.141,1,1,0.409,2.182,,2465,32
"CrossingSweep",2500,3,231,45.824,45.824,43.197,1,1,0.406,2.220,,2489,33
"CrossingSweep",2500,3,232,46.299,46.275,43.283,1,1,0.392,2.624,,2468,33
"CrossingSweep",2500,3,233,45.829,45.845,42.984,1,1,0.383,2.462,,2484,33
"CrossingSweep",2500,3,234,47.898,47.902,45.292,1,1,0.385,2.221,,2497,33
"CrossingSweep",2500,3,235,48.271,48.272,45.557,1,1,0.398,2.317,,2495,33
"CrossingSweep",2500,3,236,49.511,49.500,45.995,1,1,0.430,3.087,,2492,33
"CrossingSweep",2500,3,237,47.346,47.346,44.615,1,1,0.400,2.331,,2503,31
"CrossingSweep",2500,3,238,46.717,46.697,43.399,1,1,0.389,2.929,,2493,33
"CrossingSweep",2500,3,239,47.829,47.847,45.052,1,1,0.419,2.359,,2493,33
"CrossingSweep",2500,3,240,48.238,48.243,45.434,1,1,0.422,2.381,,2479,33
"CrossingSweep",2500,3,241,45.969,45.960,43.270,1,1,0.405,2.293,,2465,32
"CrossingSweep",2500,3,242,48.284,48.284,45.665,1,1,0.405,2.214,,2476,33
"CrossingSweep",2500,3,243,46.378,46.372,43.712,1,1,0.379,2.286,,2483,33
"CrossingSweep",2500,3,244,45.629,45.633,43.001,1,1,0.393,2.236,,2493,33
"CrossingSweep",2500,3,245,47.257,47.251,44.455,1,1,0.401,2.401,,2477,32
"CrossingSweep",2500,3,246,45.193,45.190,42.536,1,1,0.378,2.280,,2501,33
"CrossingSweep",2500,3,247,45.347,45.341,42.104,1,1,0.388,2.855,,2489,32
"CrossingSweep",2500,3,248,44.904,44.907,41.821,1,1,0.376,2.707,,2471,33
"CrossingSweep",2500,3,249,44.673,44.676,42.091,1,1,0.394,2.189,,2466,33
"CrossingSweep",2500,3,250,46.912,46.901,43.475,1,1,0.373,3.064,,2463,33
"CrossingSweep",2500,3,251,44.855,44.862,42.201,1,1,0.376,2.279,,2504,32
"CrossingSweep",2500,3,252,46.105,46.101,42.701,1,1,0.425,2.980,,2501,33
"CrossingSweep",2500,3,253,46.497,46.473,42.010,1,1,0.405,4.082,,2498,33
"CrossingSweep",2500,3,254,45.896,45.906,42.525,1,1,0.388,2.983,,2478,33
"CrossingSweep",2500,3,255,45.104,45.104,41.866,1,1,0.375,2.863,,2495,33
"CrossingSweep",2500,3,256,45.516,45.518,42.164,1,1,0.377,2.975,,2508,33
"CrossingSweep",2500,3,257,45.626,45.630,42.748,1,1,0.411,2.467,,2504,33
"CrossingSweep",2500,3,258,46.465,46.465,43.869,1,1,0.385,2.211,,2497,31
"CrossingSweep",2500,3,259,44.721,44.712,41.827,1,1,0.380,2.514,,2502,33
"CrossingSweep",2500,3,260,45.928,45.920,42.222,1,1,0.393,3.314,,2494,33
"CrossingSweep",2500,3,261,47.972,47.986,45.252,1,1,0.385,2.336,,2508,33
"CrossingSweep",2500,3,262,45.950,45.948,43.244,1,1,0.392,2.314,,2472,32
"CrossingSweep",2500,3,263,44.913,44.907,42.268,1,1,0.387,2.258,,2502,33
"CrossingSweep",2500,3,264,46.493,46.486,43.168,1,1,0.379,2.946,,2474,33
"CrossingSweep",2500,3,265,45.346,45.351,42.799,1,1,0.385,2.162,,2495,33
"CrossingSweep",2500,3,266,45.844,45.846,43.215,1,1,0.389,2.240,,2493,33
"CrossingSweep",2500,3,267,45.613,45.601,42.701,1,1,0.398,2.514,,2397,33
"CrossingSweep",2500,3,268,45.131,45.134,42.027,1,1,0.385,2.719,,2490,33
"CrossingSweep",2500,3,269,45.146,45.146,42.511,1,1,0.402,2.233,,2505,33
"CrossingSweep",2500,3,270,48.007,47.995,43.425,1,1,0.376,4.207,,2487,33
"CrossingSweep",2500,3,271,46.135,46.147,43.598,1,1,0.381,2.157,,2486,32
"CrossingSweep",2500,3,272,48.113,48.060,45.193,1,1,0.404,2.516,,1095,33
"CrossingSweep",2500,3,273,47.408,47.446,44.168,1,1,0.481,2.759,,2491,33
"CrossingSweep",2500,3,274,46.858,46.867,44.153,1,1,0.394,2.311,,2507,33
"CrossingSweep",2500,3,275,46.582,46.578,43.200,1,1,0.380,3.002,,2491,33
"CrossingSweep",2500,3,276,45.399,45.399,42.380,1,1,0.378,2.640,,2497,33
"CrossingSweep",2500,3,277,46.974,46.972,44.298,1,1,0.405,2.272,,2494,33
"CrossingSweep",2500,3,278,45.846,45.845,43.160,1,1,0.381,2.304,,2494,33
"CrossingSweep",2500,3,279,46.890,46.892,43.893,1,1,0.391,2.606,,2478,33
"CrossingSweep",2500,3,280,47.237,47.227,43.049,1,1,0.388,3.800,,2492,33
"CrossingSweep",2500,3,281,45.822,45.819,42.503,1,1,0.375,2.944,,2476,33
"CrossingSweep",2500,3,282,47.475,47.462,44.020,1,1,0.381,3.075,,2382,32
"CrossingSweep",2500,3,283,45.862,45.879,43.070,1,1,0.382,2.410,,2496,33
"CrossingSweep",2500,3,284,46.184,46.180,43.489,1,1,0.389,2.307,,2505,33
"CrossingSweep",2500,3,285,46.001,45.999,42.709,1,1,0.376,2.916,,2489,33
"CrossingSweep",2500,3,286,46.504,46.506,43.871,1,1,0.390,2.243,,2501,33
"CrossingSweep",2500,3,287,46.440,46.439,43.494,1,1,0.402,2.544,,2496,33
"CrossingSweep",2500,3,288,46.397,46.386,43.581,1,1,0.378,2.439,,2496,33
"CrossingSweep",2500,3,289,45.686,45.693,42.962,1,1,0.430,2.294,,2488,33
"CrossingSweep",2500,3,290,46.792,46.786,43.095,1,1,0.376,3.321,,2510,33
"CrossingSweep",2500,3,291,48.977,48.966,45.394,1,1,0.386,3.197,,2488,33
"CrossingSweep",2500,3,292,44.969,44.980,42.361,1,1,0.376,2.232,,2502,32
"CrossingSweep",2500,3,293,47.358,47.357,44.687,1,1,0.401,2.270,,2504,33
"CrossingSweep",2500,3,294,46.694,46.690,44.114,1,1,0.384,2.196,,2494,33
"CrossingSweep",2500,3,295,44.530,44.531,41.675,1,1,0.387,2.469,,2489,33
"CrossingSweep",2500,3,296,45.335,45.331,42.680,1,1,0.373,2.282,,2508,33
"CrossingSweep",2500,3,297,46.624,46.620,43.892,1,1,0.376,2.357,,2512,32
"CrossingSweep",2500,3,298,45.280,45.285,42.595,1,1,0.391,2.294,,2492,33
"CrossingSweep",2500,3,299,45.408,45.382,42.361,1,1,0.377,2.671,,2496,32
"CrossingSweep",1000,4,0,1.439,1.447,0.000,0,0,0.082,1.356,,1011,18
"CrossingSweep",1000,4,1,1.018,1.004,0.000,0,0,0.073,0.945,,1001,18
"CrossingSweep",1000,4,2,9.087,9.028,7.265,1,0,0.125,1.698,,1013,18
"CrossingSweep",1000,4,3,1.286,1.341,0.000,0,0,0.079,1.207,,1011,18
"CrossingSweep",1000,4,4,1.436,1.452,0.000,0,0,0.083,1.352,,1000,18
"CrossingSweep",1000,4,5,0.981,0.973,0.000,0,0,0.073,0.909,,1005,18
"CrossingSweep",1000,4,6,1.372,1.380,0.000,0,0,0.074,1.298,,1011,18
"CrossingSweep",1000,4,7,2.304,2.265,0.000,0,0,0.070,2.234,,1013,18
"CrossingSweep",1000,4,8,0.647,0.679,0.000,0,0,0.104,0.542,,1009,18
"CrossingSweep",1000,4,9,9.022,9.000,7.146,1,0,0.114,1.762,,1006,17
"CrossingSweep",1000,4,10,1.633,1.651,0.000,0,0,0.077,1.556,,978,18
"CrossingSweep",1000,4,11,2.690,2.625,0.000,0,0,0.071,2.619,,906,18
"CrossingSweep",1000,4,12,1.504,1.569,0.000,0,0,0.097,1.407,,1008,18
"CrossingSweep",1000,4,13,1.125,1.113,0.000,0,0,0.081,1.044,,1005,18
"CrossingSweep",1000,4,14,1.464,1.473,0.000,0,0,0.084,1.381,,1007,18
"CrossingSweep",1000,4,15,9.107,9.077,7.019,1,0,0.115,1.972,,1014,18
"CrossingSweep",1000,4,16,1.689,1.711,0.000,0,0,0.085,1.604,,1007,18
"CrossingSweep",1000,4,17,1.466,1.469,0.000,0,0,0.077,1.389,,1014,18
"CrossingSweep",1000,4,18,1.770,1.772,0.000,0,0,0.074,1.697,,1006,18
"CrossingSweep",1000,4,19,2.621,2.589,0.000,0,0,0.073,2.549,,1011,18
"CrossingSweep",1000,4,20,9.076,9.095,7.226,1,0,0.132,1.718,,1001,18
"CrossingSweep",1000,4,21,1.594,1.594,0.000,0,0,0.087,1.507,,1007,18
"CrossingSweep",1000,4,22,3.318,3.178,0.000,0,0,0.074,3.245,,1005,18
"CrossingSweep",1000,4,23,0.771,0.919,0.000,0,0,0.154,0.616,,1008,18
"CrossingSweep",1000,4,24,1.178,1.168,0.000,0,0,0.108,1.071,,992,18
"CrossingSweep",1000,4,25,8.719,8.718,6.922,1,0,0.138,1.659,,1006,18
"CrossingSweep",1000,4,26,3.076,3.061,0.000,0,0,0.090,2.986,,1011,18
"CrossingSweep",1000,4,27,1.513,1.536,0.000,0,0,0.097,1.416,,1013,18
"CrossingSweep",1000,4,28,1.321,1.299,0.000,0,0,0.082,1.239,,1010,18
"CrossingSweep",1000,4,29,1.418,1.439,0.000,0,0,0.079,1.339,,1014,18
"CrossingSweep",1000,4,30,9.058,9.032,7.204,1,0,0.121,1.733,,1007,18
"CrossingSweep",1000,4,31,1.921,1.936,0.000,0,0,0.083,1.838,,1013,18
"CrossingSweep",1000,4,32,1.152,1.153,0.000,0,0,0.075,1.078,,1004,18
"CrossingSweep",1000,4,33,0.844,0.845,0.000,0,0,0.071,0.773,,1010,18
"CrossingSweep",1000,4,34,3.632,3.610,0.000,0,0,0.081,3.552,,476,18
"CrossingSweep",1000,4,35,1.724,1.736,0.000,0,0,0.099,1.626,,1010,18
"CrossingSweep",1000,4,36,8.687,8.686,6.888,1,0,0.121,1.678,,1014,18
"CrossingSweep",1000,4,37,3.539,3.526,0.000,0,0,0.074,3.466,,1007,18
"CrossingSweep",1000,4,38,1.589,1.610,0.000,0,0,0.101,1.487,,1009,18
"CrossingSweep",1000,4,39,1.562,1.560,0.000,0,0,0.081,1.481,,998,18
"CrossingSweep",1000,4,40,8.741,8.714,6.824,1,0,0.124,1.793,,1009,18
"CrossingSweep",1000,4,41,3.254,3.258,0.000,0,0,0.086,3.167,,1013,18
"CrossingSweep",1000,4,42,0.876,0.896,0.000,0,0,0.088,0.788,,1011,18
"CrossingSweep",1000,4,43,1.803,1.771,0.000,0,0,0.075,1.728,,1009,18
"CrossingSweep",1000,4,44,2.944,2.956,0.000,0,0,0.171,2.773,,1010,18
"CrossingSweep",1000,4,45,9.872,9.837,6.686,1,0,0.125,3.061,,1009,18
"CrossingSweep",1000,4,46,1.833,1.877,0.000,0,0,0.156,1.677,,1014,18
"CrossingSweep",1000,4,47,2.172,2.153,0.000,0,0,0.079,2.092,,995,18
"CrossingSweep",1000,4,48,0.972,0.984,0.000,0,0,0.147,0.825,,1012,18
"CrossingSweep",1000,4,49,1.041,1.044,0.000,0,0,0.086,0.955,,1018,18
"CrossingSweep",1000,4,50,8.685,8.679,6.857,1,0,0.114,1.714,,821,18
"CrossingSweep",1000,4,51,3.229,3.194,0.000,0,0,0.072,3.157,,1185,18
"CrossingSweep",1000,4,52,0.703,0.749,0.000,0,0,0.111,0.592,,1018,18
"CrossingSweep",1000,4,53,1.289,1.272,0.000,0,0,0.088,1.201,,1011,18
"CrossingSweep",1000,4,54,1.628,1.642,0.000,0,0,0.077,1.550,,1016,18
"CrossingSweep",1000,4,55,3.366,3.346,0.000,0,0,0.069,3.297,,1016,18
"CrossingSweep",1000,4,56,9.532,9.537,7.659,1,0,0.136,1.736,,1009,18
"CrossingSweep",1000,4,57,5.990,5.959,0.000,0,0,0.075,5.915,,1016,18
"CrossingSweep",1000,4,58,8.712,8.736,6.692,1,0,0.129,1.890,,1019,18
"CrossingSweep",1000,4,59,5.012,4.999,0.000,0,0,0.096,4.917,,1018,18
"CrossingSweep",1000,4,60,2.134,2.149,0.000,0,0,0.099,2.034,,1014,18
"CrossingSweep",1000,4,61,8.493,8.479,6.730,1,0,0.131,1.633,,1011,18
"CrossingSweep",1000,4,62,3.865,3.871,0.000,0,0,0.082,3.783,,997,17
"CrossingSweep",1000,4,63,1.703,1.706,0.000,0,0,0.084,1.619,,1007,18
"CrossingSweep",1000,4,64,6.962,6.927,0.000,0,0,0.076,6.887,,998,18
"CrossingSweep",1000,4,65,8.716,8.749,6.815,1,0,0.133,1.768,,1017,18
"CrossingSweep",1000,4,66,3.205,3.203,0.000,0,0,0.081,3.124,,1012,18
"CrossingSweep",1000,4,67,8.859,8.847,6.888,1,0,0.123,1.848,,1013,18
"CrossingSweep",1000,4,68,3.129,3.130,0.000,0,0,0.107,3.021,,1008,18
"CrossingSweep",1000,4,69,2.500,2.494,0.000,0,0,0.096,2.404,,1015,18
"CrossingSweep",1000,4,70,4.484,4.481,0.000,0,0,0.110,4.374,,1011,18
"CrossingSweep",1000,4,71,8.793,8.795,6.938,1,0,0.132,1.722,,989,18
"CrossingSweep",1000,4,72,1.954,1.968,0.000,0,0,0.077,1.878,,1011,18
"CrossingSweep",1000,4,73,3.105,3.101,0.000,0,0,0.075,3.030,,1014,18
"CrossingSweep",1000,4,74,1.967,1.929,0.000,0,0,0.079,1.887,,1011,18
"CrossingSweep",1000,4,75,8.749,8.782,6.886,1,0,0.122,1.742,,1004,18
"CrossingSweep",1000,4,76,3.169,3.164,0.000,0,0,0.076,3.093,,1009,18
"CrossingSweep",1000,4,77,2.124,2.125,0.000,0,0,0.088,2.037,,1015,18
"CrossingSweep",1000,4,78,4.845,4.829,0.000,0,0,0.077,4.769,,1009,18
"CrossingSweep",1000,4,79,8.525,8.544,6.640,1,0,0.138,1.747,,1004,18
"CrossingSweep",1000,4,80,2.013,2.012,0.000,0,0,0.081,1.932,,990,18
"CrossingSweep",1000,4,81,3.332,3.320,0.000,0,0,0.075,3.258,,1004,18
"CrossingSweep",1000,4,82,8.923,8.924,7.056,1,0,0.128,1.738,,999,18
"CrossingSweep",1000,4,83,1.930,1.939,0.000,0,0,0.071,1.859,,1014,18
"CrossingSweep",1000,4,84,3.088,3.075,0.000,0,0,0.073,3.015,,1012,18
"CrossingSweep",1000,4,85,1.655,1.672,0.000,0,0,0.097,1.558,,1016,18
"CrossingSweep",1000,4,86,8.561,8.544,6.654,1,0,0.115,1.792,,1010,18
"CrossingSweep",1000,4,87,3.695,3.686,0.000,0,0,0.072,3.623,,1007,17
"CrossingSweep",1000,4,88,1.580,1.604,0.000,0,0,0.109,1.470,,1009,18
"CrossingSweep",1000,4,89,2.459,2.434,0.000,0,0,0.093,2.366,,1010,18
"CrossingSweep",1000,4,90,3.516,3.521,0.000,0,0,0.078,3.438,,1014,18
"CrossingSweep",1000,4,91,8.853,8.831,6.505,1,0,0.143,2.205,,1007,18
"CrossingSweep",1000,4,92,6.020,6.007,0.000,0,0,0.091,5.929,,1009,18
"CrossingSweep",1000,4,93,8.791,8.830,6.561,1,0,0.128,2.101,,1008,18
"CrossingSweep",1000,4,94,3.426,3.401,0.000,0,0,0.088,3.338,,1019,18
"CrossingSweep",1000,4,95,1.583,1.614,0.000,0,0,0.098,1.485,,1007,18
"CrossingSweep",1000,4,96,2.134,2.118,0.000,0,0,0.082,2.052,,1015,18
"CrossingSweep",1000,4,97,8.510,8.513,6.728,1,0,0.116,1.665,,1010,18
"CrossingSweep",1000,4,98,3.511,3.507,0.000,0,0,0.086,3.425,,1003,18
"CrossingSweep",1000,4,99,5.406,5.390,0.000,0,0,0.085,5.322,,1008,18
"CrossingSweep",1000,4,100,8.648,8.667,6.844,1,0,0.130,1.674,,1003,18
"CrossingSweep",1000,4,101,2.030,2.026,0.000,0,0,0.073,1.956,,1016,18
"CrossingSweep",1000,4,102,2.883,2.875,0.000,0,0,0.075,2.808,,1016,18
"CrossingSweep",1000,4,103,1.361,1.377,0.000,0,0,0.102,1.259,,985,18
"CrossingSweep",1000,4,104,2.755,2.741,0.000,0,0,0.078,2.677,,999,18
"CrossingSweep",1000,4,105,8.578,8.573,6.610,1,0,0.118,1.850,,1018,18
"CrossingSweep",1000,4,106,2.525,2.531,0.000,0,0,0.082,2.443,,1012,18
"CrossingSweep",1000,4,107,2.285,2.286,0.000,0,0,0.075,2.210,,1017,18
"CrossingSweep",1000,4,108,3.357,3.343,0.000,0,0,0.070,3.287,,1017,18
"CrossingSweep",1000,4,109,8.565,8.567,6.750,1,0,0.130,1.685,,1019,18
"CrossingSweep",1000,4,110,1.945,1.958,0.000,0,0,0.073,1.872,,1018,18
"CrossingSweep",1000,4,111,3.428,3.393,0.000,0,0,0.071,3.357,,1013,18
"CrossingSweep",1000,4,112,0.901,0.934,0.000,0,0,0.089,0.812,,1000,18
"CrossingSweep",1000,4,113,9.012,8.992,7.102,1,0,0.119,1.791,,1011,17
"CrossingSweep",1000,4,114,3.937,3.930,0.000,0,0,0.076,3.861,,1002,18
"CrossingSweep",1000,4,115,1.722,1.747,0.000,0,0,0.101,1.622,,1010,18
"CrossingSweep",1000,4,116,1.871,1.869,0.000,0,0,0.081,1.790,,1013,18
"CrossingSweep",1000,4,117,8.910,8.889,6.679,1,0,0.118,2.113,,1015,18
"CrossingSweep",1000,4,118,3.668,3.601,0.000,0,0,0.157,3.511,,1008,18
"CrossingSweep",1000,4,119,1.536,1.627,0.000,0,0,0.093,1.443,,1012,18
"CrossingSweep",1000,4,120,3.106,3.074,0.000,0,0,0.073,3.034,,1012,18
"CrossingSweep",1000,4,121,8.755,8.775,6.752,1,0,0.150,1.853,,1015,18
"CrossingSweep",1000,4,122,1.934,1.932,0.000,0,0,0.078,1.856,,1004,18
"CrossingSweep",1000,4,123,3.229,3.211,0.000,0,0,0.081,3.148,,1017,18
"CrossingSweep",1000,4,124,1.600,1.624,0.000,0,0,0.093,1.507,,1017,18
"CrossingSweep",1000,4,125,8.702,8.686,6.702,1,0,0.119,1.881,,1018,18
"CrossingSweep",1000,4,126,3.556,3.549,0.000,0,0,0.136,3.420,,1014,18
"CrossingSweep",1000,4,127,1.698,1.723,0.000,0,0,0.115,1.583,,1019,18
"CrossingSweep",1000,4,128,1.882,1.879,0.000,0,0,0.071,1.812,,1013,18
"CrossingSweep",1000,4,129,3.367,3.334,0.000,0,0,0.069,3.298,,1012,18
"CrossingSweep",1000,4,130,8.870,8.892,7.049,1,0,0.126,1.696,,1013,18
"CrossingSweep",1000,4,131,1.908,1.911,0.000,0,0,0.089,1.819,,1014,18
"CrossingSweep",1000,4,132,3.106,3.094,0.000,0,0,0.071,3.036,,1009,17
"CrossingSweep",1000,4,133,1.770,1.782,0.000,0,0,0.090,1.680,,1016,18
"CrossingSweep",1000,4,134,8.669,8.651,6.902,1,0,0.114,1.654,,1012,18
"CrossingSweep",1000,4,135,3.474,3.468,0.000,0,0,0.075,3.400,,1013,18
"CrossingSweep",1000,4,136,1.684,1.681,0.000,0,0,0.104,1.580,,1006,18
"CrossingSweep",1000,4,137,2.214,2.209,0.000,0,0,0.090,2.124,,1017,18
"CrossingSweep",1000,4,138,8.744,8.727,6.890,1,0,0.128,1.725,,1015,18
"CrossingSweep",1000,4,139,2.392,2.382,0.000,0,0,0.084,2.308,,1007,18
"CrossingSweep",1000,4,140,2.187,2.211,0.000,0,0,0.094,2.093,,1017,18
"CrossingSweep",1000,4,141,5.779,5.761,0.000,0,0,0.077,5.702,,1011,18
"CrossingSweep",1000,4,142,8.906,8.911,7.214,1,0,0.127,1.566,,1012,18
"CrossingSweep",1000,4,143,3.423,3.419,0.000,0,0,0.073,3.350,,1013,18
"CrossingSweep",1000,4,144,1.547,1.566,0.000,0,0,0.105,1.442,,1013,18
"CrossingSweep",1000,4,145,8.649,8.639,6.645,1,0,0.116,1.887,,1008,18
"CrossingSweep",1000,4,146,3.078,3.070,0.000,0,0,0.077,3.002,,1006,18
"CrossingSweep",1000,4,147,1.842,1.847,0.000,0,0,0.088,1.754,,1009,18
"CrossingSweep",1000,4,148,2.379,2.373,0.000,0,0,0.093,2.285,,1016,18
"CrossingSweep",1000,4,149,2.776,2.770,0.000,0,0,0.073,2.703,,1020,18
"CrossingSweep",1000,4,150,8.640,8.645,6.796,1,0,0.138,1.706,,1012,18
"CrossingSweep",1000,4,151,1.980,1.986,0.000,0,0,0.076,1.904,,1018,18
"CrossingSweep",1000,4,152,3.189,3.176,0.000,0,0,0.072,3.117,,1008,18
"CrossingSweep",1000,4,153,1.588,1.597,0.000,0,0,0.086,1.502,,985,18
"CrossingSweep",1000,4,154,8.595,8.591,6.709,1,0,0.135,1.752,,1013,18
"CrossingSweep",1000,4,155,3.717,3.701,0.000,0,0,0.084,3.633,,1011,18
"CrossingSweep",1000,4,156,4.292,4.305,0.000,0,0,0.100,4.192,,1015,18
"CrossingSweep",1000,4,157,8.775,8.756,6.666,1,0,0.119,1.991,,1004,18
"CrossingSweep",1000,4,158,2.852,2.872,0.000,0,0,0.091,2.761,,1011,18
"CrossingSweep",1000,4,159,1.672,1.685,0.000,0,0,0.077,1.595,,1013,17
"CrossingSweep",1000,4,160,3.261,3.237,0.000,0,0,0.068,3.193,,1014,18
"CrossingSweep",1000,4,161,8.794,8.789,6.321,1,0,0.123,2.350,,1016,18
"CrossingSweep",1000,4,162,1.856,1.874,0.000,0,0,0.083,1.773,,1011,18
"CrossingSweep",1000,4,163,3.229,3.213,0.000,0,0,0.071,3.159,,1013,18
"CrossingSweep",1000,4,164,1.830,1.847,0.000,0,0,0.092,1.738,,1004,18
"CrossingSweep",1000,4,165,8.155,8.147,6.410,1,0,0.123,1.622,,1009,18
"CrossingSweep",1000,4,166,3.969,3.931,0.000,0,0,0.068,3.902,,1007,17
"CrossingSweep",1000,4,167,1.679,1.722,0.000,0,0,0.101,1.578,,1015,18
"CrossingSweep",1000,4,168,1.982,1.975,0.000,0,0,0.084,1.897,,1008,18
"CrossingSweep",1000,4,169,3.261,3.244,0.000,0,0,0.077,3.184,,1017,18
"CrossingSweep",1000,4,170,8.690,8.697,6.807,1,0,0.127,1.756,,1012,18
"CrossingSweep",1000,4,171,2.225,2.229,0.000,0,0,0.078,2.147,,1014,18
"CrossingSweep",1000,4,172,2.981,2.962,0.000,0,0,0.086,2.895,,1015,18
"CrossingSweep",1000,4,173,2.224,2.249,0.000,0,0,0.088,2.136,,1011,18
"CrossingSweep",1000,4,174,8.466,8.453,6.581,1,0,0.127,1.758,,1004,18
"CrossingSweep",1000,4,175,3.150,3.142,0.000,0,0,0.095,3.056,,1015,17
"CrossingSweep",1000,4,176,2.275,2.283,0.000,0,0,0.097,2.178,,1001,18
"CrossingSweep",1000,4,177,2.311,2.280,0.000,0,0,0.115,2.196,,1007,18
"CrossingSweep",1000,4,178,8.777,8.801,6.553,1,0,0.134,2.090,,1006,18
"CrossingSweep",1000,4,179,2.601,2.592,0.000,0,0,0.083,2.518,,1007,18
"CrossingSweep",1000,4,180,1.769,1.793,0.000,0,0,0.197,1.572,,994,18
"CrossingSweep",1000,4,181,3.152,3.102,0.000,0,0,0.072,3.080,,1011,18
"CrossingSweep",1000,4,182,8.978,9.006,6.919,1,0,0.126,1.933,,1012,18
"CrossingSweep",1000,4,183,2.394,2.402,0.000,0,0,0.073,2.320,,1003,18
"CrossingSweep",1000,4,184,5.187,5.166,0.000,0,0,0.072,5.115,,1017,18
"CrossingSweep",1000,4,185,8.572,8.581,6.663,1,0,0.134,1.775,,1015,17
"CrossingSweep",1000,4,186,2.617,2.613,0.000,0,0,0.073,2.544,,1009,18
"CrossingSweep",1000,4,187,2.760,2.769,0.000,0,0,0.095,2.665,,1000,18
"CrossingSweep",1000,4,188,4.207,4.170,0.000,0,0,0.085,4.123,,1016,18
"CrossingSweep",1000,4,189,8.732,8.750,6.826,1,0,0.135,1.771,,1004,18
"CrossingSweep",1000,4,190,1.914,1.931,0.000,0,0,0.093,1.821,,1014,18
"CrossingSweep",1000,4,191,3.202,3.180,0.000,0,0,0.074,3.128,,1017,18
"CrossingSweep",1000,4,192,2.700,2.706,0.000,0,0,0.101,2.600,,1014,18
"CrossingSweep",1000,4,193,8.314,8.326,6.536,1,0,0.117,1.661,,1012,18
"CrossingSweep",1000,4,194,2.876,2.856,0.000,0,0,0.074,2.801,,1002,18
"CrossingSweep",1000,4,195,1.972,1.972,0.000,0,0,0.106,1.866,,1007,18
"CrossingSweep",1000,4,196,2.439,2.452,0.000,0,0,0.073,2.366,,1013,18
"CrossingSweep",1000,4,197,9.297,9.282,6.576,1,0,0.127,2.593,,1002,18
"CrossingSweep",1000,4,198,1.900,1.917,0.000,0,0,0.091,1.809,,1010,18
"CrossingSweep",1000,4,199,1.789,1.791,0.000,0,0,0.074,1.715,,1013,18
"CrossingSweep",1000,4,200,3.418,3.403,0.000,0,0,0.070,3.348,,1015,18
"CrossingSweep",1000,4,201,8.601,8.600,6.648,1,0,0.134,1.818,,1019,18
"CrossingSweep",1000,4,202,1.895,1.899,0.000,0,0,0.079,1.816,,995,18
"CrossingSweep",1000,4,203,3.418,3.407,0.000,0,0,0.078,3.341,,1015,18
"CrossingSweep",1000,4,204,2.180,2.193,0.000,0,0,0.095,2.085,,1013,18
"CrossingSweep",1000,4,205,8.467,8.452,6.708,1,0,0.123,1.636,,1016,18
"CrossingSweep",1000,4,206,3.204,3.206,0.000,0,0,0.074,3.130,,1018,18
"CrossingSweep",1000,4,207,2.583,2.587,0.000,0,0,0.087,2.496,,1013,18
"CrossingSweep",1000,4,208,1.663,1.671,0.000,0,0,0.082,1.581,,1005,18
"CrossingSweep",1000,4,209,2.712,2.698,0.000,0,0,0.070,2.643,,1009,18
"CrossingSweep",1000,4,210,9.019,9.012,7.111,1,0,0.131,1.776,,1005,18
"CrossingSweep",1000,4,211,1.896,1.906,0.000,0,0,0.073,1.824,,1008,18
"CrossingSweep",1000,4,212,2.972,2.960,0.000,0,0,0.073,2.899,,1010,18
"CrossingSweep",1000,4,213,4.221,4.213,0.000,0,0,0.096,4.125,,1009,18
"CrossingSweep",1000,4,214,8.664,8.650,6.469,1,0,0.121,2.074,,1012,18
"CrossingSweep",1000,4,215,2.320,2.347,0.000,0,0,0.095,2.226,,1014,18
"CrossingSweep",1000,4,216,2.362,2.363,0.000,0,0,0.082,2.280,,1018,18
"CrossingSweep",1000,4,217,7.915,7.915,6.993,1,0,0.115,0.807,,1013,18
"CrossingSweep",1000,4,218,3.592,3.578,0.000,0,0,0.077,3.515,,1006,18
"CrossingSweep",1000,4,219,2.486,2.490,0.000,0,0,0.094,2.392,,925,18
"CrossingSweep",1000,4,220,4.911,4.914,0.000,0,0,0.082,4.829,,1011,18
"CrossingSweep",1000,4,221,8.816,8.817,7.005,1,0,0.137,1.673,,1007,18
"CrossingSweep",1000,4,222,3.319,3.305,0.000,0,0,0.071,3.249,,1005,16
"CrossingSweep",1000,4,223,3.729,3.728,0.000,0,0,0.094,3.635,,1009,18
"CrossingSweep",1000,4,224,8.944,8.943,7.055,1,0,0.132,1.757,,1006,18
"CrossingSweep",1000,4,225,2.586,2.580,0.000,0,0,0.089,2.498,,1012,18
"CrossingSweep",1000,4,226,2.262,2.283,0.000,0,0,0.124,2.139,,1013,18
"CrossingSweep",1000,4,227,3.329,3.303,0.000,0,0,0.072,3.257,,1019,18
"CrossingSweep",1000,4,228,8.996,8.927,6.593,1,0,0.154,2.249,,1015,18
"CrossingSweep",1000,4,229,1.820,1.903,0.000,0,0,0.077,1.743,,949,18
"CrossingSweep",1000,4,230,3.079,3.057,0.000,0,0,0.073,3.007,,1011,18
"CrossingSweep",1000,4,231,1.747,1.775,0.000,0,0,0.153,1.594,,1001,18
"CrossingSweep",1000,4,232,9.058,9.034,7.108,1,0,0.134,1.816,,1013,18
"CrossingSweep",1000,4,233,3.067,3.067,0.000,0,0,0.078,2.988,,1006,18
"CrossingSweep",1000,4,234,1.557,1.579,0.000,0,0,0.101,1.456,,1013,18
"CrossingSweep",1000,4,235,2.140,2.134,0.000,0,0,0.071,2.069,,1013,18
"CrossingSweep",1000,4,236,9.288,9.278,7.391,1,0,0.123,1.775,,1017,18
"CrossingSweep",1000,4,237,2.686,2.683,0.000,0,0,0.081,2.605,,1010,18
"CrossingSweep",1000,4,238,5.208,5.194,0.000,0,0,0.070,5.138,,1011,18
"CrossingSweep",1000,4,239,8.562,8.583,6.797,1,0,0.120,1.644,,1006,18
"CrossingSweep",1000,4,240,2.069,2.067,0.000,0,0,0.068,2.001,,1002,16
"CrossingSweep",1000,4,241,3.246,3.215,0.000,0,0,0.072,3.174,,1017,18
"CrossingSweep",1000,4,242,2.124,2.122,0.000,0,0,0.100,2.025,,1007,18
"CrossingSweep",1000,4,243,8.888,8.915,6.976,1,0,0.134,1.778,,1006,18
"CrossingSweep",1000,4,244,3.175,3.166,0.000,0,0,0.076,3.098,,996,15
"CrossingSweep",1000,4,245,1.608,1.625,0.000,0,0,0.087,1.521,,1013,18
"CrossingSweep",1000,4,246,1.901,1.892,0.000,0,0,0.073,1.828,,991,18
"CrossingSweep",1000,4,247,3.153,3.107,0.000,0,0,0.074,3.079,,1018,18
"CrossingSweep",1000,4,248,8.380,8.417,6.462,1,0,0.171,1.747,,1016,18
"CrossingSweep",1000,4,249,2.081,2.085,0.000,0,0,0.076,2.005,,1007,18
"CrossingSweep",1000,4,250,3.405,3.382,0.000,0,0,0.070,3.335,,988,18
"CrossingSweep",1000,4,251,2.206,2.223,0.000,0,0,0.108,2.098,,882,18
"CrossingSweep",1000,4,252,8.666,8.659,6.692,1,0,0.119,1.855,,1000,18
"CrossingSweep",1000,4,253,3.010,3.004,0.000,0,0,0.076,2.935,,1005,18
"CrossingSweep",1000,4,254,4.272,4.244,0.000,0,0,0.091,4.181,,1018,18
"CrossingSweep",1000,4,255,9.108,9.128,7.159,1,0,0.160,1.788,,1006,18
"CrossingSweep",1000,4,256,4.745,4.752,0.000,0,0,0.079,4.666,,1016,18
"CrossingSweep",1000,4,257,2.695,2.696,0.000,0,0,0.083,2.612,,1019,18
"CrossingSweep",1000,4,258,8.494,8.503,6.603,1,0,0.124,1.767,,1009,18
"CrossingSweep",1000,4,259,1.952,1.945,0.000,0,0,0.072,1.880,,1019,18
"CrossingSweep",1000,4,260,3.450,3.435,0.000,0,0,0.070,3.380,,1017,18
"CrossingSweep",1000,4,261,1.797,1.822,0.000,0,0,0.097,1.700,,1009,18
"CrossingSweep",1000,4,262,8.416,8.405,6.607,1,0,0.116,1.693,,995,18
"CrossingSweep",1000,4,263,3.676,3.659,0.000,0,0,0.081,3.596,,1018,18
"CrossingSweep",1000,4,264,1.438,1.464,0.000,0,0,0.098,1.340,,1015,18
"CrossingSweep",1000,4,265,6.337,6.289,0.000,0,0,0.121,6.217,,1007,18
"CrossingSweep",1000,4,266,8.302,8.334,6.449,1,0,0.146,1.708,,1017,18
"CrossingSweep",1000,4,267,2.618,2.595,0.000,0,0,0.077,2.542,,1017,17
"CrossingSweep",1000,4,268,3.222,3.247,0.000,0,0,0.305,2.918,,1005,18
"CrossingSweep",1000,4,269,8.615,8.604,6.731,1,0,0.116,1.768,,1008,18
"CrossingSweep",1000,4,270,1.808,1.825,0.000,0,0,0.091,1.717,,992,18
"CrossingSweep",1000,4,271,3.404,3.387,0.000,0,0,0.068,3.336,,995,18
"CrossingSweep",1000,4,272,1.902,1.914,0.000,0,0,0.089,1.813,,990,18
"CrossingSweep",1000,4,273,8.179,8.163,6.279,1,0,0.127,1.774,,1016,18
"CrossingSweep",1000,4,274,3.334,3.327,0.000,0,0,0.075,3.259,,993,18
"CrossingSweep",1000,4,275,1.146,1.159,0.000,0,0,0.097,1.050,,1014,18
"CrossingSweep",1000,4,276,2.385,2.390,0.000,0,0,0.140,2.246,,1017,18
"CrossingSweep",1000,4,277,2.903,2.886,0.000,0,0,0.074,2.829,,1008,18
"CrossingSweep",1000,4,278,8.407,8.400,6.195,1,0,0.135,2.077,,1009,18
"CrossingSweep",1000,4,279,1.450,1.478,0.000,0,0,0.081,1.369,,1010,18
"CrossingSweep",1000,4,280,4.044,4.017,0.000,0,0,0.069,3.976,,1018,18
"CrossingSweep",1000,4,281,0.950,0.966,0.000,0,0,0.092,0.859,,1017,18
"CrossingSweep",1000,4,282,2.871,2.872,0.000,0,0,0.086,2.785,,1010,18
"CrossingSweep",1000,4,283,8.561,8.546,6.662,1,0,0.128,1.771,,1015,18
"CrossingSweep",1000,4,284,3.709,3.680,0.000,0,0,0.084,3.625,,1016,18
"CrossingSweep",1000,4,285,1.332,1.376,0.000,0,0,0.137,1.195,,994,18
"CrossingSweep",1000,4,286,3.907,3.886,0.000,0,0,0.076,3.830,,998,18
"CrossingSweep",1000,4,287,7.998,8.005,6.876,1,0,0.126,0.996,,1010,18
"CrossingSweep",1000,4,288,2.900,2.900,0.000,0,0,0.093,2.808,,999,18
"CrossingSweep",1000,4,289,5.623,5.583,0.000,0,0,0.100,5.523,,997,18
"CrossingSweep",1000,4,290,11.040,11.073,9.135,1,0,0.144,1.760,,1017,17
"CrossingSweep",1000,4,291,2.003,1.996,0.000,0,0,0.069,1.934,,1011,15
"CrossingSweep",1000,4,292,1.530,1.548,0.000,0,0,0.071,1.459,,1008,18
"CrossingSweep",1000,4,293,9.021,8.991,7.051,1,0,0.128,1.843,,1001,18
"CrossingSweep",1000,4,294,3.267,3.263,0.000,0,0,0.084,3.183,,1010,18
"CrossingSweep",1000,4,295,1.670,1.701,0.000,0,0,0.205,1.465,,1014,18
"CrossingSweep",1000,4,296,3.071,3.021,0.000,0,0,0.065,3.006,,984,18
"CrossingSweep",1000,4,297,9.057,9.082,7.063,1,0,0.169,1.825,,1018,18
"CrossingSweep",1000,4,298,1.844,1.859,0.000,0,0,0.082,1.763,,1017,16
"CrossingSweep",1000,4,299,2.987,2.971,0.000,0,0,0.071,2.917,,1009,17
"CrossingSweep",1250,4,0,12.820,12.816,10.825,1,0,0.206,1.789,,1250,21
"CrossingSweep",1250,4,1,3.720,3.691,0.000,0,0,0.103,3.617,,1244,21
"CrossingSweep",1250,4,2,12.587,12.608,11.370,1,0,0.247,0.970,,1238,21
"CrossingSweep",1250,4,3,2.594,2.599,0.000,0,0,0.103,2.492,,1252,21
"CrossingSweep",1250,4,4,5.670,5.639,0.000,0,0,0.136,5.535,,1259,21
"CrossingSweep",1250,4,5,11.641,11.667,9.829,1,0,0.202,1.609,,1246,21
"CrossingSweep",1250,4,6,4.045,4.034,0.000,0,0,0.098,3.947,,1246,21
"CrossingSweep",1250,4,7,12.240,12.233,11.021,1,0,0.235,0.983,,1248,21
"CrossingSweep",1250,4,8,6.851,6.801,0.000,0,0,0.109,6.741,,1258,21
"CrossingSweep",1250,4,9,14.050,14.090,11.923,1,0,0.234,1.893,,1256,21
"CrossingSweep",1250,4,10,14.052,14.048,10.839,1,0,0.194,3.019,,1259,21
"CrossingSweep",1250,4,11,13.265,13.225,10.778,1,0,0.207,2.280,,1250,21
"CrossingSweep",1250,4,12,2.767,2.811,0.000,0,0,0.146,2.622,,1250,21
"CrossingSweep",1250,4,13,4.445,4.404,0.000,0,0,0.144,4.301,,1257,21
"CrossingSweep",1250,4,14,12.175,12.222,10.268,1,0,0.216,1.691,,1253,21
"CrossingSweep",1250,4,15,2.644,2.603,0.000,0,0,0.112,2.533,,1256,21
"CrossingSweep",1250,4,16,11.459,11.500,10.374,1,0,0.224,0.861,,1257,21
"CrossingSweep",1250,4,17,2.542,2.544,0.000,0,0,0.120,2.422,,1258,20
"CrossingSweep",1250,4,18,2.292,2.294,0.000,0,0,0.098,2.194,,1251,21
"CrossingSweep",1250,4,19,12.109,12.093,10.120,1,0,0.204,1.785,,1257,21
"CrossingSweep",1250,4,20,2.205,2.204,0.000,0,0,0.097,2.108,,1248,21
"CrossingSweep",1250,4,21,3.109,3.092,0.000,0,0,0.158,2.951,,1237,21
"CrossingSweep",1250,4,22,15.307,15.320,13.164,1,0,0.260,1.883,,974,21
"CrossingSweep",1250,4,23,11.841,11.835,9.964,1,0,0.197,1.680,,1257,21
"CrossingSweep",1250,4,24,4.820,4.838,0.000,0,0,0.120,4.700,,1260,21
"CrossingSweep",1250,4,25,12.407,12.397,10.235,1,0,0.215,1.958,,1251,21
"CrossingSweep",1250,4,26,4.309,4.271,0.000,0,0,0.145,4.164,,1238,21
"CrossingSweep",1250,4,27,12.675,12.701,10.254,1,0,0.219,2.202,,1247,21
"CrossingSweep",1250,4,28,5.768,5.766,0.000,0,0,0.129,5.639,,1256,21
"CrossingSweep",1250,4,29,13.021,13.034,10.811,1,0,0.220,1.990,,1246,21
"CrossingSweep",1250,4,30,3.174,3.157,0.000,0,0,0.107,3.067,,1256,21
"CrossingSweep",1250,4,31,12.913,12.910,10.928,1,0,0.211,1.774,,1257,21
"CrossingSweep",1250,4,32,2.860,2.834,0.000,0,0,0.121,2.739,,1238,21
"CrossingSweep",1250,4,33,11.469,11.496,10.352,1,0,0.211,0.906,,1247,21
"CrossingSweep",1250,4,34,4.795,4.805,0.000,0,0,0.105,4.690,,1240,21
"CrossingSweep",1250,4,35,12.169,12.151,10.786,1,0,0.205,1.179,,1253,21
"CrossingSweep",1250,4,36,4.474,4.481,0.000,0,0,0.191,4.283,,1262,21
"CrossingSweep",1250,4,37,14.009,14.002,11.216,1,0,0.238,2.555,,1261,21
"CrossingSweep",1250,4,38,3.529,3.530,0.000,0,0,0.179,3.350,,1255,21
"CrossingSweep",1250,4,39,12.027,12.036,10.124,1,0,0.251,1.652,,1266,21
"CrossingSweep",1250,4,40,2.167,2.165,0.000,0,0,0.105,2.062,,1259,20
"CrossingSweep",1250,4,41,11.986,11.969,10.044,1,0,0.211,1.731,,1256,21
"CrossingSweep",1250,4,42,2.064,2.079,0.000,0,0,0.106,1.958,,1254,21
"CrossingSweep",1250,4,43,2.840,2.824,0.000,0,0,0.103,2.737,,1263,21
"CrossingSweep",1250,4,44,17.452,17.454,15.380,1,0,0.223,1.849,,1255,21
"CrossingSweep",1250,4,45,13.390,13.389,11.159,1,0,0.195,2.036,,1252,21
"CrossingSweep",1250,4,46,3.846,3.839,0.000,0,0,0.099,3.747,,1253,21
"CrossingSweep",1250,4,47,12.748,12.737,10.704,1,0,0.222,1.822,,1265,21
"CrossingSweep",1250,4,48,3.274,3.294,0.000,0,0,0.133,3.141,,1264,21
"CrossingSweep",1250,4,49,13.976,13.981,11.320,1,0,0.235,2.421,,1263,21
"CrossingSweep",1250,4,50,1.820,1.818,0.000,0,0,0.100,1.720,,1259,21
"CrossingSweep",1250,4,51,11.952,11.949,10.056,1,0,0.189,1.707,,1252,21
"CrossingSweep",1250,4,52,4.868,4.845,0.000,0,0,0.096,4.772,,1262,21
"CrossingSweep",1250,4,53,12.343,12.350,10.450,1,0,0.203,1.690,,1249,21
"CrossingSweep",1250,4,54,3.643,3.647,0.000,0,0,0.108,3.535,,1256,21
"CrossingSweep",1250,4,55,1.768,1.788,0.000,0,0,0.118,1.650,,1266,21
"CrossingSweep",1250,4,56,12.761,12.688,10.554,1,0,0.217,1.991,,1265,21
"CrossingSweep",1250,4,57,1.744,1.806,0.000,0,0,0.220,1.524,,1268,21
"CrossingSweep",1250,4,58,3.428,3.405,0.000,0,0,0.115,3.313,,1268,21
"CrossingSweep",1250,4,59,12.753,12.755,10.691,1,0,0.246,1.816,,1266,21
"CrossingSweep",1250,4,60,2.046,2.064,0.000,0,0,0.117,1.929,,1256,21
"CrossingSweep",1250,4,61,12.650,12.629,10.695,1,0,0.223,1.733,,1251,21
"CrossingSweep",1250,4,62,2.040,2.058,0.000,0,0,0.105,1.935,,1166,21
"CrossingSweep",1250,4,63,4.274,4.246,0.000,0,0,0.099,4.175,,1262,21
"CrossingSweep",1250,4,64,12.569,12.584,10.656,1,0,0.208,1.705,,1263,21
"CrossingSweep",1250,4,65,3.082,3.072,0.000,0,0,0.125,2.957,,1267,21
"CrossingSweep",1250,4,66,13.319,13.331,11.380,1,0,0.228,1.710,,1262,21
"CrossingSweep",1250,4,67,2.159,2.163,0.000,0,0,0.095,2.064,,1263,21
"CrossingSweep",1250,4,68,12.518,12.501,10.595,1,0,0.212,1.710,,1247,21
"CrossingSweep",1250,4,69,2.193,2.214,0.000,0,0,0.132,2.061,,1255,21
"CrossingSweep",1250,4,70,2.896,2.863,0.000,0,0,0.096,2.800,,1248,21
"CrossingSweep",1250,4,71,15.807,15.815,13.682,1,0,0.234,1.891,,1262,21
"CrossingSweep",1250,4,72,11.713,11.713,9.772,1,0,0.257,1.684,,1264,21
"CrossingSweep",1250,4,73,7.037,7.032,0.000,0,0,0.099,6.938,,1265,21
"CrossingSweep",1250,4,74,12.461,12.454,10.328,1,0,0.214,1.919,,1267,21
"CrossingSweep",1250,4,75,3.605,3.599,0.000,0,0,0.126,3.479,,1262,21
"CrossingSweep",1250,4,76,15.053,15.063,13.057,1,0,0.218,1.777,,1254,20
"CrossingSweep",1250,4,77,13.295,13.286,10.711,1,0,0.243,2.342,,1264,19
"CrossingSweep",1250,4,78,4.177,4.182,0.000,0,0,0.159,4.018,,1268,21
"CrossingSweep",1250,4,79,12.977,12.968,10.249,1,0,0.217,2.511,,1261,21
"CrossingSweep",1250,4,80,2.283,2.307,0.000,0,0,0.127,2.155,,1262,21
"CrossingSweep",1250,4,81,14.072,14.050,11.531,1,0,0.447,2.094,,1262,21
"CrossingSweep",1250,4,82,2.234,2.242,0.000,0,0,0.111,2.123,,1256,21
"CrossingSweep",1250,4,83,3.140,3.133,0.000,0,0,0.116,3.024,,1227,21
"CrossingSweep",1250,4,84,12.956,12.937,10.125,1,0,0.198,2.633,,1237,21
"CrossingSweep",1250,4,85,2.994,3.010,0.000,0,0,0.163,2.831,,1257,20
"CrossingSweep",1250,4,86,11.953,11.955,10.092,1,0,0.204,1.657,,1235,21
"CrossingSweep",1250,4,87,2.265,2.279,0.000,0,0,0.093,2.172,,1265,19
"CrossingSweep",1250,4,88,1.335,1.339,0.000,0,0,0.090,1.245,,1270,21
"CrossingSweep",1250,4,89,12.848,12.839,10.971,1,0,0.194,1.684,,1224,21
"CrossingSweep",1250,4,90,4.400,4.335,0.000,0,0,0.092,4.308,,1241,21
"CrossingSweep",1250,4,91,12.141,12.167,10.900,1,0,0.207,1.034,,1240,21
"CrossingSweep",1250,4,92,3.652,3.676,0.000,0,0,0.119,3.533,,1266,21
"CrossingSweep",1250,4,93,12.628,12.625,10.662,1,0,0.216,1.750,,1254,21
"CrossingSweep",1250,4,94,2.147,2.159,0.000,0,0,0.106,2.041,,1246,21
"CrossingSweep",1250,4,95,1.450,1.447,0.000,0,0,0.093,1.357,,1260,21
"CrossingSweep",1250,4,96,16.693,16.675,14.831,1,0,0.211,1.651,,1243,21
"CrossingSweep",1250,4,97,12.346,12.350,10.435,1,0,0.192,1.718,,1266,21
"CrossingSweep",1250,4,98,2.927,2.938,0.000,0,0,0.114,2.814,,1262,21
"CrossingSweep",1250,4,99,2.351,2.356,0.000,0,0,0.112,2.239,,1260,21
"CrossingSweep",1250,4,100,12.909,12.890,10.946,1,0,0.201,1.762,,1264,21
"CrossingSweep",1250,4,101,3.966,3.961,0.000,0,0,0.105,3.861,,1263,21
"CrossingSweep",1250,4,102,13.112,13.122,11.144,1,0,0.203,1.766,,1264,21
"CrossingSweep",1250,4,103,3.059,3.043,0.000,0,0,0.105,2.955,,1261,21
"CrossingSweep",1250,4,104,11.675,11.689,10.366,1,0,0.220,1.089,,1258,21
"CrossingSweep",1250,4,105,4.028,4.031,0.000,0,0,0.097,3.931,,1254,21
"CrossingSweep",1250,4,106,11.161,11.147,9.986,1,0,0.216,0.958,,1259,21
"CrossingSweep",1250,4,107,2.100,2.091,0.000,0,0,0.104,1.996,,1260,21
"CrossingSweep",1250,4,108,3.540,3.536,0.000,0,0,0.109,3.431,,1258,21
"CrossingSweep",1250,4,109,13.100,13.103,10.601,1,0,0.232,2.268,,1238,21
"CrossingSweep",1250,4,110,2.945,2.959,0.000,0,0,0.193,2.752,,1260,21
"CrossingSweep",1250,4,111,1.882,1.894,0.000,0,0,0.221,1.661,,1257,21
"CrossingSweep",1250,4,112,12.888,12.867,10.814,1,0,0.203,1.872,,1247,21
"CrossingSweep",1250,4,113,3.819,3.812,0.000,0,0,0.100,3.720,,1258,21
"CrossingSweep",1250,4,114,12.338,12.295,10.307,1,0,0.211,1.820,,1265,21
"CrossingSweep",1250,4,115,3.576,3.627,0.000,0,0,0.136,3.440,,1260,21
"CrossingSweep",1250,4,116,13.029,13.029,10.589,1,0,0.224,2.215,,1261,21
"CrossingSweep",1250,4,117,2.187,2.185,0.000,0,0,0.108,2.079,,1253,20
"CrossingSweep",1250,4,118,3.591,3.584,0.000,0,0,0.094,3.497,,1264,21
"CrossingSweep",1250,4,119,13.249,13.251,11.293,1,0,0.250,1.707,,1267,21
"CrossingSweep",1250,4,120,3.293,3.223,0.000,0,0,0.107,3.186,,1268,21
"CrossingSweep",1250,4,121,12.828,12.901,10.821,1,0,0.218,1.788,,1264,21
"CrossingSweep",1250,4,122,2.064,2.063,0.000,0,0,0.108,1.957,,1263,21
"CrossingSweep",1250,4,123,12.213,12.202,10.275,1,0,0.248,1.690,,1263,21
"CrossingSweep",1250,4,124,2.158,2.175,0.000,0,0,0.095,2.063,,1265,21
"CrossingSweep",1250,4,125,2.832,2.820,0.000,0,0,0.090,2.742,,1259,21
"CrossingSweep",1250,4,126,12.225,12.212,9.940,1,0,0.207,2.078,,1225,21
"CrossingSweep",1250,4,127,3.005,3.019,0.000,0,0,0.138,2.867,,1261,21
"CrossingSweep",1250,4,128,13.142,13.129,11.028,1,0,0.232,1.882,,1259,21
"CrossingSweep",1250,4,129,2.056,2.067,0.000,0,0,0.102,1.954,,1262,21
"CrossingSweep",1250,4,130,4.324,4.308,0.000,0,0,0.116,4.208,,1260,21
"CrossingSweep",1250,4,131,13.232,13.220,10.675,1,0,0.205,2.351,,1258,21
"CrossingSweep",1250,4,132,2.384,2.410,0.000,0,0,0.328,2.055,,1254,21
"CrossingSweep",1250,4,133,12.312,12.304,11.036,1,0,0.261,1.015,,1263,21
"CrossingSweep",1250,4,134,2.017,2.021,0.000,0,0,0.112,1.906,,1262,21
"CrossingSweep",1250,4,135,1.885,1.899,0.000,0,0,0.105,1.780,,1257,21
"CrossingSweep",1250,4,136,13.153,13.128,10.580,1,0,0.214,2.358,,1250,21
"CrossingSweep",1250,4,137,3.595,3.581,0.000,0,0,0.103,3.492,,1235,21
"CrossingSweep",1250,4,138,12.582,12.580,10.188,1,0,0.209,2.185,,1265,21
"CrossingSweep",1250,4,139,2.673,2.699,0.000,0,0,0.135,2.538,,1259,21
"CrossingSweep",1250,4,140,12.317,12.270,10.561,1,0,0.227,1.530,,1262,21
"CrossingSweep",1250,4,141,2.183,2.229,0.000,0,0,0.303,1.880,,1262,20
"CrossingSweep",1250,4,142,2.314,2.316,0.000,0,0,0.116,2.199,,1256,21
"CrossingSweep",1250,4,143,12.013,12.004,9.683,1,0,0.196,2.134,,1263,21
"CrossingSweep",1250,4,144,2.141,2.132,0.000,0,0,0.107,2.034,,1261,20
"CrossingSweep",1250,4,145,2.849,2.816,0.000,0,0,0.102,2.747,,1267,21
"CrossingSweep",1250,4,146,12.169,12.204,10.314,1,0,0.202,1.654,,1258,21
"CrossingSweep",1250,4,147,3.750,3.736,0.000,0,0,0.104,3.647,,1262,21
"CrossingSweep",1250,4,148,1.548,1.582,0.000,0,0,0.119,1.429,,1256,21
"CrossingSweep",1250,4,149,14.636,14.609,11.907,1,0,0.226,2.503,,1264,21
"CrossingSweep",1250,4,150,5.132,5.109,0.000,0,0,0.107,5.025,,1256,21
"CrossingSweep",1250,4,151,12.891,12.913,10.729,1,0,0.241,1.921,,1255,21
"CrossingSweep",1250,4,152,13.255,13.232,11.732,1,0,0.214,1.309,,1264,19
"CrossingSweep",1250,4,153,2.023,2.054,0.000,0,0,0.276,1.747,,1250,21
"CrossingSweep",1250,4,154,3.642,3.624,0.000,0,0,0.112,3.530,,1243,21
"CrossingSweep",1250,4,155,12.688,12.677,10.568,1,0,0.207,1.912,,1235,21
"CrossingSweep",1250,4,156,5.454,5.455,0.000,0,0,0.132,5.322,,1260,20
"CrossingSweep",1250,4,157,12.121,12.130,10.235,1,0,0.202,1.684,,1260,21
"CrossingSweep",1250,4,158,4.415,4.403,0.000,0,0,0.098,4.317,,1259,21
"CrossingSweep",1250,4,159,12.389,12.393,10.321,1,0,0.218,1.850,,1263,21
"CrossingSweep",1250,4,160,16.545,16.550,14.465,1,0,0.247,1.833,,1252,21
"CrossingSweep",1250,4,161,2.110,2.119,0.000,0,0,0.112,1.998,,1259,21
"CrossingSweep",1250,4,162,12.313,12.292,10.320,1,0,0.198,1.795,,1247,21
"CrossingSweep",1250,4,163,2.181,2.188,0.000,0,0,0.123,2.058,,1252,21
"CrossingSweep",1250,4,164,3.085,3.078,0.000,0,0,0.107,2.978,,1258,21
"CrossingSweep",1250,4,165,12.112,12.114,10.918,1,0,0.225,0.969,,1258,21
"CrossingSweep",1250,4,166,3.796,3.794,0.000,0,0,0.111,3.685,,1262,21
"CrossingSweep",1250,4,167,12.223,12.216,10.484,1,0,0.224,1.515,,1259,21
"CrossingSweep",1250,4,168,6.654,6.633,0.000,0,0,0.100,6.553,,1254,21
"CrossingSweep",1250,4,169,13.205,13.210,11.120,1,0,0.230,1.855,,1261,21
"CrossingSweep",1250,4,170,12.487,12.507,10.453,1,0,0.187,1.847,,1264,20
"CrossingSweep",1250,4,171,3.392,3.379,0.000,0,0,0.158,3.234,,1264,21
"CrossingSweep",1250,4,172,13.369,13.379,10.559,1,0,0.316,2.494,,1266,21
"CrossingSweep",1250,4,173,2.217,2.224,0.000,0,0,0.122,2.094,,1262,21
"CrossingSweep",1250,4,174,3.924,3.880,0.000,0,0,0.110,3.814,,1254,21
"CrossingSweep",1250,4,175,13.034,13.067,10.997,1,0,0.221,1.816,,1245,21
"CrossingSweep",1250,4,176,3.182,3.086,0.000,0,0,0.119,3.063,,1268,21
"CrossingSweep",1250,4,177,11.763,11.849,10.480,1,0,0.204,1.080,,1251,21
"CrossingSweep",1250,4,178,2.315,2.329,0.000,0,0,0.106,2.209,,1246,21
"CrossingSweep",1250,4,179,1.288,1.293,0.000,0,0,0.106,1.181,,1244,21
"CrossingSweep",1250,4,180,11.899,11.879,10.652,1,0,0.195,1.052,,1260,21
"CrossingSweep",1250,4,181,2.360,2.367,0.000,0,0,0.103,2.257,,1268,21
"CrossingSweep",1250,4,182,2.683,2.681,0.000,0,0,0.110,2.573,,1251,20
"CrossingSweep",1250,4,183,12.196,12.114,10.858,1,0,0.196,1.142,,1261,21
"CrossingSweep",1250,4,184,3.260,3.323,0.000,0,0,0.147,3.113,,1261,20
"CrossingSweep",1250,4,185,13.688,13.701,10.590,1,0,0.214,2.885,,1250,21
"CrossingSweep",1250,4,186,2.549,2.528,0.000,0,0,0.105,2.444,,1258,21
"CrossingSweep",1250,4,187,3.043,3.058,0.000,0,0,0.102,2.941,,1251,20
"CrossingSweep",1250,4,188,12.752,12.751,10.621,1,0,0.214,1.917,,1257,21
"CrossingSweep",1250,4,189,4.240,4.201,0.000,0,0,0.124,4.116,,1258,21
"CrossingSweep",1250,4,190,17.087,17.125,15.006,1,0,0.216,1.865,,1237,21
"CrossingSweep",1250,4,191,13.394,13.386,11.378,1,0,0.194,1.821,,1260,21
"CrossingSweep",1250,4,192,14.597,14.585,11.070,1,0,0.179,3.348,,1260,21
"CrossingSweep",1250,4,193,4.975,4.988,0.000,0,0,0.145,4.830,,1261,21
"CrossingSweep",1250,4,194,12.194,12.196,10.306,1,0,0.188,1.700,,1245,21
"CrossingSweep",1250,4,195,4.139,4.126,0.000,0,0,0.099,4.039,,1264,21
"CrossingSweep",1250,4,196,11.663,11.681,9.710,1,0,0.187,1.767,,1266,21
"CrossingSweep",1250,4,197,3.601,3.581,0.000,0,0,0.102,3.500,,1259,21
"CrossingSweep",1250,4,198,12.715,12.731,10.718,1,0,0.219,1.778,,1247,21
"CrossingSweep",1250,4,199,2.409,2.404,0.000,0,0,0.104,2.305,,1254,21
"CrossingSweep",1250,4,200,11.889,11.883,9.986,1,0,0.201,1.703,,1262,21
"CrossingSweep",1250,4,201,2.246,2.258,0.000,0,0,0.101,2.145,,1262,21
"CrossingSweep",1250,4,202,2.106,2.109,0.000,0,0,0.095,2.010,,1260,21
"CrossingSweep",1250,4,203,5.905,5.886,0.000,0,0,0.113,5.792,,1269,21
"CrossingSweep",1250,4,204,12.468,12.469,10.525,1,0,0.195,1.749,,1268,21
"CrossingSweep",1250,4,205,13.500,13.498,11.709,1,0,0.177,1.614,,1254,21
"CrossingSweep",1250,4,206,4.856,4.834,0.000,0,0,0.092,4.764,,1251,21
"CrossingSweep",1250,4,207,12.399,12.412,10.413,1,0,0.174,1.812,,1261,21
"CrossingSweep",1250,4,208,3.947,3.956,0.000,0,0,0.110,3.836,,1250,21
"CrossingSweep",1250,4,209,12.209,12.213,10.378,1,0,0.199,1.632,,1268,21
"CrossingSweep",1250,4,210,6.170,6.143,0.000,0,0,0.099,6.071,,1258,21
"CrossingSweep",1250,4,211,13.170,13.176,10.641,1,0,0.191,2.338,,1242,21
"CrossingSweep",1250,4,212,11.598,11.611,10.632,1,0,0.176,0.790,,1248,21
"CrossingSweep",1250,4,213,2.933,2.917,0.000,0,0,0.096,2.837,,1261,21
"CrossingSweep",1250,4,214,4.350,4.365,0.000,0,0,0.160,4.190,,1233,21
"CrossingSweep",1250,4,215,13.673,13.651,10.963,1,0,0.186,2.524,,1253,21
"CrossingSweep",1250,4,216,15.822,15.831,14.015,1,0,0.173,1.634,,1260,21
"CrossingSweep",1250,4,217,2.477,2.488,0.000,0,0,0.107,2.370,,1256,21
"CrossingSweep",1250,4,218,12.440,12.431,10.405,1,0,0.287,1.748,,1259,21
"CrossingSweep",1250,4,219,2.451,2.450,0.000,0,0,0.101,2.350,,1263,21
"CrossingSweep",1250,4,220,1.736,1.748,0.000,0,0,0.111,1.625,,1265,21
"CrossingSweep",1250,4,221,12.490,12.483,10.559,1,0,0.191,1.741,,1261,21
"CrossingSweep",1250,4,222,4.078,4.031,0.000,0,0,0.121,3.958,,1242,21
"CrossingSweep",1250,4,223,12.424,12.464,10.455,1,0,0.190,1.779,,1262,21
"CrossingSweep",1250,4,224,2.748,2.743,0.000,0,0,0.104,2.644,,1243,21
"CrossingSweep",1250,4,225,11.474,11.457,10.242,1,0,0.199,1.033,,1250,21
"CrossingSweep",1250,4,226,3.724,3.738,0.000,0,0,0.212,3.511,,1257,21
"CrossingSweep",1250,4,227,2.192,2.208,0.000,0,0,0.144,2.047,,1263,21
"CrossingSweep",1250,4,228,14.172,14.150,13.041,1,0,0.195,0.936,,1260,21
"CrossingSweep",1250,4,229,3.297,3.305,0.000,0,0,0.105,3.192,,1261,21
"CrossingSweep",1250,4,230,12.936,12.921,10.265,1,0,0.276,2.395,,1266,21
"CrossingSweep",1250,4,231,2.195,2.195,0.000,0,0,0.208,1.988,,1263,21
"CrossingSweep",1250,4,232,12.177,12.190,10.168,1,0,0.239,1.770,,1266,21
"CrossingSweep",1250,4,233,2.122,2.112,0.000,0,0,0.099,2.023,,1262,21
"CrossingSweep",1250,4,234,5.718,5.706,0.000,0,0,0.102,5.617,,1252,21
"CrossingSweep",1250,4,235,13.251,13.252,10.978,1,0,0.222,2.051,,1265,21
"CrossingSweep",1250,4,236,13.252,13.260,10.562,1,0,0.202,2.488,,1262,21
"CrossingSweep",1250,4,237,2.100,2.090,0.000,0,0,0.102,1.998,,1243,21
"CrossingSweep",1250,4,238,1.701,1.709,0.000,0,0,0.184,1.517,,1248,21
"CrossingSweep",1250,4,239,14.203,14.192,11.517,1,0,0.173,2.512,,1227,21
"CrossingSweep",1250,4,240,3.320,3.301,0.000,0,0,0.130,3.189,,1241,21
"CrossingSweep",1250,4,241,13.771,13.789,10.935,1,0,0.301,2.535,,1267,21
"CrossingSweep",1250,4,242,2.570,2.587,0.000,0,0,0.103,2.466,,1249,21
"CrossingSweep",1250,4,243,15.578,15.550,13.177,1,0,0.197,2.204,,1264,21
"CrossingSweep",1250,4,244,2.888,2.905,0.000,0,0,0.129,2.759,,1245,21
"CrossingSweep",1250,4,245,12.234,12.219,10.362,1,0,0.188,1.684,,1264,21
"CrossingSweep",1250,4,246,2.737,2.757,0.000,0,0,0.115,2.622,,1262,21
"CrossingSweep",1250,4,247,10.947,10.947,9.972,1,0,0.181,0.794,,1265,21
"CrossingSweep",1250,4,248,2.622,2.619,0.000,0,0,0.100,2.522,,1250,21
"CrossingSweep",1250,4,249,2.094,2.095,0.000,0,0,0.099,1.996,,1257,21
"CrossingSweep",1250,4,250,13.588,13.581,10.313,1,0,0.176,3.099,,1254,21
"CrossingSweep",1250,4,251,3.158,3.145,0.000,0,0,0.120,3.038,,1260,21
"CrossingSweep",1250,4,252,12.151,12.140,10.438,1,0,0.204,1.509,,1155,21
"CrossingSweep",1250,4,253,3.284,3.299,0.000,0,0,0.194,3.090,,1258,21
"CrossingSweep",1250,4,254,2.832,2.828,0.000,0,0,0.114,2.719,,1265,21
"CrossingSweep",1250,4,255,15.726,15.721,13.911,1,0,0.175,1.640,,1267,21
"CrossingSweep",1250,4,256,13.610,13.602,10.932,1,0,0.153,2.525,,1245,21
"CrossingSweep",1250,4,257,2.593,2.616,0.000,0,0,0.259,2.334,,1259,21
"CrossingSweep",1250,4,258,16.614,16.606,14.597,1,0,0.206,1.812,,1253,21
"CrossingSweep",1250,4,259,13.109,13.111,11.317,1,0,0.178,1.614,,1181,21
"CrossingSweep",1250,4,260,3.501,3.476,0.000,0,0,0.094,3.407,,1255,21
"CrossingSweep",1250,4,261,11.900,11.922,10.741,1,0,0.188,0.971,,1254,21
"CrossingSweep",1250,4,262,3.838,3.802,0.000,0,0,0.101,3.737,,1264,21
"CrossingSweep",1250,4,263,1.385,1.429,0.000,0,0,0.124,1.261,,1258,21
"CrossingSweep",1250,4,264,11.812,11.793,9.975,1,0,0.188,1.648,,1243,21
"CrossingSweep",1250,4,265,2.248,2.241,0.000,0,0,0.093,2.156,,1263,20
"CrossingSweep",1250,4,266,3.596,3.523,0.000,0,0,0.093,3.503,,1262,21
"CrossingSweep",1250,4,267,13.182,13.247,10.681,1,0,0.182,2.319,,1258,21
"CrossingSweep",1250,4,268,3.060,3.078,0.000,0,0,0.162,2.898,,1255,20
"CrossingSweep",1250,4,269,12.467,12.452,10.485,1,0,0.196,1.786,,1261,21
"CrossingSweep",1250,4,270,2.261,2.255,0.000,0,0,0.108,2.153,,1098,20
"CrossingSweep",1250,4,271,3.628,3.624,0.000,0,0,0.177,3.451,,1252,21
"CrossingSweep",1250,4,272,11.966,11.956,9.985,1,0,0.214,1.767,,1250,21
"CrossingSweep",1250,4,273,3.578,3.588,0.000,0,0,0.111,3.467,,1263,21
"CrossingSweep",1250,4,274,12.997,13.007,11.045,1,0,0.216,1.737,,1267,21
"CrossingSweep",1250,4,275,2.191,2.186,0.000,0,0,0.104,2.087,,1269,21
"CrossingSweep",1250,4,276,12.810,12.810,10.794,1,0,0.235,1.781,,1228,21
"CrossingSweep",1250,4,277,6.786,6.737,0.000,0,0,0.105,6.680,,1246,21
"CrossingSweep",1250,4,278,12.370,12.419,10.452,1,0,0.207,1.711,,1261,21
"CrossingSweep",1250,4,279,6.768,6.741,0.000,0,0,0.152,6.616,,1256,20
"CrossingSweep",1250,4,280,12.673,12.695,10.658,1,0,0.183,1.832,,1261,21
"CrossingSweep",1250,4,281,12.143,12.136,10.257,1,0,0.187,1.699,,1258,21
"CrossingSweep",1250,4,282,2.974,2.956,0.000,0,0,0.102,2.872,,1253,21
"CrossingSweep",1250,4,283,15.181,15.198,13.304,1,0,0.195,1.682,,1264,21
"CrossingSweep",1250,4,284,2.071,2.076,0.000,0,0,0.098,1.973,,1248,21
"CrossingSweep",1250,4,285,13.165,13.163,11.322,1,0,0.182,1.661,,1248,21
"CrossingSweep",1250,4,286,4.345,4.313,0.000,0,0,0.101,4.245,,1259,21
"CrossingSweep",1250,4,287,11.531,11.562,10.358,1,0,0.186,0.986,,1258,21
"CrossingSweep",1250,4,288,4.154,4.146,0.000,0,0,0.100,4.054,,1194,21
"CrossingSweep",1250,4,289,12.522,12.517,10.500,1,0,0.237,1.785,,1312,21
"CrossingSweep",1250,4,290,2.171,2.165,0.000,0,0,0.097,2.074,,1256,21
"CrossingSweep",1250,4,291,2.905,2.925,0.000,0,0,0.247,2.658,,1263,21
"CrossingSweep",1250,4,292,12.461,12.443,10.589,1,0,0.194,1.678,,1253,21
"CrossingSweep",1250,4,293,3.932,3.921,0.000,0,0,0.132,3.800,,1249,21
"CrossingSweep",1250,4,294,16.567,16.571,14.501,1,0,0.225,1.841,,1253,21
"CrossingSweep",1250,4,295,13.333,13.332,11.355,1,0,0.213,1.766,,1262,21
"CrossingSweep",1250,4,296,3.720,3.716,0.000,0,0,0.104,3.616,,1249,21
"CrossingSweep",1250,4,297,12.714,12.728,10.829,1,0,0.193,1.691,,1269,21
"CrossingSweep",1250,4,298,3.900,3.874,0.000,0,0,0.121,3.779,,1260,21
"CrossingSweep",1250,4,299,14.168,14.188,11.861,1,0,0.194,2.112,,1223,21
"CrossingSweep",1500,4,0,18.575,18.572,16.390,1,1,0.249,1.935,,1496,23
"CrossingSweep",1500,4,1,19.582,19.570,17.075,1,1,0.235,2.272,,1499,22
"CrossingSweep",1500,4,2,19.165,19.177,16.377,1,1,0.242,2.545,,1493,23
"CrossingSweep",1500,4,3,17.355,17.352,15.145,1,1,0.244,1.966,,1504,23
"CrossingSweep",1500,4,4,18.137,18.136,15.975,1,1,0.227,1.935,,1497,23
"CrossingSweep",1500,4,5,18.683,18.684,16.704,1,1,0.227,1.751,,1495,23
"CrossingSweep",1500,4,6,21.244,21.238,18.933,1,1,0.271,2.040,,1499,23
"CrossingSweep",1500,4,7,17.784,17.775,15.124,1,1,0.238,2.422,,1511,23
"CrossingSweep",1500,4,8,17.702,17.709,15.439,1,1,0.253,2.010,,1500,23
"CrossingSweep",1500,4,9,20.316,20.305,17.938,1,1,0.244,2.134,,1497,22
"CrossingSweep",1500,4,10,18.173,18.183,16.191,1,1,0.215,1.767,,1499,22
"CrossingSweep",1500,4,11,19.547,19.551,16.512,1,1,0.227,2.809,,1505,23
"CrossingSweep",1500,4,12,17.273,17.267,15.234,1,1,0.227,1.812,,1508,23
"CrossingSweep",1500,4,13,17.238,17.234,15.212,1,1,0.223,1.804,,1506,23
"CrossingSweep",1500,4,14,18.295,18.297,16.177,1,1,0.252,1.867,,1499,23
"CrossingSweep",1500,4,15,18.785,18.779,16.637,1,1,0.249,1.899,,1502,23
"CrossingSweep",1500,4,16,18.264,18.241,15.451,1,1,0.246,2.567,,1508,23
"CrossingSweep",1500,4,17,17.380,17.399,14.783,1,1,0.291,2.306,,1497,23
"CrossingSweep",1500,4,18,17.796,17.791,15.218,1,1,0.229,2.349,,1507,23
"CrossingSweep",1500,4,19,18.332,18.338,15.696,1,1,0.291,2.345,,1502,23
"CrossingSweep",1500,4,20,18.385,18.377,15.769,1,1,0.257,2.359,,1508,22
"CrossingSweep",1500,4,21,17.370,17.376,14.943,1,1,0.232,2.195,,1506,23
"CrossingSweep",1500,4,22,17.361,17.349,14.625,1,1,0.239,2.496,,1502,23
"CrossingSweep",1500,4,23,17.501,17.498,14.918,1,1,0.241,2.343,,1506,23
"CrossingSweep",1500,4,24,17.868,17.870,14.737,1,1,0.240,2.892,,1459,23
"CrossingSweep",1500,4,25,18.200,18.175,15.136,1,1,0.210,2.855,,1455,23
"CrossingSweep",1500,4,26,20.836,20.865,18.679,1,1,0.264,1.894,,1499,22
"CrossingSweep",1500,4,27,17.568,17.565,15.471,1,1,0.226,1.871,,1505,23
"CrossingSweep",1500,4,28,17.233,17.230,15.162,1,1,0.245,1.826,,1497,23
"CrossingSweep",1500,4,29,18.799,18.795,16.350,1,1,0.255,2.195,,1507,23
"CrossingSweep",1500,4,30,17.743,17.743,15.611,1,1,0.237,1.895,,1510,23
"CrossingSweep",1500,4,31,18.667,18.662,16.248,1,1,0.246,2.172,,1507,23
"CrossingSweep",1500,4,32,19.793,19.789,16.680,1,1,0.253,2.861,,1507,23
"CrossingSweep",1500,4,33,17.838,17.851,15.677,1,1,0.247,1.914,,1487,23
"CrossingSweep",1500,4,34,19.169,19.160,16.804,1,1,0.260,2.105,,1503,23
"CrossingSweep",1500,4,35,19.321,19.315,16.787,1,1,0.228,2.305,,1510,23
"CrossingSweep",1500,4,36,17.781,17.782,15.467,1,1,0.254,2.059,,1515,22
"CrossingSweep",1500,4,37,17.597,17.596,15.521,1,1,0.240,1.836,,1504,23
"CrossingSweep",1500,4,38,18.393,18.391,16.228,1,1,0.233,1.932,,1507,23
"CrossingSweep",1500,4,39,18.322,18.320,16.245,1,1,0.229,1.848,,1512,22
"CrossingSweep",1500,4,40,18.649,18.635,15.567,1,1,0.241,2.842,,1513,23
"CrossingSweep",1500,4,41,17.887,17.895,15.331,1,1,0.260,2.296,,1506,23
"CrossingSweep",1500,4,42,18.053,18.052,15.483,1,1,0.254,2.316,,1497,23
"CrossingSweep",1500,4,43,17.656,17.646,15.069,1,1,0.259,2.328,,1502,23
"CrossingSweep",1500,4,44,18.679,18.703,15.856,1,1,0.262,2.561,,1510,23
"CrossingSweep",1500,4,45,18.738,18.730,16.660,1,1,0.263,1.816,,1506,22
"CrossingSweep",1500,4,46,19.011,19.006,16.899,1,1,0.235,1.877,,1513,23
"CrossingSweep",1500,4,47,18.346,18.344,16.177,1,1,0.245,1.924,,1266,23
"CrossingSweep",1500,4,48,17.725,17.723,15.619,1,1,0.226,1.879,,1513,23
"CrossingSweep",1500,4,49,19.243,19.210,15.771,1,1,0.231,3.242,,1509,22
"CrossingSweep",1500,4,50,22.225,22.249,19.515,1,1,0.251,2.460,,1506,23
"CrossingSweep",1500,4,51,17.625,17.632,15.570,1,1,0.216,1.840,,1507,23
"CrossingSweep",1500,4,52,17.894,17.887,15.520,1,1,0.222,2.152,,1446,23
"CrossingSweep",1500,4,53,18.733,18.727,16.023,1,1,0.231,2.479,,1513,22
"CrossingSweep",1500,4,54,17.406,17.412,15.387,1,1,0.242,1.777,,1511,23
"CrossingSweep",1500,4,55,18.623,18.628,16.648,1,1,0.237,1.739,,1512,22
"CrossingSweep",1500,4,56,18.064,18.058,16.022,1,1,0.242,1.800,,1508,22
"CrossingSweep",1500,4,57,17.911,17.904,15.790,1,1,0.232,1.888,,1518,23
"CrossingSweep",1500,4,58,18.048,18.057,15.931,1,1,0.229,1.889,,1502,23
"CrossingSweep",1500,4,59,19.318,19.309,16.628,1,1,0.244,2.446,,1508,23
"CrossingSweep",1500,4,60,18.703,18.701,15.559,1,1,0.230,2.914,,1513,23
"CrossingSweep",1500,4,61,18.218,18.211,15.951,1,1,0.241,2.025,,1513,23
"CrossingSweep",1500,4,62,19.139,19.136,16.229,1,1,0.249,2.661,,1504,20
"CrossingSweep",1500,4,63,19.362,19.367,17.044,1,1,0.233,2.085,,1505,23
"CrossingSweep",1500,4,64,17.770,17.767,15.557,1,1,0.244,1.970,,1502,21
"CrossingSweep",1500,4,65,18.536,18.538,16.374,1,1,0.239,1.923,,1504,23
"CrossingSweep",1500,4,66,18.671,18.654,15.732,1,1,0.255,2.684,,1508,23
"CrossingSweep",1500,4,67,18.262,18.270,15.987,1,1,0.245,2.030,,1514,23
"CrossingSweep",1500,4,68,18.068,18.072,15.913,1,1,0.236,1.918,,1508,23
"CrossingSweep",1500,4,69,18.326,18.321,16.097,1,1,0.247,1.982,,1504,23
"CrossingSweep",1500,4,70,19.370,19.360,16.277,1,1,0.223,2.870,,1507,23
"CrossingSweep",1500,4,71,18.462,18.456,15.725,1,1,0.249,2.489,,1504,23
"CrossingSweep",1500,4,72,20.565,20.581,18.488,1,1,0.234,1.843,,1509,23
"CrossingSweep",1500,4,73,18.144,18.145,15.850,1,1,0.231,2.063,,1509,22
"CrossingSweep",1500,4,74,19.006,18.998,16.825,1,1,0.237,1.944,,1513,23
"CrossingSweep",1500,4,75,19.185,19.183,17.006,1,1,0.256,1.923,,1497,23
"CrossingSweep",1500,4,76,18.752,18.759,16.639,1,1,0.228,1.884,,1508,23
"CrossingSweep",1500,4,77,18.732,18.727,16.544,1,1,0.237,1.951,,1512,23
"CrossingSweep",1500,4,78,18.644,18.638,16.490,1,1,0.238,1.917,,1500,23
"CrossingSweep",1500,4,79,18.242,18.242,16.034,1,1,0.226,1.982,,1508,23
"CrossingSweep",1500,4,80,19.281,19.278,16.829,1,1,0.247,2.205,,1505,23
"CrossingSweep",1500,4,81,18.571,18.564,16.344,1,1,0.223,2.003,,1510,23
"CrossingSweep",1500,4,82,18.658,18.663,15.979,1,1,0.247,2.432,,1509,23
"CrossingSweep",1500,4,83,18.510,18.509,16.392,1,1,0.257,1.861,,1512,23
"CrossingSweep",1500,4,84,18.068,18.068,16.027,1,1,0.239,1.803,,1511,23
"CrossingSweep",1500,4,85,18.420,18.424,16.343,1,1,0.235,1.842,,1510,23
"CrossingSweep",1500,4,86,18.606,18.604,16.478,1,1,0.255,1.873,,1508,23
"CrossingSweep",1500,4,87,18.710,18.700,16.579,1,1,0.243,1.889,,1504,23
"CrossingSweep",1500,4,88,19.272,19.272,16.966,1,1,0.249,2.057,,1515,23
"CrossingSweep",1500,4,89,19.436,19.432,17.185,1,1,0.243,2.008,,1511,23
"CrossingSweep",1500,4,90,18.016,18.025,15.898,1,1,0.219,1.900,,1503,23
"CrossingSweep",1500,4,91,18.589,18.568,15.930,1,1,0.221,2.438,,1508,23
"CrossingSweep",1500,4,92,18.425,18.435,15.835,1,1,0.264,2.327,,1519,23
"CrossingSweep",1500,4,93,18.653,18.655,16.493,1,1,0.238,1.922,,1515,23
"CrossingSweep",1500,4,94,18.615,18.574,16.162,1,1,0.215,2.239,,1516,23
"CrossingSweep",1500,4,95,18.779,18.813,16.470,1,1,0.249,2.061,,1512,23
"CrossingSweep",1500,4,96,18.192,18.192,16.092,1,1,0.238,1.863,,1505,23
"CrossingSweep",1500,4,97,17.937,17.939,15.866,1,1,0.210,1.861,,1462,23
"CrossingSweep",1500,4,98,18.518,18.511,15.960,1,1,0.284,2.274,,1508,23
"CrossingSweep",1500,4,99,19.167,19.166,16.783,1,1,0.253,2.130,,1513,23
"CrossingSweep",1500,4,100,18.799,18.795,16.521,1,1,0.247,2.031,,1513,23
"CrossingSweep",1500,4,101,18.305,18.307,16.129,1,1,0.252,1.924,,1505,23
"CrossingSweep",1500,4,102,18.743,18.740,16.055,1,1,0.243,2.446,,1511,23
"CrossingSweep",1500,4,103,18.016,18.029,15.835,1,1,0.253,1.929,,1509,23
"CrossingSweep",1500,4,104,19.473,19.450,16.529,1,1,0.249,2.695,,1514,23
"CrossingSweep",1500,4,105,21.453,21.462,19.267,1,1,0.246,1.940,,1513,23
"CrossingSweep",1500,4,106,18.403,18.411,16.294,1,1,0.239,1.870,,1504,23
"CrossingSweep",1500,4,107,18.795,18.780,16.642,1,1,0.239,1.915,,1516,23
"CrossingSweep",1500,4,108,18.282,18.287,15.872,1,1,0.236,2.174,,1511,21
"CrossingSweep",1500,4,109,17.632,17.632,15.506,1,1,0.244,1.882,,1513,23
"CrossingSweep",1500,4,110,18.096,18.087,15.693,1,1,0.205,2.198,,1508,23
"CrossingSweep",1500,4,111,18.668,18.671,16.573,1,1,0.237,1.858,,1511,22
"CrossingSweep",1500,4,112,18.652,18.647,16.003,1,1,0.242,2.408,,1516,23
"CrossingSweep",1500,4,113,21.047,21.040,18.401,1,1,0.228,2.418,,1504,23
"CrossingSweep",1500,4,114,17.858,17.862,15.008,1,1,0.253,2.596,,1389,23
"CrossingSweep",1500,4,115,18.465,18.469,15.817,1,1,0.253,2.395,,1519,23
"CrossingSweep",1500,4,116,18.464,18.458,16.248,1,1,0.229,1.987,,1512,23
"CrossingSweep",1500,4,117,18.577,18.582,16.564,1,1,0.216,1.797,,1512,23
"CrossingSweep",1500,4,118,19.778,19.776,17.679,1,1,0.226,1.873,,1512,23
"CrossingSweep",1500,4,119,18.947,18.941,16.791,1,1,0.246,1.909,,1500,23
"CrossingSweep",1500,4,120,17.822,17.827,15.734,1,1,0.236,1.851,,1506,23
"CrossingSweep",1500,4,121,18.090,18.063,15.506,1,1,0.217,2.366,,1510,23
"CrossingSweep",1500,4,122,20.329,20.346,17.526,1,1,0.227,2.577,,1516,23
"CrossingSweep",1500,4,123,18.384,18.378,15.488,1,1,0.210,2.685,,1515,23
"CrossingSweep",1500,4,124,18.210,18.213,15.590,1,1,0.248,2.372,,1512,23
"CrossingSweep",1500,4,125,17.881,17.878,15.665,1,1,0.251,1.965,,1506,23
"CrossingSweep",1500,4,126,18.584,18.571,15.918,1,1,0.230,2.436,,1518,23
"CrossingSweep",1500,4,127,18.418,18.435,15.833,1,1,0.229,2.356,,1513,23
"CrossingSweep",1500,4,128,18.078,18.072,15.917,1,1,0.252,1.909,,1515,22
"CrossingSweep",1500,4,129,18.433,18.427,16.036,1,1,0.219,2.177,,1513,23
"CrossingSweep",1500,4,130,18.218,18.221,16.083,1,1,0.239,1.895,,1519,23
"CrossingSweep",1500,4,131,18.798,18.792,15.962,1,1,0.292,2.544,,1512,22
"CrossingSweep",1500,4,132,19.366,19.362,17.080,1,1,0.242,2.043,,1519,22
"CrossingSweep",1500,4,133,18.140,18.146,15.989,1,1,0.250,1.901,,1513,22
"CrossingSweep",1500,4,134,17.701,17.706,15.629,1,1,0.230,1.843,,1518,23
"CrossingSweep",1500,4,135,18.574,18.558,15.836,1,1,0.222,2.517,,1513,23
"CrossingSweep",1500,4,136,22.046,22.031,18.607,1,1,0.249,3.189,,1507,22
"CrossingSweep",1500,4,137,18.001,18.021,15.869,1,1,0.236,1.896,,1497,23
"CrossingSweep",1500,4,138,17.979,17.975,15.548,1,1,0.229,2.201,,1511,23
"CrossingSweep",1500,4,139,17.596,17.597,15.482,1,1,0.214,1.901,,1512,23
"CrossingSweep",1500,4,140,17.888,17.876,15.402,1,1,0.244,2.242,,1517,23
"CrossingSweep",1500,4,141,17.539,17.545,15.006,1,1,0.253,2.280,,1509,23
"CrossingSweep",1500,4,142,18.575,18.576,16.342,1,1,0.262,1.972,,1516,23
"CrossingSweep",1500,4,143,18.416,18.415,16.334,1,1,0.237,1.845,,1508,23
"CrossingSweep",1500,4,144,17.933,17.933,15.916,1,1,0.217,1.799,,1514,23
"CrossingSweep",1500,4,145,17.952,17.949,15.818,1,1,0.237,1.898,,1511,23
"CrossingSweep",1500,4,146,17.939,17.946,15.861,1,1,0.232,1.847,,1514,23
"CrossingSweep",1500,4,147,18.236,18.228,16.069,1,1,0.233,1.934,,1515,23
"CrossingSweep",1500,4,148,18.771,18.771,16.589,1,1,0.254,1.928,,1514,23
"CrossingSweep",1500,4,149,18.845,18.839,16.398,1,1,0.288,2.159,,1507,23
"CrossingSweep",1500,4,150,19.230,19.233,17.045,1,1,0.248,1.937,,1513,23
"CrossingSweep",1500,4,151,18.901,18.896,16.740,1,1,0.241,1.920,,1511,23
"CrossingSweep",1500,4,152,19.117,19.110,15.892,1,1,0.287,2.938,,1513,22
"CrossingSweep",1500,4,153,18.058,18.062,15.606,1,1,0.244,2.208,,1513,23
"CrossingSweep",1500,4,154,18.278,18.279,15.783,1,1,0.243,2.253,,1512,23
"CrossingSweep",1500,4,155,18.727,18.726,16.557,1,1,0.244,1.926,,1512,23
"CrossingSweep",1500,4,156,18.658,18.648,15.787,1,1,0.229,2.642,,1511,23
"CrossingSweep",1500,4,157,17.635,17.643,15.001,1,1,0.245,2.389,,1516,21
"CrossingSweep",1500,4,158,17.825,17.824,15.712,1,1,0.227,1.886,,1518,23
"CrossingSweep",1500,4,159,18.359,18.367,16.245,1,1,0.239,1.874,,1512,23
"CrossingSweep",1500,4,160,17.667,17.653,15.555,1,1,0.220,1.892,,1509,22
"CrossingSweep",1500,4,161,18.226,18.228,15.747,1,1,0.233,2.246,,1447,23
"CrossingSweep",1500,4,162,17.606,17.606,15.564,1,1,0.261,1.782,,1509,23
"CrossingSweep",1500,4,163,18.530,18.521,15.606,1,1,0.228,2.696,,1505,23
"CrossingSweep",1500,4,164,17.466,17.476,15.455,1,1,0.236,1.775,,1507,23
"CrossingSweep",1500,4,165,19.382,19.375,16.060,1,1,0.235,3.088,,1516,23
"CrossingSweep",1500,4,166,17.715,17.712,15.462,1,1,0.222,2.031,,1513,23
"CrossingSweep",1500,4,167,18.475,18.474,15.594,1,1,0.231,2.650,,1516,23
"CrossingSweep",1500,4,168,17.987,17.988,15.869,1,1,0.249,1.869,,1509,23
"CrossingSweep",1500,4,169,18.009,18.008,15.793,1,1,0.246,1.970,,1512,23
"CrossingSweep",1500,4,170,17.743,17.743,15.441,1,1,0.266,2.037,,1510,23
"CrossingSweep",1500,4,171,17.612,17.607,15.459,1,1,0.212,1.941,,1328,23
"CrossingSweep",1500,4,172,18.176,18.177,15.654,1,1,0.228,2.295,,1514,23
"CrossingSweep",1500,4,173,17.894,17.886,15.680,1,1,0.231,1.983,,1512,23
"CrossingSweep",1500,4,174,19.807,19.801,15.874,1,1,0.236,3.697,,1517,22
"CrossingSweep",1500,4,175,17.745,17.753,15.605,1,1,0.222,1.918,,1502,23
"CrossingSweep",1500,4,176,17.596,17.599,15.601,1,1,0.202,1.793,,1517,23
"CrossingSweep",1500,4,177,18.155,18.154,15.991,1,1,0.215,1.950,,1509,23
"CrossingSweep",1500,4,178,17.556,17.549,15.454,1,1,0.202,1.900,,1517,23
"CrossingSweep",1500,4,179,17.717,17.719,15.467,1,1,0.219,2.031,,1502,23
"CrossingSweep",1500,4,180,18.532,18.539,16.407,1,1,0.227,1.899,,1515,23
"CrossingSweep",1500,4,181,18.309,18.295,15.484,1,1,0.202,2.622,,1517,23
"CrossingSweep",1500,4,182,17.639,17.639,15.541,1,1,0.233,1.865,,1516,23
"CrossingSweep",1500,4,183,17.838,17.835,15.270,1,1,0.230,2.338,,1517,23
"CrossingSweep",1500,4,184,17.184,17.184,15.162,1,1,0.211,1.812,,1503,23
"CrossingSweep",1500,4,185,17.554,17.552,15.447,1,1,0.203,1.905,,1506,23
"CrossingSweep",1500,4,186,17.411,17.410,15.121,1,1,0.241,2.049,,1512,23
"CrossingSweep",1500,4,187,17.317,17.315,15.129,1,1,0.219,1.969,,1516,22
"CrossingSweep",1500,4,188,20.020,20.010,16.896,1,1,0.268,2.856,,1517,23
"CrossingSweep",1500,4,189,17.433,17.451,14.923,1,1,0.224,2.286,,1379,23
"CrossingSweep",1500,4,190,19.768,19.673,15.840,1,1,0.219,3.709,,1510,23
"CrossingSweep",1500,4,191,18.463,18.460,15.794,1,1,0.230,2.439,,1502,23
"CrossingSweep",1500,4,192,18.425,18.425,15.393,1,1,0.260,2.771,,1514,21
"CrossingSweep",1500,4,193,17.313,17.302,15.086,1,1,0.204,2.023,,1513,22
"CrossingSweep",1500,4,194,17.717,17.731,15.529,1,1,0.208,1.979,,1515,23
"CrossingSweep",1500,4,195,17.227,17.226,15.166,1,1,0.203,1.858,,1512,23
"CrossingSweep",1500,4,196,17.953,17.948,15.580,1,1,0.226,2.147,,1516,23
"CrossingSweep",1500,4,197,17.643,17.645,15.521,1,1,0.238,1.884,,1518,22
"CrossingSweep",1500,4,198,17.292,17.298,15.264,1,1,0.215,1.813,,1518,23
"CrossingSweep",1500,4,199,18.313,18.314,16.274,1,1,0.225,1.814,,1518,23
"CrossingSweep",1500,4,200,17.955,17.926,15.415,1,1,0.217,2.323,,1517,23
"CrossingSweep",1500,4,201,18.598,18.596,15.655,1,1,0.220,2.724,,1510,23
"CrossingSweep",1500,4,202,17.731,17.741,14.970,1,1,0.236,2.525,,1502,23
"CrossingSweep",1500,4,203,17.217,17.224,14.659,1,1,0.215,2.343,,1518,22
"CrossingSweep",1500,4,204,17.274,17.264,14.821,1,1,0.212,2.241,,1514,23
"CrossingSweep",1500,4,205,17.992,17.997,15.311,1,1,0.222,2.458,,1513,22
"CrossingSweep",1500,4,206,17.097,17.096,14.641,1,1,0.221,2.235,,1511,23
"CrossingSweep",1500,4,207,17.506,17.497,14.693,1,1,0.215,2.598,,1505,23
"CrossingSweep",1500,4,208,17.663,17.673,14.877,1,1,0.262,2.524,,1506,23
"CrossingSweep",1500,4,209,17.598,17.586,14.652,1,1,0.235,2.712,,1509,23
"CrossingSweep",1500,4,210,17.346,17.351,14.740,1,1,0.239,2.367,,1512,23
"CrossingSweep",1500,4,211,17.859,17.839,14.675,1,1,0.212,2.972,,1496,23
"CrossingSweep",1500,4,212,17.596,17.611,15.313,1,1,0.224,2.059,,1492,23
"CrossingSweep",1500,4,213,17.543,17.540,15.473,1,1,0.196,1.873,,1499,23
"CrossingSweep",1500,4,214,19.060,19.060,16.454,1,1,0.223,2.383,,1487,23
"CrossingSweep",1500,4,215,17.378,17.369,15.257,1,1,0.232,1.889,,1476,23
"CrossingSweep",1500,4,216,18.243,18.245,15.247,1,1,0.218,2.779,,1499,22
"CrossingSweep",1500,4,217,17.418,17.426,15.295,1,1,0.232,1.891,,1520,23
"CrossingSweep",1500,4,218,17.373,17.360,15.310,1,1,0.227,1.836,,1505,23
"CrossingSweep",1500,4,219,17.267,17.270,15.159,1,1,0.238,1.870,,1493,23
"CrossingSweep",1500,4,220,17.007,17.009,15.018,1,1,0.194,1.795,,1504,22
"CrossingSweep",1500,4,221,18.419,18.400,15.591,1,1,0.222,2.607,,1514,23
"CrossingSweep",1500,4,222,17.909,17.914,15.362,1,1,0.200,2.348,,1516,23
"CrossingSweep",1500,4,223,17.633,17.639,15.270,1,1,0.224,2.139,,1501,23
"CrossingSweep",1500,4,224,17.633,17.620,15.274,1,1,0.189,2.170,,1517,23
"CrossingSweep",1500,4,225,18.155,18.165,16.070,1,1,0.241,1.844,,1499,22
"CrossingSweep",1500,4,226,17.081,17.091,15.092,1,1,0.228,1.761,,1498,23
"CrossingSweep",1500,4,227,18.048,18.035,15.965,1,1,0.206,1.877,,1516,23
"CrossingSweep",1500,4,228,17.095,17.096,15.167,1,1,0.196,1.731,,1414,23
"CrossingSweep",1500,4,229,16.993,16.994,14.959,1,1,0.193,1.842,,1495,23
"CrossingSweep",1500,4,230,17.820,17.811,15.381,1,1,0.198,2.241,,1512,23
"CrossingSweep",1500,4,231,18.822,18.819,16.227,1,1,0.208,2.388,,1505,23
"CrossingSweep",1500,4,232,18.527,18.530,16.227,1,1,0.232,2.068,,1506,23
"CrossingSweep",1500,4,233,16.839,16.834,14.743,1,1,0.197,1.899,,1516,23
"CrossingSweep",1500,4,234,18.201,18.212,15.574,1,1,0.221,2.406,,1512,23
"CrossingSweep",1500,4,235,19.131,19.110,16.171,1,1,0.229,2.731,,1514,23
"CrossingSweep",1500,4,236,20.977,20.990,18.870,1,1,0.206,1.901,,1508,22
"CrossingSweep",1500,4,237,17.693,17.675,15.310,1,1,0.215,2.168,,1484,22
"CrossingSweep",1500,4,238,18.094,18.107,15.866,1,1,0.311,1.918,,1502,23
"CrossingSweep",1500,4,239,17.286,17.274,14.965,1,1,0.221,2.100,,1510,22
"CrossingSweep",1500,4,240,17.100,17.111,15.013,1,1,0.227,1.861,,1516,23
"CrossingSweep",1500,4,241,17.732,17.721,15.438,1,1,0.205,2.090,,1513,23
"CrossingSweep",1500,4,242,18.695,18.704,16.478,1,1,0.220,1.998,,1501,23
"CrossingSweep",1500,4,243,17.042,17.039,14.991,1,1,0.197,1.854,,1514,23
"CrossingSweep",1500,4,244,17.511,17.516,15.489,1,1,0.187,1.836,,1507,23
"CrossingSweep",1500,4,245,17.828,17.832,15.841,1,1,0.215,1.773,,1495,23
"CrossingSweep",1500,4,246,17.607,17.589,15.361,1,1,0.204,2.042,,1505,23
"CrossingSweep",1500,4,247,17.413,17.418,15.265,1,1,0.214,1.935,,1501,23
"CrossingSweep",1500,4,248,17.926,17.907,15.519,1,1,0.194,2.213,,1510,23
"CrossingSweep",1500,4,249,16.985,17.003,15.020,1,1,0.216,1.750,,1512,23
"CrossingSweep",1500,4,250,17.021,17.005,14.915,1,1,0.205,1.902,,1512,23
"CrossingSweep",1500,4,251,17.203,17.210,15.068,1,1,0.246,1.890,,1513,23
"CrossingSweep",1500,4,252,17.131,17.133,15.126,1,1,0.209,1.796,,1516,23
"CrossingSweep",1500,4,253,16.706,16.707,14.720,1,1,0.238,1.747,,1516,23
"CrossingSweep",1500,4,254,17.169,17.160,15.159,1,1,0.225,1.785,,1517,23
"CrossingSweep",1500,4,255,17.098,17.097,14.927,1,1,0.218,1.953,,1511,23
"CrossingSweep",1500,4,256,23.751,23.756,21.768,1,1,0.202,1.782,,1506,23
"CrossingSweep",1500,4,257,18.138,18.132,15.727,1,1,0.228,2.183,,1513,23
"CrossingSweep",1500,4,258,17.546,17.548,15.397,1,1,0.218,1.931,,1493,23
"CrossingSweep",1500,4,259,18.038,18.028,15.536,1,1,0.238,2.264,,1515,23
"CrossingSweep",1500,4,260,17.071,17.082,15.132,1,1,0.214,1.726,,1457,23
"CrossingSweep",1500,4,261,17.539,17.535,15.564,1,1,0.231,1.744,,1511,23
"CrossingSweep",1500,4,262,16.928,16.930,14.920,1,1,0.213,1.795,,1510,22
"CrossingSweep",1500,4,263,17.528,17.525,14.958,1,1,0.234,2.336,,1508,23
"CrossingSweep",1500,4,264,17.345,17.341,15.270,1,1,0.235,1.839,,1497,23
"CrossingSweep",1500,4,265,17.373,17.366,15.379,1,1,0.235,1.759,,1506,23
"CrossingSweep",1500,4,266,17.001,17.008,14.965,1,1,0.208,1.828,,1508,22
"CrossingSweep",1500,4,267,19.506,19.503,17.319,1,1,0.233,1.954,,1512,23
"CrossingSweep",1500,4,268,16.924,16.917,14.854,1,1,0.216,1.855,,1500,23
"CrossingSweep",1500,4,269,23.730,23.722,20.977,1,1,0.285,2.468,,1505,23
"CrossingSweep",1500,4,270,16.657,16.659,14.734,1,1,0.203,1.721,,1491,23
"CrossingSweep",1500,4,271,18.623,18.630,16.578,1,0,0.224,1.821,,1498,23
"CrossingSweep",1500,4,272,16.787,16.787,14.724,1,1,0.206,1.858,,1516,22
"CrossingSweep",1500,4,273,17.700,17.706,15.768,1,1,0.222,1.709,,1509,23
"CrossingSweep",1500,4,274,19.879,19.861,16.787,1,1,0.228,2.864,,1497,23
"CrossingSweep",1500,4,275,16.942,16.949,14.940,1,1,0.216,1.785,,1467,23
"CrossingSweep",1500,4,276,17.513,17.505,15.282,1,1,0.210,2.021,,1516,23
"CrossingSweep",1500,4,277,17.326,17.333,15.290,1,1,0.193,1.843,,1517,23
"CrossingSweep",1500,4,278,18.322,18.308,15.479,1,1,0.228,2.615,,1517,23
"CrossingSweep",1500,4,279,17.711,17.708,15.671,1,1,0.194,1.846,,1510,23
"CrossingSweep",1500,4,280,16.897,16.905,14.876,1,1,0.240,1.781,,1493,23
"CrossingSweep",1500,4,281,17.479,17.478,15.413,1,1,0.215,1.851,,1505,23
"CrossingSweep",1500,4,282,18.846,18.840,16.180,1,1,0.256,2.410,,1508,23
"CrossingSweep",1500,4,283,18.713,18.712,15.292,1,1,0.235,3.187,,1508,23
"CrossingSweep",1500,4,284,17.309,17.310,15.245,1,1,0.227,1.837,,1486,23
"CrossingSweep",1500,4,285,16.885,16.879,14.835,1,1,0.216,1.833,,1508,23
"CrossingSweep",1500,4,286,17.663,17.661,15.090,1,1,0.211,2.362,,1509,23
"CrossingSweep",1500,4,287,17.576,17.578,15.509,1,1,0.237,1.830,,1519,23
"CrossingSweep",1500,4,288,16.962,16.966,15.013,1,1,0.212,1.737,,1519,23
"CrossingSweep",1500,4,289,17.651,17.641,15.355,1,1,0.229,2.067,,1512,23
"CrossingSweep",1500,4,290,17.818,17.816,15.363,1,1,0.195,2.259,,1510,23
"CrossingSweep",1500,4,291,18.508,18.514,15.640,1,1,0.215,2.653,,1518,23
"CrossingSweep",1500,4,292,20.019,20.015,17.994,1,1,0.231,1.795,,1516,23
"CrossingSweep",1500,4,293,18.823,18.808,15.238,1,1,0.222,3.363,,1512,23
"CrossingSweep",1500,4,294,17.563,17.569,15.124,1,1,0.231,2.207,,1505,23
"CrossingSweep",1500,4,295,18.217,18.215,15.208,1,1,0.201,2.809,,1517,22
"CrossingSweep",1500,4,296,17.408,17.413,15.316,1,1,0.217,1.874,,1505,23
"CrossingSweep",1500,4,297,17.475,17.472,15.392,1,1,0.238,1.845,,1508,23
"CrossingSweep",1500,4,298,17.505,17.499,14.781,1,1,0.214,2.510,,1511,23
"CrossingSweep",1500,4,299,16.984,16.988,14.942,1,1,0.226,1.815,,1507,23
"CrossingSweep",1750,4,0,22.667,22.664,20.373,1,1,0.260,2.034,,1753,26
"CrossingSweep",1750,4,1,25.104,25.105,21.932,1,1,0.270,2.902,,1747,26
"CrossingSweep",1750,4,2,23.036,23.034,20.908,1,1,0.251,1.877,,1754,26
"CrossingSweep",1750,4,3,23.717,23.709,21.487,1,1,0.273,1.957,,1748,26
"CrossingSweep",1750,4,4,22.568,22.573,20.201,1,1,0.273,2.094,,1745,26
"CrossingSweep",1750,4,5,24.066,24.055,21.549,1,1,0.261,2.256,,1739,26
"CrossingSweep",1750,4,6,25.107,25.116,22.895,1,1,0.272,1.940,,1732,26
"CrossingSweep",1750,4,7,24.377,24.369,21.635,1,1,0.267,2.475,,1746,26
"CrossingSweep",1750,4,8,23.104,23.107,20.943,1,1,0.285,1.877,,1747,26
"CrossingSweep",1750,4,9,23.228,23.226,21.010,1,1,0.282,1.936,,1753,26
"CrossingSweep",1750,4,10,23.601,23.587,20.779,1,1,0.244,2.578,,1761,25
"CrossingSweep",1750,4,11,23.390,23.407,21.259,1,1,0.281,1.851,,1702,26
"CrossingSweep",1750,4,12,23.828,23.777,20.862,1,1,0.269,2.697,,1705,26
"CrossingSweep",1750,4,13,24.015,24.052,21.401,1,1,0.274,2.339,,1747,24
"CrossingSweep",1750,4,14,23.251,23.237,20.513,1,1,0.260,2.479,,1737,26
"CrossingSweep",1750,4,15,28.833,28.844,25.989,1,1,0.272,2.571,,1753,26
"CrossingSweep",1750,4,16,23.569,23.570,20.884,1,1,0.324,2.361,,1752,26
"CrossingSweep",1750,4,17,22.956,22.962,20.793,1,1,0.278,1.885,,1748,25
"CrossingSweep",1750,4,18,25.114,25.039,22.149,1,1,0.266,2.700,,1663,26
"CrossingSweep",1750,4,19,22.765,22.835,20.570,1,1,0.301,1.895,,1760,26
"CrossingSweep",1750,4,20,23.161,23.159,20.986,1,1,0.270,1.905,,1752,26
"CrossingSweep",1750,4,21,23.173,23.171,20.970,1,1,0.279,1.925,,1760,26
"CrossingSweep",1750,4,22,24.629,24.629,22.408,1,1,0.281,1.940,,1744,26
"CrossingSweep",1750,4,23,24.714,24.691,21.591,1,1,0.243,2.880,,1747,26
"CrossingSweep",1750,4,24,24.414,24.431,22.249,1,1,0.280,1.885,,1758,26
"CrossingSweep",1750,4,25,23.607,23.607,21.286,1,1,0.251,2.070,,1758,25
"CrossingSweep",1750,4,26,23.948,23.945,21.422,1,1,0.282,2.245,,1754,26
"CrossingSweep",1750,4,27,23.511,23.497,21.051,1,1,0.230,2.229,,1754,26
"CrossingSweep",1750,4,28,23.923,23.937,21.574,1,1,0.365,1.984,,1753,25
"CrossingSweep",1750,4,29,23.013,23.011,20.326,1,1,0.277,2.411,,1759,26
"CrossingSweep",1750,4,30,24.088,24.080,21.355,1,1,0.348,2.385,,1751,26
"CrossingSweep",1750,4,31,22.858,22.864,20.591,1,1,0.348,1.919,,1761,24
"CrossingSweep",1750,4,32,22.730,22.727,20.290,1,1,0.262,2.178,,1755,26
"CrossingSweep",1750,4,33,22.538,22.517,19.697,1,1,0.251,2.590,,1695,25
"CrossingSweep",1750,4,34,22.435,22.454,20.238,1,1,0.290,1.907,,1751,26
"CrossingSweep",1750,4,35,23.486,23.481,19.954,1,1,0.262,3.270,,1756,25
"CrossingSweep",1750,4,36,23.855,23.851,21.102,1,1,0.261,2.493,,1757,26
"CrossingSweep",1750,4,37,23.954,23.942,20.615,1,1,0.271,3.068,,1735,26
"CrossingSweep",1750,4,38,23.174,23.179,20.891,1,1,0.283,2.000,,1698,25
"CrossingSweep",1750,4,39,23.626,23.625,20.592,1,1,0.343,2.692,,1758,26
"CrossingSweep",1750,4,40,22.278,22.284,20.033,1,1,0.291,1.954,,1751,26
"CrossingSweep",1750,4,41,22.749,22.743,20.041,1,1,0.246,2.462,,1726,25
"CrossingSweep",1750,4,42,21.891,21.895,19.763,1,1,0.259,1.869,,1757,26
"CrossingSweep",1750,4,43,22.723,22.709,20.162,1,1,0.273,2.289,,1747,26
"CrossingSweep",1750,4,44,22.311,22.322,20.119,1,1,0.269,1.923,,1756,25
"CrossingSweep",1750,4,45,23.583,23.576,20.677,1,1,0.266,2.639,,1739,26
"CrossingSweep",1750,4,46,23.778,23.774,20.895,1,1,0.275,2.608,,1758,26
"CrossingSweep",1750,4,47,23.162,23.165,20.487,1,1,0.296,2.379,,1739,26
"CrossingSweep",1750,4,48,24.541,24.537,21.997,1,1,0.279,2.265,,1677,26
"CrossingSweep",1750,4,49,24.080,24.081,20.855,1,1,0.288,2.937,,1762,26
"CrossingSweep",1750,4,50,23.051,23.055,20.541,1,1,0.258,2.252,,1758,26
"CrossingSweep",1750,4,51,25.051,25.044,22.416,1,1,0.284,2.351,,1742,26
"CrossingSweep",1750,4,52,23.460,23.462,21.303,1,1,0.290,1.866,,1756,26
"CrossingSweep",1750,4,53,23.807,23.788,20.292,1,1,0.266,3.250,,1759,26
"CrossingSweep",1750,4,54,26.258,26.272,23.219,1,1,0.276,2.764,,1752,26
"CrossingSweep",1750,4,55,24.505,24.499,21.577,1,1,0.305,2.622,,1733,25
"CrossingSweep",1750,4,56,23.283,23.275,20.412,1,1,0.259,2.611,,1761,26
"CrossingSweep",1750,4,57,24.986,24.970,20.946,1,1,0.326,3.713,,1747,26
"CrossingSweep",1750,4,58,23.445,23.464,21.167,1,1,0.266,2.012,,1762,26
"CrossingSweep",1750,4,59,23.807,23.806,20.359,1,1,0.278,3.169,,1739,26
"CrossingSweep",1750,4,60,22.621,22.626,20.388,1,1,0.315,1.918,,1759,26
"CrossingSweep",1750,4,61,23.268,23.261,20.895,1,1,0.272,2.101,,1743,26
"CrossingSweep",1750,4,62,24.646,24.646,22.209,1,1,0.305,2.133,,1743,26
"CrossingSweep",1750,4,63,22.971,22.946,20.614,1,1,0.256,2.101,,1747,25
"CrossingSweep",1750,4,64,26.380,26.403,24.127,1,1,0.292,1.961,,1754,26
"CrossingSweep",1750,4,65,22.846,22.841,20.300,1,1,0.265,2.281,,1760,24
"CrossingSweep",1750,4,66,23.609,23.607,21.164,1,1,0.278,2.167,,1762,26
"CrossingSweep",1750,4,67,23.422,23.424,21.241,1,1,0.263,1.918,,1749,26
"CrossingSweep",1750,4,68,24.846,24.839,21.759,1,1,0.271,2.816,,1755,26
"CrossingSweep",1750,4,69,23.079,23.086,20.565,1,1,0.269,2.245,,1749,26
"CrossingSweep",1750,4,70,24.211,24.192,21.127,1,1,0.271,2.813,,1739,26
"CrossingSweep",1750,4,71,23.387,23.398,21.143,1,1,0.322,1.922,,1751,25
"CrossingSweep",1750,4,72,23.501,23.500,21.076,1,1,0.307,2.119,,1748,26
"CrossingSweep",1750,4,73,22.935,22.921,20.103,1,1,0.282,2.550,,1751,25
"CrossingSweep",1750,4,74,23.742,23.747,21.025,1,1,0.278,2.439,,1758,26
"CrossingSweep",1750,4,75,22.177,22.186,20.093,1,1,0.251,1.833,,1754,25
"CrossingSweep",1750,4,76,23.833,23.832,21.697,1,1,0.273,1.863,,1738,26
"CrossingSweep",1750,4,77,23.119,23.115,20.914,1,1,0.244,1.961,,1750,26
"CrossingSweep",1750,4,78,24.348,24.346,22.161,1,1,0.271,1.915,,1753,26
"CrossingSweep",1750,4,79,23.297,23.296,21.167,1,1,0.274,1.856,,1747,26
"CrossingSweep",1750,4,80,23.671,23.671,21.484,1,1,0.293,1.894,,1744,26
"CrossingSweep",1750,4,81,24.007,23.995,20.773,1,1,0.291,2.943,,1736,25
"CrossingSweep",1750,4,82,24.183,24.191,21.914,1,1,0.307,1.962,,1762,26
"CrossingSweep",1750,4,83,24.091,24.085,21.110,1,1,0.259,2.722,,1765,26
"CrossingSweep",1750,4,84,22.988,22.990,20.544,1,1,0.262,2.183,,1746,26
"CrossingSweep",1750,4,85,23.685,23.684,21.452,1,1,0.262,1.971,,1766,26
"CrossingSweep",1750,4,86,26.855,26.854,23.585,1,1,0.289,2.981,,1757,25
"CrossingSweep",1750,4,87,24.705,24.705,22.030,1,1,0.293,2.382,,1759,26
"CrossingSweep",1750,4,88,24.018,23.993,20.975,1,1,0.269,2.774,,1747,26
"CrossingSweep",1750,4,89,23.533,23.552,21.072,1,1,0.271,2.190,,1761,26
"CrossingSweep",1750,4,90,23.117,23.118,20.899,1,1,0.277,1.942,,1748,26
"CrossingSweep",1750,4,91,23.320,23.317,21.152,1,1,0.282,1.887,,1736,26
"CrossingSweep",1750,4,92,24.592,24.581,21.269,1,1,0.282,3.042,,1762,25
"CrossingSweep",1750,4,93,27.823,27.832,25.393,1,1,0.287,2.143,,1746,26
"CrossingSweep",1750,4,94,22.924,22.924,20.676,1,1,0.260,1.988,,1746,26
"CrossingSweep",1750,4,95,26.160,26.159,23.955,1,1,0.264,1.941,,1738,25
"CrossingSweep",1750,4,96,22.856,22.855,20.253,1,1,0.255,2.348,,1757,26
"CrossingSweep",1750,4,97,23.523,23.518,21.165,1,1,0.281,2.076,,1755,26
"CrossingSweep",1750,4,98,24.127,24.131,21.967,1,1,0.270,1.891,,1759,26
"CrossingSweep",1750,4,99,23.720,23.713,21.477,1,1,0.265,1.978,,1749,26
"CrossingSweep",1750,4,100,24.709,24.709,22.057,1,1,0.294,2.358,,1737,26
"CrossingSweep",1750,4,101,24.130,24.124,21.261,1,1,0.276,2.593,,1741,26
"CrossingSweep",1750,4,102,23.837,23.843,21.566,1,1,0.293,1.979,,1702,26
"CrossingSweep",1750,4,103,23.561,23.550,20.303,1,1,0.272,2.986,,1762,26
"CrossingSweep",1750,4,104,23.388,23.390,21.130,1,1,0.282,1.976,,1764,26
"CrossingSweep",1750,4,105,22.474,22.478,20.271,1,1,0.269,1.934,,1762,25
"CrossingSweep",1750,4,106,23.072,23.072,20.937,1,1,0.274,1.862,,1747,26
"CrossingSweep",1750,4,107,22.865,22.857,20.617,1,1,0.276,1.972,,1740,26
"CrossingSweep",1750,4,108,25.136,25.138,22.868,1,1,0.279,1.989,,1752,26
"CrossingSweep",1750,4,109,23.020,23.015,20.711,1,1,0.259,2.050,,1748,26
"CrossingSweep",1750,4,110,23.232,23.233,20.962,1,1,0.300,1.970,,1756,26
"CrossingSweep",1750,4,111,24.377,24.376,22.158,1,1,0.266,1.953,,1749,26
"CrossingSweep",1750,4,112,22.906,22.903,20.741,1,1,0.277,1.888,,1753,26
"CrossingSweep",1750,4,113,22.855,22.860,20.669,1,1,0.273,1.914,,1760,24
"CrossingSweep",1750,4,114,23.988,23.971,20.715,1,1,0.303,2.971,,1757,26
"CrossingSweep",1750,4,115,23.537,23.534,20.342,1,1,0.358,2.837,,1745,26
"CrossingSweep",1750,4,116,22.882,22.896,20.622,1,1,0.299,1.962,,1763,24
"CrossingSweep",1750,4,117,22.903,22.898,20.736,1,1,0.261,1.906,,1760,26
"CrossingSweep",1750,4,118,23.336,23.331,20.734,1,1,0.278,2.325,,1753,26
"CrossingSweep",1750,4,119,24.223,24.230,22.053,1,1,0.267,1.903,,1745,25
"CrossingSweep",1750,4,120,24.415,24.412,22.064,1,1,0.300,2.052,,1745,26
"CrossingSweep",1750,4,121,23.201,23.203,21.042,1,1,0.272,1.886,,1752,25
"CrossingSweep",1750,4,122,23.550,23.538,21.221,1,1,0.262,2.067,,1743,26
"CrossingSweep",1750,4,123,24.160,24.133,21.078,1,1,0.326,2.756,,1751,26
"CrossingSweep",1750,4,124,23.097,23.127,20.786,1,1,0.292,2.018,,1702,26
"CrossingSweep",1750,4,125,22.960,22.953,20.471,1,1,0.274,2.216,,1761,26
"CrossingSweep",1750,4,126,24.010,24.009,21.629,1,1,0.283,2.099,,1755,26
"CrossingSweep",1750,4,127,22.514,22.522,20.390,1,1,0.247,1.877,,1747,26
"CrossingSweep",1750,4,128,23.838,23.829,21.458,1,1,0.282,2.097,,1732,26
"CrossingSweep",1750,4,129,24.501,24.506,22.358,1,1,0.250,1.893,,1738,25
"CrossingSweep",1750,4,130,24.793,24.777,20.990,1,1,0.280,3.523,,1760,26
"CrossingSweep",1750,4,131,23.842,23.851,20.909,1,1,0.308,2.625,,1750,26
"CrossingSweep",1750,4,132,22.521,22.519,20.219,1,1,0.273,2.028,,1759,26
"CrossingSweep",1750,4,133,23.160,23.160,20.919,1,1,0.283,1.958,,1756,25
"CrossingSweep",1750,4,134,23.727,23.728,21.398,1,1,0.265,2.064,,1753,25
"CrossingSweep",1750,4,135,24.964,24.952,22.188,1,1,0.315,2.461,,1757,26
"CrossingSweep",1750,4,136,23.901,23.905,21.453,1,1,0.274,2.174,,1760,26
"CrossingSweep",1750,4,137,23.861,23.861,21.534,1,1,0.371,1.956,,1746,26
"CrossingSweep",1750,4,138,23.584,23.589,20.671,1,1,0.257,2.656,,1751,26
"CrossingSweep",1750,4,139,23.364,23.348,20.410,1,1,0.260,2.694,,1764,25
"CrossingSweep",1750,4,140,23.223,23.230,20.493,1,1,0.290,2.440,,1757,25
"CrossingSweep",1750,4,141,22.708,22.710,20.493,1,1,0.276,1.939,,1765,26
"CrossingSweep",1750,4,142,23.453,23.444,21.224,1,1,0.274,1.955,,1765,26
"CrossingSweep",1750,4,143,24.032,24.031,21.361,1,1,0.302,2.369,,1745,26
"CrossingSweep",1750,4,144,25.510,25.450,22.164,1,1,0.350,2.997,,1753,26
"CrossingSweep",1750,4,145,28.410,28.461,25.617,1,1,0.299,2.494,,1757,26
"CrossingSweep",1750,4,146,28.018,27.998,24.261,1,1,0.254,3.503,,1764,26
"CrossingSweep",1750,4,147,24.146,24.165,20.616,1,1,0.293,3.237,,1739,26
"CrossingSweep",1750,4,148,25.813,25.815,22.651,1,1,0.280,2.882,,1758,26
"CrossingSweep",1750,4,149,27.882,27.879,25.047,1,1,0.315,2.520,,1755,26
"CrossingSweep",1750,4,150,25.566,25.565,22.888,1,1,0.265,2.414,,1755,26
"CrossingSweep",1750,4,151,26.778,26.777,23.945,1,1,0.335,2.499,,1759,26
"CrossingSweep",1750,4,152,23.906,23.901,21.183,1,1,0.289,2.434,,1756,26
"CrossingSweep",1750,4,153,24.967,24.969,22.351,1,1,0.278,2.338,,1733,26
"CrossingSweep",1750,4,154,23.477,23.484,21.254,1,1,0.278,1.945,,1755,26
"CrossingSweep",1750,4,155,23.444,23.441,21.185,1,1,0.270,1.989,,1757,26
"CrossingSweep",1750,4,156,23.446,23.434,20.463,1,1,0.264,2.719,,1759,26
"CrossingSweep",1750,4,157,23.701,23.709,21.425,1,1,0.300,1.976,,1760,26
"CrossingSweep",1750,4,158,23.750,23.740,21.452,1,1,0.262,2.036,,1763,26
"CrossingSweep",1750,4,159,23.782,23.767,20.903,1,1,0.262,2.617,,1748,26
"CrossingSweep",1750,4,160,23.055,23.080,20.756,1,1,0.293,2.006,,1744,26
"CrossingSweep",1750,4,161,23.538,23.536,21.342,1,1,0.264,1.932,,1744,26
"CrossingSweep",1750,4,162,23.959,23.957,21.712,1,1,0.277,1.970,,1749,26
"CrossingSweep",1750,4,163,23.750,23.738,20.920,1,1,0.234,2.595,,1736,26
"CrossingSweep",1750,4,164,23.677,23.659,20.578,1,1,0.275,2.823,,1751,26
"CrossingSweep",1750,4,165,22.735,22.758,20.365,1,1,0.284,2.086,,1761,26
"CrossingSweep",1750,4,166,24.345,24.320,21.160,1,1,0.274,2.912,,1763,26
"CrossingSweep",1750,4,167,26.529,26.545,24.327,1,1,0.281,1.921,,1756,26
"CrossingSweep",1750,4,168,24.573,24.576,22.226,1,1,0.308,2.039,,1743,26
"CrossingSweep",1750,4,169,23.054,23.050,20.702,1,1,0.269,2.083,,1732,26
"CrossingSweep",1750,4,170,24.901,24.893,21.662,1,1,0.278,2.961,,1728,26
"CrossingSweep",1750,4,171,23.338,23.346,21.208,1,1,0.265,1.865,,1740,26
"CrossingSweep",1750,4,172,23.457,23.432,20.442,1,1,0.298,2.717,,1761,26
"CrossingSweep",1750,4,173,23.310,23.333,21.135,1,1,0.259,1.915,,1744,25
"CrossingSweep",1750,4,174,24.797,24.791,22.560,1,1,0.262,1.975,,1754,26
"CrossingSweep",1750,4,175,23.519,23.522,21.371,1,1,0.264,1.884,,1735,26
"CrossingSweep",1750,4,176,28.016,28.014,25.800,1,1,0.286,1.930,,1753,26
"CrossingSweep",1750,4,177,26.593,26.589,23.639,1,1,0.288,2.665,,1735,26
"CrossingSweep",1750,4,178,26.745,26.735,23.828,1,1,0.274,2.644,,1757,26
"CrossingSweep",1750,4,179,24.895,24.903,22.638,1,1,0.280,1.977,,1752,26
"CrossingSweep",1750,4,180,24.896,24.895,22.427,1,1,0.310,2.159,,1753,26
"CrossingSweep",1750,4,181,22.654,22.653,20.578,1,1,0.247,1.829,,1741,26
"CrossingSweep",1750,4,182,23.104,23.098,21.011,1,1,0.256,1.837,,1762,26
"CrossingSweep",1750,4,183,23.253,23.262,21.024,1,1,0.275,1.954,,1756,26
"CrossingSweep",1750,4,184,22.637,22.631,20.507,1,1,0.285,1.845,,1753,26
"CrossingSweep",1750,4,185,24.037,24.022,20.587,1,1,0.265,3.185,,1741,25
"CrossingSweep",1750,4,186,22.814,22.824,20.504,1,1,0.275,2.035,,1760,26
"CrossingSweep",1750,4,187,23.247,23.249,21.116,1,1,0.251,1.879,,1755,26
"CrossingSweep",1750,4,188,23.004,22.994,20.562,1,1,0.287,2.155,,1761,26
"CrossingSweep",1750,4,189,24.569,24.572,22.071,1,1,0.324,2.175,,1755,26
"CrossingSweep",1750,4,190,24.639,24.629,21.606,1,1,0.283,2.750,,1745,26
"CrossingSweep",1750,4,191,24.730,24.740,22.392,1,1,0.309,2.028,,1645,26
"CrossingSweep",1750,4,192,24.959,24.957,22.706,1,1,0.280,1.973,,1746,25
"CrossingSweep",1750,4,193,23.682,23.683,20.909,1,1,0.295,2.478,,1744,26
"CrossingSweep",1750,4,194,23.826,23.816,20.878,1,1,0.258,2.690,,1743,26
"CrossingSweep",1750,4,195,23.509,23.504,20.830,1,1,0.269,2.410,,1755,26
"CrossingSweep",1750,4,196,22.085,22.095,19.942,1,1,0.270,1.873,,1686,26
"CrossingSweep",1750,4,197,23.819,23.795,21.454,1,1,0.323,2.042,,1757,26
"CrossingSweep",1750,4,198,23.352,23.370,21.035,1,1,0.320,1.996,,1758,26
"CrossingSweep",1750,4,199,23.074,23.070,20.795,1,1,0.285,1.994,,1746,26
"CrossingSweep",1750,4,200,23.037,23.014,20.185,1,1,0.273,2.579,,1749,26
"CrossingSweep",1750,4,201,22.628,22.651,20.467,1,1,0.269,1.893,,1748,25
"CrossingSweep",1750,4,202,23.522,23.522,21.372,1,1,0.262,1.887,,1757,26
"CrossingSweep",1750,4,203,24.722,24.708,21.685,1,1,0.245,2.793,,1750,26
"CrossingSweep",1750,4,204,23.640,23.639,20.538,1,1,0.258,2.844,,1754,26
"CrossingSweep",1750,4,205,24.826,24.835,22.684,1,1,0.261,1.881,,1752,25
"CrossingSweep",1750,4,206,23.786,23.783,21.532,1,1,0.309,1.945,,1752,26
"CrossingSweep",1750,4,207,23.557,23.548,21.295,1,1,0.281,1.982,,1754,26
"CrossingSweep",1750,4,208,24.463,24.471,22.174,1,1,0.302,1.986,,1741,26
"CrossingSweep",1750,4,209,23.106,23.094,20.804,1,1,0.262,2.040,,1738,26
"CrossingSweep",1750,4,210,24.796,24.808,22.599,1,1,0.289,1.907,,1754,26
"CrossingSweep",1750,4,211,25.475,25.463,23.137,1,1,0.283,2.056,,1753,26
"CrossingSweep",1750,4,212,25.692,25.690,22.917,1,1,0.252,2.522,,1740,26
"CrossingSweep",1750,4,213,22.779,22.783,20.358,1,1,0.284,2.137,,1757,25
"CrossingSweep",1750,4,214,27.464,27.462,25.166,1,1,0.267,2.032,,1744,26
"CrossingSweep",1750,4,215,22.569,22.571,20.285,1,1,0.270,2.013,,1741,26
"CrossingSweep",1750,4,216,27.641,27.636,25.329,1,1,0.270,2.042,,1756,26
"CrossingSweep",1750,4,217,23.425,23.420,20.841,1,1,0.261,2.323,,1741,26
"CrossingSweep",1750,4,218,22.059,22.064,19.957,1,1,0.257,1.846,,1747,26
"CrossingSweep",1750,4,219,24.188,24.186,21.930,1,1,0.284,1.974,,1739,26
"CrossingSweep",1750,4,220,23.099,23.099,20.785,1,1,0.280,2.035,,1751,26
"CrossingSweep",1750,4,221,25.847,25.833,23.056,1,1,0.279,2.512,,1749,26
"CrossingSweep",1750,4,222,23.041,23.053,20.860,1,1,0.256,1.925,,1750,25
"CrossingSweep",1750,4,223,23.545,23.535,21.107,1,1,0.261,2.178,,1735,26
"CrossingSweep",1750,4,224,24.638,24.637,21.668,1,1,0.295,2.675,,1752,26
"CrossingSweep",1750,4,225,23.684,23.683,21.350,1,1,0.271,2.063,,1757,26
"CrossingSweep",1750,4,226,24.609,24.613,22.472,1,1,0.285,1.853,,1735,26
"CrossingSweep",1750,4,227,23.826,23.819,20.917,1,1,0.276,2.634,,1735,26
"CrossingSweep",1750,4,228,27.460,27.460,25.153,1,1,0.283,2.024,,1747,26
"CrossingSweep",1750,4,229,24.797,24.799,22.494,1,1,0.301,2.001,,1743,26
"CrossingSweep",1750,4,230,23.131,23.127,20.713,1,1,0.283,2.135,,1757,25
"CrossingSweep",1750,4,231,23.508,23.511,20.666,1,1,0.548,2.295,,1760,26
"CrossingSweep",1750,4,232,24.327,24.322,21.495,1,1,0.275,2.557,,1757,26
"CrossingSweep",1750,4,233,26.177,26.174,23.496,1,1,0.293,2.388,,1746,26
"CrossingSweep",1750,4,234,23.029,22.995,20.612,1,1,0.264,2.153,,1745,26
"CrossingSweep",1750,4,235,26.159,26.194,23.908,1,1,0.276,1.976,,1737,26
"CrossingSweep",1750,4,236,23.307,23.296,20.614,1,1,0.257,2.437,,1761,26
"CrossingSweep",1750,4,237,24.992,24.998,22.843,1,1,0.260,1.889,,1755,26
"CrossingSweep",1750,4,238,24.071,24.037,21.079,1,1,0.279,2.712,,1755,26
"CrossingSweep",1750,4,239,24.717,24.746,22.364,1,1,0.304,2.049,,1749,26
"CrossingSweep",1750,4,240,24.005,23.988,20.953,1,1,0.281,2.771,,1750,26
"CrossingSweep",1750,4,241,22.635,22.645,20.077,1,1,0.286,2.271,,1761,26
"CrossingSweep",1750,4,242,22.549,22.557,20.136,1,1,0.254,2.159,,1746,25
"CrossingSweep",1750,4,243,23.444,23.436,20.671,1,1,0.264,2.509,,1759,26
"CrossingSweep",1750,4,244,22.852,22.854,20.520,1,1,0.280,2.052,,1759,26
"CrossingSweep",1750,4,245,22.843,22.844,20.642,1,1,0.261,1.940,,1751,26
"CrossingSweep",1750,4,246,23.345,23.340,21.124,1,1,0.266,1.955,,1762,26
"CrossingSweep",1750,4,247,22.379,22.376,20.143,1,1,0.279,1.956,,1759,26
"CrossingSweep",1750,4,248,24.756,24.748,21.364,1,1,0.304,3.088,,1761,26
"CrossingSweep",1750,4,249,26.670,26.654,23.541,1,1,0.294,2.835,,1748,25
"CrossingSweep",1750,4,250,28.590,28.611,26.345,1,1,0.282,1.963,,1755,26
"CrossingSweep",1750,4,251,23.823,23.813,21.070,1,1,0.295,2.459,,1746,25
"CrossingSweep",1750,4,252,23.161,23.127,20.933,1,1,0.288,1.941,,1745,26
"CrossingSweep",1750,4,253,25.295,25.316,22.188,1,1,0.393,2.715,,1739,26
"CrossingSweep",1750,4,254,25.528,25.546,23.353,1,1,0.255,1.920,,1752,26
"CrossingSweep",1750,4,255,24.822,24.804,21.795,1,1,0.272,2.755,,1752,26
"CrossingSweep",1750,4,256,23.734,23.748,21.585,1,1,0.257,1.892,,1736,26
"CrossingSweep",1750,4,257,22.738,22.732,20.513,1,1,0.250,1.975,,1748,26
"CrossingSweep",1750,4,258,22.389,22.388,20.051,1,1,0.259,2.078,,1744,26
"CrossingSweep",1750,4,259,23.694,23.696,21.537,1,1,0.259,1.898,,1752,26
"CrossingSweep",1750,4,260,25.460,25.446,21.765,1,1,0.263,3.432,,1742,26
"CrossingSweep",1750,4,261,22.459,22.469,20.170,1,1,0.272,2.017,,1759,26
"CrossingSweep",1750,4,262,23.633,23.608,20.724,1,1,0.263,2.646,,1746,26
"CrossingSweep",1750,4,263,22.635,22.655,20.318,1,1,0.270,2.047,,1750,26
"CrossingSweep",1750,4,264,24.712,24.702,21.250,1,1,0.275,3.188,,1738,26
"CrossingSweep",1750,4,265,23.381,23.383,20.442,1,1,0.253,2.686,,1752,26
"CrossingSweep",1750,4,266,25.547,25.538,22.274,1,1,0.336,2.937,,1745,26
"CrossingSweep",1750,4,267,23.046,23.051,20.581,1,1,0.297,2.168,,1749,26
"CrossingSweep",1750,4,268,23.271,23.269,20.994,1,1,0.289,1.988,,1753,25
"CrossingSweep",1750,4,269,22.884,22.885,20.700,1,1,0.254,1.930,,1763,26
"CrossingSweep",1750,4,270,23.199,23.197,20.946,1,1,0.287,1.967,,1744,26
"CrossingSweep",1750,4,271,23.818,23.818,21.714,1,1,0.265,1.840,,1748,26
"CrossingSweep",1750,4,272,24.762,24.742,21.763,1,1,0.285,2.715,,1744,26
"CrossingSweep",1750,4,273,22.630,22.648,20.425,1,1,0.283,1.923,,1752,26
"CrossingSweep",1750,4,274,27.391,27.378,24.471,1,1,0.339,2.580,,1756,26
"CrossingSweep",1750,4,275,25.762,25.766,23.511,1,1,0.278,1.973,,1723,26
"CrossingSweep",1750,4,276,24.841,24.846,22.573,1,1,0.309,1.959,,1722,26
"CrossingSweep",1750,4,277,22.793,22.775,20.480,1,1,0.256,2.056,,1739,26
"CrossingSweep",1750,4,278,24.592,24.604,22.296,1,1,0.299,1.998,,1736,26
"CrossingSweep",1750,4,279,25.246,25.238,22.941,1,1,0.285,2.021,,1747,26
"CrossingSweep",1750,4,280,25.431,25.437,23.075,1,1,0.304,2.052,,1741,26
"CrossingSweep",1750,4,281,24.310,24.296,21.301,1,1,0.296,2.714,,1738,26
"CrossingSweep",1750,4,282,23.907,23.921,21.668,1,1,0.281,1.959,,1747,26
"CrossingSweep",1750,4,283,25.612,25.603,22.741,1,1,0.292,2.579,,1760,26
"CrossingSweep",1750,4,284,25.010,25.019,22.781,1,1,0.253,1.977,,1768,26
"CrossingSweep",1750,4,285,25.732,25.726,23.038,1,1,0.278,2.416,,1750,26
"CrossingSweep",1750,4,286,25.072,25.075,22.211,1,1,0.365,2.497,,1747,26
"CrossingSweep",1750,4,287,24.697,24.686,22.079,1,1,0.281,2.338,,1737,26
"CrossingSweep",1750,4,288,23.282,23.284,20.796,1,1,0.285,2.201,,1751,26
"CrossingSweep",1750,4,289,25.425,25.419,21.374,1,1,0.309,3.742,,1764,25
"CrossingSweep",1750,4,290,23.181,23.183,20.800,1,1,0.295,2.086,,1759,26
"CrossingSweep",1750,4,291,24.114,24.113,21.438,1,1,0.301,2.375,,1751,25
"CrossingSweep",1750,4,292,24.733,24.733,22.342,1,1,0.293,2.097,,1761,26
"CrossingSweep",1750,4,293,26.236,26.214,21.588,1,1,0.276,4.372,,1753,26
"CrossingSweep",1750,4,294,23.715,23.736,21.420,1,1,0.285,2.009,,1749,25
"CrossingSweep",1750,4,295,23.442,23.435,20.707,1,1,0.252,2.483,,1746,26
"CrossingSweep",1750,4,296,23.436,23.440,21.183,1,1,0.298,1.954,,1747,25
"CrossingSweep",1750,4,297,23.376,23.373,20.773,1,1,0.289,2.314,,1741,25
"CrossingSweep",1750,4,298,24.590,24.585,22.251,1,1,0.275,2.064,,1751,26
"CrossingSweep",1750,4,299,25.257,25.260,22.592,1,1,0.276,2.389,,1727,26
"CrossingSweep",2000,4,0,34.592,34.609,31.704,1,1,0.345,2.543,,1984,28
"CrossingSweep",2000,4,1,29.715,29.702,26.845,1,1,0.282,2.588,,1980,28
"CrossingSweep",2000,4,2,28.299,28.303,26.054,1,1,0.296,1.949,,1990,28
"CrossingSweep",2000,4,3,29.505,29.436,26.776,1,1,0.300,2.429,,1981,28
"CrossingSweep",2000,4,4,29.794,29.867,27.412,1,1,0.313,2.068,,1999,28
"CrossingSweep",2000,4,5,32.113,32.110,29.562,1,1,0.366,2.185,,2000,27
"CrossingSweep",2000,4,6,29.174,29.172,26.888,1,1,0.297,1.989,,1986,28
"CrossingSweep",2000,4,7,29.169,29.168,26.789,1,1,0.300,2.081,,2001,28
"CrossingSweep",2000,4,8,30.802,30.790,27.969,1,1,0.290,2.543,,1991,27
"CrossingSweep",2000,4,9,30.879,30.883,28.083,1,1,0.306,2.489,,1952,28
"CrossingSweep",2000,4,10,30.163,30.164,27.025,1,1,0.298,2.841,,1984,28
"CrossingSweep",2000,4,11,30.557,30.550,28.125,1,1,0.401,2.030,,1997,28
"CrossingSweep",2000,4,12,30.131,30.139,27.790,1,1,0.357,1.984,,1992,28
"CrossingSweep",2000,4,13,31.686,31.679,29.257,1,1,0.274,2.156,,1990,28
"CrossingSweep",2000,4,14,29.669,29.667,26.591,1,1,0.309,2.770,,920,28
"CrossingSweep",2000,4,15,30.293,30.287,27.233,1,1,0.383,2.677,,1996,28
"CrossingSweep",2000,4,16,30.428,30.420,27.430,1,1,0.274,2.724,,1990,28
"CrossingSweep",2000,4,17,29.007,29.020,26.765,1,1,0.300,1.942,,2003,28
"CrossingSweep",2000,4,18,29.047,29.044,26.436,1,1,0.296,2.314,,1976,28
"CrossingSweep",2000,4,19,30.199,30.192,27.522,1,1,0.313,2.364,,1976,27
"CrossingSweep",2000,4,20,31.345,31.349,28.837,1,1,0.301,2.207,,1998,27
"CrossingSweep",2000,4,21,28.922,28.923,26.709,1,1,0.286,1.928,,2001,28
"CrossingSweep",2000,4,22,29.032,29.033,26.770,1,1,0.299,1.962,,1989,28
"CrossingSweep",2000,4,23,29.053,29.046,26.625,1,1,0.281,2.147,,1976,28
"CrossingSweep",2000,4,24,29.867,29.867,27.324,1,1,0.302,2.240,,1997,28
"CrossingSweep",2000,4,25,29.096,29.093,26.718,1,1,0.317,2.061,,1992,28
"CrossingSweep",2000,4,26,28.521,28.524,26.260,1,1,0.292,1.970,,2004,28
"CrossingSweep",2000,4,27,30.322,30.301,27.468,1,1,0.317,2.536,,1997,25
"CrossingSweep",2000,4,28,29.308,29.319,26.932,1,1,0.288,2.088,,2001,27
"CrossingSweep",2000,4,29,29.740,29.745,27.397,1,1,0.289,2.055,,2000,28
"CrossingSweep",2000,4,30,29.788,29.787,27.475,1,1,0.295,2.018,,1997,27
"CrossingSweep",2000,4,31,30.185,30.173,27.361,1,1,0.312,2.512,,1987,28
"CrossingSweep",2000,4,32,28.721,28.724,26.321,1,1,0.301,2.099,,2005,28
"CrossingSweep",2000,4,33,30.451,30.453,27.437,1,1,0.296,2.718,,2011,28
"CrossingSweep",2000,4,34,29.251,29.251,26.910,1,1,0.305,2.035,,2010,28
"CrossingSweep",2000,4,35,30.538,30.530,27.739,1,1,0.298,2.502,,2007,28
"CrossingSweep",2000,4,36,29.741,29.745,27.127,1,1,0.299,2.314,,2008,28
"CrossingSweep",2000,4,37,29.339,29.334,26.974,1,1,0.316,2.049,,2010,28
"CrossingSweep",2000,4,38,29.394,29.391,27.087,1,1,0.289,2.017,,1995,28
"CrossingSweep",2000,4,39,28.814,28.806,26.616,1,1,0.276,1.922,,1989,28
"CrossingSweep",2000,4,40,28.441,28.450,26.127,1,1,0.319,1.995,,2005,28
"CrossingSweep",2000,4,41,29.494,29.485,26.798,1,1,0.326,2.370,,2002,28
"CrossingSweep",2000,4,42,31.229,31.233,28.880,1,1,0.290,2.059,,2001,28
"CrossingSweep",2000,4,43,29.654,29.653,27.363,1,1,0.331,1.960,,2004,28
"CrossingSweep",2000,4,44,30.469,30.466,28.119,1,1,0.295,2.055,,2006,28
"CrossingSweep",2000,4,45,31.591,31.578,28.824,1,1,0.283,2.484,,2008,28
"CrossingSweep",2000,4,46,31.564,31.573,28.974,1,1,0.313,2.277,,1995,28
"CrossingSweep",2000,4,47,29.621,29.566,27.165,1,1,0.285,2.171,,2007,28
"CrossingSweep",2000,4,48,29.324,29.374,26.955,1,1,0.300,2.069,,2009,27
"CrossingSweep",2000,4,49,30.500,30.501,28.176,1,1,0.291,2.033,,2005,28
"CrossingSweep",2000,4,50,29.178,29.179,26.763,1,1,0.292,2.123,,1984,28
"CrossingSweep",2000,4,51,31.446,31.428,27.743,1,1,0.297,3.407,,1976,28
"CrossingSweep",2000,4,52,30.526,30.546,28.160,1,1,0.332,2.034,,2003,28
"CrossingSweep",2000,4,53,29.456,29.450,27.184,1,1,0.288,1.983,,1982,27
"CrossingSweep",2000,4,54,29.919,29.904,26.858,1,1,0.284,2.777,,1976,26
"CrossingSweep",2000,4,55,29.308,29.323,27.088,1,1,0.291,1.929,,1990,28
"CrossingSweep",2000,4,56,29.670,29.668,27.320,1,1,0.290,2.060,,2000,27
"CrossingSweep",2000,4,57,31.334,31.327,28.672,1,1,0.362,2.301,,2008,28
"CrossingSweep",2000,4,58,30.249,30.245,27.287,1,1,0.307,2.655,,2007,28
"CrossingSweep",2000,4,59,29.309,29.314,26.951,1,1,0.324,2.034,,2011,27
"CrossingSweep",2000,4,60,30.065,30.045,27.086,1,1,0.298,2.681,,2005,27
"CrossingSweep",2000,4,61,31.428,31.438,28.772,1,1,0.363,2.294,,1992,28
"CrossingSweep",2000,4,62,30.256,30.260,27.840,1,1,0.296,2.121,,1994,28
"CrossingSweep",2000,4,63,30.434,30.431,27.595,1,1,0.302,2.537,,1996,28
"CrossingSweep",2000,4,64,29.025,29.023,26.608,1,1,0.323,2.094,,1986,28
"CrossingSweep",2000,4,65,30.400,30.395,27.604,1,1,0.315,2.481,,2003,28
"CrossingSweep",2000,4,66,29.654,29.655,27.166,1,1,0.309,2.180,,1996,28
"CrossingSweep",2000,4,67,31.225,31.220,28.479,1,1,0.298,2.448,,1999,28
"CrossingSweep",2000,4,68,29.351,29.359,26.966,1,1,0.274,2.110,,2014,28
"CrossingSweep",2000,4,69,30.321,30.312,27.892,1,1,0.317,2.112,,2000,28
"CrossingSweep",2000,4,70,29.411,29.413,27.030,1,1,0.350,2.031,,2004,28
"CrossingSweep",2000,4,71,28.798,28.800,26.285,1,1,0.301,2.212,,2008,28
"CrossingSweep",2000,4,72,30.100,30.094,27.668,1,1,0.286,2.146,,1994,28
"CrossingSweep",2000,4,73,29.289,29.288,26.822,1,1,0.288,2.179,,1976,28
"CrossingSweep",2000,4,74,29.944,29.942,26.925,1,1,0.300,2.719,,2001,26
"CrossingSweep",2000,4,75,29.371,29.372,26.768,1,1,0.298,2.305,,1995,26
"CrossingSweep",2000,4,76,28.788,28.781,26.379,1,1,0.287,2.122,,2002,28
"CrossingSweep",2000,4,77,29.793,29.796,27.322,1,1,0.337,2.135,,2005,28
"CrossingSweep",2000,4,78,29.670,29.662,26.435,1,1,0.283,2.952,,2002,28
"CrossingSweep",2000,4,79,29.074,29.081,26.681,1,1,0.323,2.069,,1958,28
"CrossingSweep",2000,4,80,31.372,31.363,27.693,1,1,0.293,3.386,,1995,28
"CrossingSweep",2000,4,81,29.460,29.466,27.143,1,1,0.306,2.011,,2013,28
"CrossingSweep",2000,4,82,29.487,29.484,27.106,1,1,0.321,2.060,,1977,28
"CrossingSweep",2000,4,83,29.450,29.448,27.136,1,1,0.293,2.022,,2018,28
"CrossingSweep",2000,4,84,29.693,29.688,27.390,1,1,0.306,1.998,,1993,28
"CrossingSweep",2000,4,85,28.841,28.837,26.271,1,1,0.306,2.265,,1998,28
"CrossingSweep",2000,4,86,28.808,28.814,26.494,1,1,0.302,2.012,,1989,27
"CrossingSweep",2000,4,87,28.862,28.864,26.552,1,1,0.321,1.989,,2010,28
"CrossingSweep",2000,4,88,28.633,28.630,26.365,1,1,0.282,1.987,,1997,28
"CrossingSweep",2000,4,89,29.244,29.245,26.817,1,1,0.289,2.138,,1999,27
"CrossingSweep",2000,4,90,29.887,29.884,27.506,1,1,0.304,2.077,,1992,28
"CrossingSweep",2000,4,91,30.274,30.272,27.984,1,1,0.316,1.974,,2001,28
"CrossingSweep",2000,4,92,29.647,29.644,27.344,1,1,0.308,1.996,,2005,28
"CrossingSweep",2000,4,93,30.329,30.329,27.123,1,1,0.299,2.908,,2001,28
"CrossingSweep",2000,4,94,29.881,29.880,27.547,1,1,0.299,2.036,,2005,28
"CrossingSweep",2000,4,95,30.986,30.969,27.010,1,1,0.289,3.687,,2008,28
"CrossingSweep",2000,4,96,31.860,31.874,29.480,1,1,0.315,2.065,,2003,28
"CrossingSweep",2000,4,97,30.221,30.208,27.499,1,1,0.288,2.435,,2012,28
"CrossingSweep",2000,4,98,29.302,29.308,26.764,1,1,0.341,2.197,,1981,28
"CrossingSweep",2000,4,99,31.757,31.762,29.279,1,1,0.316,2.162,,2008,28
"CrossingSweep",2000,4,100,34.175,34.172,31.723,1,1,0.309,2.143,,2000,28
"CrossingSweep",2000,4,101,29.342,29.340,26.977,1,1,0.288,2.078,,2002,28
"CrossingSweep",2000,4,102,30.438,30.422,26.666,1,1,0.281,3.491,,2017,27
"CrossingSweep",2000,4,103,29.773,29.780,26.974,1,1,0.314,2.486,,2003,28
"CrossingSweep",2000,4,104,29.993,29.996,27.623,1,1,0.302,2.068,,1983,28
"CrossingSweep",2000,4,105,35.917,35.908,31.479,1,1,0.303,4.135,,2001,28
"CrossingSweep",2000,4,106,28.259,28.263,25.930,1,1,0.309,2.021,,1990,28
"CrossingSweep",2000,4,107,29.092,29.087,26.844,1,1,0.294,1.955,,1979,27
"CrossingSweep",2000,4,108,29.835,29.844,27.543,1,1,0.305,1.988,,2006,27
"CrossingSweep",2000,4,109,28.122,28.118,25.906,1,1,0.301,1.914,,2006,28
"CrossingSweep",2000,4,110,28.804,28.795,26.113,1,1,0.305,2.386,,2002,27
"CrossingSweep",2000,4,111,30.451,30.453,28.167,1,1,0.297,1.987,,1993,28
"CrossingSweep",2000,4,112,28.363,28.361,25.910,1,1,0.286,2.166,,2001,26
"CrossingSweep",2000,4,113,29.138,29.095,26.142,1,1,0.304,2.692,,2015,27
"CrossingSweep",2000,4,114,29.722,29.765,27.467,1,1,0.292,1.963,,1981,28
"CrossingSweep",2000,4,115,29.318,29.295,25.994,1,1,0.287,3.038,,1985,28
"CrossingSweep",2000,4,116,29.209,29.223,26.924,1,1,0.298,1.988,,2015,27
"CrossingSweep",2000,4,117,29.716,29.720,27.364,1,1,0.305,2.048,,2012,28
"CrossingSweep",2000,4,118,30.753,30.744,27.723,1,1,0.299,2.731,,2012,27
"CrossingSweep",2000,4,119,29.100,29.094,26.104,1,1,0.293,2.703,,2012,28
"CrossingSweep",2000,4,120,29.924,29.930,27.583,1,1,0.294,2.047,,1998,28
"CrossingSweep",2000,4,121,30.099,30.083,26.711,1,1,0.279,3.108,,2002,28
"CrossingSweep",2000,4,122,32.761,32.778,30.275,1,1,0.281,2.206,,2004,28
"CrossingSweep",2000,4,123,32.285,32.276,29.591,1,1,0.386,2.309,,2002,28
"CrossingSweep",2000,4,124,28.645,28.651,26.322,1,1,0.309,2.014,,1982,28
"CrossingSweep",2000,4,125,28.484,28.480,25.903,1,1,0.300,2.281,,2012,28
"CrossingSweep",2000,4,126,29.681,29.684,26.962,1,1,0.278,2.441,,2009,28
"CrossingSweep",2000,4,127,29.255,29.255,26.959,1,1,0.303,1.993,,2016,28
"CrossingSweep",2000,4,128,29.492,29.481,26.622,1,1,0.286,2.584,,1997,26
"CrossingSweep",2000,4,129,29.459,29.460,27.136,1,1,0.302,2.020,,1994,28
"CrossingSweep",2000,4,130,29.194,29.196,26.834,1,1,0.273,2.087,,2008,28
"CrossingSweep",2000,4,131,30.274,30.266,27.783,1,1,0.328,2.163,,2014,28
"CrossingSweep",2000,4,132,33.288,33.278,29.929,1,1,0.323,3.036,,2016,28
"CrossingSweep",2000,4,133,30.049,30.062,27.421,1,1,0.286,2.342,,2009,28
"CrossingSweep",2000,4,134,30.277,30.274,27.917,1,1,0.310,2.050,,2005,28
"CrossingSweep",2000,4,135,30.530,30.530,27.925,1,1,0.323,2.283,,1998,28
"CrossingSweep",2000,4,136,29.827,29.815,27.181,1,1,0.295,2.351,,2012,28
"CrossingSweep",2000,4,137,30.051,30.057,27.610,1,1,0.326,2.114,,2006,28
"CrossingSweep",2000,4,138,32.219,32.190,29.097,1,1,0.298,2.824,,2016,28
"CrossingSweep",2000,4,139,29.160,29.190,26.498,1,1,0.354,2.308,,2008,28
"CrossingSweep",2000,4,140,29.613,29.611,27.206,1,1,0.304,2.103,,2009,28
"CrossingSweep",2000,4,141,30.031,30.029,27.604,1,1,0.300,2.127,,2013,28
"CrossingSweep",2000,4,142,31.912,31.903,29.022,1,1,0.294,2.595,,2002,28
"CrossingSweep",2000,4,143,31.300,31.245,28.882,1,1,0.290,2.128,,2003,28
"CrossingSweep",2000,4,144,30.271,30.323,26.422,1,1,0.292,3.558,,2012,28
"CrossingSweep",2000,4,145,28.646,28.650,26.231,1,1,0.305,2.110,,2008,28
"CrossingSweep",2000,4,146,29.029,29.032,26.693,1,1,0.288,2.048,,2008,27
"CrossingSweep",2000,4,147,30.121,30.089,27.580,1,1,0.304,2.237,,2004,28
"CrossingSweep",2000,4,148,31.123,31.154,28.718,1,1,0.319,2.086,,2002,28
"CrossingSweep",2000,4,149,32.592,32.577,30.139,1,1,0.296,2.157,,1992,28
"CrossingSweep",2000,4,150,31.190,31.201,28.522,1,1,0.361,2.307,,2009,28
"CrossingSweep",2000,4,151,29.625,29.622,27.350,1,1,0.323,1.953,,2005,28
"CrossingSweep",2000,4,152,31.490,31.488,28.965,1,1,0.324,2.201,,2007,28
"CrossingSweep",2000,4,153,29.564,29.563,26.898,1,1,0.277,2.388,,2008,28
"CrossingSweep",2000,4,154,31.611,31.588,28.267,1,1,0.303,3.040,,1999,27
"CrossingSweep",2000,4,155,31.539,31.552,28.840,1,1,0.317,2.383,,2008,28
"CrossingSweep",2000,4,156,31.233,31.218,28.370,1,1,0.314,2.549,,1946,27
"CrossingSweep",2000,4,157,30.179,30.192,27.539,1,1,0.329,2.311,,2003,28
"CrossingSweep",2000,4,158,29.586,29.589,27.260,1,1,0.362,1.964,,1996,28
"CrossingSweep",2000,4,159,29.953,29.946,27.439,1,1,0.307,2.208,,2014,28
"CrossingSweep",2000,4,160,30.472,30.476,27.670,1,1,0.305,2.498,,2009,28
"CrossingSweep",2000,4,161,30.797,30.795,28.108,1,1,0.287,2.402,,2006,26
"CrossingSweep",2000,4,162,29.763,29.755,27.092,1,1,0.306,2.366,,2000,28
"CrossingSweep",2000,4,163,30.021,30.028,27.374,1,1,0.309,2.338,,1977,28
"CrossingSweep",2000,4,164,31.408,31.405,29.082,1,1,0.316,2.010,,2006,28
"CrossingSweep",2000,4,165,31.851,31.853,29.489,1,1,0.331,2.030,,2008,28
"CrossingSweep",2000,4,166,31.321,31.320,28.898,1,1,0.315,2.108,,2006,28
"CrossingSweep",2000,4,167,31.172,31.173,28.847,1,1,0.334,1.991,,2005,28
"CrossingSweep",2000,4,168,29.897,29.886,27.634,1,1,0.289,1.974,,1991,28
"CrossingSweep",2000,4,169,31.130,31.125,28.415,1,1,0.299,2.417,,2005,28
"CrossingSweep",2000,4,170,29.979,29.978,27.231,1,1,0.314,2.433,,2013,28
"CrossingSweep",2000,4,171,30.886,30.890,28.460,1,1,0.326,2.100,,2019,26
"CrossingSweep",2000,4,172,30.744,30.739,28.109,1,1,0.295,2.340,,2009,27
"CrossingSweep",2000,4,173,30.955,30.947,28.065,1,1,0.294,2.596,,2004,28
"CrossingSweep",2000,4,174,29.783,29.789,27.469,1,1,0.301,2.013,,2010,28
"CrossingSweep",2000,4,175,30.730,30.727,28.395,1,1,0.299,2.036,,2007,28
"CrossingSweep",2000,4,176,30.216,30.199,27.161,1,1,0.288,2.767,,2013,27
"CrossingSweep",2000,4,177,31.014,31.030,27.749,1,1,0.316,2.949,,2009,28
"CrossingSweep",2000,4,178,29.808,29.803,27.402,1,1,0.290,2.116,,2010,28
"CrossingSweep",2000,4,179,29.391,29.389,26.971,1,1,0.306,2.114,,1959,28
"CrossingSweep",2000,4,180,30.251,30.248,27.428,1,1,0.312,2.511,,2000,27
"CrossingSweep",2000,4,181,29.756,29.761,27.438,1,1,0.299,2.020,,2007,28
"CrossingSweep",2000,4,182,31.465,31.457,28.451,1,1,0.306,2.707,,1949,27
"CrossingSweep",2000,4,183,30.692,30.693,28.063,1,1,0.290,2.340,,1997,28
"CrossingSweep",2000,4,184,29.950,29.948,27.530,1,1,0.276,2.145,,1995,28
"CrossingSweep",2000,4,185,30.533,30.522,27.678,1,1,0.309,2.546,,2007,27
"CrossingSweep",2000,4,186,30.409,30.418,27.777,1,1,0.293,2.339,,1996,28
"CrossingSweep",2000,4,187,30.119,30.117,27.605,1,1,0.312,2.202,,1967,27
"CrossingSweep",2000,4,188,31.730,31.733,29.371,1,1,0.317,2.042,,1999,27
"CrossingSweep",2000,4,189,31.557,31.554,28.402,1,1,0.308,2.847,,2010,28
"CrossingSweep",2000,4,190,30.354,30.352,28.018,1,1,0.305,2.031,,2002,28
"CrossingSweep",2000,4,191,30.324,30.318,27.967,1,1,0.299,2.058,,2016,27
"CrossingSweep",2000,4,192,31.437,31.438,28.016,1,1,0.306,3.114,,2009,28
"CrossingSweep",2000,4,193,32.632,32.627,28.680,1,1,0.297,3.656,,2013,27
"CrossingSweep",2000,4,194,31.148,31.152,28.609,1,1,0.317,2.222,,1892,28
"CrossingSweep",2000,4,195,31.465,31.459,28.193,1,1,0.300,2.972,,1991,28
"CrossingSweep",2000,4,196,29.904,29.907,27.421,1,1,0.317,2.166,,1937,28
"CrossingSweep",2000,4,197,29.661,29.661,27.289,1,1,0.332,2.040,,2011,28
"CrossingSweep",2000,4,198,30.013,30.007,27.653,1,1,0.299,2.061,,2014,28
"CrossingSweep",2000,4,199,30.104,30.106,27.649,1,1,0.351,2.104,,2013,27
"CrossingSweep",2000,4,200,31.677,31.664,28.225,1,1,0.300,3.153,,2008,28
"CrossingSweep",2000,4,201,29.884,29.891,27.368,1,1,0.328,2.188,,1999,28
"CrossingSweep",2000,4,202,30.222,30.222,27.723,1,1,0.324,2.176,,2004,27
"CrossingSweep",2000,4,203,30.988,30.976,28.598,1,1,0.321,2.069,,1918,28
"CrossingSweep",2000,4,204,30.459,30.471,28.186,1,1,0.281,1.992,,1995,28
"CrossingSweep",2000,4,205,30.916,30.902,27.527,1,1,0.292,3.097,,2009,28
"CrossingSweep",2000,4,206,29.951,29.963,27.551,1,1,0.306,2.094,,2008,28
"CrossingSweep",2000,4,207,29.999,29.994,27.366,1,1,0.299,2.334,,2014,28
"CrossingSweep",2000,4,208,31.418,31.414,28.382,1,1,0.295,2.742,,1992,28
"CrossingSweep",2000,4,209,31.321,31.323,28.449,1,1,0.307,2.565,,2010,28
"CrossingSweep",2000,4,210,29.252,29.247,26.819,1,1,0.289,2.144,,2001,27
"CrossingSweep",2000,4,211,30.354,30.345,26.593,1,1,0.284,3.478,,2008,28
"CrossingSweep",2000,4,212,29.554,29.568,27.231,1,1,0.296,2.027,,2008,27
"CrossingSweep",2000,4,213,28.704,28.699,26.365,1,1,0.313,2.026,,2011,28
"CrossingSweep",2000,4,214,29.977,29.973,27.633,1,1,0.294,2.050,,2012,28
"CrossingSweep",2000,4,215,30.039,30.037,27.518,1,1,0.312,2.209,,2001,26
"CrossingSweep",2000,4,216,32.554,32.537,29.576,1,1,0.288,2.691,,1983,28
"CrossingSweep",2000,4,217,35.126,35.119,31.927,1,1,0.366,2.833,,1989,28
"CrossingSweep",2000,4,218,30.057,30.077,26.949,1,1,0.298,2.811,,2001,28
"CrossingSweep",2000,4,219,34.321,34.300,31.485,1,1,0.330,2.505,,1835,28
"CrossingSweep",2000,4,220,31.040,31.056,28.299,1,1,0.293,2.448,,1998,28
"CrossingSweep",2000,4,221,31.061,31.064,28.770,1,1,0.296,1.995,,2020,27
"CrossingSweep",2000,4,222,31.520,31.515,28.248,1,1,0.324,2.948,,2004,27
"CrossingSweep",2000,4,223,32.159,32.155,28.804,1,1,0.313,3.042,,2004,27
"CrossingSweep",2000,4,224,30.839,30.840,27.902,1,1,0.316,2.621,,2007,28
"CrossingSweep",2000,4,225,33.723,33.725,31.344,1,1,0.300,2.079,,1992,28
"CrossingSweep",2000,4,226,32.352,32.348,29.959,1,1,0.315,2.079,,2012,28
"CrossingSweep",2000,4,227,31.469,31.466,29.064,1,1,0.284,2.122,,1955,28
"CrossingSweep",2000,4,228,30.471,30.470,27.154,1,1,0.293,3.025,,2015,28
"CrossingSweep",2000,4,229,30.105,30.103,27.664,1,1,0.304,2.137,,1992,28
"CrossingSweep",2000,4,230,30.041,30.030,27.226,1,1,0.287,2.528,,2008,28
"CrossingSweep",2000,4,231,30.248,30.255,27.918,1,1,0.301,2.028,,1963,28
"CrossingSweep",2000,4,232,33.855,33.855,31.207,1,1,0.347,2.301,,1999,27
"CrossingSweep",2000,4,233,31.301,31.294,28.322,1,1,0.329,2.651,,2000,28
"CrossingSweep",2000,4,234,29.715,29.717,26.842,1,1,0.287,2.586,,1983,28
"CrossingSweep",2000,4,235,30.594,30.593,28.122,1,1,0.311,2.161,,2001,28
"CrossingSweep",2000,4,236,30.095,30.097,27.763,1,1,0.295,2.038,,1990,28
"CrossingSweep",2000,4,237,31.369,31.368,28.916,1,1,0.325,2.128,,2005,28
"CrossingSweep",2000,4,238,30.627,30.575,27.288,1,1,0.342,2.997,,2002,28
"CrossingSweep",2000,4,239,34.884,34.935,31.921,1,1,0.300,2.663,,2011,27
"CrossingSweep",2000,4,240,29.823,29.816,27.448,1,1,0.293,2.083,,1999,28
"CrossingSweep",2000,4,241,31.908,31.908,29.569,1,1,0.308,2.031,,1988,28
"CrossingSweep",2000,4,242,31.970,31.968,29.401,1,1,0.320,2.248,,2002,28
"CrossingSweep",2000,4,243,30.424,30.421,26.665,1,1,0.295,3.465,,2000,28
"CrossingSweep",2000,4,244,30.300,30.300,27.432,1,1,0.294,2.574,,1981,28
"CrossingSweep",2000,4,245,30.278,30.279,27.821,1,1,0.312,2.145,,2014,26
"CrossingSweep",2000,4,246,32.056,32.055,29.649,1,1,0.299,2.108,,2006,28
"CrossingSweep",2000,4,247,32.539,32.536,29.245,1,1,0.433,2.860,,2014,28
"CrossingSweep",2000,4,248,29.530,29.533,27.120,1,1,0.295,2.116,,1996,26
"CrossingSweep",2000,4,249,29.320,29.307,26.855,1,1,0.303,2.162,,1999,28
"CrossingSweep",2000,4,250,30.018,30.025,27.551,1,1,0.329,2.138,,2015,28
"CrossingSweep",2000,4,251,31.823,31.820,29.487,1,1,0.302,2.034,,1998,28
"CrossingSweep",2000,4,252,31.138,31.138,28.203,1,1,0.455,2.480,,2002,28
"CrossingSweep",2000,4,253,28.619,28.617,26.209,1,1,0.290,2.120,,2009,28
"CrossingSweep",2000,4,254,30.852,30.847,28.468,1,1,0.308,2.076,,2003,27
"CrossingSweep",2000,4,255,30.802,30.802,27.688,1,1,0.307,2.807,,2006,28
"CrossingSweep",2000,4,256,29.332,29.334,27.061,1,1,0.305,1.967,,2013,27
"CrossingSweep",2000,4,257,31.146,31.121,27.241,1,1,0.304,3.601,,2016,28
"CrossingSweep",2000,4,258,29.429,29.450,26.976,1,1,0.315,2.138,,2013,28
"CrossingSweep",2000,4,259,29.676,29.675,27.248,1,1,0.305,2.123,,2007,27
"CrossingSweep",2000,4,260,31.367,31.347,27.778,1,1,0.299,3.290,,2010,27
"CrossingSweep",2000,4,261,30.238,30.252,27.781,1,1,0.312,2.145,,1981,28
"CrossingSweep",2000,4,262,30.833,30.816,27.832,1,1,0.300,2.701,,2007,28
"CrossingSweep",2000,4,263,29.582,29.594,27.230,1,1,0.298,2.055,,2008,28
"CrossingSweep",2000,4,264,30.720,30.722,28.347,1,1,0.307,2.066,,1996,28
"CrossingSweep",2000,4,265,29.653,29.645,27.135,1,1,0.300,2.218,,2008,27
"CrossingSweep",2000,4,266,29.868,29.873,26.829,1,1,0.293,2.747,,1981,28
"CrossingSweep",2000,4,267,28.571,28.567,26.217,1,1,0.289,2.065,,2004,28
"CrossingSweep",2000,4,268,30.587,30.586,27.506,1,1,0.327,2.753,,2018,28
"CrossingSweep",2000,4,269,30.686,30.685,28.372,1,1,0.303,2.011,,2006,27
"CrossingSweep",2000,4,270,29.632,29.625,26.996,1,1,0.299,2.338,,1999,28
"CrossingSweep",2000,4,271,28.858,28.867,26.517,1,1,0.298,2.043,,2006,28
"CrossingSweep",2000,4,272,29.811,29.801,27.459,1,1,0.301,2.051,,2011,28
"CrossingSweep",2000,4,273,30.066,30.071,27.684,1,1,0.288,2.094,,2012,28
"CrossingSweep",2000,4,274,29.261,29.257,27.028,1,1,0.300,1.933,,2005,28
"CrossingSweep",2000,4,275,30.517,30.519,27.795,1,1,0.307,2.415,,2010,28
"CrossingSweep",2000,4,276,30.240,30.238,27.802,1,1,0.321,2.117,,2007,28
"CrossingSweep",2000,4,277,30.601,30.599,27.686,1,1,0.292,2.623,,2004,28
"CrossingSweep",2000,4,278,29.382,29.383,26.914,1,1,0.294,2.175,,2007,28
"CrossingSweep",2000,4,279,32.370,32.354,28.974,1,1,0.296,3.101,,1899,28
"CrossingSweep",2000,4,280,31.942,31.938,29.009,1,1,0.319,2.613,,2002,28
"CrossingSweep",2000,4,281,29.067,29.076,26.717,1,1,0.308,2.042,,2015,28
"CrossingSweep",2000,4,282,30.702,30.706,28.395,1,1,0.299,2.008,,2002,28
"CrossingSweep",2000,4,283,30.504,30.495,27.109,1,1,0.303,3.092,,2007,28
"CrossingSweep",2000,4,284,30.309,30.313,27.621,1,1,0.313,2.374,,1969,27
"CrossingSweep",2000,4,285,30.309,30.307,27.814,1,1,0.300,2.195,,2002,28
"CrossingSweep",2000,4,286,28.969,28.962,26.596,1,1,0.285,2.087,,2013,28
"CrossingSweep",2000,4,287,30.355,30.352,27.134,1,1,0.296,2.925,,2002,28
"CrossingSweep",2000,4,288,30.608,30.618,28.250,1,1,0.299,2.059,,2000,28
"CrossingSweep",2000,4,289,31.317,31.312,28.598,1,1,0.329,2.390,,2005,28
"CrossingSweep",2000,4,290,30.907,30.893,27.819,1,1,0.323,2.765,,2011,28
"CrossingSweep",2000,4,291,29.889,29.896,27.489,1,1,0.289,2.111,,2004,28
"CrossingSweep",2000,4,292,30.348,30.351,27.993,1,1,0.312,2.044,,2009,28
"CrossingSweep",2000,4,293,30.997,30.991,28.717,1,1,0.306,1.973,,2008,28
"CrossingSweep",2000,4,294,31.890,31.874,28.611,1,1,0.321,2.958,,2007,28
"CrossingSweep",2000,4,295,31.038,31.043,27.971,1,1,0.310,2.757,,2008,26
"CrossingSweep",2000,4,296,30.883,30.887,27.764,1,1,0.289,2.830,,1972,27
"CrossingSweep",2000,4,297,30.831,30.828,27.923,1,1,0.302,2.606,,2014,28
"CrossingSweep",2000,4,298,29.322,29.323,26.873,1,1,0.296,2.153,,2008,28
"CrossingSweep",2000,4,299,30.052,30.037,27.616,1,1,0.309,2.127,,1995,28
"CrossingSweep",2250,4,0,40.495,40.486,36.107,1,1,0.340,4.048,,2245,31
"CrossingSweep",2250,4,1,39.039,39.020,35.182,1,1,0.381,3.476,,2249,29
"CrossingSweep",2250,4,2,38.682,38.698,34.904,1,1,0.378,3.400,,2087,31
"CrossingSweep",2250,4,3,37.241,37.246,34.430,1,1,0.360,2.451,,2219,31
"CrossingSweep",2250,4,4,39.499,39.496,36.631,1,1,0.385,2.484,,2255,31
"CrossingSweep",2250,4,5,37.111,37.110,34.202,1,1,0.355,2.554,,2255,31
"CrossingSweep",2250,4,6,39.176,39.170,34.923,1,1,0.344,3.908,,2249,30
"CrossingSweep",2250,4,7,38.854,38.847,35.747,1,1,0.354,2.752,,2254,31
"CrossingSweep",2250,4,8,37.639,37.647,34.762,1,1,0.402,2.475,,2223,31
"CrossingSweep",2250,4,9,37.520,37.514,34.623,1,1,0.370,2.527,,2244,31
"CrossingSweep",2250,4,10,37.667,37.669,34.554,1,1,0.370,2.743,,2257,31
"CrossingSweep",2250,4,11,39.090,39.082,35.217,1,1,0.372,3.500,,2235,31
"CrossingSweep",2250,4,12,39.042,39.047,35.525,1,1,0.356,3.161,,2258,31
"CrossingSweep",2250,4,13,37.650,37.636,34.568,1,1,0.370,2.712,,2256,31
"CrossingSweep",2250,4,14,38.128,38.142,35.247,1,1,0.374,2.507,,2250,31
"CrossingSweep",2250,4,15,38.175,38.173,35.237,1,1,0.364,2.574,,2235,31
"CrossingSweep",2250,4,16,39.123,39.123,35.694,1,1,0.371,3.058,,2230,31
"CrossingSweep",2250,4,17,39.314,39.303,35.287,1,1,0.345,3.682,,2261,30
"CrossingSweep",2250,4,18,38.445,38.446,35.235,1,1,0.403,2.808,,2227,31
"CrossingSweep",2250,4,19,38.725,38.718,34.887,1,1,0.415,3.423,,2257,31
"CrossingSweep",2250,4,20,38.563,38.552,34.645,1,1,0.377,3.541,,2244,31
"CrossingSweep",2250,4,21,38.478,38.487,35.047,1,1,0.351,3.080,,2252,31
"CrossingSweep",2250,4,22,38.276,38.200,34.670,1,1,0.354,3.252,,2250,31
"CrossingSweep",2250,4,23,38.597,38.674,34.738,1,1,0.362,3.497,,2245,31
"CrossingSweep",2250,4,24,38.308,38.285,35.315,1,1,0.351,2.642,,2238,31
"CrossingSweep",2250,4,25,37.618,37.637,34.550,1,1,0.375,2.693,,2238,31
"CrossingSweep",2250,4,26,38.147,38.146,35.164,1,1,0.349,2.635,,2253,30
"CrossingSweep",2250,4,27,39.303,39.303,36.218,1,1,0.441,2.644,,2007,31
"CrossingSweep",2250,4,28,38.469,38.462,34.987,1,1,0.355,3.127,,2251,31
"CrossingSweep",2250,4,29,38.791,38.798,35.995,1,1,0.358,2.437,,2242,31
"CrossingSweep",2250,4,30,38.393,38.391,35.295,1,1,0.358,2.740,,2237,31
"CrossingSweep",2250,4,31,37.954,37.939,35.396,1,1,0.363,2.195,,2265,31
"CrossingSweep",2250,4,32,37.833,37.829,34.220,1,1,0.330,3.283,,2241,30
"CrossingSweep",2250,4,33,37.755,37.769,35.247,1,1,0.367,2.141,,2214,31
"CrossingSweep",2250,4,34,37.354,37.318,34.338,1,1,0.346,2.670,,2236,31
"CrossingSweep",2250,4,35,38.112,38.143,35.535,1,1,0.362,2.214,,2235,31
"CrossingSweep",2250,4,36,37.504,37.500,34.321,1,1,0.347,2.836,,2247,31
"CrossingSweep",2250,4,37,37.952,37.955,35.257,1,1,0.453,2.243,,2255,31
"CrossingSweep",2250,4,38,36.668,36.667,34.054,1,1,0.354,2.260,,2244,31
"CrossingSweep",2250,4,39,36.837,36.832,34.334,1,1,0.363,2.140,,2250,31
"CrossingSweep",2250,4,40,35.848,35.844,33.409,1,1,0.355,2.084,,2229,31
"CrossingSweep",2250,4,41,39.191,39.194,36.633,1,1,0.335,2.223,,2237,31
"CrossingSweep",2250,4,42,37.843,37.840,34.374,1,1,0.349,3.121,,2260,31
"CrossingSweep",2250,4,43,39.007,38.996,35.819,1,1,0.356,2.833,,2240,31
"CrossingSweep",2250,4,44,41.090,41.103,38.632,1,1,0.357,2.101,,2241,31
"CrossingSweep",2250,4,45,38.380,38.354,34.546,1,1,0.361,3.473,,2252,31
"CrossingSweep",2250,4,46,37.647,37.670,34.566,1,1,0.365,2.716,,2246,31
"CrossingSweep",2250,4,47,37.127,37.121,34.507,1,1,0.347,2.273,,2247,30
"CrossingSweep",2250,4,48,39.759,39.760,36.581,1,1,0.424,2.755,,2251,31
"CrossingSweep",2250,4,49,36.542,36.539,33.966,1,1,0.337,2.239,,2253,31
"CrossingSweep",2250,4,50,36.801,36.800,34.197,1,1,0.354,2.250,,2267,31
"CrossingSweep",2250,4,51,37.786,37.788,35.292,1,1,0.339,2.155,,2250,31
"CrossingSweep",2250,4,52,36.254,36.250,33.810,1,1,0.339,2.105,,2237,31
"CrossingSweep",2250,4,53,37.202,37.197,34.286,1,1,0.346,2.570,,2179,31
"CrossingSweep",2250,4,54,38.429,38.429,35.999,1,1,0.349,2.080,,2230,31
"CrossingSweep",2250,4,55,36.921,36.918,34.412,1,1,0.362,2.146,,2262,31
"CrossingSweep",2250,4,56,36.813,36.814,34.321,1,1,0.362,2.130,,2249,31
"CrossingSweep",2250,4,57,37.879,37.879,35.407,1,1,0.329,2.144,,2244,31
"CrossingSweep",2250,4,58,37.373,37.371,34.623,1,1,0.440,2.310,,2254,31
"CrossingSweep",2250,4,59,37.239,37.240,34.580,1,1,0.362,2.298,,2249,31
"CrossingSweep",2250,4,60,38.429,38.407,35.086,1,1,0.342,3.001,,2249,30
"CrossingSweep",2250,4,61,41.343,41.354,38.869,1,1,0.357,2.118,,2247,31
"CrossingSweep",2250,4,62,36.737,36.741,34.204,1,1,0.365,2.168,,2249,31
"CrossingSweep",2250,4,63,37.088,37.088,34.538,1,1,0.352,2.199,,2257,31
"CrossingSweep",2250,4,64,39.313,39.307,35.285,1,1,0.359,3.670,,2254,31
"CrossingSweep",2250,4,65,38.481,38.469,34.234,1,1,0.363,3.884,,2247,31
"CrossingSweep",2250,4,66,36.350,36.362,33.697,1,1,0.365,2.288,,2240,31
"CrossingSweep",2250,4,67,38.315,38.313,35.192,1,1,0.368,2.756,,2233,31
"CrossingSweep",2250,4,68,37.940,37.938,35.461,1,1,0.357,2.122,,2266,30
"CrossingSweep",2250,4,69,36.666,36.668,34.130,1,1,0.350,2.187,,2254,31
"CrossingSweep",2250,4,70,38.426,38.422,35.911,1,1,0.359,2.155,,2235,31
"CrossingSweep",2250,4,71,39.383,39.374,35.820,1,1,0.372,3.191,,2242,31
"CrossingSweep",2250,4,72,37.451,37.456,34.874,1,1,0.356,2.221,,2239,29
"CrossingSweep",2250,4,73,37.773,37.775,35.222,1,1,0.376,2.175,,2251,31
"CrossingSweep",2250,4,74,38.297,38.292,35.771,1,1,0.355,2.171,,2256,31
"CrossingSweep",2250,4,75,38.615,38.616,36.003,1,1,0.392,2.220,,2225,31
"CrossingSweep",2250,4,76,39.157,39.153,35.710,1,1,0.339,3.109,,2238,31
"CrossingSweep",2250,4,77,37.790,37.790,35.117,1,1,0.370,2.303,,2243,31
"CrossingSweep",2250,4,78,38.725,38.724,36.154,1,1,0.357,2.214,,2236,31
"CrossingSweep",2250,4,79,38.542,38.543,36.017,1,1,0.366,2.158,,2234,31
"CrossingSweep",2250,4,80,38.200,38.200,35.686,1,1,0.382,2.132,,2240,31
"CrossingSweep",2250,4,81,41.520,41.507,37.203,1,1,0.384,3.933,,2262,31
"CrossingSweep",2250,4,82,40.348,40.333,36.260,1,1,0.375,3.713,,2250,31
"CrossingSweep",2250,4,83,37.996,38.012,35.339,1,1,0.369,2.288,,2239,31
"CrossingSweep",2250,4,84,37.647,37.649,34.910,1,1,0.375,2.362,,2230,31
"CrossingSweep",2250,4,85,39.639,39.637,37.154,1,1,0.354,2.131,,2230,31
"CrossingSweep",2250,4,86,38.339,38.337,35.645,1,1,0.357,2.338,,2241,31
"CrossingSweep",2250,4,87,39.051,39.047,36.443,1,1,0.355,2.253,,2243,31
"CrossingSweep",2250,4,88,39.528,39.526,35.973,1,1,0.418,3.137,,2255,30
"CrossingSweep",2250,4,89,39.547,39.541,36.464,1,1,0.351,2.732,,2253,30
"CrossingSweep",2250,4,90,37.745,37.752,35.230,1,1,0.362,2.153,,2250,31
"CrossingSweep",2250,4,91,37.882,37.871,34.976,1,1,0.336,2.570,,2259,31
"CrossingSweep",2250,4,92,39.267,39.274,35.259,1,1,0.418,3.590,,2231,31
"CrossingSweep",2250,4,93,38.063,38.056,35.426,1,1,0.383,2.254,,2249,31
"CrossingSweep",2250,4,94,38.641,38.642,36.063,1,1,0.368,2.209,,2260,29
"CrossingSweep",2250,4,95,38.023,38.019,34.451,1,1,0.356,3.217,,2255,31
"CrossingSweep",2250,4,96,37.416,37.418,34.889,1,1,0.363,2.163,,2251,31
"CrossingSweep",2250,4,97,38.906,38.893,35.012,1,1,0.361,3.534,,2250,31
"CrossingSweep",2250,4,98,37.594,37.606,34.953,1,1,0.378,2.264,,2262,28
"CrossingSweep",2250,4,99,39.190,39.184,35.456,1,1,0.356,3.378,,2261,31
"CrossingSweep",2250,4,100,38.848,38.851,36.309,1,1,0.363,2.175,,2263,31
"CrossingSweep",2250,4,101,38.253,38.253,35.681,1,1,0.384,2.188,,2235,31
"CrossingSweep",2250,4,102,38.991,38.977,36.123,1,1,0.353,2.515,,2246,31
"CrossingSweep",2250,4,103,40.539,40.541,36.946,1,1,0.354,3.239,,2243,31
"CrossingSweep",2250,4,104,38.738,38.740,36.077,1,1,0.373,2.288,,2260,31
"CrossingSweep",2250,4,105,40.676,40.672,37.147,1,1,0.337,3.192,,2250,31
"CrossingSweep",2250,4,106,38.453,38.445,35.725,1,1,0.367,2.361,,2223,31
"CrossingSweep",2250,4,107,40.909,40.916,37.350,1,1,0.350,3.209,,2250,31
"CrossingSweep",2250,4,108,37.699,37.688,34.899,1,1,0.362,2.438,,2255,31
"CrossingSweep",2250,4,109,38.265,38.273,35.716,1,1,0.349,2.199,,2171,31
"CrossingSweep",2250,4,110,39.545,39.545,36.811,1,1,0.360,2.374,,2235,31
"CrossingSweep",2250,4,111,37.959,37.961,35.428,1,1,0.362,2.169,,2256,31
"CrossingSweep",2250,4,112,38.503,38.500,35.170,1,1,0.398,2.935,,2263,30
"CrossingSweep",2250,4,113,38.077,38.073,35.608,1,1,0.360,2.109,,2246,31
"CrossingSweep",2250,4,114,38.259,38.254,35.658,1,1,0.365,2.235,,2244,31
"CrossingSweep",2250,4,115,38.716,38.718,36.190,1,1,0.340,2.186,,2264,31
"CrossingSweep",2250,4,116,37.544,37.546,35.013,1,1,0.372,2.160,,2242,31
"CrossingSweep",2250,4,117,38.274,38.264,35.495,1,1,0.368,2.411,,2264,31
"CrossingSweep",2250,4,118,37.615,37.615,34.870,1,1,0.368,2.376,,2265,31
"CrossingSweep",2250,4,119,38.652,38.654,36.120,1,1,0.377,2.155,,2256,31
"CrossingSweep",2250,4,120,38.150,38.147,34.956,1,1,0.364,2.829,,2261,30
"CrossingSweep",2250,4,121,36.967,36.964,34.509,1,1,0.348,2.109,,2253,31
"CrossingSweep",2250,4,122,37.031,37.032,34.401,1,1,0.348,2.282,,2255,30
"CrossingSweep",2250,4,123,38.451,38.439,35.150,1,1,0.569,2.732,,2258,31
"CrossingSweep",2250,4,124,37.384,37.391,34.865,1,1,0.349,2.170,,2263,31
"CrossingSweep",2250,4,125,37.380,37.379,34.661,1,1,0.338,2.381,,2239,31
"CrossingSweep",2250,4,126,38.520,38.521,36.094,1,1,0.360,2.066,,2249,31
"CrossingSweep",2250,4,127,38.822,38.817,36.199,1,1,0.444,2.178,,2228,31
"CrossingSweep",2250,4,128,36.630,36.632,34.133,1,1,0.339,2.158,,2261,31
"CrossingSweep",2250,4,129,37.836,37.828,34.986,1,1,0.367,2.484,,2264,31
"CrossingSweep",2250,4,130,37.763,37.768,35.244,1,1,0.344,2.175,,2253,31
"CrossingSweep",2250,4,131,36.877,36.874,34.386,1,1,0.348,2.143,,2256,31
"CrossingSweep",2250,4,132,37.327,37.326,34.660,1,1,0.363,2.304,,2256,30
"CrossingSweep",2250,4,133,36.930,36.927,34.249,1,1,0.391,2.290,,2259,31
"CrossingSweep",2250,4,134,38.319,38.310,34.355,1,1,0.356,3.609,,2258,31
"CrossingSweep",2250,4,135,36.145,36.151,33.740,1,1,0.345,2.060,,2258,31
"CrossingSweep",2250,4,136,36.291,36.291,33.220,1,1,0.398,2.673,,2261,31
"CrossingSweep",2250,4,137,36.518,36.517,33.966,1,1,0.341,2.211,,2258,31
"CrossingSweep",2250,4,138,37.286,37.268,33.189,1,1,0.410,3.687,,2263,31
"CrossingSweep",2250,4,139,39.676,39.691,37.055,1,1,0.358,2.262,,2236,31
"CrossingSweep",2250,4,140,39.064,39.063,36.633,1,1,0.363,2.067,,2266,31
"CrossingSweep",2250,4,141,36.954,36.950,34.510,1,1,0.363,2.081,,2260,30
"CrossingSweep",2250,4,142,38.459,38.456,35.676,1,1,0.368,2.414,,2262,31
"CrossingSweep",2250,4,143,38.139,38.141,35.625,1,1,0.362,2.151,,2259,31
"CrossingSweep",2250,4,144,37.429,37.427,34.833,1,1,0.391,2.205,,2262,31
"CrossingSweep",2250,4,145,37.234,37.223,34.720,1,1,0.357,2.157,,2180,31
"CrossingSweep",2250,4,146,36.929,36.937,34.402,1,1,0.386,2.140,,2268,31
"CrossingSweep",2250,4,147,36.936,36.936,34.484,1,1,0.342,2.109,,2265,31
"CrossingSweep",2250,4,148,37.060,37.056,34.599,1,1,0.353,2.108,,2264,30
"CrossingSweep",2250,4,149,37.027,37.000,34.149,1,1,0.344,2.534,,2259,31
"CrossingSweep",2250,4,150,38.644,38.672,36.189,1,1,0.365,2.091,,2255,31
"CrossingSweep",2250,4,151,36.623,36.619,34.218,1,1,0.351,2.055,,2104,31
"CrossingSweep",2250,4,152,37.701,37.694,35.093,1,1,0.355,2.253,,2262,31
"CrossingSweep",2250,4,153,37.533,37.537,35.061,1,1,0.344,2.128,,2261,31
"CrossingSweep",2250,4,154,37.344,37.345,34.927,1,1,0.341,2.076,,2262,31
"CrossingSweep",2250,4,155,38.685,38.681,35.671,1,1,0.370,2.643,,2264,31
"CrossingSweep",2250,4,156,38.380,38.374,35.099,1,1,0.358,2.923,,2251,31
"CrossingSweep",2250,4,157,37.830,37.832,35.080,1,1,0.364,2.386,,2240,31
"CrossingSweep",2250,4,158,37.893,37.898,35.246,1,1,0.350,2.297,,2258,31
"CrossingSweep",2250,4,159,37.827,37.820,35.316,1,1,0.368,2.144,,2249,31
"CrossingSweep",2250,4,160,40.247,40.225,36.583,1,1,0.346,3.318,,2265,31
"CrossingSweep",2250,4,161,38.387,38.401,35.672,1,1,0.381,2.335,,2252,31
"CrossingSweep",2250,4,162,38.095,38.089,34.733,1,1,0.350,3.011,,2258,31
"CrossingSweep",2250,4,163,37.700,37.700,35.071,1,1,0.369,2.260,,2234,31
"CrossingSweep",2250,4,164,40.139,40.119,35.976,1,1,0.340,3.823,,2270,31
"CrossingSweep",2250,4,165,38.737,38.755,35.698,1,1,0.360,2.680,,2246,31
"CrossingSweep",2250,4,166,38.559,38.561,36.011,1,1,0.370,2.177,,2249,31
"CrossingSweep",2250,4,167,38.164,38.150,35.357,1,1,0.340,2.467,,2251,31
"CrossingSweep",2250,4,168,38.794,38.806,36.320,1,1,0.339,2.136,,2236,30
"CrossingSweep",2250,4,169,37.265,37.244,33.966,1,1,0.350,2.950,,2242,31
"CrossingSweep",2250,4,170,36.527,36.538,33.723,1,1,0.472,2.332,,2249,31
"CrossingSweep",2250,4,171,37.753,37.757,35.196,1,1,0.400,2.157,,2247,31
"CrossingSweep",2250,4,172,37.605,37.600,35.031,1,1,0.333,2.242,,2249,31
"CrossingSweep",2250,4,173,37.699,37.701,34.723,1,1,0.356,2.620,,2229,31
"CrossingSweep",2250,4,174,37.828,37.827,35.330,1,1,0.340,2.157,,2247,31
"CrossingSweep",2250,4,175,36.526,36.524,33.981,1,1,0.381,2.164,,2234,29
"CrossingSweep",2250,4,176,37.595,37.591,34.388,1,1,0.383,2.823,,2228,31
"CrossingSweep",2250,4,177,36.343,36.344,33.581,1,1,0.363,2.399,,2251,31
"CrossingSweep",2250,4,178,37.136,37.133,34.562,1,1,0.385,2.189,,2245,31
"CrossingSweep",2250,4,179,36.493,36.498,34.041,1,1,0.392,2.060,,2236,31
"CrossingSweep",2250,4,180,35.411,35.410,32.989,1,1,0.342,2.081,,2233,30
"CrossingSweep",2250,4,181,35.644,35.637,33.074,1,1,0.335,2.235,,2238,30
"CrossingSweep",2250,4,182,39.100,39.056,34.923,1,1,0.407,3.769,,2237,31
"CrossingSweep",2250,4,183,36.656,36.692,34.204,1,1,0.359,2.093,,2228,31
"CrossingSweep",2250,4,184,37.105,37.112,34.704,1,1,0.324,2.077,,2228,31
"CrossingSweep",2250,4,185,36.653,36.651,33.865,1,1,0.367,2.420,,2248,31
"CrossingSweep",2250,4,186,37.131,37.130,34.500,1,1,0.365,2.267,,2258,31
"CrossingSweep",2250,4,187,37.064,37.062,34.594,1,1,0.332,2.139,,2231,31
"CrossingSweep",2250,4,188,36.076,36.058,32.862,1,1,0.336,2.878,,2239,31
"CrossingSweep",2250,4,189,36.141,36.151,33.458,1,1,0.370,2.313,,2232,31
"CrossingSweep",2250,4,190,35.555,35.559,33.127,1,1,0.349,2.079,,2211,31
"CrossingSweep",2250,4,191,36.104,36.101,33.302,1,1,0.328,2.473,,2236,31
"CrossingSweep",2250,4,192,37.422,37.417,34.519,1,1,0.347,2.556,,2228,31
"CrossingSweep",2250,4,193,37.031,37.032,34.494,1,1,0.343,2.194,,2256,30
"CrossingSweep",2250,4,194,37.026,37.027,34.549,1,1,0.364,2.113,,2239,31
"CrossingSweep",2250,4,195,36.715,36.712,34.128,1,1,0.345,2.243,,2248,30
"CrossingSweep",2250,4,196,36.273,36.275,33.926,1,1,0.338,2.009,,2231,31
"CrossingSweep",2250,4,197,36.092,36.089,33.689,1,1,0.352,2.051,,2228,30
"CrossingSweep",2250,4,198,37.910,37.886,35.064,1,1,0.373,2.473,,2241,31
"CrossingSweep",2250,4,199,39.453,39.451,36.586,1,1,0.367,2.500,,2247,31
"CrossingSweep",2250,4,200,40.548,40.541,36.567,1,1,0.327,3.653,,2233,31
"CrossingSweep",2250,4,201,37.484,37.511,33.974,1,1,0.428,3.082,,2224,31
"CrossingSweep",2250,4,202,35.937,35.925,33.148,1,1,0.327,2.462,,2218,31
"CrossingSweep",2250,4,203,37.863,37.864,33.412,1,1,0.344,4.106,,2231,31
"CrossingSweep",2250,4,204,37.072,37.080,34.665,1,1,0.353,2.054,,2229,31
"CrossingSweep",2250,4,205,36.471,36.452,33.889,1,1,0.343,2.240,,2242,31
"CrossingSweep",2250,4,206,37.558,37.569,34.922,1,1,0.346,2.291,,2216,31
"CrossingSweep",2250,4,207,36.555,36.557,33.941,1,1,0.419,2.195,,2252,31
"CrossingSweep",2250,4,208,37.581,37.562,34.036,1,1,0.332,3.213,,2210,31
"CrossingSweep",2250,4,209,36.852,36.867,34.032,1,1,0.410,2.411,,2238,31
"CrossingSweep",2250,4,210,37.093,37.095,34.641,1,1,0.339,2.112,,2224,31
"CrossingSweep",2250,4,211,38.715,38.702,34.825,1,1,0.332,3.558,,2218,31
"CrossingSweep",2250,4,212,38.435,38.442,35.955,1,1,0.344,2.137,,2225,31
"CrossingSweep",2250,4,213,38.070,38.065,35.401,1,1,0.367,2.301,,2234,31
"CrossingSweep",2250,4,214,37.083,37.077,33.510,1,1,0.343,3.230,,2236,31
"CrossingSweep",2250,4,215,37.676,37.670,34.861,1,1,0.366,2.449,,2260,31
"CrossingSweep",2250,4,216,39.732,39.712,35.784,1,1,0.359,3.589,,2248,31
"CrossingSweep",2250,4,217,36.166,36.186,33.288,1,1,0.328,2.550,,2244,30
"CrossingSweep",2250,4,218,35.582,35.567,32.527,1,1,0.377,2.678,,2223,31
"CrossingSweep",2250,4,219,37.933,37.941,34.956,1,1,0.355,2.622,,2223,30
"CrossingSweep",2250,4,220,37.386,37.371,34.141,1,1,0.373,2.872,,2254,31
"CrossingSweep",2250,4,221,36.116,36.127,33.232,1,1,0.345,2.538,,2230,30
"CrossingSweep",2250,4,222,36.648,36.647,33.696,1,1,0.356,2.596,,2253,31
"CrossingSweep",2250,4,223,38.285,38.254,34.733,1,1,0.347,3.205,,2255,31
"CrossingSweep",2250,4,224,37.599,37.626,34.520,1,1,0.365,2.714,,2261,30
"CrossingSweep",2250,4,225,37.425,37.427,33.734,1,1,0.358,3.334,,2261,31
"CrossingSweep",2250,4,226,36.979,36.967,33.779,1,1,0.353,2.847,,2265,31
"CrossingSweep",2250,4,227,36.210,36.158,33.002,1,1,0.368,2.840,,2250,31
"CrossingSweep",2250,4,228,36.114,36.131,33.336,1,1,0.353,2.425,,2248,30
"CrossingSweep",2250,4,229,36.878,36.917,33.915,1,1,0.354,2.609,,2252,31
"CrossingSweep",2250,4,230,36.197,36.190,33.000,1,1,0.351,2.845,,2257,31
"CrossingSweep",2250,4,231,38.094,38.091,34.846,1,1,0.479,2.769,,2239,31
"CrossingSweep",2250,4,232,36.640,36.641,33.072,1,1,0.346,3.222,,2212,31
"CrossingSweep",2250,4,233,36.921,36.917,33.907,1,1,0.386,2.628,,2235,31
"CrossingSweep",2250,4,234,36.338,36.339,33.442,1,1,0.336,2.561,,2240,31
"CrossingSweep",2250,4,235,36.796,36.802,33.837,1,1,0.402,2.557,,2251,31
"CrossingSweep",2250,4,236,37.436,37.423,33.531,1,1,0.343,3.562,,2244,31
"CrossingSweep",2250,4,237,36.719,36.721,33.584,1,1,0.343,2.792,,2218,31
"CrossingSweep",2250,4,238,38.546,38.553,35.671,1,1,0.363,2.512,,2225,31
"CrossingSweep",2250,4,239,35.494,35.472,32.528,1,1,0.358,2.607,,2256,31
"CrossingSweep",2250,4,240,42.941,42.950,38.841,1,1,0.343,3.756,,2252,31
"CrossingSweep",2250,4,241,36.218,36.219,32.782,1,1,0.366,3.070,,2240,31
"CrossingSweep",2250,4,242,36.675,36.670,33.795,1,1,0.370,2.510,,2256,31
"CrossingSweep",2250,4,243,37.112,37.119,34.303,1,1,0.342,2.468,,2228,31
"CrossingSweep",2250,4,244,36.548,36.537,33.716,1,1,0.346,2.486,,2243,31
"CrossingSweep",2250,4,245,36.630,36.630,33.728,1,1,0.355,2.547,,2240,31
"CrossingSweep",2250,4,246,36.495,36.497,33.666,1,1,0.350,2.478,,2254,31
"CrossingSweep",2250,4,247,37.289,37.276,34.015,1,1,0.365,2.908,,2251,31
"CrossingSweep",2250,4,248,36.962,36.968,33.308,1,1,0.350,3.303,,2253,31
"CrossingSweep",2250,4,249,37.898,37.898,33.799,1,1,0.359,3.739,,2256,31
"CrossingSweep",2250,4,250,36.457,36.455,33.065,1,1,0.333,3.059,,2258,31
"CrossingSweep",2250,4,251,39.092,39.078,34.840,1,1,0.365,3.887,,2260,31
"CrossingSweep",2250,4,252,40.496,40.493,37.437,1,1,0.359,2.700,,2253,30
"CrossingSweep",2250,4,253,37.621,37.631,34.634,1,1,0.415,2.572,,2258,31
"CrossingSweep",2250,4,254,37.880,37.873,33.620,1,1,0.501,3.758,,2260,31
"CrossingSweep",2250,4,255,37.733,37.740,34.649,1,1,0.358,2.726,,2253,31
"CrossingSweep",2250,4,256,42.065,42.061,39.074,1,1,0.351,2.641,,2236,31
"CrossingSweep",2250,4,257,36.115,36.108,33.167,1,1,0.345,2.604,,2238,31
"CrossingSweep",2250,4,258,43.397,43.387,39.203,1,1,0.419,3.776,,2235,31
"CrossingSweep",2250,4,259,37.947,37.957,34.380,1,1,0.355,3.211,,2216,31
"CrossingSweep",2250,4,260,36.126,36.118,32.879,1,1,0.337,2.911,,2243,31
"CrossingSweep",2250,4,261,37.650,37.656,34.829,1,1,0.354,2.467,,2254,30
"CrossingSweep",2250,4,262,37.943,37.945,33.493,1,1,0.321,4.129,,2248,31
"CrossingSweep",2250,4,263,36.415,36.415,33.902,1,1,0.323,2.189,,2223,31
"CrossingSweep",2250,4,264,40.472,40.468,37.920,1,1,0.366,2.187,,2235,31
"CrossingSweep",2250,4,265,35.263,35.261,32.758,1,1,0.324,2.180,,2236,31
"CrossingSweep",2250,4,266,36.796,36.800,33.873,1,1,0.445,2.478,,2219,31
"CrossingSweep",2250,4,267,36.004,35.997,33.445,1,1,0.341,2.219,,2215,31
"CrossingSweep",2250,4,268,35.764,35.766,33.311,1,1,0.340,2.113,,2245,31
"CrossingSweep",2250,4,269,35.622,35.624,33.135,1,1,0.360,2.128,,2224,31
"CrossingSweep",2250,4,270,36.719,36.714,34.186,1,1,0.327,2.206,,2230,31
"CrossingSweep",2250,4,271,36.877,36.875,34.358,1,1,0.349,2.170,,2241,31
"CrossingSweep",2250,4,272,35.916,35.914,33.401,1,1,0.358,2.157,,2245,31
"CrossingSweep",2250,4,273,37.015,36.967,34.576,1,1,0.329,2.110,,2232,30
"CrossingSweep",2250,4,274,37.978,38.019,34.794,1,1,0.357,2.827,,2244,31
"CrossingSweep",2250,4,275,36.318,36.312,33.078,1,1,0.358,2.882,,2237,29
"CrossingSweep",2250,4,276,36.075,36.083,33.545,1,1,0.358,2.173,,2241,31
"CrossingSweep",2250,4,277,36.900,36.886,33.940,1,1,0.353,2.607,,2251,31
"CrossingSweep",2250,4,278,35.967,35.974,33.569,1,1,0.354,2.044,,2236,31
"CrossingSweep",2250,4,279,36.341,36.341,33.825,1,1,0.355,2.161,,2224,31
"CrossingSweep",2250,4,280,35.576,35.577,33.068,1,1,0.352,2.157,,2216,31
"CrossingSweep",2250,4,281,36.475,36.471,33.718,1,1,0.345,2.412,,2233,31
"CrossingSweep",2250,4,282,38.534,38.533,35.917,1,1,0.372,2.245,,2255,31
"CrossingSweep",2250,4,283,37.067,37.065,34.568,1,1,0.357,2.142,,2232,31
"CrossingSweep",2250,4,284,39.017,39.007,35.135,1,1,0.584,3.299,,2239,31
"CrossingSweep",2250,4,285,37.011,37.020,34.490,1,1,0.349,2.172,,2236,31
"CrossingSweep",2250,4,286,40.285,40.274,36.430,1,1,0.353,3.503,,2220,31
"CrossingSweep",2250,4,287,40.051,40.059,37.382,1,1,0.390,2.278,,2232,30
"CrossingSweep",2250,4,288,41.490,41.487,38.465,1,1,0.355,2.670,,2231,31
"CrossingSweep",2250,4,289,42.369,42.363,38.312,1,1,0.373,3.685,,2237,31
"CrossingSweep",2250,4,290,39.638,39.638,37.008,1,1,0.360,2.269,,2226,31
"CrossingSweep",2250,4,291,37.663,37.665,34.438,1,1,0.349,2.876,,2232,31
"CrossingSweep",2250,4,292,37.589,37.586,35.146,1,1,0.350,2.093,,1988,31
"CrossingSweep",2250,4,293,35.872,35.870,33.474,1,1,0.331,2.068,,2258,31
"CrossingSweep",2250,4,294,37.618,37.620,34.603,1,1,0.505,2.510,,2251,31
"CrossingSweep",2250,4,295,37.195,37.197,34.760,1,1,0.336,2.100,,2252,31
"CrossingSweep",2250,4,296,38.437,38.431,35.921,1,1,0.370,2.146,,2254,31
"CrossingSweep",2250,4,297,36.764,36.751,33.836,1,1,0.403,2.526,,2268,31
"CrossingSweep",2250,4,298,36.398,36.407,33.900,1,1,0.361,2.137,,2250,31
"CrossingSweep",2250,4,299,37.115,37.112,34.419,1,1,0.369,2.327,,2265,29
"CrossingSweep",2500,4,0,46.168,46.147,42.038,1,1,0.394,3.737,,2362,33
"CrossingSweep",2500,4,1,49.911,49.933,47.316,1,1,0.416,2.179,,2499,33
"CrossingSweep",2500,4,2,45.928,45.920,43.352,1,1,0.403,2.173,,2492,33
"CrossingSweep",2500,4,3,48.036,48.024,45.028,1,1,0.397,2.610,,2494,33
"CrossingSweep",2500,4,4,49.020,49.033,45.913,1,1,0.431,2.677,,2462,33
"CrossingSweep",2500,4,5,45.661,45.659,42.877,1,1,0.419,2.365,,2476,33
"CrossingSweep",2500,4,6,44.837,44.839,42.303,1,1,0.401,2.134,,2441,33
"CrossingSweep",2500,4,7,43.928,43.917,40.926,1,1,0.400,2.602,,2485,33
"CrossingSweep",2500,4,8,46.885,46.893,44.264,1,1,0.414,2.207,,2469,33
"CrossingSweep",2500,4,9,49.305,49.292,45.958,1,1,0.408,2.939,,2459,33
"CrossingSweep",2500,4,10,48.649,48.649,44.741,1,1,0.396,3.513,,2475,32
"CrossingSweep",2500,4,11,45.671,45.677,42.848,1,1,0.405,2.419,,2476,33
"CrossingSweep",2500,4,12,48.712,48.712,46.005,1,1,0.427,2.280,,2466,31
"CrossingSweep",2500,4,13,49.007,48.909,45.318,1,1,0.411,3.278,,2487,33
"CrossingSweep",2500,4,14,45.041,45.120,41.997,1,1,0.401,2.643,,2429,32
"CrossingSweep",2500,4,15,46.732,46.728,43.859,1,1,0.400,2.473,,2477,31
"CrossingSweep",2500,4,16,46.665,46.680,44.114,1,1,0.397,2.154,,2486,33
"CrossingSweep",2500,4,17,45.987,45.985,43.389,1,1,0.396,2.203,,2480,32
"CrossingSweep",2500,4,18,47.237,47.224,44.146,1,1,0.411,2.680,,2483,33
"CrossingSweep",2500,4,19,44.842,44.850,42.274,1,1,0.406,2.162,,620,33
"CrossingSweep",2500,4,20,46.239,46.234,42.849,1,1,0.407,2.983,,2465,33
"CrossingSweep",2500,4,21,48.758,48.761,45.870,1,1,0.428,2.460,,2488,33
"CrossingSweep",2500,4,22,50.777,50.774,46.532,1,1,0.415,3.830,,2477,33
"CrossingSweep",2500,4,23,46.684,46.677,43.488,1,1,0.419,2.777,,2483,33
"CrossingSweep",2500,4,24,47.452,47.454,44.710,1,1,0.390,2.352,,2470,29
"CrossingSweep",2500,4,25,46.417,46.417,43.735,1,1,0.433,2.249,,2493,33
"CrossingSweep",2500,4,26,47.136,47.136,44.287,1,1,0.411,2.439,,2503,33
"CrossingSweep",2500,4,27,46.471,46.467,43.639,1,1,0.478,2.354,,2492,33
"CrossingSweep",2500,4,28,45.841,45.836,42.809,1,1,0.402,2.631,,2490,32
"CrossingSweep",2500,4,29,46.454,46.458,43.313,1,1,0.406,2.735,,2474,33
"CrossingSweep",2500,4,30,45.658,45.650,42.879,1,1,0.409,2.369,,2504,33
"CrossingSweep",2500,4,31,46.100,46.106,42.541,1,1,0.409,3.150,,2492,31
"CrossingSweep",2500,4,32,46.029,46.026,43.139,1,1,0.427,2.463,,2503,33
"CrossingSweep",2500,4,33,53.292,53.278,49.340,1,1,0.408,3.544,,2499,33
"CrossingSweep",2500,4,34,46.103,46.125,43.531,1,1,0.415,2.158,,2499,32
"CrossingSweep",2500,4,35,45.682,45.669,42.157,1,1,0.395,3.130,,2487,33
"CrossingSweep",2500,4,36,45.505,45.506,42.794,1,1,0.418,2.293,,2504,33
"CrossingSweep",2500,4,37,46.768,46.755,43.581,1,1,0.422,2.766,,2502,33
"CrossingSweep",2500,4,38,45.105,45.113,42.303,1,1,0.400,2.403,,2505,31
"CrossingSweep",2500,4,39,44.721,44.724,42.139,1,1,0.399,2.183,,2503,33
"CrossingSweep",2500,4,40,45.065,45.061,42.483,1,1,0.395,2.188,,2509,33
"CrossingSweep",2500,4,41,45.996,45.995,42.548,1,1,0.411,3.038,,2479,32
"CrossingSweep",2500,4,42,45.969,45.966,43.352,1,1,0.398,2.220,,2499,32
"CrossingSweep",2500,4,43,45.701,45.701,43.056,1,1,0.392,2.253,,2503,33
"CrossingSweep",2500,4,44,45.580,45.574,42.127,1,1,0.411,3.042,,2504,33
"CrossingSweep",2500,4,45,45.034,45.037,42.066,1,1,0.413,2.555,,2499,33
"CrossingSweep",2500,4,46,44.752,44.749,42.102,1,1,0.412,2.239,,2507,33
"CrossingSweep",2500,4,47,48.302,48.300,45.634,1,1,0.416,2.252,,2497,33
"CrossingSweep",2500,4,48,45.982,45.985,42.764,1,1,0.402,2.816,,2490,33
"CrossingSweep",2500,4,49,45.956,45.928,42.651,1,1,0.405,2.900,,2512,31
"CrossingSweep",2500,4,50,46.128,46.144,41.907,1,1,0.400,3.821,,2506,33
"CrossingSweep",2500,4,51,45.147,45.149,42.495,1,1,0.423,2.229,,2477,33
"CrossingSweep",2500,4,52,46.423,46.421,43.758,1,1,0.418,2.247,,2503,30
"CrossingSweep",2500,4,53,44.934,44.938,42.201,1,1,0.433,2.301,,2501,33
"CrossingSweep",2500,4,54,44.935,44.929,42.208,1,1,0.409,2.318,,2504,33
"CrossingSweep",2500,4,55,49.654,49.648,45.573,1,1,0.399,3.682,,2508,33
"CrossingSweep",2500,4,56,45.312,45.317,42.715,1,1,0.407,2.190,,2492,33
"CrossingSweep",2500,4,57,44.486,44.483,41.801,1,1,0.396,2.289,,2499,33
"CrossingSweep",2500,4,58,45.718,45.719,42.900,1,1,0.409,2.410,,2507,33
"CrossingSweep",2500,4,59,44.794,44.794,42.142,1,1,0.397,2.254,,2504,32
"CrossingSweep",2500,4,60,44.945,44.945,42.322,1,1,0.402,2.221,,2503,33
"CrossingSweep",2500,4,61,45.991,45.985,43.325,1,1,0.400,2.267,,2508,33
"CrossingSweep",2500,4,62,47.202,47.196,44.061,1,1,0.398,2.744,,2508,31
"CrossingSweep",2500,4,63,45.082,45.085,42.366,1,1,0.395,2.321,,2502,33
"CrossingSweep",2500,4,64,49.357,49.356,46.553,1,1,0.438,2.366,,2507,32
"CrossingSweep",2500,4,65,45.089,45.085,42.449,1,1,0.407,2.234,,2511,33
"CrossingSweep",2500,4,66,45.126,45.123,42.085,1,1,0.396,2.645,,2514,33
"CrossingSweep",2500,4,67,45.579,45.582,42.964,1,1,0.402,2.213,,2499,32
"CrossingSweep",2500,4,68,48.112,48.101,43.755,1,1,0.387,3.971,,2510,33
"CrossingSweep",2500,4,69,45.129,45.139,42.525,1,1,0.400,2.204,,2501,32
"CrossingSweep",2500,4,70,50.337,50.325,47.460,1,1,0.397,2.480,,2502,32
"CrossingSweep",2500,4,71,45.707,45.708,42.456,1,1,0.383,2.868,,2312,33
"CrossingSweep",2500,4,72,46.119,46.125,43.477,1,1,0.411,2.230,,2511,33
"CrossingSweep",2500,4,73,46.074,46.072,43.537,1,1,0.406,2.132,,2495,33
"CrossingSweep",2500,4,74,45.194,45.194,42.258,1,1,0.386,2.550,,2504,33
"CrossingSweep",2500,4,75,45.943,45.899,42.451,1,1,0.392,3.100,,2430,33
"CrossingSweep",2500,4,76,45.776,45.815,43.187,1,1,0.385,2.204,,2496,33
"CrossingSweep",2500,4,77,44.448,44.443,41.944,1,1,0.378,2.125,,2494,33
"CrossingSweep",2500,4,78,44.121,44.123,41.565,1,1,0.395,2.161,,2496,32
"CrossingSweep",2500,4,79,45.461,45.440,41.751,1,1,0.389,3.321,,2507,33
"CrossingSweep",2500,4,80,46.250,46.239,42.225,1,1,0.403,3.622,,2511,33
"CrossingSweep",2500,4,81,44.383,44.406,41.619,1,1,0.403,2.361,,2511,33
"CrossingSweep",2500,4,82,45.498,45.493,41.374,1,1,0.393,3.731,,2412,33
"CrossingSweep",2500,4,83,43.383,43.389,40.823,1,1,0.391,2.169,,2510,32
"CrossingSweep",2500,4,84,44.444,44.435,41.624,1,1,0.386,2.434,,2501,33
"CrossingSweep",2500,4,85,45.595,45.574,42.321,1,1,0.404,2.870,,2436,33
"CrossingSweep",2500,4,86,48.832,48.858,46.210,1,1,0.392,2.229,,2509,32
"CrossingSweep",2500,4,87,45.127,45.118,41.670,1,1,0.382,3.076,,2471,33
"CrossingSweep",2500,4,88,44.624,44.625,41.588,1,1,0.395,2.641,,2501,33
"CrossingSweep",2500,4,89,44.193,44.188,41.470,1,1,0.384,2.338,,2504,33
"CrossingSweep",2500,4,90,45.917,45.919,43.088,1,1,0.413,2.416,,2510,33
"CrossingSweep",2500,4,91,44.483,44.477,41.859,1,1,0.403,2.222,,2503,32
"CrossingSweep",2500,4,92,45.935,45.932,42.790,1,1,0.393,2.752,,2511,30
"CrossingSweep",2500,4,93,46.454,46.452,42.474,1,1,0.385,3.595,,2506,33
"CrossingSweep",2500,4,94,44.228,44.233,41.539,1,1,0.420,2.269,,2485,31
"CrossingSweep",2500,4,95,46.466,46.461,42.691,1,1,0.422,3.353,,2510,31
"CrossingSweep",2500,4,96,47.798,47.795,45.072,1,1,0.415,2.312,,2497,31
"CrossingSweep",2500,4,97,46.035,46.032,43.391,1,1,0.408,2.236,,2506,33
"CrossingSweep",2500,4,98,46.349,46.348,43.668,1,1,0.410,2.271,,2490,33
"CrossingSweep",2500,4,99,44.785,44.764,41.516,1,1,0.416,2.853,,2504,32
"CrossingSweep",2500,4,100,44.877,44.896,42.230,1,1,0.400,2.248,,2507,33
"CrossingSweep",2500,4,101,44.119,44.108,40.898,1,1,0.391,2.830,,2502,32
"CrossingSweep",2500,4,102,44.346,44.355,41.455,1,1,0.398,2.494,,2392,33
"CrossingSweep",2500,4,103,44.924,44.924,42.261,1,1,0.420,2.244,,2505,33
"CrossingSweep",2500,4,104,45.722,45.723,42.871,1,1,0.408,2.444,,2513,33
"CrossingSweep",2500,4,105,44.637,44.636,41.532,1,1,0.394,2.711,,2502,33
"CrossingSweep",2500,4,106,45.031,45.023,41.991,1,1,0.394,2.645,,2496,33
"CrossingSweep",2500,4,107,46.128,46.128,43.421,1,1,0.431,2.276,,2487,33
"CrossingSweep",2500,4,108,45.259,45.261,42.584,1,1,0.401,2.273,,2506,32
"CrossingSweep",2500,4,109,47.776,47.768,44.294,1,1,0.413,3.069,,2509,33
"CrossingSweep",2500,4,110,45.258,45.258,42.614,1,1,0.399,2.245,,2501,33
"CrossingSweep",2500,4,111,46.674,46.662,43.022,1,1,0.416,3.236,,2508,33
"CrossingSweep",2500,4,112,44.431,44.441,41.826,1,1,0.399,2.207,,2490,33
"CrossingSweep",2500,4,113,44.824,44.824,42.137,1,1,0.396,2.290,,2509,33
"CrossingSweep",2500,4,114,45.768,45.765,43.079,1,1,0.402,2.287,,2507,33
"CrossingSweep",2500,4,115,45.826,45.824,42.213,1,1,0.415,3.199,,2504,31
"CrossingSweep",2500,4,116,45.769,45.759,42.780,1,1,0.398,2.591,,2342,32
"CrossingSweep",2500,4,117,45.143,45.148,42.449,1,1,0.410,2.284,,2510,33
"CrossingSweep",2500,4,118,46.025,46.003,42.341,1,1,0.405,3.279,,2424,33
"CrossingSweep",2500,4,119,47.122,47.138,44.458,1,1,0.394,2.271,,2508,32
"CrossingSweep",2500,4,120,44.487,44.493,41.406,1,1,0.486,2.596,,2494,33
"CrossingSweep",2500,4,121,48.332,48.320,44.825,1,1,0.403,3.104,,2477,33
"CrossingSweep",2500,4,122,48.016,48.019,45.136,1,1,0.456,2.425,,2505,33
"CrossingSweep",2500,4,123,44.426,44.431,41.803,1,1,0.409,2.214,,2488,33
"CrossingSweep",2500,4,124,44.709,44.694,41.695,1,1,0.378,2.636,,2471,33
"CrossingSweep",2500,4,125,45.389,45.398,42.629,1,1,0.443,2.317,,2480,33
"CrossingSweep",2500,4,126,43.518,43.513,40.849,1,1,0.399,2.270,,2475,32
"CrossingSweep",2500,4,127,44.348,44.346,41.690,1,1,0.407,2.251,,2424,32
"CrossingSweep",2500,4,128,47.424,47.416,43.861,1,1,0.408,3.156,,2470,33
"CrossingSweep",2500,4,129,49.578,49.590,47.001,1,1,0.398,2.179,,2463,33
"CrossingSweep",2500,4,130,46.652,46.646,43.707,1,1,0.427,2.518,,2473,32
"CrossingSweep",2500,4,131,46.596,46.596,43.845,1,1,0.418,2.332,,2470,32
"CrossingSweep",2500,4,132,45.065,45.058,42.351,1,1,0.405,2.309,,2475,33
"CrossingSweep",2500,4,133,46.008,46.010,43.351,1,1,0.410,2.248,,2481,32
"CrossingSweep",2500,4,134,46.696,46.687,42.471,1,1,0.419,3.806,,2469,33
"CrossingSweep",2500,4,135,47.880,47.884,45.172,1,1,0.406,2.302,,2477,33
"CrossingSweep",2500,4,136,45.178,45.176,42.626,1,1,0.393,2.160,,2513,33
"CrossingSweep",2500,4,137,45.698,45.698,42.503,1,1,0.403,2.793,,2426,33
"CrossingSweep",2500,4,138,44.656,44.651,41.871,1,1,0.392,2.394,,2515,32
"CrossingSweep",2500,4,139,44.667,44.665,42.010,1,1,0.405,2.252,,2511,33
"CrossingSweep",2500,4,140,46.303,46.302,43.684,1,1,0.397,2.222,,2199,33
"CrossingSweep",2500,4,141,45.368,45.367,42.638,1,1,0.404,2.327,,2504,33
"CrossingSweep",2500,4,142,46.510,46.498,42.635,1,1,0.390,3.485,,2510,33
"CrossingSweep",2500,4,143,47.046,47.056,44.370,1,1,0.435,2.240,,2504,33
"CrossingSweep",2500,4,144,46.312,46.311,43.569,1,1,0.410,2.334,,2512,33
"CrossingSweep",2500,4,145,46.611,46.609,43.996,1,1,0.409,2.206,,2474,33
"CrossingSweep",2500,4,146,45.564,45.555,42.057,1,1,0.481,3.026,,2477,33
"CrossingSweep",2500,4,147,45.659,45.666,42.856,1,1,0.408,2.396,,2491,33
"CrossingSweep",2500,4,148,45.884,45.881,43.222,1,1,0.406,2.256,,2476,32
"CrossingSweep",2500,4,149,45.864,45.868,43.206,1,1,0.410,2.248,,2498,33
"CrossingSweep",2500,4,150,47.315,47.307,43.563,1,1,0.411,3.341,,2487,33
"CrossingSweep",2500,4,151,45.157,45.147,42.485,1,1,0.403,2.269,,2479,33
"CrossingSweep",2500,4,152,46.241,46.251,43.571,1,1,0.421,2.249,,2478,33
"CrossingSweep",2500,4,153,45.319,45.312,42.373,1,1,0.409,2.537,,2484,33
"CrossingSweep",2500,4,154,44.302,44.307,41.596,1,1,0.398,2.308,,2474,33
"CrossingSweep",2500,4,155,46.625,46.618,43.771,1,1,0.407,2.448,,2496,32
"CrossingSweep",2500,4,156,45.725,45.710,42.559,1,1,0.405,2.760,,2484,32
"CrossingSweep",2500,4,157,45.646,45.659,42.944,1,1,0.398,2.304,,2307,31
"CrossingSweep",2500,4,158,45.075,45.064,42.367,1,1,0.406,2.302,,2494,33
"CrossingSweep",2500,4,159,47.291,47.291,43.486,1,1,0.454,3.351,,2499,33
"CrossingSweep",2500,4,160,45.961,45.966,43.124,1,1,0.414,2.423,,2499,32
"CrossingSweep",2500,4,161,47.996,47.995,44.738,1,1,0.492,2.767,,2498,33
"CrossingSweep",2500,4,162,46.253,46.236,42.263,1,1,0.400,3.591,,2498,33
"CrossingSweep",2500,4,163,45.585,45.547,42.781,1,1,0.415,2.389,,2497,33
"CrossingSweep",2500,4,164,45.575,45.622,42.862,1,1,0.410,2.303,,2510,33
"CrossingSweep",2500,4,165,47.511,47.499,44.029,1,1,0.410,3.072,,2482,32
"CrossingSweep",2500,4,166,46.374,46.385,42.999,1,1,0.417,2.958,,2480,33
"CrossingSweep",2500,4,167,46.139,46.126,42.949,1,1,0.412,2.778,,2502,33
"CrossingSweep",2500,4,168,48.318,48.319,44.527,1,1,0.407,3.385,,2505,33
"CrossingSweep",2500,4,169,45.745,45.751,42.921,1,1,0.408,2.416,,2506,33
"CrossingSweep",2500,4,170,46.678,46.673,43.765,1,1,0.421,2.492,,2511,33
"CrossingSweep",2500,4,171,50.074,50.067,45.971,1,1,0.429,3.674,,2505,32
"CrossingSweep",2500,4,172,46.766,46.777,43.862,1,1,0.434,2.470,,2437,33
"CrossingSweep",2500,4,173,46.697,46.689,43.347,1,1,0.413,2.937,,2508,32
"CrossingSweep",2500,4,174,48.057,48.052,44.765,1,1,0.408,2.884,,2504,33
"CrossingSweep",2500,4,175,46.699,46.703,44.016,1,1,0.414,2.268,,2485,33
"CrossingSweep",2500,4,176,48.305,48.301,45.424,1,1,0.416,2.466,,2491,33
"CrossingSweep",2500,4,177,48.131,48.131,45.259,1,1,0.446,2.426,,2475,33
"CrossingSweep",2500,4,178,46.080,46.078,43.303,1,1,0.470,2.307,,2503,33
"CrossingSweep",2500,4,179,47.367,47.370,44.683,1,1,0.419,2.265,,2501,33
"CrossingSweep",2500,4,180,49.485,49.475,45.825,1,1,0.422,3.239,,2487,33
"CrossingSweep",2500,4,181,48.317,48.320,44.918,1,1,0.414,2.984,,2475,33
"CrossingSweep",2500,4,182,46.845,46.843,43.991,1,1,0.418,2.436,,2510,33
"CrossingSweep",2500,4,183,47.202,47.200,44.443,1,1,0.418,2.341,,2513,32
"CrossingSweep",2500,4,184,48.981,48.975,45.640,1,1,0.412,2.929,,2501,33
"CrossingSweep",2500,4,185,48.208,48.213,45.458,1,1,0.420,2.331,,2516,33
"CrossingSweep",2500,4,186,47.661,47.656,44.420,1,1,0.428,2.813,,2510,33
"CrossingSweep",2500,4,187,48.862,48.865,46.200,1,1,0.409,2.254,,2511,33
"CrossingSweep",2500,4,188,47.088,47.090,44.316,1,1,0.432,2.341,,2482,33
"CrossingSweep",2500,4,189,48.223,48.216,44.920,1,1,0.424,2.879,,2505,32
"CrossingSweep",2500,4,190,48.970,48.969,46.229,1,1,0.417,2.325,,2480,31
"CrossingSweep",2500,4,191,49.456,49.455,46.540,1,1,0.465,2.451,,2492,33
"CrossingSweep",2500,4,192,48.293,48.290,45.384,1,1,0.432,2.478,,2516,33
"CrossingSweep",2500,4,193,48.773,48.772,45.304,1,1,0.436,3.033,,2500,33
"CrossingSweep",2500,4,194,48.140,48.137,45.160,1,1,0.436,2.544,,2511,33
"CrossingSweep",2500,4,195,48.275,48.274,45.361,1,1,0.410,2.504,,2503,33
"CrossingSweep",2500,4,196,48.442,48.425,45.022,1,1,0.419,3.001,,2503,32
"CrossingSweep",2500,4,197,48.309,48.323,45.375,1,1,0.414,2.520,,2483,33
"CrossingSweep",2500,4,198,48.698,48.695,45.738,1,1,0.461,2.499,,2506,33
"CrossingSweep",2500,4,199,46.872,46.862,44.095,1,1,0.403,2.373,,2509,32
"CrossingSweep",2500,4,200,49.249,49.243,45.813,1,1,0.400,3.037,,2504,33
"CrossingSweep",2500,4,201,45.999,46.015,43.272,1,1,0.402,2.326,,2507,33
"CrossingSweep",2500,4,202,46.648,46.646,43.651,1,1,0.413,2.584,,2502,33
"CrossingSweep",2500,4,203,48.267,48.265,45.168,1,1,0.482,2.617,,2503,33
"CrossingSweep",2500,4,204,47.848,47.847,44.103,1,1,0.466,3.279,,2477,31
"CrossingSweep",2500,4,205,45.780,45.775,42.950,1,1,0.400,2.431,,2509,33
"CrossingSweep",2500,4,206,47.066,47.061,43.925,1,1,0.400,2.741,,1741,33
"CrossingSweep",2500,4,207,45.244,45.251,42.528,1,1,0.405,2.311,,2459,33
"CrossingSweep",2500,4,208,44.822,44.822,42.181,1,1,0.400,2.241,,2505,33
"CrossingSweep",2500,4,209,47.030,47.029,44.269,1,1,0.437,2.323,,2513,33
"CrossingSweep",2500,4,210,46.394,46.387,43.801,1,1,0.395,2.199,,2485,32
"CrossingSweep",2500,4,211,45.579,45.581,43.031,1,1,0.410,2.137,,2489,32
"CrossingSweep",2500,4,212,45.830,45.825,43.134,1,1,0.400,2.296,,2471,33
"CrossingSweep",2500,4,213,46.044,46.025,42.839,1,1,0.394,2.811,,2456,32
"CrossingSweep",2500,4,214,45.716,45.732,42.937,1,1,0.438,2.341,,2474,33
"CrossingSweep",2500,4,215,46.224,46.219,43.222,1,1,0.394,2.607,,2459,33
"CrossingSweep",2500,4,216,44.419,44.422,41.870,1,1,0.393,2.156,,2470,33
"CrossingSweep",2500,4,217,47.815,47.807,44.542,1,1,0.405,2.868,,2477,32
"CrossingSweep",2500,4,218,47.589,47.593,44.947,1,1,0.392,2.250,,2493,33
"CrossingSweep",2500,4,219,46.509,46.504,43.758,1,1,0.428,2.323,,2480,33
"CrossingSweep",2500,4,220,45.562,45.562,42.515,1,1,0.412,2.635,,2477,33
"CrossingSweep",2500,4,221,47.864,47.862,45.033,1,1,0.410,2.421,,2470,31
"CrossingSweep",2500,4,222,46.865,46.859,43.911,1,1,0.402,2.553,,2444,33
"CrossingSweep",2500,4,223,46.103,46.106,43.395,1,1,0.405,2.304,,2479,33
"CrossingSweep",2500,4,224,46.135,46.136,43.345,1,1,0.412,2.378,,2489,33
"CrossingSweep",2500,4,225,45.520,45.516,42.897,1,1,0.402,2.221,,2462,33
"CrossingSweep",2500,4,226,45.697,45.704,43.142,1,1,0.395,2.160,,2469,33
"CrossingSweep",2500,4,227,46.532,46.520,43.862,1,1,0.412,2.258,,2462,33
"CrossingSweep",2500,4,228,50.565,50.562,47.090,1,1,0.527,2.948,,2482,33
"CrossingSweep",2500,4,229,47.483,47.487,44.854,1,1,0.410,2.219,,2491,33
"CrossingSweep",2500,4,230,46.811,46.751,43.980,1,1,0.405,2.426,,2485,33
"CrossingSweep",2500,4,231,47.078,47.135,44.135,1,1,0.413,2.531,,2471,33
"CrossingSweep",2500,4,232,47.738,47.735,44.313,1,1,0.413,3.012,,2469,32
"CrossingSweep",2500,4,233,46.954,46.954,44.223,1,1,0.408,2.324,,2481,33
"CrossingSweep",2500,4,234,47.630,47.626,44.504,1,1,0.406,2.721,,2476,33
"CrossingSweep",2500,4,235,47.163,47.154,43.143,1,1,0.394,3.627,,2511,32
"CrossingSweep",2500,4,236,46.280,46.288,43.620,1,1,0.396,2.264,,2487,33
"CrossingSweep",2500,4,237,46.118,46.106,43.402,1,1,0.394,2.322,,2482,33
"CrossingSweep",2500,4,238,46.204,46.206,43.337,1,1,0.390,2.476,,2486,33
"CrossingSweep",2500,4,239,46.435,46.437,43.668,1,1,0.402,2.366,,2473,33
"CrossingSweep",2500,4,240,47.200,47.186,43.336,1,1,0.409,3.455,,2437,33
"CrossingSweep",2500,4,241,48.260,48.275,45.609,1,1,0.419,2.232,,2514,33
"CrossingSweep",2500,4,242,46.206,46.200,43.284,1,1,0.496,2.426,,2473,32
"CrossingSweep",2500,4,243,45.682,45.682,42.915,1,1,0.404,2.363,,2432,32
"CrossingSweep",2500,4,244,46.430,46.422,43.242,1,1,0.401,2.787,,2508,33
"CrossingSweep",2500,4,245,47.767,47.777,45.169,1,1,0.400,2.198,,2514,33
"CrossingSweep",2500,4,246,46.846,46.838,44.203,1,1,0.403,2.240,,2503,33
"CrossingSweep",2500,4,247,47.135,47.133,44.224,1,1,0.382,2.529,,2480,33
"CrossingSweep",2500,4,248,47.049,47.050,44.020,1,1,0.415,2.615,,2482,33
"CrossingSweep",2500,4,249,46.529,46.529,43.571,1,1,0.414,2.544,,2495,33
"CrossingSweep",2500,4,250,46.540,46.536,43.176,1,1,0.426,2.938,,2507,33
"CrossingSweep",2500,4,251,49.235,49.232,45.460,1,1,0.406,3.370,,2492,33
"CrossingSweep",2500,4,252,45.701,45.705,43.006,1,1,0.405,2.291,,2485,33
"CrossingSweep",2500,4,253,46.368,46.365,43.697,1,1,0.401,2.270,,2503,32
"CrossingSweep",2500,4,254,49.001,48.999,45.733,1,1,0.399,2.869,,1670,32
"CrossingSweep",2500,4,255,46.148,46.146,43.363,1,1,0.397,2.388,,2511,33
"CrossingSweep",2500,4,256,48.184,48.173,44.168,1,1,0.391,3.625,,2497,33
"CrossingSweep",2500,4,257,46.343,46.353,43.655,1,1,0.412,2.276,,2474,32
"CrossingSweep",2500,4,258,47.798,47.793,44.704,1,1,0.400,2.693,,2478,33
"CrossingSweep",2500,4,259,47.153,47.157,44.416,1,1,0.411,2.326,,2480,33
"CrossingSweep",2500,4,260,46.580,46.565,42.452,1,1,0.384,3.745,,2514,33
"CrossingSweep",2500,4,261,46.890,46.897,44.193,1,1,0.383,2.314,,2482,33
"CrossingSweep",2500,4,262,47.004,47.001,43.926,1,1,0.393,2.685,,2478,32
"CrossingSweep",2500,4,263,46.629,46.632,43.624,1,1,0.397,2.608,,2502,33
"CrossingSweep",2500,4,264,48.522,48.511,45.406,1,1,0.386,2.729,,2495,33
"CrossingSweep",2500,4,265,46.473,46.449,42.685,1,1,0.384,3.404,,2499,32
"CrossingSweep",2500,4,266,47.188,47.209,44.161,1,1,0.383,2.644,,2505,33
"CrossingSweep",2500,4,267,44.115,44.107,41.333,1,1,0.400,2.383,,2513,33
"CrossingSweep",2500,4,268,45.501,45.501,41.852,1,1,0.385,3.264,,2501,33
"CrossingSweep",2500,4,269,44.921,44.908,41.123,1,1,0.374,3.425,,2507,33
"CrossingSweep",2500,4,270,45.229,45.245,42.115,1,1,0.380,2.734,,2497,33
"CrossingSweep",2500,4,271,44.460,44.450,41.699,1,1,0.409,2.352,,2506,33
"CrossingSweep",2500,4,272,47.411,47.407,44.396,1,1,0.381,2.634,,2480,33
"CrossingSweep",2500,4,273,45.469,45.486,42.531,1,1,0.450,2.488,,2473,33
"CrossingSweep",2500,4,274,44.999,44.948,41.660,1,1,0.389,2.950,,2504,32
"CrossingSweep",2500,4,275,46.363,46.409,43.029,1,1,0.398,2.936,,2481,33
"CrossingSweep",2500,4,276,45.538,45.533,42.871,1,1,0.402,2.266,,2487,32
"CrossingSweep",2500,4,277,44.911,44.914,42.212,1,1,0.427,2.273,,2466,33
"CrossingSweep",2500,4,278,46.357,46.354,43.662,1,1,0.393,2.302,,2512,33
"CrossingSweep",2500,4,279,45.338,45.332,42.578,1,1,0.393,2.368,,2510,33
"CrossingSweep",2500,4,280,45.600,45.602,42.070,1,1,0.414,3.117,,2504,33
"CrossingSweep",2500,4,281,48.568,48.568,45.986,1,1,0.388,2.194,,2488,33
"CrossingSweep",2500,4,282,45.271,45.266,42.650,1,1,0.383,2.238,,2512,33
"CrossingSweep",2500,4,283,47.475,47.467,44.847,1,1,0.383,2.246,,2508,33
"CrossingSweep",2500,4,284,44.439,44.445,41.706,1,1,0.382,2.352,,2507,33
"CrossingSweep",2500,4,285,46.879,46.860,42.860,1,1,0.408,3.611,,2496,32
"CrossingSweep",2500,4,286,45.466,45.485,42.837,1,1,0.402,2.227,,2480,33
"CrossingSweep",2500,4,287,45.076,45.067,42.568,1,1,0.384,2.124,,2475,32
"CrossingSweep",2500,4,288,44.144,44.149,41.524,1,1,0.399,2.221,,2507,33
"CrossingSweep",2500,4,289,45.532,45.523,42.609,1,1,0.434,2.489,,2495,33
"CrossingSweep",2500,4,290,45.980,45.988,43.265,1,1,0.409,2.305,,2488,33
"CrossingSweep",2500,4,291,44.641,44.629,41.654,1,1,0.399,2.588,,2485,33
"CrossingSweep",2500,4,292,45.210,45.212,42.399,1,1,0.404,2.407,,2504,33
"CrossingSweep",2500,4,293,50.809,50.786,46.610,1,1,0.433,3.766,,2465,33
"CrossingSweep",2500,4,294,47.489,47.508,44.214,1,1,0.404,2.871,,2504,33
"CrossingSweep",2500,4,295,47.043,47.044,44.300,1,1,0.431,2.313,,2485,33
"CrossingSweep",2500,4,296,46.567,46.561,43.727,1,1,0.411,2.429,,2502,32
"CrossingSweep",2500,4,297,46.052,46.055,43.364,1,1,0.409,2.280,,2488,31
"CrossingSweep",2500,4,298,46.530,46.528,44.002,1,1,0.400,2.128,,2497,33
"CrossingSweep",2500,4,299,45.808,45.789,42.145,1,1,0.390,3.274,,2505,33
"CrossingSweep",1000,5,0,1.576,1.568,0.000,0,0,0.081,1.495,,981,18
"CrossingSweep",1000,5,1,1.298,1.295,0.000,0,0,0.084,1.214,,1026,17
"CrossingSweep",1000,5,2,1.471,1.471,0.000,0,0,0.072,1.399,,1004,18
"CrossingSweep",1000,5,3,8.795,8.783,6.926,1,0,0.159,1.710,,1005,18
"CrossingSweep",1000,5,4,2.244,2.243,0.000,0,0,0.079,2.165,,1005,18
"CrossingSweep",1000,5,5,1.954,1.958,0.000,0,0,0.131,1.822,,1010,18
"CrossingSweep",1000,5,6,2.851,2.825,0.000,0,0,0.074,2.778,,1008,18
"CrossingSweep",1000,5,7,8.771,8.783,6.936,1,0,0.197,1.639,,1004,18
"CrossingSweep",1000,5,8,1.659,1.671,0.000,0,0,0.084,1.576,,1012,18
"CrossingSweep",1000,5,9,3.422,3.407,0.000,0,0,0.114,3.309,,1012,18
"CrossingSweep",1000,5,10,1.759,1.780,0.000,0,0,0.185,1.574,,1004,18
"CrossingSweep",1000,5,11,2.326,2.310,0.000,0,0,0.086,2.240,,1003,18
"CrossingSweep",1000,5,12,8.841,8.837,6.706,1,0,0.126,2.009,,1010,18
"CrossingSweep",1000,5,13,2.180,2.184,0.000,0,0,0.088,2.092,,1010,18
"CrossingSweep",1000,5,14,1.587,1.601,0.000,0,0,0.189,1.399,,1008,18
"CrossingSweep",1000,5,15,1.532,1.525,0.000,0,0,0.072,1.460,,1005,18
"CrossingSweep",1000,5,16,4.521,4.480,0.000,0,0,0.076,4.445,,1013,18
"CrossingSweep",1000,5,17,8.544,8.572,6.682,1,0,0.157,1.705,,1007,18
"CrossingSweep",1000,5,18,3.462,3.452,0.000,0,0,0.074,3.388,,1011,18
"CrossingSweep",1000,5,19,1.595,1.614,0.000,0,0,0.119,1.475,,1015,18
"CrossingSweep",1000,5,20,8.484,8.465,6.701,1,0,0.140,1.644,,1012,18
"CrossingSweep",1000,5,21,3.794,3.796,0.000,0,0,0.078,3.716,,1013,18
"CrossingSweep",1000,5,22,1.722,1.737,0.000,0,0,0.097,1.625,,1014,17
"CrossingSweep",1000,5,23,5.263,5.243,0.000,0,0,0.081,5.182,,751,18
"CrossingSweep",1000,5,24,8.599,8.601,6.783,1,0,0.149,1.667,,1011,18
"CrossingSweep",1000,5,25,1.707,1.715,0.000,0,0,0.084,1.623,,1008,18
"CrossingSweep",1000,5,26,3.567,3.548,0.000,0,0,0.111,3.456,,959,18
"CrossingSweep",1000,5,27,8.511,8.528,6.709,1,0,0.168,1.634,,1002,18
"CrossingSweep",1000,5,28,1.770,1.775,0.000,0,0,0.082,1.688,,1007,17
"CrossingSweep",1000,5,29,3.583,3.565,0.000,0,0,0.074,3.509,,1009,18
"CrossingSweep",1000,5,30,1.702,1.703,0.000,0,0,0.115,1.587,,1009,18
"CrossingSweep",1000,5,31,1.764,1.774,0.000,0,0,0.089,1.675,,1011,18
"CrossingSweep",1000,5,32,8.776,8.768,7.055,1,0,0.130,1.590,,1015,18
"CrossingSweep",1000,5,33,3.304,3.295,0.000,0,0,0.085,3.218,,1009,18
"CrossingSweep",1000,5,34,2.820,2.831,0.000,0,0,0.096,2.724,,1009,18
"CrossingSweep",1000,5,35,4.743,4.721,0.000,0,0,0.078,4.665,,1012,18
"CrossingSweep",1000,5,36,8.797,8.820,6.956,1,0,0.150,1.691,,1009,18
"CrossingSweep",1000,5,37,3.430,3.403,0.000,0,0,0.077,3.353,,1005,18
"CrossingSweep",1000,5,38,1.596,1.622,0.000,0,0,0.144,1.453,,1017,18
"CrossingSweep",1000,5,39,8.471,8.455,6.685,1,0,0.154,1.633,,1012,18
"CrossingSweep",1000,5,40,3.231,3.215,0.000,0,0,0.097,3.134,,1013,18
"CrossingSweep",1000,5,41,4.082,4.100,0.000,0,0,0.149,3.934,,1014,18
"CrossingSweep",1000,5,42,8.844,8.828,6.959,1,0,0.146,1.740,,1016,18
"CrossingSweep",1000,5,43,2.374,2.386,0.000,0,0,0.099,2.275,,1015,17
"CrossingSweep",1000,5,44,2.012,2.025,0.000,0,0,0.127,1.885,,1013,18
"CrossingSweep",1000,5,45,3.552,3.516,0.000,0,0,0.073,3.479,,1011,18
"CrossingSweep",1000,5,46,8.688,8.708,6.381,1,0,0.176,2.131,,1012,18
"CrossingSweep",1000,5,47,6.073,6.050,0.000,0,0,0.090,5.983,,1000,18
"CrossingSweep",1000,5,48,1.715,1.744,0.000,0,0,0.111,1.605,,1014,18
"CrossingSweep",1000,5,49,8.584,8.580,6.859,1,0,0.138,1.587,,1009,18
"CrossingSweep",1000,5,50,3.113,3.101,0.000,0,0,0.072,3.041,,998,18
"CrossingSweep",1000,5,51,1.138,1.152,0.000,0,0,0.106,1.033,,1008,18
"CrossingSweep",1000,5,52,2.207,2.198,0.000,0,0,0.091,2.116,,1010,18
"CrossingSweep",1000,5,53,3.170,3.154,0.000,0,0,0.080,3.089,,1007,18
"CrossingSweep",1000,5,54,10.267,10.283,8.276,1,0,0.154,1.836,,1005,18
"CrossingSweep",1000,5,55,3.629,3.614,0.000,0,0,0.078,3.551,,1015,18
"CrossingSweep",1000,5,56,4.219,4.222,0.000,0,0,0.106,4.113,,1012,18
"CrossingSweep",1000,5,57,8.884,8.887,7.038,1,0,0.123,1.723,,1006,18
"CrossingSweep",1000,5,58,2.206,2.210,0.000,0,0,0.084,2.122,,1019,18
"CrossingSweep",1000,5,59,1.642,1.648,0.000,0,0,0.106,1.536,,1010,18
"CrossingSweep",1000,5,60,1.850,1.843,0.000,0,0,0.072,1.778,,1016,18
"CrossingSweep",1000,5,61,8.185,8.172,6.409,1,0,0.132,1.643,,1015,18
"CrossingSweep",1000,5,62,2.692,2.681,0.000,0,0,0.083,2.609,,1017,18
"CrossingSweep",1000,5,63,1.604,1.634,0.000,0,0,0.155,1.449,,1007,18
"CrossingSweep",1000,5,64,3.419,3.398,0.000,0,0,0.073,3.346,,1014,18
"CrossingSweep",1000,5,65,8.691,8.691,6.842,1,0,0.151,1.699,,1014,18
"CrossingSweep",1000,5,66,5.211,5.204,0.000,0,0,0.077,5.133,,1000,18
"CrossingSweep",1000,5,67,2.086,2.099,0.000,0,0,0.120,1.966,,1017,18
"CrossingSweep",1000,5,68,2.088,2.093,0.000,0,0,0.101,1.987,,1002,18
"CrossingSweep",1000,5,69,8.596,8.579,6.627,1,0,0.119,1.850,,1007,18
"CrossingSweep",1000,5,70,2.229,2.225,0.000,0,0,0.097,2.132,,978,18
"CrossingSweep",1000,5,71,2.061,2.076,0.000,0,0,0.092,1.969,,1012,18
"CrossingSweep",1000,5,72,5.928,5.914,0.000,0,0,0.081,5.847,,1014,18
"CrossingSweep",1000,5,73,8.583,8.589,6.707,1,0,0.141,1.735,,1020,18
"CrossingSweep",1000,5,74,10.160,10.119,0.000,0,0,0.077,10.083,,1010,18
"CrossingSweep",1000,5,75,8.404,8.442,6.605,1,0,0.170,1.629,,1010,18
"CrossingSweep",1000,5,76,1.805,1.807,0.000,0,0,0.078,1.727,,1013,18
"CrossingSweep",1000,5,77,3.594,3.571,0.000,0,0,0.075,3.519,,1015,18
"CrossingSweep",1000,5,78,8.911,8.922,6.719,1,0,0.150,2.042,,1007,18
"CrossingSweep",1000,5,79,5.054,5.022,0.000,0,0,0.117,4.937,,1015,18
"CrossingSweep",1000,5,80,8.813,8.825,6.278,1,0,0.140,2.394,,1014,18
"CrossingSweep",1000,5,81,1.990,2.019,0.000,0,0,0.120,1.870,,1008,18
"CrossingSweep",1000,5,82,5.790,5.766,0.000,0,0,0.105,5.684,,1017,18
"CrossingSweep",1000,5,83,9.116,9.119,7.268,1,0,0.138,1.711,,1015,18
"CrossingSweep",1000,5,84,3.120,3.113,0.000,0,0,0.081,3.039,,1005,18
"CrossingSweep",1000,5,85,6.020,5.870,0.000,0,0,0.140,5.880,,1019,18
"CrossingSweep",1000,5,86,8.789,8.950,6.947,1,0,0.183,1.659,,1015,18
"CrossingSweep",1000,5,87,1.932,1.923,0.000,0,0,0.105,1.827,,1011,18
"CrossingSweep",1000,5,88,2.963,2.952,0.000,0,0,0.083,2.880,,1014,18
"CrossingSweep",1000,5,89,1.583,1.611,0.000,0,0,0.123,1.460,,1018,18
"CrossingSweep",1000,5,90,8.270,8.259,6.414,1,0,0.124,1.732,,1002,18
"CrossingSweep",1000,5,91,4.043,4.025,0.000,0,0,0.096,3.948,,1010,18
"CrossingSweep",1000,5,92,1.547,1.573,0.000,0,0,0.116,1.431,,1001,18
"CrossingSweep",1000,5,93,1.759,1.744,0.000,0,0,0.077,1.682,,1012,18
"CrossingSweep",1000,5,94,3.692,3.661,0.000,0,0,0.074,3.618,,1010,18
"CrossingSweep",1000,5,95,8.319,8.353,6.543,1,0,0.158,1.617,,1015,18
"CrossingSweep",1000,5,96,7.052,6.997,0.000,0,0,0.080,6.972,,1005,18
"CrossingSweep",1000,5,97,8.380,8.426,6.617,1,0,0.157,1.607,,1011,17
"CrossingSweep",1000,5,98,3.964,3.953,0.000,0,0,0.106,3.858,,1003,18
"CrossingSweep",1000,5,99,2.376,2.376,0.000,0,0,0.120,2.257,,1013,18
"CrossingSweep",1000,5,100,5.533,5.533,0.000,0,0,0.097,5.435,,1009,18
"CrossingSweep",1000,5,101,8.755,8.763,7.000,1,0,0.153,1.603,,1011,18
"CrossingSweep",1000,5,102,1.864,1.866,0.000,0,0,0.072,1.793,,1013,18
"CrossingSweep",1000,5,103,3.997,3.992,0.000,0,0,0.075,3.922,,1015,18
"CrossingSweep",1000,5,104,8.820,8.808,6.681,1,0,0.132,2.008,,1013,18
"CrossingSweep",1000,5,105,3.383,3.382,0.000,0,0,0.135,3.247,,1003,18
"CrossingSweep",1000,5,106,1.648,1.667,0.000,0,0,0.145,1.503,,994,18
"CrossingSweep",1000,5,107,8.355,8.345,6.613,1,0,0.138,1.604,,1004,18
"CrossingSweep",1000,5,108,3.906,3.882,0.000,0,0,0.071,3.835,,1001,18
"CrossingSweep",1000,5,109,1.479,1.509,0.000,0,0,0.103,1.377,,1006,18
"CrossingSweep",1000,5,110,1.786,1.780,0.000,0,0,0.081,1.705,,1003,18
"CrossingSweep",1000,5,111,1.218,1.224,0.000,0,0,0.080,1.138,,1016,18
"CrossingSweep",1000,5,112,8.667,8.652,6.899,1,0,0.145,1.624,,1016,18
"CrossingSweep",1000,5,113,2.384,2.385,0.000,0,0,0.077,2.308,,1014,18
"CrossingSweep",1000,5,114,5.307,5.292,0.000,0,0,0.079,5.228,,1019,18
"CrossingSweep",1000,5,115,8.445,8.462,6.644,1,0,0.155,1.646,,1012,18
"CrossingSweep",1000,5,116,1.782,1.784,0.000,0,0,0.104,1.678,,1018,18
"CrossingSweep",1000,5,117,3.638,3.623,0.000,0,0,0.072,3.566,,1019,18
"CrossingSweep",1000,5,118,2.045,2.059,0.000,0,0,0.115,1.930,,1015,18
"CrossingSweep",1000,5,119,1.428,1.424,0.000,0,0,0.097,1.331,,1015,18
"CrossingSweep",1000,5,120,7.864,7.855,6.164,1,0,0.133,1.567,,1013,18
"CrossingSweep",1000,5,121,5.341,5.336,0.000,0,0,0.071,5.270,,1014,18
"CrossingSweep",1000,5,122,1.617,1.635,0.000,0,0,0.114,1.503,,1016,18
"CrossingSweep",1000,5,123,2.544,2.521,0.000,0,0,0.073,2.471,,1001,18
"CrossingSweep",1000,5,124,8.809,8.813,6.709,1,0,0.156,1.945,,1013,18
"CrossingSweep",1000,5,125,1.867,1.878,0.000,0,0,0.073,1.794,,1010,18
"CrossingSweep",1000,5,126,3.251,3.224,0.000,0,0,0.074,3.177,,1014,18
"CrossingSweep",1000,5,127,1.040,1.060,0.000,0,0,0.101,0.939,,1010,18
"CrossingSweep",1000,5,128,8.176,8.173,6.385,1,0,0.125,1.666,,918,18
"CrossingSweep",1000,5,129,1.848,1.842,0.000,0,0,0.098,1.750,,1088,18
"CrossingSweep",1000,5,130,2.768,2.763,0.000,0,0,0.072,2.696,,1007,18
"CrossingSweep",1000,5,131,2.082,2.093,0.000,0,0,0.109,1.974,,1014,18
"CrossingSweep",1000,5,132,1.653,1.661,0.000,0,0,0.092,1.561,,1012,18
"CrossingSweep",1000,5,133,4.937,4.914,0.000,0,0,0.068,4.869,,987,18
"CrossingSweep",1000,5,134,8.697,8.697,6.768,1,0,0.160,1.769,,997,18
"CrossingSweep",1000,5,135,3.478,3.474,0.000,0,0,0.109,3.369,,1011,18
"CrossingSweep",1000,5,136,8.585,8.596,6.716,1,0,0.171,1.698,,1016,18
"CrossingSweep",1000,5,137,1.769,1.775,0.000,0,0,0.078,1.691,,1009,18
"CrossingSweep",1000,5,138,1.821,1.813,0.000,0,0,0.074,1.746,,1007,18
"CrossingSweep",1000,5,139,2.460,2.453,0.000,0,0,0.100,2.361,,1020,18
"CrossingSweep",1000,5,140,1.590,1.609,0.000,0,0,0.176,1.414,,1016,18
"CrossingSweep",1000,5,141,2.227,2.220,0.000,0,0,0.072,2.155,,1014,18
"CrossingSweep",1000,5,142,8.423,8.413,6.713,1,0,0.127,1.583,,1012,18
"CrossingSweep",1000,5,143,2.539,2.545,0.000,0,0,0.092,2.448,,1018,18
"CrossingSweep",1000,5,144,1.704,1.708,0.000,0,0,0.074,1.630,,1016,18
"CrossingSweep",1000,5,145,3.607,3.577,0.000,0,0,0.071,3.537,,1011,18
"CrossingSweep",1000,5,146,10.159,10.180,8.157,1,0,0.188,1.814,,1011,18
"CrossingSweep",1000,5,147,3.778,3.761,0.000,0,0,0.105,3.673,,994,18
"CrossingSweep",1000,5,148,3.006,2.996,0.000,0,0,0.122,2.883,,949,18
"CrossingSweep",1000,5,149,8.320,8.338,6.481,1,0,0.131,1.709,,985,18
"CrossingSweep",1000,5,150,3.086,3.072,0.000,0,0,0.072,3.014,,1019,18
"CrossingSweep",1000,5,151,1.910,1.933,0.000,0,0,0.106,1.804,,1001,18
"CrossingSweep",1000,5,152,1.637,1.633,0.000,0,0,0.088,1.549,,601,18
"CrossingSweep",1000,5,153,8.272,8.252,6.443,1,0,0.119,1.709,,1009,18
"CrossingSweep",1000,5,154,2.362,2.367,0.000,0,0,0.090,2.272,,1016,18
"CrossingSweep",1000,5,155,2.005,2.014,0.000,0,0,0.085,1.920,,1012,17
"CrossingSweep",1000,5,156,4.128,4.102,0.000,0,0,0.076,4.052,,1019,18
"CrossingSweep",1000,5,157,9.050,9.071,6.778,1,0,0.159,2.113,,1018,18
"CrossingSweep",1000,5,158,1.727,1.733,0.000,0,0,0.087,1.641,,1016,18
"CrossingSweep",1000,5,159,3.053,3.030,0.000,0,0,0.072,2.982,,1018,18
"CrossingSweep",1000,5,160,1.585,1.607,0.000,0,0,0.100,1.485,,1014,18
"CrossingSweep",1000,5,161,6.272,6.249,0.000,0,0,0.079,6.193,,1018,18
"CrossingSweep",1000,5,162,8.667,8.682,6.776,1,0,0.155,1.737,,1011,18
"CrossingSweep",1000,5,163,1.890,1.884,0.000,0,0,0.109,1.781,,1015,18
"CrossingSweep",1000,5,164,2.762,2.746,0.000,0,0,0.072,2.691,,1010,18
"CrossingSweep",1000,5,165,10.456,10.475,8.646,1,0,0.146,1.664,,1011,18
"CrossingSweep",1000,5,166,3.126,3.110,0.000,0,0,0.075,3.052,,1017,18
"CrossingSweep",1000,5,167,3.296,3.267,0.000,0,0,0.126,3.171,,1013,18
"CrossingSweep",1000,5,168,8.555,8.595,6.805,1,0,0.133,1.618,,1011,18
"CrossingSweep",1000,5,169,2.537,2.536,0.000,0,0,0.074,2.463,,1015,18
"CrossingSweep",1000,5,170,1.561,1.568,0.000,0,0,0.084,1.477,,1014,18
"CrossingSweep",1000,5,171,2.048,2.046,0.000,0,0,0.071,1.977,,1013,18
"CrossingSweep",1000,5,172,8.766,8.732,6.881,1,0,0.148,1.737,,1005,18
"CrossingSweep",1000,5,173,2.498,2.518,0.000,0,0,0.097,2.401,,723,18
"CrossingSweep",1000,5,174,5.446,5.440,0.000,0,0,0.096,5.350,,1001,18
"CrossingSweep",1000,5,175,8.634,8.631,6.732,1,0,0.154,1.747,,1010,18
"CrossingSweep",1000,5,176,1.905,1.917,0.000,0,0,0.077,1.828,,1015,18
"CrossingSweep",1000,5,177,3.320,3.304,0.000,0,0,0.075,3.244,,1016,18
"CrossingSweep",1000,5,178,1.630,1.650,0.000,0,0,0.133,1.497,,1014,18
"CrossingSweep",1000,5,179,1.720,1.711,0.000,0,0,0.095,1.625,,1016,18
"CrossingSweep",1000,5,180,8.890,8.883,7.047,1,0,0.138,1.706,,1017,18
"CrossingSweep",1000,5,181,3.318,3.305,0.000,0,0,0.124,3.194,,1015,18
"CrossingSweep",1000,5,182,1.573,1.597,0.000,0,0,0.082,1.491,,1004,18
"CrossingSweep",1000,5,183,3.735,3.710,0.000,0,0,0.072,3.664,,1006,18
"CrossingSweep",1000,5,184,8.584,8.593,6.506,1,0,0.162,1.915,,1018,18
"CrossingSweep",1000,5,185,1.947,1.953,0.000,0,0,0.094,1.853,,1008,18
"CrossingSweep",1000,5,186,3.373,3.346,0.000,0,0,0.074,3.299,,1015,18
"CrossingSweep",1000,5,187,3.694,3.720,0.000,0,0,0.153,3.541,,1014,18
"CrossingSweep",1000,5,188,8.118,8.113,7.120,1,0,0.139,0.859,,1012,18
"CrossingSweep",1000,5,189,2.932,2.924,0.000,0,0,0.092,2.840,,1018,18
"CrossingSweep",1000,5,190,2.033,2.044,0.000,0,0,0.135,1.899,,1008,18
"CrossingSweep",1000,5,191,1.711,1.701,0.000,0,0,0.075,1.636,,1012,18
"CrossingSweep",1000,5,192,12.502,12.493,10.395,1,0,0.170,1.937,,1001,18
"CrossingSweep",1000,5,193,3.686,3.685,0.000,0,0,0.088,3.597,,1017,18
"CrossingSweep",1000,5,194,8.716,8.717,6.555,1,0,0.156,2.005,,1010,18
"CrossingSweep",1000,5,195,1.954,1.965,0.000,0,0,0.077,1.877,,1014,18
"CrossingSweep",1000,5,196,3.240,3.227,0.000,0,0,0.074,3.166,,1001,18
"CrossingSweep",1000,5,197,7.015,7.000,0.000,0,0,0.105,6.910,,1020,18
"CrossingSweep",1000,5,198,8.059,8.072,6.198,1,0,0.156,1.705,,1015,18
"CrossingSweep",1000,5,199,1.933,1.940,0.000,0,0,0.077,1.856,,1006,18
"CrossingSweep",1000,5,200,3.816,3.799,0.000,0,0,0.079,3.737,,1017,18
"CrossingSweep",1000,5,201,8.754,8.759,6.513,1,0,0.181,2.060,,1014,18
"CrossingSweep",1000,5,202,1.511,1.513,0.000,0,0,0.100,1.411,,1014,18
"CrossingSweep",1000,5,203,1.343,1.363,0.000,0,0,0.078,1.266,,1015,18
"CrossingSweep",1000,5,204,3.264,3.236,0.000,0,0,0.071,3.193,,1021,18
"CrossingSweep",1000,5,205,1.667,1.691,0.000,0,0,0.105,1.562,,1021,18
"CrossingSweep",1000,5,206,8.466,8.456,6.687,1,0,0.135,1.643,,1017,18
"CrossingSweep",1000,5,207,3.381,3.363,0.000,0,0,0.073,3.308,,1016,18
"CrossingSweep",1000,5,208,1.536,1.545,0.000,0,0,0.116,1.420,,1007,18
"CrossingSweep",1000,5,209,2.021,2.026,0.000,0,0,0.095,1.926,,998,18
"CrossingSweep",1000,5,210,8.667,8.654,6.773,1,0,0.131,1.764,,979,16
"CrossingSweep",1000,5,211,2.331,2.339,0.000,0,0,0.088,2.243,,1011,18
"CrossingSweep",1000,5,212,1.991,1.999,0.000,0,0,0.080,1.912,,1016,18
"CrossingSweep",1000,5,213,3.698,3.673,0.000,0,0,0.073,3.626,,1014,18
"CrossingSweep",1000,5,214,8.534,8.536,6.610,1,0,0.191,1.733,,1017,18
"CrossingSweep",1000,5,215,5.356,5.347,0.000,0,0,0.079,5.277,,1012,18
"CrossingSweep",1000,5,216,3.061,3.079,0.000,0,0,0.120,2.941,,1015,18
"CrossingSweep",1000,5,217,8.389,8.375,6.541,1,0,0.168,1.681,,1001,18
"CrossingSweep",1000,5,218,3.275,3.250,0.000,0,0,0.110,3.165,,1008,18
"CrossingSweep",1000,5,219,1.110,1.142,0.000,0,0,0.154,0.956,,1012,18
"CrossingSweep",1000,5,220,2.248,2.254,0.000,0,0,0.106,2.141,,1004,17
"CrossingSweep",1000,5,221,2.769,2.749,0.000,0,0,0.071,2.698,,1013,17
"CrossingSweep",1000,5,222,9.421,9.412,6.549,1,0,0.171,2.701,,1015,18
"CrossingSweep",1000,5,223,1.857,1.887,0.000,0,0,0.145,1.712,,996,18
"CrossingSweep",1000,5,224,3.078,3.043,0.000,0,0,0.072,3.006,,1013,18
"CrossingSweep",1000,5,225,2.141,2.170,0.000,0,0,0.162,1.979,,1014,18
"CrossingSweep",1000,5,226,8.359,8.353,6.658,1,0,0.141,1.560,,1012,18
"CrossingSweep",1000,5,227,3.414,3.392,0.000,0,0,0.070,3.345,,1008,18
"CrossingSweep",1000,5,228,1.898,1.926,0.000,0,0,0.122,1.777,,1013,18
"CrossingSweep",1000,5,229,2.123,2.058,0.000,0,0,0.081,2.043,,990,18
"CrossingSweep",1000,5,230,8.502,8.551,6.717,1,0,0.146,1.640,,1011,18
"CrossingSweep",1000,5,231,3.005,3.011,0.000,0,0,0.080,2.925,,1020,18
"CrossingSweep",1000,5,232,1.324,1.314,0.000,0,0,0.075,1.249,,1013,18
"CrossingSweep",1000,5,233,6.195,6.179,0.000,0,0,0.071,6.124,,1013,18
"CrossingSweep",1000,5,234,8.668,8.678,6.747,1,0,0.180,1.741,,1005,18
"CrossingSweep",1000,5,235,3.280,3.270,0.000,0,0,0.106,3.174,,1015,18
"CrossingSweep",1000,5,236,1.139,1.161,0.000,0,0,0.122,1.017,,1017,18
"CrossingSweep",1000,5,237,2.661,2.654,0.000,0,0,0.091,2.570,,1014,18
"CrossingSweep",1000,5,238,8.131,8.132,7.143,1,0,0.145,0.842,,1007,18
"CrossingSweep",1000,5,239,2.495,2.496,0.000,0,0,0.091,2.404,,1009,18
"CrossingSweep",1000,5,240,1.858,1.851,0.000,0,0,0.079,1.779,,1012,17
"CrossingSweep",1000,5,241,3.769,3.762,0.000,0,0,0.148,3.621,,1015,17
"CrossingSweep",1000,5,242,8.936,8.938,7.073,1,0,0.163,1.701,,1010,18
"CrossingSweep",1000,5,243,1.967,1.975,0.000,0,0,0.081,1.885,,1011,18
"CrossingSweep",1000,5,244,2.972,2.960,0.000,0,0,0.087,2.885,,1017,18
"CrossingSweep",1000,5,245,2.213,2.188,0.000,0,0,0.113,2.100,,937,18
"CrossingSweep",1000,5,246,9.304,9.326,7.170,1,0,0.134,1.999,,998,18
"CrossingSweep",1000,5,247,3.385,3.387,0.000,0,0,0.077,3.308,,1004,18
"CrossingSweep",1000,5,248,1.877,1.891,0.000,0,0,0.089,1.788,,1011,18
"CrossingSweep",1000,5,249,1.683,1.680,0.000,0,0,0.072,1.611,,1011,18
"CrossingSweep",1000,5,250,8.934,8.921,7.021,1,0,0.138,1.775,,1016,18
"CrossingSweep",1000,5,251,2.324,2.322,0.000,0,0,0.085,2.239,,886,18
"CrossingSweep",1000,5,252,1.681,1.693,0.000,0,0,0.077,1.604,,1016,18
"CrossingSweep",1000,5,253,3.292,3.276,0.000,0,0,0.069,3.223,,1016,18
"CrossingSweep",1000,5,254,8.841,8.851,7.092,1,0,0.132,1.617,,1012,18
"CrossingSweep",1000,5,255,1.847,1.843,0.000,0,0,0.076,1.771,,1001,18
"CrossingSweep",1000,5,256,3.212,3.200,0.000,0,0,0.079,3.133,,1016,18
"CrossingSweep",1000,5,257,1.579,1.588,0.000,0,0,0.111,1.469,,1010,18
"CrossingSweep",1000,5,258,1.757,1.743,0.000,0,0,0.084,1.673,,1005,18
"CrossingSweep",1000,5,259,8.578,8.588,6.736,1,0,0.128,1.715,,1011,18
"CrossingSweep",1000,5,260,9.069,9.043,0.000,0,0,0.077,8.992,,1000,18
"CrossingSweep",1000,5,261,8.446,8.466,6.434,1,0,0.181,1.832,,1001,18
"CrossingSweep",1000,5,262,1.899,1.890,0.000,0,0,0.097,1.803,,1008,18
"CrossingSweep",1000,5,263,3.414,3.417,0.000,0,0,0.152,3.262,,1007,18
"CrossingSweep",1000,5,264,6.969,6.949,0.000,0,0,0.221,6.748,,1009,18
"CrossingSweep",1000,5,265,8.812,8.834,6.729,1,0,0.182,1.902,,1007,18
"CrossingSweep",1000,5,266,5.480,5.471,0.000,0,0,0.097,5.383,,1015,18
"CrossingSweep",1000,5,267,8.924,8.926,6.986,1,0,0.168,1.770,,1015,18
"CrossingSweep",1000,5,268,1.829,1.840,0.000,0,0,0.081,1.749,,1009,18
"CrossingSweep",1000,5,269,2.657,2.657,0.000,0,0,0.076,2.582,,1006,18
"CrossingSweep",1000,5,270,8.886,8.878,6.837,1,0,0.209,1.840,,1017,18
"CrossingSweep",1000,5,271,1.872,1.882,0.000,0,0,0.105,1.767,,1001,18
"CrossingSweep",1000,5,272,3.198,3.173,0.000,0,0,0.079,3.119,,1013,18
"CrossingSweep",1000,5,273,1.744,1.768,0.000,0,0,0.095,1.649,,1006,18
"CrossingSweep",1000,5,274,1.961,1.934,0.000,0,0,0.123,1.838,,999,18
"CrossingSweep",1000,5,275,8.473,8.467,6.530,1,0,0.156,1.787,,1014,18
"CrossingSweep",1000,5,276,2.798,2.809,0.000,0,0,0.095,2.703,,1011,18
"CrossingSweep",1000,5,277,2.030,2.045,0.000,0,0,0.093,1.937,,1010,18
"CrossingSweep",1000,5,278,3.916,3.882,0.000,0,0,0.071,3.846,,1016,18
"CrossingSweep",1000,5,279,9.071,9.094,6.891,1,0,0.177,2.003,,1016,18
"CrossingSweep",1000,5,280,1.412,1.417,0.000,0,0,0.085,1.328,,1015,18
"CrossingSweep",1000,5,281,3.271,3.258,0.000,0,0,0.072,3.199,,1015,18
"CrossingSweep",1000,5,282,1.615,1.629,0.000,0,0,0.096,1.520,,1014,18
"CrossingSweep",1000,5,283,8.886,8.866,6.632,1,0,0.142,2.112,,1014,18
"CrossingSweep",1000,5,284,3.412,3.418,0.000,0,0,0.086,3.327,,1017,18
"CrossingSweep",1000,5,285,1.528,1.543,0.000,0,0,0.087,1.441,,1008,18
"CrossingSweep",1000,5,286,1.799,1.791,0.000,0,0,0.071,1.727,,1012,18
"CrossingSweep",1000,5,287,3.607,3.596,0.000,0,0,0.077,3.530,,1015,18
"CrossingSweep",1000,5,288,8.730,8.727,6.889,1,0,0.145,1.695,,1017,18
"CrossingSweep",1000,5,289,1.808,1.817,0.000,0,0,0.075,1.733,,996,18
"CrossingSweep",1000,5,290,3.340,3.333,0.000,0,0,0.080,3.260,,997,18
"CrossingSweep",1000,5,291,8.858,8.857,7.041,1,0,0.143,1.674,,998,18
"CrossingSweep",1000,5,292,6.287,6.282,0.000,0,0,0.074,6.212,,1013,18
"CrossingSweep",1000,5,293,1.724,1.740,0.000,0,0,0.102,1.622,,1000,18
"CrossingSweep",1000,5,294,8.883,8.875,7.103,1,0,0.130,1.651,,1014,18
"CrossingSweep",1000,5,295,3.633,3.614,0.000,0,0,0.076,3.557,,1019,18
"CrossingSweep",1000,5,296,2.349,2.362,0.000,0,0,0.138,2.210,,991,18
"CrossingSweep",1000,5,297,3.007,3.004,0.000,0,0,0.131,2.877,,1018,18
"CrossingSweep",1000,5,298,10.176,10.179,8.257,1,0,0.161,1.757,,1016,18
"CrossingSweep",1000,5,299,3.709,3.689,0.000,0,0,0.074,3.635,,1002,18
"CrossingSweep",1250,5,0,3.343,3.305,0.000,0,0,0.107,3.236,,1248,21
"CrossingSweep",1250,5,1,12.522,12.544,10.185,1,0,0.229,2.108,,1252,21
"CrossingSweep",1250,5,2,2.766,2.788,0.000,0,0,0.155,2.610,,1262,21
"CrossingSweep",1250,5,3,2.312,2.320,0.000,0,0,0.126,2.186,,1257,21
"CrossingSweep",1250,5,4,13.305,13.291,11.404,1,0,0.209,1.691,,1261,21
"CrossingSweep",1250,5,5,6.250,6.234,0.000,0,0,0.099,6.152,,1255,18
"CrossingSweep",1250,5,6,12.726,12.736,10.876,1,0,0.240,1.610,,1242,21
"CrossingSweep",1250,5,7,12.327,12.324,10.413,1,0,0.234,1.679,,1240,21
"CrossingSweep",1250,5,8,2.324,2.317,0.000,0,0,0.114,2.210,,1253,21
"CrossingSweep",1250,5,9,1.295,1.304,0.000,0,0,0.107,1.188,,1252,21
"CrossingSweep",1250,5,10,13.650,13.654,12.356,1,0,0.234,1.060,,1263,21
"CrossingSweep",1250,5,11,3.946,3.901,0.000,0,0,0.101,3.845,,1258,21
"CrossingSweep",1250,5,12,13.882,13.895,10.872,1,0,0.229,2.781,,1254,21
"CrossingSweep",1250,5,13,2.189,2.204,0.000,0,0,0.135,2.053,,1254,21
"CrossingSweep",1250,5,14,17.065,17.049,14.890,1,0,0.226,1.950,,1248,21
"CrossingSweep",1250,5,15,12.820,12.836,10.893,1,0,0.208,1.719,,1248,20
"CrossingSweep",1250,5,16,3.771,3.734,0.000,0,0,0.096,3.675,,1244,21
"CrossingSweep",1250,5,17,13.595,13.622,11.500,1,0,0.252,1.843,,1248,21
"CrossingSweep",1250,5,18,2.052,2.056,0.000,0,0,0.113,1.939,,1067,19
"CrossingSweep",1250,5,19,1.551,1.538,0.000,0,0,0.136,1.415,,1259,20
"CrossingSweep",1250,5,20,13.078,13.068,11.071,1,0,0.222,1.784,,1258,21
"CrossingSweep",1250,5,21,3.224,3.224,0.000,0,0,0.124,3.100,,1252,21
"CrossingSweep",1250,5,22,12.601,12.625,11.487,1,0,0.227,0.887,,1259,21
"CrossingSweep",1250,5,23,2.600,2.601,0.000,0,0,0.109,2.491,,1253,21
"CrossingSweep",1250,5,24,2.334,2.305,0.000,0,0,0.127,2.207,,1255,21
"CrossingSweep",1250,5,25,13.461,13.471,11.494,1,0,0.226,1.740,,1229,21
"CrossingSweep",1250,5,26,3.705,3.707,0.000,0,0,0.106,3.600,,1248,21
"CrossingSweep",1250,5,27,13.051,13.050,10.724,1,0,0.205,2.121,,1255,21
"CrossingSweep",1250,5,28,5.299,5.311,0.000,0,0,0.121,5.178,,1072,21
"CrossingSweep",1250,5,29,12.667,12.658,11.304,1,0,0.211,1.152,,1255,21
"CrossingSweep",1250,5,30,3.707,3.698,0.000,0,0,0.104,3.603,,1258,21
"CrossingSweep",1250,5,31,14.280,14.282,11.985,1,0,0.235,2.060,,1247,21
"CrossingSweep",1250,5,32,11.470,11.467,10.239,1,0,0.194,1.037,,1260,21
"CrossingSweep",1250,5,33,3.300,3.292,0.000,0,0,0.145,3.155,,1175,21
"CrossingSweep",1250,5,34,2.322,2.330,0.000,0,0,0.197,2.125,,1254,21
"CrossingSweep",1250,5,35,13.442,13.447,11.376,1,0,0.250,1.816,,1253,21
"CrossingSweep",1250,5,36,3.829,3.810,0.000,0,0,0.114,3.716,,1259,21
"CrossingSweep",1250,5,37,12.475,12.474,10.030,1,0,0.216,2.229,,1259,21
"CrossingSweep",1250,5,38,2.585,2.599,0.000,0,0,0.157,2.428,,1256,21
"CrossingSweep",1250,5,39,13.232,13.226,11.368,1,0,0.199,1.665,,1260,21
"CrossingSweep",1250,5,40,2.873,2.885,0.000,0,0,0.094,2.779,,1253,21
"CrossingSweep",1250,5,41,13.540,13.525,11.516,1,0,0.212,1.813,,1260,21
"CrossingSweep",1250,5,42,3.913,3.901,0.000,0,0,0.138,3.774,,1258,21
"CrossingSweep",1250,5,43,12.715,12.723,10.840,1,0,0.214,1.661,,1245,21
"CrossingSweep",1250,5,44,2.938,2.924,0.000,0,0,0.111,2.828,,1255,21
"CrossingSweep",1250,5,45,2.591,2.619,0.000,0,0,0.207,2.384,,1259,21
"CrossingSweep",1250,5,46,17.379,17.355,15.219,1,0,0.249,1.912,,1245,21
"CrossingSweep",1250,5,47,14.116,14.121,11.314,1,0,0.216,2.586,,1259,21
"CrossingSweep",1250,5,48,16.097,16.090,13.972,1,0,0.214,1.911,,1260,21
"CrossingSweep",1250,5,49,12.733,12.738,10.817,1,0,0.185,1.731,,1263,21
"CrossingSweep",1250,5,50,2.095,2.087,0.000,0,0,0.095,2.001,,1262,21
"CrossingSweep",1250,5,51,2.666,2.661,0.000,0,0,0.091,2.575,,1267,21
"CrossingSweep",1250,5,52,13.713,13.722,11.663,1,0,0.207,1.843,,1266,21
"CrossingSweep",1250,5,53,2.087,2.099,0.000,0,0,0.122,1.966,,1268,21
"CrossingSweep",1250,5,54,13.092,13.079,10.856,1,0,0.191,2.046,,1267,21
"CrossingSweep",1250,5,55,2.067,2.065,0.000,0,0,0.109,1.958,,1252,21
"CrossingSweep",1250,5,56,3.743,3.732,0.000,0,0,0.089,3.654,,1262,21
"CrossingSweep",1250,5,57,12.488,12.507,10.305,1,0,0.185,1.999,,1250,21
"CrossingSweep",1250,5,58,3.752,3.745,0.000,0,0,0.102,3.650,,1262,21
"CrossingSweep",1250,5,59,16.308,16.306,14.240,1,0,0.212,1.857,,1254,21
"CrossingSweep",1250,5,60,12.675,12.667,10.714,1,0,0.217,1.744,,1255,21
"CrossingSweep",1250,5,61,3.369,3.372,0.000,0,0,0.099,3.270,,1262,21
"CrossingSweep",1250,5,62,13.185,13.178,11.278,1,0,0.200,1.707,,1261,21
"CrossingSweep",1250,5,63,2.746,2.765,0.000,0,0,0.117,2.629,,1265,21
"CrossingSweep",1250,5,64,12.355,12.337,10.053,1,0,0.206,2.096,,1256,21
"CrossingSweep",1250,5,65,2.200,2.221,0.000,0,0,0.143,2.058,,1262,21
"CrossingSweep",1250,5,66,4.353,4.313,0.000,0,0,0.116,4.237,,1262,21
"CrossingSweep",1250,5,67,12.628,12.644,10.553,1,0,0.210,1.866,,1247,21
"CrossingSweep",1250,5,68,3.441,3.452,0.000,0,0,0.107,3.334,,1264,21
"CrossingSweep",1250,5,69,12.574,12.573,10.699,1,0,0.208,1.667,,1255,21
"CrossingSweep",1250,5,70,2.247,2.221,0.000,0,0,0.094,2.153,,1262,21
"CrossingSweep",1250,5,71,3.731,3.737,0.000,0,0,0.095,3.636,,1261,21
"CrossingSweep",1250,5,72,13.084,13.090,11.022,1,0,0.214,1.849,,1269,21
"CrossingSweep",1250,5,73,12.905,12.887,10.254,1,0,0.194,2.457,,1251,21
"CrossingSweep",1250,5,74,3.566,3.578,0.000,0,0,0.179,3.387,,1251,21
"CrossingSweep",1250,5,75,2.489,2.495,0.000,0,0,0.133,2.356,,1252,21
"CrossingSweep",1250,5,76,14.301,14.287,12.245,1,0,0.232,1.824,,1251,21
"CrossingSweep",1250,5,77,13.141,13.144,11.145,1,0,0.217,1.780,,1247,21
"CrossingSweep",1250,5,78,3.048,3.039,0.000,0,0,0.138,2.910,,1256,21
"CrossingSweep",1250,5,79,2.554,2.574,0.000,0,0,0.207,2.348,,1261,21
"CrossingSweep",1250,5,80,13.729,13.710,11.509,1,0,0.234,1.987,,1255,21
"CrossingSweep",1250,5,81,4.526,4.529,0.000,0,0,0.115,4.411,,1260,21
"CrossingSweep",1250,5,82,13.011,13.004,10.996,1,0,0.222,1.792,,1258,21
"CrossingSweep",1250,5,83,11.609,11.622,10.408,1,0,0.202,0.999,,1263,20
"CrossingSweep",1250,5,84,6.187,6.162,0.000,0,0,0.108,6.079,,1265,21
"CrossingSweep",1250,5,85,12.408,12.418,10.386,1,0,0.251,1.771,,1269,21
"CrossingSweep",1250,5,86,2.075,2.095,0.000,0,0,0.104,1.971,,1259,20
"CrossingSweep",1250,5,87,3.288,3.276,0.000,0,0,0.092,3.196,,1268,21
"CrossingSweep",1250,5,88,12.730,12.713,10.563,1,0,0.207,1.960,,1263,21
"CrossingSweep",1250,5,89,2.485,2.508,0.000,0,0,0.120,2.366,,1258,21
"CrossingSweep",1250,5,90,12.783,12.769,11.470,1,0,0.234,1.079,,1260,21
"CrossingSweep",1250,5,91,2.225,2.193,0.000,0,0,0.098,2.127,,1265,21
"CrossingSweep",1250,5,92,4.572,4.589,0.000,0,0,0.094,4.478,,1263,20
"CrossingSweep",1250,5,93,12.834,12.840,10.900,1,0,0.179,1.755,,1261,21
"CrossingSweep",1250,5,94,4.370,4.368,0.000,0,0,0.122,4.248,,1265,21
"CrossingSweep",1250,5,95,16.598,16.594,14.447,1,0,0.212,1.939,,1254,21
"CrossingSweep",1250,5,96,13.721,13.718,10.297,1,0,0.199,3.226,,1255,21
"CrossingSweep",1250,5,97,12.600,12.602,10.642,1,0,0.188,1.770,,1250,21
"CrossingSweep",1250,5,98,3.620,3.624,0.000,0,0,0.102,3.518,,1259,21
"CrossingSweep",1250,5,99,12.282,12.279,10.337,1,0,0.202,1.743,,1236,21
"CrossingSweep",1250,5,100,2.817,2.807,0.000,0,0,0.105,2.712,,1264,21
"CrossingSweep",1250,5,101,2.148,2.173,0.000,0,0,0.092,2.056,,1264,21
"CrossingSweep",1250,5,102,13.665,13.636,10.156,1,0,0.200,3.309,,1267,21
"CrossingSweep",1250,5,103,2.548,2.544,0.000,0,0,0.105,2.444,,1261,21
"CrossingSweep",1250,5,104,12.549,12.518,10.089,1,0,0.172,2.288,,1261,21
"CrossingSweep",1250,5,105,2.698,2.756,0.000,0,0,0.236,2.463,,1260,21
"CrossingSweep",1250,5,106,2.442,2.438,0.000,0,0,0.095,2.347,,1255,21
"CrossingSweep",1250,5,107,12.639,12.638,10.951,1,0,0.156,1.532,,1254,21
"CrossingSweep",1250,5,108,4.365,4.335,0.000,0,0,0.093,4.272,,1267,21
"CrossingSweep",1250,5,109,12.805,12.825,11.054,1,0,0.173,1.578,,1257,21
"CrossingSweep",1250,5,110,2.397,2.392,0.000,0,0,0.103,2.293,,766,21
"CrossingSweep",1250,5,111,12.295,12.280,10.292,1,0,0.192,1.812,,1266,21
"CrossingSweep",1250,5,112,1.907,1.915,0.000,0,0,0.164,1.743,,1263,21
"CrossingSweep",1250,5,113,1.544,1.562,0.000,0,0,0.092,1.452,,1262,21
"CrossingSweep",1250,5,114,3.767,3.744,0.000,0,0,0.089,3.678,,1268,21
"CrossingSweep",1250,5,115,12.116,12.118,10.294,1,0,0.194,1.629,,1264,21
"CrossingSweep",1250,5,116,2.982,2.983,0.000,0,0,0.096,2.886,,1228,21
"CrossingSweep",1250,5,117,12.818,12.809,11.369,1,0,0.205,1.244,,1256,21
"CrossingSweep",1250,5,118,2.868,2.891,0.000,0,0,0.109,2.759,,1262,21
"CrossingSweep",1250,5,119,12.276,12.255,10.313,1,0,0.206,1.758,,1260,21
"CrossingSweep",1250,5,120,1.965,1.958,0.000,0,0,0.098,1.867,,1260,21
"CrossingSweep",1250,5,121,3.569,3.574,0.000,0,0,0.091,3.478,,1252,21
"CrossingSweep",1250,5,122,12.503,12.507,10.553,1,0,0.195,1.756,,1258,21
"CrossingSweep",1250,5,123,2.528,2.519,0.000,0,0,0.118,2.410,,1264,21
"CrossingSweep",1250,5,124,12.714,12.716,10.714,1,0,0.183,1.817,,1255,21
"CrossingSweep",1250,5,125,1.782,1.792,0.000,0,0,0.137,1.645,,1259,20
"CrossingSweep",1250,5,126,1.353,1.364,0.000,0,0,0.092,1.261,,1263,21
"CrossingSweep",1250,5,127,3.939,3.878,0.000,0,0,0.085,3.854,,1263,20
"CrossingSweep",1250,5,128,13.406,13.379,10.405,1,0,0.178,2.824,,1266,21
"CrossingSweep",1250,5,129,12.935,12.985,10.764,1,0,0.193,1.979,,1249,21
"CrossingSweep",1250,5,130,2.775,2.794,0.000,0,0,0.112,2.662,,1265,21
"CrossingSweep",1250,5,131,2.019,2.019,0.000,0,0,0.098,1.921,,1268,21
"CrossingSweep",1250,5,132,11.703,11.689,9.812,1,0,0.163,1.728,,1260,21
"CrossingSweep",1250,5,133,1.905,1.922,0.000,0,0,0.095,1.810,,1264,21
"CrossingSweep",1250,5,134,3.799,3.783,0.000,0,0,0.091,3.708,,1256,21
"CrossingSweep",1250,5,135,12.508,12.502,10.205,1,0,0.175,2.127,,1258,21
"CrossingSweep",1250,5,136,2.501,2.515,0.000,0,0,0.114,2.387,,1250,21
"CrossingSweep",1250,5,137,12.211,12.205,10.887,1,0,0.206,1.118,,1264,21
"CrossingSweep",1250,5,138,2.089,2.092,0.000,0,0,0.099,1.990,,1258,21
"CrossingSweep",1250,5,139,1.191,1.194,0.000,0,0,0.089,1.102,,1260,21
"CrossingSweep",1250,5,140,1.512,1.505,0.000,0,0,0.087,1.425,,1262,21
"CrossingSweep",1250,5,141,12.337,12.330,10.342,1,0,0.201,1.794,,1254,21
"CrossingSweep",1250,5,142,1.821,1.828,0.000,0,0,0.097,1.723,,1266,21
"CrossingSweep",1250,5,143,2.465,2.452,0.000,0,0,0.091,2.375,,1265,21
"CrossingSweep",1250,5,144,12.863,12.857,10.441,1,0,0.198,2.225,,1260,21
"CrossingSweep",1250,5,145,2.982,2.997,0.000,0,0,0.120,2.863,,1263,21
"CrossingSweep",1250,5,146,13.983,13.954,11.039,1,0,0.191,2.753,,1264,21
"CrossingSweep",1250,5,147,2.530,2.560,0.000,0,0,0.188,2.342,,1259,21
"CrossingSweep",1250,5,148,3.233,3.214,0.000,0,0,0.160,3.073,,1268,21
"CrossingSweep",1250,5,149,15.784,15.789,13.848,1,0,0.208,1.729,,1253,21
"CrossingSweep",1250,5,150,13.557,13.552,11.194,1,0,0.188,2.176,,1264,21
"CrossingSweep",1250,5,151,2.009,2.022,0.000,0,0,0.113,1.896,,1264,21
"CrossingSweep",1250,5,152,13.551,13.544,11.625,1,0,0.197,1.728,,1261,21
"CrossingSweep",1250,5,153,2.963,2.925,0.000,0,0,0.109,2.854,,1267,21
"CrossingSweep",1250,5,154,16.986,17.023,15.087,1,0,0.204,1.695,,1241,21
"CrossingSweep",1250,5,155,12.342,12.326,10.591,1,0,0.191,1.560,,1263,21
"CrossingSweep",1250,5,156,2.077,2.089,0.000,0,0,0.097,1.980,,1269,21
"CrossingSweep",1250,5,157,3.154,3.139,0.000,0,0,0.112,3.042,,1266,21
"CrossingSweep",1250,5,158,12.348,12.348,10.469,1,0,0.194,1.685,,1262,21
"CrossingSweep",1250,5,159,2.880,2.893,0.000,0,0,0.115,2.764,,1256,21
"CrossingSweep",1250,5,160,12.397,12.375,10.347,1,0,0.197,1.853,,1260,21
"CrossingSweep",1250,5,161,2.346,2.365,0.000,0,0,0.097,2.249,,1262,21
"CrossingSweep",1250,5,162,1.483,1.497,0.000,0,0,0.107,1.377,,1266,21
"CrossingSweep",1250,5,163,12.453,12.432,10.417,1,0,0.240,1.796,,1262,21
"CrossingSweep",1250,5,164,2.159,2.148,0.000,0,0,0.106,2.053,,1256,21
"CrossingSweep",1250,5,165,3.396,3.398,0.000,0,0,0.175,3.221,,1262,21
"CrossingSweep",1250,5,166,12.886,12.893,10.792,1,0,0.208,1.886,,1258,21
"CrossingSweep",1250,5,167,2.368,2.366,0.000,0,0,0.101,2.268,,1261,21
"CrossingSweep",1250,5,168,12.604,12.599,10.738,1,0,0.187,1.678,,1259,21
"CrossingSweep",1250,5,169,3.624,3.632,0.000,0,0,0.096,3.528,,1262,21
"CrossingSweep",1250,5,170,2.769,2.749,0.000,0,0,0.098,2.671,,1268,21
"CrossingSweep",1250,5,171,12.226,12.228,10.001,1,0,0.174,2.051,,1262,21
"CrossingSweep",1250,5,172,3.235,3.216,0.000,0,0,0.105,3.130,,1255,21
"CrossingSweep",1250,5,173,13.808,13.822,11.344,1,0,0.203,2.261,,1254,21
"CrossingSweep",1250,5,174,2.076,2.094,0.000,0,0,0.096,1.980,,1245,21
"CrossingSweep",1250,5,175,12.847,12.829,10.483,1,0,0.198,2.166,,1257,21
"CrossingSweep",1250,5,176,4.091,4.079,0.000,0,0,0.117,3.974,,1255,21
"CrossingSweep",1250,5,177,12.547,12.553,10.588,1,0,0.213,1.746,,1259,21
"CrossingSweep",1250,5,178,4.010,3.999,0.000,0,0,0.119,3.890,,1269,21
"CrossingSweep",1250,5,179,12.773,12.792,10.789,1,0,0.201,1.782,,1271,20
"CrossingSweep",1250,5,180,2.126,2.132,0.000,0,0,0.102,2.024,,1255,21
"CrossingSweep",1250,5,181,3.245,3.220,0.000,0,0,0.099,3.146,,1266,21
"CrossingSweep",1250,5,182,12.819,12.825,10.392,1,0,0.194,2.234,,1266,21
"CrossingSweep",1250,5,183,2.586,2.592,0.000,0,0,0.161,2.425,,1261,21
"CrossingSweep",1250,5,184,12.689,12.683,10.436,1,0,0.191,2.062,,1259,21
"CrossingSweep",1250,5,185,2.119,2.130,0.000,0,0,0.104,2.015,,1265,21
"CrossingSweep",1250,5,186,1.430,1.415,0.000,0,0,0.108,1.322,,1261,21
"CrossingSweep",1250,5,187,13.614,13.611,10.846,1,0,0.182,2.586,,1267,21
"CrossingSweep",1250,5,188,3.347,3.350,0.000,0,0,0.113,3.233,,1259,21
"CrossingSweep",1250,5,189,13.006,12.996,10.435,1,0,0.186,2.385,,1261,21
"CrossingSweep",1250,5,190,2.215,2.230,0.000,0,0,0.123,2.092,,1259,21
"CrossingSweep",1250,5,191,2.571,2.578,0.000,0,0,0.096,2.474,,1266,21
"CrossingSweep",1250,5,192,13.232,13.217,11.300,1,0,0.165,1.767,,1265,21
"CrossingSweep",1250,5,193,3.667,3.663,0.000,0,0,0.100,3.567,,1253,20
"CrossingSweep",1250,5,194,12.393,12.397,10.517,1,0,0.178,1.697,,1248,21
"CrossingSweep",1250,5,195,2.742,2.731,0.000,0,0,0.101,2.641,,1247,20
"CrossingSweep",1250,5,196,11.106,11.119,10.077,1,0,0.173,0.856,,1260,21
"CrossingSweep",1250,5,197,4.059,3.980,0.000,0,0,0.141,3.918,,1256,21
"CrossingSweep",1250,5,198,1.679,1.768,0.000,0,0,0.119,1.560,,1265,21
"CrossingSweep",1250,5,199,12.660,12.639,10.769,1,0,0.187,1.705,,1258,21
"CrossingSweep",1250,5,200,3.976,3.977,0.000,0,0,0.093,3.883,,1260,21
"CrossingSweep",1250,5,201,12.645,12.633,10.619,1,0,0.187,1.839,,1266,21
"CrossingSweep",1250,5,202,2.573,2.596,0.000,0,0,0.119,2.454,,1265,21
"CrossingSweep",1250,5,203,2.515,2.511,0.000,0,0,0.101,2.414,,1264,21
"CrossingSweep",1250,5,204,12.007,11.988,10.210,1,0,0.168,1.628,,1265,21
"CrossingSweep",1250,5,205,2.051,2.065,0.000,0,0,0.096,1.954,,1257,21
"CrossingSweep",1250,5,206,2.972,2.955,0.000,0,0,0.095,2.877,,1238,21
"CrossingSweep",1250,5,207,12.469,12.462,10.272,1,0,0.197,2.000,,1247,21
"CrossingSweep",1250,5,208,2.696,2.710,0.000,0,0,0.109,2.587,,1257,21
"CrossingSweep",1250,5,209,11.123,11.124,10.079,1,0,0.188,0.855,,1263,21
"CrossingSweep",1250,5,210,4.646,4.626,0.000,0,0,0.103,4.543,,1257,21
"CrossingSweep",1250,5,211,1.829,1.821,0.000,0,0,0.105,1.723,,1268,21
"CrossingSweep",1250,5,212,12.640,12.592,10.660,1,0,0.189,1.791,,1263,21
"CrossingSweep",1250,5,213,3.183,3.242,0.000,0,0,0.098,3.085,,1260,21
"CrossingSweep",1250,5,214,12.535,12.530,10.717,1,0,0.179,1.639,,1260,21
"CrossingSweep",1250,5,215,2.483,2.490,0.000,0,0,0.116,2.367,,1257,21
"CrossingSweep",1250,5,216,2.412,2.411,0.000,0,0,0.104,2.308,,1259,21
"CrossingSweep",1250,5,217,12.289,12.281,10.416,1,0,0.230,1.644,,1269,21
"CrossingSweep",1250,5,218,5.053,5.034,0.000,0,0,0.094,4.958,,1263,21
"CrossingSweep",1250,5,219,12.080,12.091,10.017,1,0,0.187,1.876,,1259,21
"CrossingSweep",1250,5,220,3.200,3.203,0.000,0,0,0.115,3.085,,1261,21
"CrossingSweep",1250,5,221,11.962,11.966,10.871,1,0,0.219,0.871,,1264,21
"CrossingSweep",1250,5,222,2.726,2.717,0.000,0,0,0.095,2.631,,1260,21
"CrossingSweep",1250,5,223,1.986,1.999,0.000,0,0,0.116,1.869,,1266,21
"CrossingSweep",1250,5,224,12.628,12.622,10.607,1,0,0.215,1.806,,1262,21
"CrossingSweep",1250,5,225,4.044,4.010,0.000,0,0,0.097,3.948,,1265,20
"CrossingSweep",1250,5,226,13.151,13.178,11.186,1,0,0.217,1.748,,1265,21
"CrossingSweep",1250,5,227,2.568,2.567,0.000,0,0,0.111,2.457,,1255,21
"CrossingSweep",1250,5,228,13.154,13.140,11.028,1,0,0.251,1.875,,1257,21
"CrossingSweep",1250,5,229,5.817,5.818,0.000,0,0,0.111,5.707,,1246,21
"CrossingSweep",1250,5,230,13.024,13.024,11.037,1,0,0.209,1.778,,1252,21
"CrossingSweep",1250,5,231,2.502,2.516,0.000,0,0,0.114,2.388,,1266,21
"CrossingSweep",1250,5,232,11.508,11.449,10.304,1,0,0.200,1.004,,1248,21
"CrossingSweep",1250,5,233,2.645,2.703,0.000,0,0,0.098,2.547,,1264,21
"CrossingSweep",1250,5,234,1.684,1.680,0.000,0,0,0.118,1.566,,1255,21
"CrossingSweep",1250,5,235,12.979,12.946,11.308,1,0,0.184,1.487,,1260,21
"CrossingSweep",1250,5,236,1.859,1.902,0.000,0,0,0.223,1.635,,1261,21
"CrossingSweep",1250,5,237,3.370,3.336,0.000,0,0,0.089,3.282,,1263,21
"CrossingSweep",1250,5,238,14.127,14.141,11.192,1,0,0.206,2.729,,1255,21
"CrossingSweep",1250,5,239,2.100,2.097,0.000,0,0,0.104,1.997,,1268,21
"CrossingSweep",1250,5,240,12.347,12.348,10.466,1,0,0.185,1.696,,1252,21
"CrossingSweep",1250,5,241,2.206,2.192,0.000,0,0,0.103,2.104,,1258,21
"CrossingSweep",1250,5,242,2.962,2.956,0.000,0,0,0.124,2.838,,1266,21
"CrossingSweep",1250,5,243,11.814,11.821,10.677,1,0,0.218,0.919,,1265,21
"CrossingSweep",1250,5,244,3.237,3.235,0.000,0,0,0.104,3.133,,1266,21
"CrossingSweep",1250,5,245,12.285,12.277,10.233,1,0,0.212,1.840,,1206,21
"CrossingSweep",1250,5,246,2.393,2.415,0.000,0,0,0.106,2.288,,1260,21
"CrossingSweep",1250,5,247,1.462,1.468,0.000,0,0,0.095,1.367,,1259,21
"CrossingSweep",1250,5,248,12.011,11.992,10.879,1,0,0.179,0.954,,1256,21
"CrossingSweep",1250,5,249,2.206,2.206,0.000,0,0,0.098,2.108,,1262,21
"CrossingSweep",1250,5,250,3.177,3.177,0.000,0,0,0.099,3.078,,1265,21
"CrossingSweep",1250,5,251,12.522,12.505,10.475,1,0,0.191,1.856,,1265,21
"CrossingSweep",1250,5,252,3.419,3.439,0.000,0,0,0.112,3.308,,1252,21
"CrossingSweep",1250,5,253,12.404,12.399,10.527,1,0,0.168,1.709,,1264,21
"CrossingSweep",1250,5,254,2.148,2.135,0.000,0,0,0.099,2.049,,1263,20
"CrossingSweep",1250,5,255,2.146,2.157,0.000,0,0,0.099,2.047,,1260,21
"CrossingSweep",1250,5,256,12.576,12.577,10.648,1,0,0.184,1.745,,1257,21
"CrossingSweep",1250,5,257,3.519,3.486,0.000,0,0,0.106,3.414,,1266,21
"CrossingSweep",1250,5,258,1.373,1.387,0.000,0,0,0.134,1.239,,1254,21
"CrossingSweep",1250,5,259,12.109,12.110,10.209,1,0,0.169,1.731,,1256,21
"CrossingSweep",1250,5,260,2.505,2.521,0.000,0,0,0.097,2.408,,1254,21
"CrossingSweep",1250,5,261,1.712,1.711,0.000,0,0,0.100,1.613,,1266,21
"CrossingSweep",1250,5,262,12.241,12.224,10.433,1,0,0.157,1.651,,1256,21
"CrossingSweep",1250,5,263,2.109,2.119,0.000,0,0,0.100,2.010,,1259,21
"CrossingSweep",1250,5,264,2.555,2.548,0.000,0,0,0.104,2.451,,1255,21
"CrossingSweep",1250,5,265,12.190,12.177,10.471,1,0,0.190,1.528,,1159,21
"CrossingSweep",1250,5,266,3.130,3.143,0.000,0,0,0.122,3.008,,1266,21
"CrossingSweep",1250,5,267,3.023,3.014,0.000,0,0,0.112,2.911,,1263,21
"CrossingSweep",1250,5,268,12.816,12.810,10.802,1,0,0.197,1.818,,1262,21
"CrossingSweep",1250,5,269,3.735,3.731,0.000,0,0,0.140,3.595,,1259,21
"CrossingSweep",1250,5,270,12.374,12.388,10.209,1,0,0.214,1.951,,1247,21
"CrossingSweep",1250,5,271,3.299,3.257,0.000,0,0,0.114,3.186,,1263,21
"CrossingSweep",1250,5,272,12.594,12.634,10.639,1,0,0.190,1.765,,1256,21
"CrossingSweep",1250,5,273,2.247,2.254,0.000,0,0,0.113,2.134,,1261,21
"CrossingSweep",1250,5,274,4.064,4.039,0.000,0,0,0.098,3.966,,1254,21
"CrossingSweep",1250,5,275,12.040,12.057,10.168,1,0,0.158,1.713,,1256,21
"CrossingSweep",1250,5,276,3.047,3.038,0.000,0,0,0.109,2.938,,1263,21
"CrossingSweep",1250,5,277,11.730,11.720,9.762,1,0,0.157,1.811,,1255,21
"CrossingSweep",1250,5,278,2.227,2.240,0.000,0,0,0.110,2.117,,1265,21
"CrossingSweep",1250,5,279,2.417,2.423,0.000,0,0,0.114,2.303,,1265,21
"CrossingSweep",1250,5,280,12.386,12.369,10.452,1,0,0.178,1.757,,1268,21
"CrossingSweep",1250,5,281,4.792,4.785,0.000,0,0,0.103,4.689,,1263,21
"CrossingSweep",1250,5,282,12.223,12.224,10.245,1,0,0.184,1.795,,1262,21
"CrossingSweep",1250,5,283,3.605,3.616,0.000,0,0,0.110,3.495,,1259,21
"CrossingSweep",1250,5,284,12.255,12.259,10.379,1,0,0.195,1.681,,1256,21
"CrossingSweep",1250,5,285,2.080,2.078,0.000,0,0,0.099,1.981,,1264,21
"CrossingSweep",1250,5,286,1.705,1.683,0.000,0,0,0.092,1.613,,1253,21
"CrossingSweep",1250,5,287,17.246,17.260,14.968,1,0,0.210,2.068,,1266,20
"CrossingSweep",1250,5,288,13.070,13.052,10.213,1,0,0.152,2.705,,1266,21
"CrossingSweep",1250,5,289,4.771,4.788,0.000,0,0,0.123,4.648,,1258,21
"CrossingSweep",1250,5,290,12.729,12.717,10.744,1,0,0.198,1.787,,1264,21
"CrossingSweep",1250,5,291,3.630,3.630,0.000,0,0,0.119,3.511,,1259,21
"CrossingSweep",1250,5,292,12.486,12.478,10.438,1,0,0.194,1.854,,1267,21
"CrossingSweep",1250,5,293,4.821,4.837,0.000,0,0,0.128,4.693,,1266,21
"CrossingSweep",1250,5,294,12.483,12.466,10.515,1,0,0.205,1.763,,1255,21
"CrossingSweep",1250,5,295,1.965,1.987,0.000,0,0,0.135,1.830,,1256,21
"CrossingSweep",1250,5,296,11.581,11.571,10.402,1,0,0.201,0.978,,1258,21
"CrossingSweep",1250,5,297,2.403,2.398,0.000,0,0,0.099,2.303,,1253,21
"CrossingSweep",1250,5,298,2.854,2.838,0.000,0,0,0.092,2.763,,1262,21
"CrossingSweep",1250,5,299,13.717,13.724,10.479,1,0,0.189,3.048,,1256,21
"CrossingSweep",1500,5,0,17.545,17.548,15.012,1,1,0.253,2.280,,1506,23
"CrossingSweep",1500,5,1,18.590,18.579,15.815,1,1,0.230,2.545,,1509,21
"CrossingSweep",1500,5,2,19.046,19.057,16.091,1,1,0.259,2.696,,1506,22
"CrossingSweep",1500,5,3,18.465,18.448,15.463,1,1,0.273,2.730,,1512,23
"CrossingSweep",1500,5,4,18.094,18.091,15.294,1,1,0.256,2.544,,1500,23
"CrossingSweep",1500,5,5,18.230,18.234,15.392,1,1,0.283,2.555,,1501,22
"CrossingSweep",1500,5,6,17.990,17.995,15.410,1,1,0.232,2.349,,1497,21
"CrossingSweep",1500,5,7,18.063,18.062,15.503,1,1,0.217,2.342,,1486,23
"CrossingSweep",1500,5,8,17.959,17.959,15.112,1,1,0.228,2.619,,1511,23
"CrossingSweep",1500,5,9,18.059,18.049,15.616,1,1,0.220,2.224,,1497,23
"CrossingSweep",1500,5,10,19.323,19.308,15.483,1,1,0.256,3.584,,1508,23
"CrossingSweep",1500,5,11,20.920,20.934,18.428,1,1,0.275,2.216,,1511,23
"CrossingSweep",1500,5,12,18.011,18.005,14.983,1,1,0.293,2.735,,1495,23
"CrossingSweep",1500,5,13,18.251,18.228,15.139,1,1,0.278,2.833,,1501,23
"CrossingSweep",1500,5,14,18.666,18.684,16.097,1,1,0.262,2.306,,1497,23
"CrossingSweep",1500,5,15,17.948,17.950,15.305,1,1,0.267,2.376,,1507,23
"CrossingSweep",1500,5,16,18.426,18.381,15.258,1,1,0.253,2.915,,1501,23
"CrossingSweep",1500,5,17,18.067,18.106,15.398,1,1,0.254,2.416,,1502,23
"CrossingSweep",1500,5,18,18.980,18.981,16.363,1,1,0.268,2.350,,1494,22
"CrossingSweep",1500,5,19,18.253,18.246,14.962,1,1,0.258,3.032,,1502,23
"CrossingSweep",1500,5,20,17.390,17.395,14.807,1,1,0.249,2.334,,1504,23
"CrossingSweep",1500,5,21,17.568,17.571,14.874,1,1,0.239,2.456,,1500,23
"CrossingSweep",1500,5,22,18.304,18.303,15.848,1,1,0.256,2.201,,1496,23
"CrossingSweep",1500,5,23,18.819,18.819,16.168,1,1,0.227,2.424,,1513,23
"CrossingSweep",1500,5,24,19.467,19.457,16.331,1,1,0.233,2.903,,1500,23
"CrossingSweep",1500,5,25,18.800,18.809,16.329,1,1,0.239,2.232,,1495,23
"CrossingSweep",1500,5,26,19.782,19.779,16.668,1,1,0.241,2.873,,1502,23
"CrossingSweep",1500,5,27,18.672,18.670,16.072,1,1,0.254,2.345,,1495,22
"CrossingSweep",1500,5,28,20.068,20.052,17.309,1,1,0.266,2.494,,1493,23
"CrossingSweep",1500,5,29,17.901,17.907,15.310,1,1,0.242,2.350,,1515,23
"CrossingSweep",1500,5,30,17.938,17.939,15.249,1,1,0.260,2.429,,1507,23
"CrossingSweep",1500,5,31,18.545,18.524,14.946,1,1,0.227,3.372,,1513,23
"CrossingSweep",1500,5,32,17.941,17.958,15.276,1,1,0.266,2.399,,1514,23
"CrossingSweep",1500,5,33,18.221,18.212,14.968,1,1,0.256,2.998,,1514,23
"CrossingSweep",1500,5,34,18.217,18.212,15.400,1,1,0.255,2.561,,1515,23
"CrossingSweep",1500,5,35,17.749,17.756,15.048,1,1,0.252,2.449,,1513,23
"CrossingSweep",1500,5,36,17.459,17.466,14.970,1,1,0.248,2.241,,1512,23
"CrossingSweep",1500,5,37,17.987,17.975,15.090,1,1,0.256,2.641,,1496,23
"CrossingSweep",1500,5,38,18.069,18.072,15.572,1,1,0.259,2.239,,1505,23
"CrossingSweep",1500,5,39,18.430,18.434,15.993,1,1,0.229,2.208,,1515,23
"CrossingSweep",1500,5,40,20.192,20.187,16.177,1,1,0.253,3.762,,1506,23
"CrossingSweep",1500,5,41,18.479,18.481,15.795,1,1,0.252,2.432,,1516,23
"CrossingSweep",1500,5,42,19.689,19.667,16.377,1,1,0.227,3.085,,1510,22
"CrossingSweep",1500,5,43,19.286,19.244,15.904,1,1,0.268,3.113,,1517,23
"CrossingSweep",1500,5,44,19.128,19.174,16.444,1,1,0.262,2.421,,1518,23
"CrossingSweep",1500,5,45,18.551,18.549,15.672,1,1,0.261,2.618,,1518,23
"CrossingSweep",1500,5,46,18.309,18.301,15.433,1,1,0.260,2.616,,1506,23
"CrossingSweep",1500,5,47,18.694,18.706,15.599,1,1,0.243,2.851,,1496,23
"CrossingSweep",1500,5,48,17.740,17.735,15.118,1,1,0.233,2.389,,1497,23
"CrossingSweep",1500,5,49,18.579,18.565,15.184,1,1,0.251,3.143,,1498,23
"CrossingSweep",1500,5,50,17.660,17.678,15.000,1,1,0.302,2.358,,1514,23
"CrossingSweep",1500,5,51,18.343,18.321,15.036,1,1,0.228,3.079,,1493,23
"CrossingSweep",1500,5,52,20.453,20.464,17.920,1,1,0.245,2.288,,1513,23
"CrossingSweep",1500,5,53,18.816,18.818,16.048,1,1,0.261,2.508,,1506,23
"CrossingSweep",1500,5,54,18.056,18.049,14.983,1,1,0.250,2.823,,1516,23
"CrossingSweep",1500,5,55,18.340,18.329,15.754,1,1,0.239,2.347,,1518,23
"CrossingSweep",1500,5,56,18.213,18.221,15.094,1,1,0.257,2.862,,1496,23
"CrossingSweep",1500,5,57,17.913,17.900,15.103,1,1,0.276,2.534,,1495,23
"CrossingSweep",1500,5,58,17.927,17.934,14.961,1,1,0.260,2.706,,1502,22
"CrossingSweep",1500,5,59,18.113,18.120,15.333,1,1,0.283,2.498,,1505,23
"CrossingSweep",1500,5,60,18.281,18.263,14.980,1,1,0.224,3.077,,1517,23
"CrossingSweep",1500,5,61,17.550,17.559,15.001,1,1,0.258,2.292,,1497,23
"CrossingSweep",1500,5,62,17.449,17.453,14.953,1,1,0.230,2.266,,1518,23
"CrossingSweep",1500,5,63,18.000,17.990,15.075,1,1,0.237,2.688,,1506,23
"CrossingSweep",1500,5,64,17.623,17.615,15.014,1,1,0.256,2.354,,1519,23
"CrossingSweep",1500,5,65,18.601,18.600,15.498,1,1,0.251,2.852,,1510,23
"CrossingSweep",1500,5,66,17.669,17.672,15.032,1,1,0.236,2.401,,1509,23
"CrossingSweep",1500,5,67,17.818,17.811,15.114,1,1,0.218,2.485,,1511,23
"CrossingSweep",1500,5,68,17.778,17.785,15.183,1,1,0.263,2.332,,1500,23
"CrossingSweep",1500,5,69,18.461,18.449,15.457,1,1,0.260,2.744,,1508,22
"CrossingSweep",1500,5,70,23.481,23.491,20.342,1,1,0.283,2.857,,1516,23
"CrossingSweep",1500,5,71,17.906,17.902,15.217,1,1,0.252,2.437,,1509,23
"CrossingSweep",1500,5,72,17.581,17.584,14.976,1,1,0.241,2.364,,1507,23
"CrossingSweep",1500,5,73,17.889,17.897,15.821,1,1,0.240,1.828,,1508,23
"CrossingSweep",1500,5,74,19.602,19.573,16.602,1,1,0.243,2.757,,1509,22
"CrossingSweep",1500,5,75,18.475,18.504,15.962,1,1,0.271,2.242,,1484,23
"CrossingSweep",1500,5,76,18.598,18.584,16.060,1,1,0.241,2.296,,1504,23
"CrossingSweep",1500,5,77,18.927,18.911,15.240,1,1,0.232,3.455,,1509,23
"CrossingSweep",1500,5,78,17.655,17.671,15.167,1,1,0.252,2.237,,1484,23
"CrossingSweep",1500,5,79,18.105,18.098,15.456,1,1,0.254,2.395,,1515,23
"CrossingSweep",1500,5,80,17.679,17.671,15.123,1,1,0.235,2.321,,1512,20
"CrossingSweep",1500,5,81,18.243,18.243,15.043,1,1,0.261,2.939,,1510,22
"CrossingSweep",1500,5,82,17.134,17.139,14.967,1,1,0.251,1.916,,1511,23
"CrossingSweep",1500,5,83,17.667,17.663,15.423,1,1,0.265,1.978,,1511,23
"CrossingSweep",1500,5,84,17.832,17.828,15.472,1,1,0.258,2.102,,1513,22
"CrossingSweep",1500,5,85,18.221,18.231,16.096,1,1,0.249,1.876,,1516,23
"CrossingSweep",1500,5,86,18.093,18.081,15.756,1,1,0.262,2.075,,1514,23
"CrossingSweep",1500,5,87,17.659,17.658,15.426,1,1,0.262,1.972,,1512,21
"CrossingSweep",1500,5,88,18.342,18.338,15.709,1,1,0.257,2.376,,1510,23
"CrossingSweep",1500,5,89,17.756,17.752,15.561,1,1,0.240,1.956,,1517,23
"CrossingSweep",1500,5,90,18.305,18.311,15.423,1,1,0.257,2.626,,1496,22
"CrossingSweep",1500,5,91,17.698,17.694,15.478,1,1,0.268,1.952,,1514,23
"CrossingSweep",1500,5,92,17.953,17.949,15.490,1,1,0.245,2.218,,1426,23
"CrossingSweep",1500,5,93,17.819,17.820,15.638,1,1,0.267,1.914,,1518,23
"CrossingSweep",1500,5,94,18.491,18.481,15.825,1,1,0.231,2.435,,1516,23
"CrossingSweep",1500,5,95,17.995,18.013,15.549,1,1,0.255,2.191,,1517,23
"CrossingSweep",1500,5,96,17.941,17.891,15.604,1,1,0.270,2.067,,1516,23
"CrossingSweep",1500,5,97,17.884,17.920,15.650,1,1,0.248,1.985,,1516,23
"CrossingSweep",1500,5,98,23.076,23.064,19.695,1,1,0.240,3.141,,1509,23
"CrossingSweep",1500,5,99,19.092,19.094,15.731,1,1,0.247,3.115,,1512,23
"CrossingSweep",1500,5,100,18.980,18.991,16.743,1,1,0.258,1.979,,1514,23
"CrossingSweep",1500,5,101,18.658,18.656,16.358,1,1,0.277,2.024,,1509,23
"CrossingSweep",1500,5,102,18.560,18.555,15.956,1,1,0.229,2.374,,1517,23
"CrossingSweep",1500,5,103,18.287,18.290,15.134,1,1,0.276,2.876,,1503,23
"CrossingSweep",1500,5,104,19.329,19.321,16.329,1,1,0.274,2.726,,1512,23
"CrossingSweep",1500,5,105,17.799,17.801,15.105,1,1,0.264,2.431,,1516,23
"CrossingSweep",1500,5,106,17.290,17.292,15.024,1,1,0.271,1.996,,1518,23
"CrossingSweep",1500,5,107,17.498,17.492,15.407,1,1,0.221,1.870,,1512,23
"CrossingSweep",1500,5,108,17.763,17.765,15.530,1,1,0.258,1.975,,1514,23
"CrossingSweep",1500,5,109,18.001,18.007,15.442,1,1,0.233,2.327,,1512,23
"CrossingSweep",1500,5,110,17.898,17.888,15.640,1,1,0.267,1.991,,1515,23
"CrossingSweep",1500,5,111,17.807,17.806,15.535,1,1,0.271,2.001,,1511,23
"CrossingSweep",1500,5,112,17.994,17.991,15.663,1,1,0.265,2.066,,1513,23
"CrossingSweep",1500,5,113,19.327,19.327,16.840,1,1,0.263,2.224,,1516,23
"CrossingSweep",1500,5,114,22.760,22.755,20.083,1,1,0.252,2.425,,1511,23
"CrossingSweep",1500,5,115,17.582,17.591,15.399,1,1,0.245,1.938,,1514,23
"CrossingSweep",1500,5,116,18.323,18.320,16.130,1,1,0.254,1.939,,1510,22
"CrossingSweep",1500,5,117,19.167,19.151,16.605,1,1,0.228,2.334,,1515,22
"CrossingSweep",1500,5,118,18.167,18.176,15.851,1,1,0.291,2.024,,1518,23
"CrossingSweep",1500,5,119,17.632,17.632,15.539,1,1,0.260,1.833,,1519,23
"CrossingSweep",1500,5,120,19.444,19.435,16.550,1,1,0.229,2.665,,1511,23
"CrossingSweep",1500,5,121,22.190,22.190,19.174,1,1,0.234,2.782,,1515,23
"CrossingSweep",1500,5,122,17.823,17.830,15.625,1,1,0.249,1.950,,1359,23
"CrossingSweep",1500,5,123,17.442,17.439,15.338,1,1,0.217,1.887,,1515,23
"CrossingSweep",1500,5,124,17.702,17.704,15.495,1,1,0.252,1.955,,1517,23
"CrossingSweep",1500,5,125,18.729,18.729,16.131,1,1,0.226,2.372,,1515,23
"CrossingSweep",1500,5,126,19.833,19.825,17.758,1,1,0.249,1.826,,1514,22
"CrossingSweep",1500,5,127,19.638,19.627,16.604,1,1,0.275,2.759,,1505,22
"CrossingSweep",1500,5,128,21.815,21.826,19.818,1,1,0.240,1.757,,1513,23
"CrossingSweep",1500,5,129,19.196,19.205,17.072,1,1,0.243,1.881,,1514,23
"CrossingSweep",1500,5,130,19.974,19.963,16.950,1,1,0.245,2.780,,1508,22
"CrossingSweep",1500,5,131,19.300,19.299,16.787,1,1,0.259,2.254,,1509,21
"CrossingSweep",1500,5,132,19.334,19.338,17.140,1,1,0.247,1.947,,1509,23
"CrossingSweep",1500,5,133,17.702,17.693,15.524,1,1,0.231,1.947,,1505,22
"CrossingSweep",1500,5,134,18.339,18.337,16.165,1,1,0.270,1.904,,1518,23
"CrossingSweep",1500,5,135,19.463,19.464,17.337,1,1,0.243,1.883,,1508,23
"CrossingSweep",1500,5,136,19.658,19.650,16.569,1,1,0.226,2.863,,1506,23
"CrossingSweep",1500,5,137,19.122,19.106,16.127,1,1,0.252,2.743,,1512,23
"CrossingSweep",1500,5,138,18.727,18.745,16.266,1,1,0.258,2.203,,1518,23
"CrossingSweep",1500,5,139,17.878,17.875,15.779,1,1,0.239,1.859,,1516,23
"CrossingSweep",1500,5,140,18.853,18.855,16.741,1,1,0.244,1.869,,1516,23
"CrossingSweep",1500,5,141,19.307,19.303,17.153,1,1,0.265,1.890,,1511,22
"CrossingSweep",1500,5,142,19.541,19.545,17.377,1,1,0.258,1.906,,1516,23
"CrossingSweep",1500,5,143,19.178,19.169,16.833,1,1,0.271,2.074,,1512,23
"CrossingSweep",1500,5,144,19.982,19.979,17.415,1,1,0.236,2.331,,1498,22
"CrossingSweep",1500,5,145,17.968,17.974,15.891,1,1,0.237,1.840,,1446,23
"CrossingSweep",1500,5,146,19.215,19.211,17.028,1,1,0.247,1.940,,1509,23
"CrossingSweep",1500,5,147,18.077,18.075,15.915,1,1,0.232,1.930,,1518,23
"CrossingSweep",1500,5,148,18.009,18.019,15.939,1,1,0.220,1.850,,1517,23
"CrossingSweep",1500,5,149,17.929,17.915,15.676,1,1,0.326,1.927,,1517,23
"CrossingSweep",1500,5,150,17.766,17.771,15.673,1,1,0.223,1.870,,1512,23
"CrossingSweep",1500,5,151,17.530,17.525,15.456,1,1,0.245,1.829,,1503,23
"CrossingSweep",1500,5,152,18.375,18.357,15.577,1,1,0.222,2.575,,1507,23
"CrossingSweep",1500,5,153,18.058,18.072,15.888,1,1,0.246,1.924,,1394,23
"CrossingSweep",1500,5,154,19.064,19.059,16.371,1,1,0.310,2.383,,1514,23
"CrossingSweep",1500,5,155,17.565,17.572,15.494,1,1,0.227,1.844,,1513,23
"CrossingSweep",1500,5,156,17.514,17.510,15.420,1,1,0.256,1.838,,1404,23
"CrossingSweep",1500,5,157,17.600,17.599,15.461,1,1,0.246,1.893,,1507,23
"CrossingSweep",1500,5,158,17.980,17.983,15.819,1,1,0.277,1.884,,1511,23
"CrossingSweep",1500,5,159,18.648,18.630,15.835,1,1,0.240,2.573,,1517,23
"CrossingSweep",1500,5,160,18.212,18.191,16.066,1,1,0.233,1.913,,1509,23
"CrossingSweep",1500,5,161,18.072,18.101,15.766,1,1,0.259,2.046,,1512,23
"CrossingSweep",1500,5,162,17.584,17.578,15.460,1,1,0.256,1.869,,1515,23
"CrossingSweep",1500,5,163,18.477,18.475,16.023,1,1,0.247,2.207,,1505,23
"CrossingSweep",1500,5,164,17.984,17.985,15.610,1,1,0.277,2.097,,1519,23
"CrossingSweep",1500,5,165,17.498,17.496,15.130,1,1,0.263,2.105,,1518,23
"CrossingSweep",1500,5,166,18.208,18.206,15.982,1,1,0.277,1.949,,1518,23
"CrossingSweep",1500,5,167,18.131,18.128,15.964,1,1,0.246,1.922,,1517,22
"CrossingSweep",1500,5,168,18.024,18.037,15.716,1,1,0.254,2.054,,1518,23
"CrossingSweep",1500,5,169,17.652,17.640,15.503,1,1,0.215,1.935,,1517,23
"CrossingSweep",1500,5,170,18.514,18.509,15.452,1,1,0.253,2.809,,1514,23
"CrossingSweep",1500,5,171,18.446,18.454,16.272,1,1,0.274,1.899,,1507,23
"CrossingSweep",1500,5,172,22.327,22.316,19.596,1,1,0.315,2.415,,1517,23
"CrossingSweep",1500,5,173,19.667,19.669,17.105,1,1,0.247,2.316,,1513,23
"CrossingSweep",1500,5,174,17.743,17.735,15.596,1,1,0.252,1.895,,1520,23
"CrossingSweep",1500,5,175,17.851,17.853,15.605,1,1,0.251,1.995,,1519,23
"CrossingSweep",1500,5,176,19.143,19.097,16.489,1,1,0.263,2.391,,1519,23
"CrossingSweep",1500,5,177,18.097,18.138,15.951,1,1,0.265,1.881,,1514,23
"CrossingSweep",1500,5,178,17.966,17.974,15.866,1,1,0.260,1.840,,1511,23
"CrossingSweep",1500,5,179,19.331,19.327,17.050,1,1,0.241,2.040,,1509,23
"CrossingSweep",1500,5,180,18.006,18.000,15.668,1,1,0.231,2.107,,1518,22
"CrossingSweep",1500,5,181,18.405,18.406,16.306,1,1,0.244,1.856,,1515,23
"CrossingSweep",1500,5,182,19.496,19.493,17.139,1,1,0.262,2.095,,1514,23
"CrossingSweep",1500,5,183,18.098,18.096,15.997,1,1,0.219,1.882,,1514,23
"CrossingSweep",1500,5,184,18.261,18.270,15.949,1,1,0.274,2.037,,1500,23
"CrossingSweep",1500,5,185,18.534,18.517,16.248,1,1,0.249,2.036,,1518,23
"CrossingSweep",1500,5,186,18.031,18.032,15.514,1,1,0.228,2.289,,1513,23
"CrossingSweep",1500,5,187,18.648,18.645,15.997,1,1,0.256,2.394,,1518,23
"CrossingSweep",1500,5,188,17.931,17.932,15.669,1,1,0.291,1.971,,1507,23
"CrossingSweep",1500,5,189,17.147,17.149,15.095,1,1,0.218,1.834,,1508,23
"CrossingSweep",1500,5,190,17.858,17.853,15.700,1,1,0.225,1.933,,1512,23
"CrossingSweep",1500,5,191,17.065,17.070,15.000,1,1,0.217,1.848,,1516,23
"CrossingSweep",1500,5,192,17.647,17.638,15.494,1,1,0.269,1.884,,1512,23
"CrossingSweep",1500,5,193,18.286,18.291,15.312,1,1,0.253,2.721,,1510,23
"CrossingSweep",1500,5,194,17.044,17.042,14.933,1,1,0.252,1.859,,1511,23
"CrossingSweep",1500,5,195,19.812,19.800,17.260,1,1,0.263,2.290,,1510,23
"CrossingSweep",1500,5,196,17.527,17.536,15.457,1,1,0.253,1.818,,1516,23
"CrossingSweep",1500,5,197,17.702,17.698,15.628,1,1,0.238,1.836,,1516,23
"CrossingSweep",1500,5,198,17.789,17.793,15.745,1,1,0.231,1.813,,1518,23
"CrossingSweep",1500,5,199,18.898,18.880,15.341,1,1,0.297,3.260,,1508,23
"CrossingSweep",1500,5,200,17.219,17.215,15.070,1,1,0.237,1.913,,1507,23
"CrossingSweep",1500,5,201,17.536,17.552,15.444,1,1,0.254,1.838,,1503,23
"CrossingSweep",1500,5,202,17.798,17.781,15.071,1,1,0.226,2.502,,1513,23
"CrossingSweep",1500,5,203,17.262,17.281,15.142,1,1,0.240,1.881,,1510,22
"CrossingSweep",1500,5,204,17.713,17.701,15.471,1,1,0.241,2.002,,1515,22
"CrossingSweep",1500,5,205,17.514,17.516,15.419,1,1,0.208,1.887,,1512,23
"CrossingSweep",1500,5,206,17.739,17.737,15.595,1,1,0.230,1.913,,1514,23
"CrossingSweep",1500,5,207,17.486,17.491,15.361,1,1,0.225,1.900,,1503,23
"CrossingSweep",1500,5,208,17.025,17.020,14.991,1,1,0.232,1.802,,1503,23
"CrossingSweep",1500,5,209,17.023,17.020,14.990,1,1,0.227,1.806,,1512,23
"CrossingSweep",1500,5,210,17.918,17.911,15.821,1,1,0.242,1.856,,1506,23
"CrossingSweep",1500,5,211,17.727,17.741,15.542,1,1,0.231,1.953,,1506,23
"CrossingSweep",1500,5,212,18.712,18.691,16.346,1,1,0.255,2.111,,1512,23
"CrossingSweep",1500,5,213,17.420,17.433,15.146,1,1,0.242,2.032,,1509,23
"CrossingSweep",1500,5,214,17.628,17.621,15.448,1,1,0.280,1.900,,1510,23
"CrossingSweep",1500,5,215,17.747,17.743,15.604,1,1,0.217,1.926,,1516,23
"CrossingSweep",1500,5,216,18.056,18.051,15.436,1,1,0.253,2.367,,1508,23
"CrossingSweep",1500,5,217,17.771,17.771,15.249,1,1,0.345,2.177,,1497,23
"CrossingSweep",1500,5,218,18.155,18.150,15.401,1,1,0.219,2.535,,1505,21
"CrossingSweep",1500,5,219,17.252,17.264,15.115,1,1,0.255,1.882,,1507,23
"CrossingSweep",1500,5,220,17.145,17.152,15.116,1,1,0.217,1.813,,1510,23
"CrossingSweep",1500,5,221,18.579,18.562,16.370,1,1,0.258,1.950,,1506,23
"CrossingSweep",1500,5,222,17.035,17.033,14.872,1,1,0.238,1.925,,1517,23
"CrossingSweep",1500,5,223,17.689,17.691,15.425,1,1,0.313,1.951,,1518,23
"CrossingSweep",1500,5,224,17.069,17.065,15.071,1,1,0.226,1.772,,1514,23
"CrossingSweep",1500,5,225,17.751,17.746,15.095,1,1,0.234,2.423,,1445,23
"CrossingSweep",1500,5,226,17.026,17.031,14.695,1,1,0.230,2.101,,1516,23
"CrossingSweep",1500,5,227,18.614,18.616,16.592,1,1,0.242,1.780,,1515,23
"CrossingSweep",1500,5,228,17.163,17.163,14.976,1,1,0.213,1.974,,1493,23
"CrossingSweep",1500,5,229,16.818,16.815,14.733,1,1,0.238,1.846,,1502,23
"CrossingSweep",1500,5,230,17.042,17.034,14.832,1,1,0.206,2.004,,1504,23
"CrossingSweep",1500,5,231,17.240,17.227,15.162,1,1,0.253,1.826,,1495,22
"CrossingSweep",1500,5,232,17.549,17.558,15.118,1,1,0.223,2.208,,1515,23
"CrossingSweep",1500,5,233,17.801,17.809,15.657,1,1,0.250,1.894,,1519,22
"CrossingSweep",1500,5,234,17.316,17.302,15.195,1,1,0.260,1.861,,1507,23
"CrossingSweep",1500,5,235,17.011,17.029,14.998,1,1,0.242,1.772,,1513,23
"CrossingSweep",1500,5,236,17.068,17.054,15.091,1,1,0.223,1.754,,1501,23
"CrossingSweep",1500,5,237,16.914,16.916,14.888,1,1,0.230,1.797,,1486,21
"CrossingSweep",1500,5,238,17.951,17.940,15.263,1,1,0.229,2.459,,1498,23
"CrossingSweep",1500,5,239,17.854,17.865,15.798,1,1,0.238,1.819,,1516,23
"CrossingSweep",1500,5,240,18.022,18.015,14.810,1,1,0.215,2.997,,1513,22
"CrossingSweep",1500,5,241,19.695,19.651,17.126,1,1,0.317,2.252,,1509,22
"CrossingSweep",1500,5,242,19.492,19.539,17.433,1,1,0.238,1.822,,1509,23
"CrossingSweep",1500,5,243,17.238,17.232,14.880,1,1,0.239,2.119,,1507,23
"CrossingSweep",1500,5,244,16.949,16.952,14.845,1,1,0.228,1.876,,1511,22
"CrossingSweep",1500,5,245,17.824,17.826,15.461,1,1,0.229,2.134,,1508,23
"CrossingSweep",1500,5,246,18.795,18.771,15.812,1,1,0.228,2.755,,1512,23
"CrossingSweep",1500,5,247,17.618,17.637,15.567,1,1,0.237,1.814,,1504,23
"CrossingSweep",1500,5,248,18.467,18.462,16.350,1,1,0.227,1.890,,1499,23
"CrossingSweep",1500,5,249,17.288,17.289,15.249,1,1,0.219,1.820,,1512,22
"CrossingSweep",1500,5,250,17.049,17.037,14.887,1,1,0.226,1.936,,1518,23
"CrossingSweep",1500,5,251,17.272,17.281,15.251,1,1,0.248,1.773,,1515,23
"CrossingSweep",1500,5,252,18.054,18.047,15.657,1,1,0.250,2.147,,1484,23
"CrossingSweep",1500,5,253,18.282,18.270,15.428,1,1,0.248,2.605,,1504,23
"CrossingSweep",1500,5,254,16.972,16.997,14.974,1,1,0.257,1.741,,1494,23
"CrossingSweep",1500,5,255,18.117,18.105,16.119,1,1,0.229,1.769,,1508,23
"CrossingSweep",1500,5,256,16.973,16.967,14.772,1,1,0.263,1.937,,1504,23
"CrossingSweep",1500,5,257,17.920,17.917,15.863,1,1,0.212,1.846,,1442,23
"CrossingSweep",1500,5,258,17.641,17.642,15.374,1,1,0.238,2.030,,1490,23
"CrossingSweep",1500,5,259,17.081,17.080,15.000,1,1,0.221,1.860,,1488,23
"CrossingSweep",1500,5,260,22.042,22.023,19.152,1,1,0.256,2.635,,1496,23
"CrossingSweep",1500,5,261,17.407,17.426,15.069,1,1,0.254,2.084,,1505,23
"CrossingSweep",1500,5,262,17.528,17.523,15.445,1,1,0.231,1.853,,1517,23
"CrossingSweep",1500,5,263,17.161,17.161,15.025,1,1,0.224,1.912,,1506,23
"CrossingSweep",1500,5,264,17.296,17.296,15.074,1,1,0.226,1.995,,1496,23
"CrossingSweep",1500,5,265,17.619,17.615,15.461,1,1,0.245,1.913,,1505,23
"CrossingSweep",1500,5,266,18.609,18.602,15.841,1,1,0.271,2.498,,1486,22
"CrossingSweep",1500,5,267,18.235,18.234,15.336,1,1,0.228,2.672,,1514,23
"CrossingSweep",1500,5,268,17.183,17.179,15.097,1,1,0.258,1.828,,1513,23
"CrossingSweep",1500,5,269,16.850,16.859,14.818,1,1,0.217,1.815,,1514,22
"CrossingSweep",1500,5,270,17.539,17.530,15.332,1,1,0.291,1.916,,1512,23
"CrossingSweep",1500,5,271,17.618,17.619,15.222,1,1,0.232,2.164,,1512,23
"CrossingSweep",1500,5,272,17.294,17.306,15.128,1,1,0.245,1.922,,1514,23
"CrossingSweep",1500,5,273,17.345,17.333,15.313,1,1,0.222,1.810,,1505,23
"CrossingSweep",1500,5,274,17.818,17.819,15.648,1,1,0.266,1.904,,1514,23
"CrossingSweep",1500,5,275,19.093,19.090,17.095,1,1,0.235,1.764,,1519,23
"CrossingSweep",1500,5,276,17.545,17.546,15.101,1,1,0.223,2.221,,1508,23
"CrossingSweep",1500,5,277,17.679,17.671,15.496,1,1,0.276,1.907,,1509,23
"CrossingSweep",1500,5,278,19.719,19.709,16.656,1,1,0.266,2.798,,1512,23
"CrossingSweep",1500,5,279,19.840,19.825,16.886,1,1,0.263,2.691,,1510,23
"CrossingSweep",1500,5,280,17.635,17.661,15.576,1,1,0.255,1.805,,1517,23
"CrossingSweep",1500,5,281,17.503,17.499,15.412,1,1,0.223,1.869,,1516,23
"CrossingSweep",1500,5,282,17.321,17.325,15.301,1,1,0.272,1.748,,1518,23
"CrossingSweep",1500,5,283,17.874,17.875,15.503,1,1,0.209,2.162,,1513,23
"CrossingSweep",1500,5,284,18.481,18.474,16.276,1,1,0.289,1.916,,1463,23
"CrossingSweep",1500,5,285,17.942,17.940,15.704,1,1,0.336,1.902,,1507,23
"CrossingSweep",1500,5,286,17.289,17.287,15.235,1,1,0.219,1.835,,1504,23
"CrossingSweep",1500,5,287,18.239,18.235,15.616,1,1,0.291,2.333,,1519,21
"CrossingSweep",1500,5,288,18.907,18.909,16.253,1,1,0.327,2.328,,1515,23
"CrossingSweep",1500,5,289,21.324,21.312,18.365,1,1,0.317,2.642,,1501,23
"CrossingSweep",1500,5,290,19.211,19.211,16.771,1,1,0.264,2.177,,1510,23
"CrossingSweep",1500,5,291,17.959,17.968,15.577,1,1,0.281,2.101,,1510,23
"CrossingSweep",1500,5,292,17.268,17.268,15.237,1,1,0.223,1.807,,1515,23
"CrossingSweep",1500,5,293,17.765,17.766,15.648,1,1,0.244,1.873,,1512,22
"CrossingSweep",1500,5,294,18.005,17.993,14.844,1,1,0.218,2.942,,1509,23
"CrossingSweep",1500,5,295,16.922,16.939,14.868,1,1,0.229,1.825,,1432,23
"CrossingSweep",1500,5,296,17.276,17.260,15.132,1,1,0.220,1.923,,1509,23
"CrossingSweep",1500,5,297,21.994,21.991,19.457,1,1,0.254,2.283,,1504,22
"CrossingSweep",1500,5,298,17.390,17.394,15.163,1,1,0.262,1.964,,1491,22
"CrossingSweep",1500,5,299,17.906,17.906,15.905,1,1,0.234,1.767,,1499,23
"CrossingSweep",1750,5,0,24.734,24.728,21.337,1,1,0.264,3.134,,1754,26
"CrossingSweep",1750,5,1,23.884,23.881,20.959,1,1,0.310,2.615,,1750,26
"CrossingSweep",1750,5,2,25.115,25.124,22.957,1,1,0.264,1.894,,1751,26
"CrossingSweep",1750,5,3,23.583,23.582,21.314,1,1,0.303,1.966,,1751,26
"CrossingSweep",1750,5,4,22.341,22.338,20.126,1,1,0.293,1.922,,1755,26
"CrossingSweep",1750,5,5,23.755,23.750,21.453,1,1,0.298,2.004,,1751,26
"CrossingSweep",1750,5,6,22.870,22.864,20.558,1,1,0.312,2.000,,1751,26
"CrossingSweep",1750,5,7,24.013,24.012,20.964,1,1,0.309,2.741,,1748,26
"CrossingSweep",1750,5,8,24.535,24.530,21.680,1,1,0.292,2.564,,1754,26
"CrossingSweep",1750,5,9,25.965,25.965,23.301,1,1,0.284,2.380,,1746,26
"CrossingSweep",1750,5,10,23.112,23.119,20.914,1,1,0.297,1.901,,1760,25
"CrossingSweep",1750,5,11,23.057,23.053,20.338,1,1,0.269,2.450,,1746,26
"CrossingSweep",1750,5,12,23.208,23.212,21.078,1,1,0.275,1.855,,1756,26
"CrossingSweep",1750,5,13,22.931,22.930,20.533,1,1,0.374,2.024,,1757,26
"CrossingSweep",1750,5,14,23.111,23.109,20.887,1,1,0.282,1.942,,1723,26
"CrossingSweep",1750,5,15,24.413,24.407,22.118,1,1,0.265,2.030,,1761,26
"CrossingSweep",1750,5,16,24.607,24.609,22.275,1,1,0.302,2.030,,1753,26
"CrossingSweep",1750,5,17,23.303,23.299,21.154,1,1,0.273,1.877,,1757,26
"CrossingSweep",1750,5,18,22.637,22.638,20.380,1,1,0.265,1.991,,1755,26
"CrossingSweep",1750,5,19,23.332,23.333,20.498,1,1,0.296,2.539,,1749,26
"CrossingSweep",1750,5,20,23.002,22.978,20.362,1,1,0.268,2.373,,1757,26
"CrossingSweep",1750,5,21,23.563,23.586,20.926,1,1,0.298,2.340,,1761,26
"CrossingSweep",1750,5,22,24.572,24.572,22.389,1,1,0.258,1.925,,1759,26
"CrossingSweep",1750,5,23,24.465,24.463,21.887,1,1,0.284,2.295,,1744,26
"CrossingSweep",1750,5,24,23.585,23.578,21.203,1,1,0.370,2.013,,1753,26
"CrossingSweep",1750,5,25,23.210,23.205,20.673,1,1,0.281,2.256,,1759,24
"CrossingSweep",1750,5,26,22.763,22.768,20.593,1,1,0.281,1.889,,1754,26
"CrossingSweep",1750,5,27,22.665,22.665,20.458,1,1,0.261,1.946,,1749,26
"CrossingSweep",1750,5,28,22.790,22.782,20.333,1,1,0.264,2.194,,1759,26
"CrossingSweep",1750,5,29,22.936,22.936,20.636,1,1,0.325,1.975,,1762,25
"CrossingSweep",1750,5,30,22.728,22.729,20.443,1,1,0.295,1.991,,1758,26
"CrossingSweep",1750,5,31,24.259,24.240,20.476,1,1,0.287,3.497,,1760,26
"CrossingSweep",1750,5,32,23.812,23.828,21.540,1,1,0.326,1.946,,1752,26
"CrossingSweep",1750,5,33,22.796,22.787,20.491,1,1,0.295,2.010,,1760,25
"CrossingSweep",1750,5,34,25.962,25.965,23.201,1,1,0.351,2.410,,1760,26
"CrossingSweep",1750,5,35,25.531,25.527,23.107,1,1,0.265,2.159,,1758,25
"CrossingSweep",1750,5,36,26.947,26.937,23.518,1,1,0.277,3.151,,1752,26
"CrossingSweep",1750,5,37,23.230,23.245,20.824,1,1,0.278,2.128,,1758,26
"CrossingSweep",1750,5,38,22.836,22.825,20.324,1,1,0.261,2.251,,1764,26
"CrossingSweep",1750,5,39,24.037,24.039,21.790,1,1,0.285,1.963,,1760,24
"CrossingSweep",1750,5,40,23.145,23.143,20.832,1,1,0.303,2.011,,1763,26
"CrossingSweep",1750,5,41,23.755,23.750,21.081,1,1,0.278,2.395,,1765,26
"CrossingSweep",1750,5,42,23.834,23.843,21.470,1,1,0.268,2.096,,1751,25
"CrossingSweep",1750,5,43,23.155,23.148,20.719,1,1,0.304,2.132,,1755,25
"CrossingSweep",1750,5,44,26.558,26.558,24.202,1,1,0.322,2.035,,1762,25
"CrossingSweep",1750,5,45,23.668,23.666,21.486,1,1,0.277,1.905,,1762,25
"CrossingSweep",1750,5,46,25.151,25.143,22.438,1,1,0.292,2.421,,1758,25
"CrossingSweep",1750,5,47,23.252,23.255,20.514,1,1,0.289,2.448,,1738,26
"CrossingSweep",1750,5,48,23.399,23.395,21.128,1,1,0.296,1.976,,1757,26
"CrossingSweep",1750,5,49,22.938,22.941,20.726,1,1,0.296,1.916,,1764,26
"CrossingSweep",1750,5,50,23.295,23.291,20.779,1,1,0.289,2.227,,1763,24
"CrossingSweep",1750,5,51,22.527,22.527,20.218,1,1,0.273,2.035,,1763,26
"CrossingSweep",1750,5,52,23.001,23.002,20.811,1,1,0.291,1.899,,1753,26
"CrossingSweep",1750,5,53,22.492,22.494,20.316,1,1,0.255,1.921,,1758,26
"CrossingSweep",1750,5,54,23.329,23.323,21.203,1,1,0.275,1.850,,1760,26
"CrossingSweep",1750,5,55,28.219,28.213,25.630,1,1,0.313,2.276,,1688,26
"CrossingSweep",1750,5,56,24.127,24.131,21.498,1,1,0.289,2.340,,1746,26
"CrossingSweep",1750,5,57,23.504,23.502,21.297,1,1,0.262,1.945,,1760,26
"CrossingSweep",1750,5,58,24.711,24.710,22.112,1,1,0.301,2.298,,1755,26
"CrossingSweep",1750,5,59,23.765,23.764,21.220,1,1,0.289,2.256,,1757,26
"CrossingSweep",1750,5,60,25.263,25.260,22.799,1,1,0.289,2.175,,1745,26
"CrossingSweep",1750,5,61,23.760,23.757,21.005,1,1,0.270,2.485,,1764,26
"CrossingSweep",1750,5,62,29.653,29.636,26.339,1,1,0.270,3.044,,1747,26
"CrossingSweep",1750,5,63,22.575,22.592,20.451,1,1,0.258,1.866,,1753,26
"CrossingSweep",1750,5,64,26.019,26.003,22.169,1,1,0.273,3.576,,1760,25
"CrossingSweep",1750,5,65,23.487,23.495,20.999,1,1,0.290,2.199,,1748,26
"CrossingSweep",1750,5,66,23.090,23.065,20.196,1,1,0.264,2.630,,1761,26
"CrossingSweep",1750,5,67,23.771,23.799,21.632,1,1,0.269,1.870,,1759,26
"CrossingSweep",1750,5,68,24.441,24.417,21.113,1,1,0.261,3.067,,1752,26
"CrossingSweep",1750,5,69,23.417,23.429,20.941,1,1,0.293,2.183,,1752,25
"CrossingSweep",1750,5,70,24.443,24.435,21.550,1,1,0.288,2.605,,1757,26
"CrossingSweep",1750,5,71,24.095,24.103,21.843,1,1,0.290,1.962,,1735,26
"CrossingSweep",1750,5,72,24.042,24.040,21.229,1,1,0.282,2.531,,1750,26
"CrossingSweep",1750,5,73,25.285,25.281,21.852,1,1,0.270,3.163,,1758,26
"CrossingSweep",1750,5,74,23.282,23.282,20.672,1,1,0.271,2.339,,1756,26
"CrossingSweep",1750,5,75,24.535,24.517,21.701,1,1,0.288,2.546,,1768,25
"CrossingSweep",1750,5,76,23.251,23.266,20.810,1,1,0.294,2.147,,1761,26
"CrossingSweep",1750,5,77,23.244,23.236,20.706,1,1,0.248,2.289,,1751,26
"CrossingSweep",1750,5,78,22.761,22.769,20.341,1,1,0.280,2.140,,1749,26
"CrossingSweep",1750,5,79,23.513,23.507,21.162,1,1,0.286,2.065,,1747,26
"CrossingSweep",1750,5,80,22.849,22.850,20.677,1,1,0.274,1.897,,1743,26
"CrossingSweep",1750,5,81,22.443,22.440,20.182,1,1,0.270,1.991,,1765,26
"CrossingSweep",1750,5,82,23.182,23.186,20.959,1,1,0.282,1.941,,1764,25
"CrossingSweep",1750,5,83,23.605,23.599,21.342,1,1,0.276,1.987,,1684,26
"CrossingSweep",1750,5,84,23.055,23.048,20.290,1,1,0.274,2.491,,1767,26
"CrossingSweep",1750,5,85,23.806,23.816,21.510,1,1,0.294,2.002,,1745,25
"CrossingSweep",1750,5,86,26.916,26.913,24.421,1,1,0.332,2.163,,1749,26
"CrossingSweep",1750,5,87,24.866,24.856,21.940,1,1,0.281,2.645,,1755,26
"CrossingSweep",1750,5,88,22.995,23.002,20.651,1,1,0.290,2.054,,1614,26
"CrossingSweep",1750,5,89,24.388,24.371,21.340,1,1,0.280,2.768,,1761,26
"CrossingSweep",1750,5,90,23.406,23.411,21.041,1,1,0.301,2.063,,1761,26
"CrossingSweep",1750,5,91,22.714,22.719,20.468,1,1,0.324,1.922,,1761,25
"CrossingSweep",1750,5,92,23.582,23.572,20.698,1,1,0.277,2.607,,1759,26
"CrossingSweep",1750,5,93,23.378,23.381,20.859,1,1,0.277,2.241,,1758,26
"CrossingSweep",1750,5,94,22.947,22.947,20.765,1,1,0.253,1.928,,1737,26
"CrossingSweep",1750,5,95,22.972,22.964,20.373,1,1,0.282,2.318,,1763,26
"CrossingSweep",1750,5,96,26.437,26.443,23.484,1,1,0.360,2.592,,1760,25
"CrossingSweep",1750,5,97,23.443,23.430,20.746,1,1,0.275,2.421,,1732,26
"CrossingSweep",1750,5,98,27.335,27.329,24.364,1,1,0.388,2.583,,1768,26
"CrossingSweep",1750,5,99,24.519,24.535,22.347,1,1,0.271,1.901,,1756,26
"CrossingSweep",1750,5,100,24.541,24.515,21.187,1,1,0.309,3.045,,1766,25
"CrossingSweep",1750,5,101,23.456,23.470,20.564,1,1,0.287,2.605,,1751,26
"CrossingSweep",1750,5,102,23.313,23.323,21.014,1,1,0.288,2.012,,1758,25
"CrossingSweep",1750,5,103,24.724,24.719,21.910,1,1,0.276,2.539,,1754,26
"CrossingSweep",1750,5,104,24.010,23.999,21.191,1,1,0.263,2.556,,1761,26
"CrossingSweep",1750,5,105,23.699,23.695,20.864,1,1,0.278,2.557,,1765,26
"CrossingSweep",1750,5,106,23.176,23.187,20.996,1,1,0.253,1.927,,1766,26
"CrossingSweep",1750,5,107,23.557,23.550,21.355,1,1,0.259,1.943,,1761,26
"CrossingSweep",1750,5,108,23.731,23.735,21.474,1,1,0.295,1.962,,1755,26
"CrossingSweep",1750,5,109,22.685,22.685,20.618,1,1,0.256,1.812,,1758,25
"CrossingSweep",1750,5,110,22.616,22.616,20.520,1,1,0.260,1.836,,1749,26
"CrossingSweep",1750,5,111,23.022,23.007,20.347,1,1,0.381,2.294,,1748,26
"CrossingSweep",1750,5,112,23.791,23.783,20.641,1,1,0.313,2.836,,1739,26
"CrossingSweep",1750,5,113,22.333,22.324,20.129,1,1,0.286,1.918,,1749,24
"CrossingSweep",1750,5,114,23.654,23.666,20.178,1,1,0.259,3.218,,1757,26
"CrossingSweep",1750,5,115,22.441,22.450,20.269,1,1,0.291,1.881,,1758,26
"CrossingSweep",1750,5,116,22.368,22.360,19.844,1,1,0.282,2.242,,1758,25
"CrossingSweep",1750,5,117,23.512,23.515,20.884,1,1,0.265,2.363,,1769,26
"CrossingSweep",1750,5,118,24.142,24.124,21.249,1,1,0.312,2.581,,1740,26
"CrossingSweep",1750,5,119,22.800,22.816,20.653,1,1,0.263,1.884,,1758,26
"CrossingSweep",1750,5,120,25.357,25.354,22.528,1,1,0.295,2.534,,1750,26
"CrossingSweep",1750,5,121,23.088,23.088,20.030,1,1,0.270,2.787,,1742,26
"CrossingSweep",1750,5,122,23.255,23.251,20.620,1,1,0.290,2.345,,1741,26
"CrossingSweep",1750,5,123,24.560,24.561,22.356,1,1,0.266,1.939,,1742,26
"CrossingSweep",1750,5,124,23.297,23.277,20.431,1,1,0.264,2.602,,1757,26
"CrossingSweep",1750,5,125,24.668,24.684,22.298,1,1,0.292,2.077,,1730,26
"CrossingSweep",1750,5,126,22.937,22.921,20.436,1,1,0.249,2.251,,1771,25
"CrossingSweep",1750,5,127,21.996,22.009,19.823,1,1,0.294,1.880,,1763,26
"CrossingSweep",1750,5,128,23.597,23.590,20.657,1,1,0.314,2.626,,1755,24
"CrossingSweep",1750,5,129,22.299,22.305,19.974,1,1,0.281,2.045,,1766,26
"CrossingSweep",1750,5,130,23.395,23.381,20.795,1,1,0.275,2.325,,1758,26
"CrossingSweep",1750,5,131,21.891,21.899,19.750,1,1,0.276,1.864,,1747,26
"CrossingSweep",1750,5,132,26.392,26.378,22.540,1,1,0.308,3.544,,1753,26
"CrossingSweep",1750,5,133,24.611,24.625,21.939,1,1,0.292,2.381,,1747,25
"CrossingSweep",1750,5,134,22.597,22.585,20.026,1,1,0.274,2.297,,1758,26
"CrossingSweep",1750,5,135,22.419,22.427,20.278,1,1,0.270,1.871,,1755,25
"CrossingSweep",1750,5,136,24.218,24.206,20.968,1,1,0.280,2.971,,1760,25
"CrossingSweep",1750,5,137,22.479,22.490,20.269,1,1,0.276,1.934,,1760,26
"CrossingSweep",1750,5,138,23.565,23.552,20.227,1,1,0.258,3.081,,1765,26
"CrossingSweep",1750,5,139,22.738,22.744,20.449,1,1,0.287,2.001,,1754,26
"CrossingSweep",1750,5,140,22.876,22.875,20.330,1,1,0.260,2.286,,1751,26
"CrossingSweep",1750,5,141,22.963,22.960,20.764,1,1,0.260,1.940,,1761,25
"CrossingSweep",1750,5,142,23.784,23.772,20.520,1,1,0.271,2.993,,1757,26
"CrossingSweep",1750,5,143,22.676,22.691,20.401,1,1,0.274,2.001,,1754,26
"CrossingSweep",1750,5,144,22.919,22.903,20.329,1,1,0.276,2.314,,1762,26
"CrossingSweep",1750,5,145,22.568,22.583,20.398,1,1,0.282,1.888,,1756,26
"CrossingSweep",1750,5,146,22.607,22.598,20.110,1,1,0.262,2.234,,1765,26
"CrossingSweep",1750,5,147,22.425,22.430,20.273,1,1,0.280,1.872,,1756,26
"CrossingSweep",1750,5,148,24.327,24.309,20.575,1,1,0.278,3.474,,1759,26
"CrossingSweep",1750,5,149,22.997,23.007,20.713,1,1,0.288,1.996,,1751,26
"CrossingSweep",1750,5,150,24.832,24.820,20.986,1,1,0.266,3.581,,1757,26
"CrossingSweep",1750,5,151,22.507,22.517,20.273,1,1,0.280,1.955,,1737,26
"CrossingSweep",1750,5,152,22.404,22.400,19.877,1,1,0.260,2.268,,1752,26
"CrossingSweep",1750,5,153,22.569,22.572,20.373,1,1,0.268,1.929,,1762,26
"CrossingSweep",1750,5,154,22.921,22.911,20.180,1,1,0.274,2.467,,1761,26
"CrossingSweep",1750,5,155,22.380,22.383,20.110,1,1,0.298,1.972,,1759,26
"CrossingSweep",1750,5,156,22.379,22.381,19.831,1,1,0.266,2.282,,1696,25
"CrossingSweep",1750,5,157,23.722,23.700,21.084,1,1,0.276,2.362,,1759,26
"CrossingSweep",1750,5,158,22.689,22.703,20.435,1,1,0.305,1.950,,1761,26
"CrossingSweep",1750,5,159,23.129,23.129,20.836,1,1,0.284,2.008,,1761,26
"CrossingSweep",1750,5,160,23.882,23.877,21.065,1,1,0.297,2.520,,1733,26
"CrossingSweep",1750,5,161,24.475,24.476,22.146,1,1,0.268,2.061,,1762,26
"CrossingSweep",1750,5,162,22.814,22.818,20.605,1,1,0.263,1.945,,1765,26
"CrossingSweep",1750,5,163,24.579,24.574,22.325,1,1,0.291,1.963,,1421,26
"CrossingSweep",1750,5,164,22.937,22.936,20.507,1,1,0.264,2.166,,1757,26
"CrossingSweep",1750,5,165,23.204,23.199,20.931,1,1,0.270,2.003,,1753,26
"CrossingSweep",1750,5,166,24.158,24.157,20.856,1,1,0.299,3.002,,1749,26
"CrossingSweep",1750,5,167,27.022,27.020,24.576,1,1,0.375,2.071,,1756,26
"CrossingSweep",1750,5,168,22.566,22.569,20.319,1,1,0.270,1.977,,1743,26
"CrossingSweep",1750,5,169,22.782,22.774,20.627,1,1,0.267,1.889,,1759,26
"CrossingSweep",1750,5,170,22.838,22.840,20.538,1,1,0.304,1.996,,1748,26
"CrossingSweep",1750,5,171,23.567,23.567,21.385,1,1,0.266,1.915,,1761,26
"CrossingSweep",1750,5,172,23.055,23.051,20.910,1,1,0.263,1.883,,1740,26
"CrossingSweep",1750,5,173,22.593,22.591,20.154,1,1,0.391,2.048,,1758,26
"CrossingSweep",1750,5,174,24.202,24.203,21.917,1,1,0.290,1.995,,1748,26
"CrossingSweep",1750,5,175,23.793,23.786,21.029,1,1,0.294,2.470,,1758,26
"CrossingSweep",1750,5,176,22.396,22.401,20.127,1,1,0.298,1.972,,1753,26
"CrossingSweep",1750,5,177,23.903,23.898,21.582,1,1,0.296,2.025,,1762,26
"CrossingSweep",1750,5,178,24.901,24.896,21.659,1,1,0.276,2.966,,1763,25
"CrossingSweep",1750,5,179,23.276,23.280,21.030,1,1,0.298,1.947,,1745,26
"CrossingSweep",1750,5,180,22.654,22.652,20.347,1,1,0.258,2.050,,1757,26
"CrossingSweep",1750,5,181,23.402,23.401,21.068,1,1,0.293,2.040,,1747,26
"CrossingSweep",1750,5,182,25.118,25.113,22.835,1,1,0.260,2.024,,1738,26
"CrossingSweep",1750,5,183,22.430,22.432,20.295,1,1,0.268,1.867,,1745,26
"CrossingSweep",1750,5,184,22.576,22.578,20.448,1,1,0.256,1.872,,1759,26
"CrossingSweep",1750,5,185,22.662,22.660,20.066,1,1,0.304,2.293,,1756,26
"CrossingSweep",1750,5,186,23.934,23.930,20.787,1,1,0.270,2.878,,1759,26
"CrossingSweep",1750,5,187,22.923,22.923,20.334,1,1,0.282,2.307,,1752,26
"CrossingSweep",1750,5,188,22.847,22.848,20.537,1,1,0.320,1.991,,1758,26
"CrossingSweep",1750,5,189,23.274,23.265,20.435,1,1,0.258,2.581,,1754,26
"CrossingSweep",1750,5,190,23.711,23.716,21.429,1,1,0.307,1.976,,1751,26
"CrossingSweep",1750,5,191,22.529,22.529,20.326,1,1,0.260,1.943,,1756,26
"CrossingSweep",1750,5,192,22.529,22.526,20.278,1,1,0.256,1.996,,1758,26
"CrossingSweep",1750,5,193,22.725,22.722,20.320,1,1,0.288,2.117,,1753,26
"CrossingSweep",1750,5,194,23.502,23.505,21.236,1,1,0.295,1.971,,1762,26
"CrossingSweep",1750,5,195,24.121,24.116,21.528,1,1,0.265,2.329,,1731,26
"CrossingSweep",1750,5,196,24.175,24.177,21.529,1,1,0.281,2.364,,1754,26
"CrossingSweep",1750,5,197,24.795,24.790,21.444,1,1,0.263,3.088,,1763,25
"CrossingSweep",1750,5,198,23.321,23.322,21.038,1,1,0.296,1.987,,1755,26
"CrossingSweep",1750,5,199,24.350,24.339,21.325,1,1,0.280,2.745,,1759,26
"CrossingSweep",1750,5,200,23.492,23.497,20.845,1,1,0.308,2.339,,1740,26
"CrossingSweep",1750,5,201,23.321,23.302,20.983,1,1,0.295,2.044,,1762,26
"CrossingSweep",1750,5,202,23.948,23.958,21.224,1,1,0.288,2.436,,1755,26
"CrossingSweep",1750,5,203,24.082,24.090,21.329,1,1,0.287,2.466,,1763,26
"CrossingSweep",1750,5,204,24.813,24.808,22.469,1,1,0.288,2.056,,1755,25
"CrossingSweep",1750,5,205,25.315,25.312,23.005,1,1,0.293,2.017,,1756,26
"CrossingSweep",1750,5,206,24.851,24.825,21.796,1,1,0.357,2.699,,1754,26
"CrossingSweep",1750,5,207,28.060,28.083,24.269,1,1,0.360,3.431,,1758,26
"CrossingSweep",1750,5,208,24.508,24.504,22.204,1,1,0.286,2.018,,1760,26
"CrossingSweep",1750,5,209,23.524,23.528,21.319,1,1,0.288,1.917,,1751,26
"CrossingSweep",1750,5,210,26.066,26.062,23.727,1,1,0.291,2.047,,1746,26
"CrossingSweep",1750,5,211,24.471,24.473,22.206,1,1,0.296,1.968,,1587,26
"CrossingSweep",1750,5,212,24.645,24.635,22.255,1,1,0.306,2.084,,1741,25
"CrossingSweep",1750,5,213,23.730,23.729,21.109,1,1,0.270,2.351,,1755,26
"CrossingSweep",1750,5,214,25.600,25.605,23.212,1,1,0.341,2.048,,1757,26
"CrossingSweep",1750,5,215,23.453,23.452,21.113,1,1,0.262,2.078,,1750,26
"CrossingSweep",1750,5,216,25.173,25.168,22.570,1,1,0.288,2.315,,1750,26
"CrossingSweep",1750,5,217,24.301,24.296,21.836,1,1,0.309,2.156,,1762,26
"CrossingSweep",1750,5,218,24.395,24.399,22.149,1,1,0.291,1.954,,1744,25
"CrossingSweep",1750,5,219,24.849,24.817,21.740,1,1,0.278,2.831,,1756,26
"CrossingSweep",1750,5,220,30.463,30.489,27.028,1,1,0.309,3.126,,1731,26
"CrossingSweep",1750,5,221,23.260,23.259,21.070,1,1,0.272,1.918,,1571,26
"CrossingSweep",1750,5,222,25.104,25.083,21.375,1,1,0.557,3.172,,1753,26
"CrossingSweep",1750,5,223,27.337,27.363,25.146,1,1,0.289,1.902,,1753,26
"CrossingSweep",1750,5,224,23.668,23.661,21.172,1,1,0.335,2.161,,1754,26
"CrossingSweep",1750,5,225,23.745,23.733,20.727,1,1,0.254,2.765,,1761,26
"CrossingSweep",1750,5,226,22.698,22.667,20.366,1,1,0.286,2.046,,1755,26
"CrossingSweep",1750,5,227,23.821,23.856,21.538,1,1,0.284,2.000,,1744,26
"CrossingSweep",1750,5,228,24.332,24.334,21.866,1,1,0.283,2.184,,1751,26
"CrossingSweep",1750,5,229,24.417,24.414,22.131,1,1,0.283,2.004,,1764,26
"CrossingSweep",1750,5,230,23.166,23.113,20.873,1,1,0.286,2.007,,1756,26
"CrossingSweep",1750,5,231,24.572,24.616,21.115,1,1,0.270,3.187,,1763,26
"CrossingSweep",1750,5,232,23.150,23.154,20.913,1,1,0.266,1.971,,1755,26
"CrossingSweep",1750,5,233,23.596,23.600,21.454,1,1,0.282,1.860,,1753,26
"CrossingSweep",1750,5,234,25.177,25.169,22.884,1,1,0.284,2.009,,1761,26
"CrossingSweep",1750,5,235,23.526,23.525,20.977,1,1,0.303,2.247,,1662,26
"CrossingSweep",1750,5,236,24.026,24.028,21.700,1,1,0.284,2.043,,1763,26
"CrossingSweep",1750,5,237,23.341,23.336,21.042,1,1,0.274,2.025,,1762,26
"CrossingSweep",1750,5,238,23.477,23.473,20.804,1,1,0.305,2.368,,1760,26
"CrossingSweep",1750,5,239,24.130,24.135,21.659,1,1,0.277,2.195,,1756,26
"CrossingSweep",1750,5,240,24.340,24.334,21.008,1,1,0.297,3.034,,1740,26
"CrossingSweep",1750,5,241,24.393,24.394,22.032,1,1,0.308,2.052,,1763,26
"CrossingSweep",1750,5,242,23.790,23.788,21.032,1,1,0.303,2.455,,1757,26
"CrossingSweep",1750,5,243,24.559,24.553,21.786,1,1,0.282,2.490,,1754,26
"CrossingSweep",1750,5,244,23.368,23.371,21.083,1,1,0.294,1.991,,1758,26
"CrossingSweep",1750,5,245,24.714,24.703,22.172,1,1,0.279,2.263,,1765,26
"CrossingSweep",1750,5,246,23.947,23.949,21.282,1,1,0.302,2.364,,1761,26
"CrossingSweep",1750,5,247,24.922,24.918,22.236,1,1,0.280,2.406,,1760,26
"CrossingSweep",1750,5,248,23.334,23.341,21.005,1,1,0.302,2.027,,1757,26
"CrossingSweep",1750,5,249,27.857,27.852,25.368,1,1,0.302,2.187,,1757,26
"CrossingSweep",1750,5,250,23.142,23.144,20.840,1,1,0.279,2.024,,1761,26
"CrossingSweep",1750,5,251,24.102,24.094,21.700,1,1,0.290,2.111,,1758,26
"CrossingSweep",1750,5,252,23.792,23.796,21.544,1,1,0.275,1.973,,1758,26
"CrossingSweep",1750,5,253,24.604,24.594,21.766,1,1,0.324,2.515,,1758,26
"CrossingSweep",1750,5,254,23.853,23.862,21.562,1,1,0.279,2.012,,1754,26
"CrossingSweep",1750,5,255,24.232,24.226,21.639,1,1,0.288,2.306,,1759,26
"CrossingSweep",1750,5,256,25.260,25.264,23.032,1,1,0.274,1.954,,1750,26
"CrossingSweep",1750,5,257,23.973,23.970,21.681,1,1,0.279,2.013,,1765,26
"CrossingSweep",1750,5,258,24.609,24.608,21.695,1,1,0.318,2.596,,1750,26
"CrossingSweep",1750,5,259,25.027,25.021,21.979,1,1,0.314,2.734,,1762,26
"CrossingSweep",1750,5,260,23.569,23.573,21.335,1,1,0.281,1.953,,1754,26
"CrossingSweep",1750,5,261,23.198,23.192,20.945,1,1,0.270,1.983,,1750,26
"CrossingSweep",1750,5,262,23.831,23.830,21.473,1,1,0.289,2.069,,1756,26
"CrossingSweep",1750,5,263,24.124,24.017,21.105,1,1,0.274,2.745,,1761,26
"CrossingSweep",1750,5,264,24.099,24.204,21.785,1,1,0.287,2.028,,1634,26
"CrossingSweep",1750,5,265,23.966,23.964,21.532,1,1,0.283,2.152,,1753,26
"CrossingSweep",1750,5,266,24.300,24.301,21.852,1,1,0.289,2.160,,1492,26
"CrossingSweep",1750,5,267,23.659,23.643,21.347,1,1,0.277,2.035,,1765,26
"CrossingSweep",1750,5,268,23.934,23.940,21.094,1,1,0.308,2.533,,1757,25
"CrossingSweep",1750,5,269,23.758,23.765,21.471,1,1,0.316,1.971,,1764,26
"CrossingSweep",1750,5,270,24.780,24.770,21.971,1,1,0.337,2.472,,1763,26
"CrossingSweep",1750,5,271,23.385,23.389,21.139,1,1,0.312,1.935,,1753,26
"CrossingSweep",1750,5,272,23.782,23.776,21.436,1,1,0.287,2.059,,1758,26
"CrossingSweep",1750,5,273,24.190,24.195,21.895,1,1,0.277,2.018,,1748,26
"CrossingSweep",1750,5,274,24.004,23.994,21.747,1,1,0.272,1.986,,1745,26
"CrossingSweep",1750,5,275,25.357,25.361,22.969,1,1,0.345,2.042,,1739,26
"CrossingSweep",1750,5,276,24.408,24.405,22.134,1,1,0.267,2.008,,1752,26
"CrossingSweep",1750,5,277,24.263,24.265,21.998,1,1,0.280,1.984,,1757,26
"CrossingSweep",1750,5,278,23.055,23.047,20.859,1,1,0.273,1.923,,1752,26
"CrossingSweep",1750,5,279,24.532,24.535,22.254,1,1,0.287,1.991,,1764,26
"CrossingSweep",1750,5,280,25.570,25.562,22.956,1,1,0.285,2.329,,1752,25
"CrossingSweep",1750,5,281,23.344,23.350,20.962,1,1,0.287,2.095,,1751,26
"CrossingSweep",1750,5,282,24.282,24.268,21.857,1,1,0.271,2.154,,1759,26
"CrossingSweep",1750,5,283,23.873,23.879,21.537,1,1,0.311,2.025,,1764,26
"CrossingSweep",1750,5,284,24.841,24.831,22.405,1,1,0.302,2.134,,1753,26
"CrossingSweep",1750,5,285,24.666,24.670,21.988,1,1,0.298,2.381,,1764,26
"CrossingSweep",1750,5,286,24.428,24.425,21.071,1,1,0.275,3.082,,1755,24
"CrossingSweep",1750,5,287,23.657,23.657,21.293,1,1,0.290,2.075,,1745,26
"CrossingSweep",1750,5,288,24.409,24.401,21.971,1,1,0.262,2.175,,1764,26
"CrossingSweep",1750,5,289,23.893,23.896,21.558,1,1,0.286,2.049,,1754,26
"CrossingSweep",1750,5,290,24.180,24.156,21.169,1,1,0.291,2.720,,1759,26
"CrossingSweep",1750,5,291,30.250,30.273,27.848,1,1,0.300,2.102,,1759,26
"CrossingSweep",1750,5,292,23.916,23.910,21.163,1,1,0.270,2.483,,1750,26
"CrossingSweep",1750,5,293,24.212,24.217,21.148,1,1,0.307,2.758,,1761,26
"CrossingSweep",1750,5,294,23.763,23.761,21.374,1,1,0.308,2.082,,1766,26
"CrossingSweep",1750,5,295,23.787,23.784,21.523,1,1,0.296,1.968,,1758,25
"CrossingSweep",1750,5,296,23.772,23.771,21.419,1,1,0.283,2.070,,1751,26
"CrossingSweep",1750,5,297,30.552,30.525,27.162,1,1,0.293,3.098,,1761,26
"CrossingSweep",1750,5,298,25.245,25.269,22.377,1,1,0.308,2.561,,1755,26
"CrossingSweep",1750,5,299,23.908,23.895,21.167,1,1,0.302,2.438,,1760,26
"CrossingSweep",2000,5,0,29.630,29.672,27.274,1,1,0.349,2.006,,2001,28
"CrossingSweep",2000,5,1,29.573,29.569,27.115,1,1,0.362,2.096,,2007,28
"CrossingSweep",2000,5,2,29.461,29.459,27.026,1,1,0.351,2.084,,2010,26
"CrossingSweep",2000,5,3,30.277,30.273,27.751,1,1,0.391,2.136,,2006,28
"CrossingSweep",2000,5,4,30.661,30.658,27.845,1,1,0.343,2.473,,2003,25
"CrossingSweep",2000,5,5,29.131,29.135,26.768,1,1,0.367,1.997,,2009,28
"CrossingSweep",2000,5,6,31.089,31.060,27.343,1,1,0.339,3.407,,2010,28
"CrossingSweep",2000,5,7,29.920,29.947,27.588,1,1,0.343,1.990,,2006,28
"CrossingSweep",2000,5,8,29.615,29.610,27.308,1,1,0.340,1.967,,2007,28
"CrossingSweep",2000,5,9,30.171,30.166,27.563,1,1,0.328,2.280,,2008,27
"CrossingSweep",2000,5,10,30.135,30.137,27.795,1,1,0.336,2.004,,2001,28
"CrossingSweep",2000,5,11,30.381,30.379,27.906,1,1,0.335,2.141,,1997,28
"CrossingSweep",2000,5,12,30.535,30.509,26.976,1,1,0.328,3.231,,2003,28
"CrossingSweep",2000,5,13,29.282,29.303,26.865,1,1,0.356,2.062,,1967,28
"CrossingSweep",2000,5,14,29.338,29.340,27.076,1,1,0.326,1.935,,1998,28
"CrossingSweep",2000,5,15,32.779,32.774,30.341,1,1,0.360,2.079,,1993,28
"CrossingSweep",2000,5,16,28.471,28.472,26.121,1,1,0.337,2.013,,1988,27
"CrossingSweep",2000,5,17,35.028,35.027,31.981,1,1,0.348,2.699,,1985,26
"CrossingSweep",2000,5,18,29.795,29.799,27.334,1,1,0.349,2.112,,1992,26
"CrossingSweep",2000,5,19,31.539,31.526,28.169,1,1,0.420,2.950,,1998,28
"CrossingSweep",2000,5,20,27.814,27.827,25.461,1,1,0.305,2.049,,1979,28
"CrossingSweep",2000,5,21,29.654,29.649,27.340,1,1,0.340,1.974,,1985,28
"CrossingSweep",2000,5,22,29.831,29.828,27.551,1,1,0.318,1.962,,2002,28
"CrossingSweep",2000,5,23,29.398,29.394,27.107,1,1,0.344,1.947,,1981,27
"CrossingSweep",2000,5,24,29.786,29.788,27.456,1,1,0.336,1.995,,1997,28
"CrossingSweep",2000,5,25,30.973,30.965,28.292,1,1,0.383,2.299,,2003,28
"CrossingSweep",2000,5,26,29.604,29.610,27.314,1,1,0.337,1.953,,2000,28
"CrossingSweep",2000,5,27,30.847,30.847,28.080,1,1,0.364,2.403,,1986,27
"CrossingSweep",2000,5,28,30.803,30.798,27.775,1,1,0.333,2.696,,2004,28
"CrossingSweep",2000,5,29,29.446,29.445,27.037,1,1,0.332,2.077,,2006,28
"CrossingSweep",2000,5,30,29.556,29.554,26.207,1,1,0.356,2.994,,2003,27
"CrossingSweep",2000,5,31,29.021,29.020,26.633,1,1,0.337,2.051,,2002,28
"CrossingSweep",2000,5,32,29.388,29.389,27.048,1,1,0.334,2.006,,1992,28
"CrossingSweep",2000,5,33,29.705,29.700,26.976,1,1,0.367,2.362,,2009,28
"CrossingSweep",2000,5,34,29.280,29.283,26.894,1,1,0.354,2.032,,1992,28
"CrossingSweep",2000,5,35,31.076,31.074,28.868,1,1,0.327,1.881,,2006,28
"CrossingSweep",2000,5,36,28.388,28.384,26.053,1,1,0.341,1.994,,1993,27
"CrossingSweep",2000,5,37,28.734,28.734,26.428,1,1,0.334,1.972,,2011,28
"CrossingSweep",2000,5,38,30.119,30.111,27.138,1,1,0.372,2.608,,1988,28
"CrossingSweep",2000,5,39,30.256,30.253,27.518,1,1,0.349,2.389,,2008,27
"CrossingSweep",2000,5,40,30.854,30.860,28.476,1,1,0.340,2.038,,2006,27
"CrossingSweep",2000,5,41,34.341,34.337,31.063,1,1,0.335,2.942,,2008,27
"CrossingSweep",2000,5,42,32.159,32.155,28.400,1,1,0.354,3.406,,1970,28
"CrossingSweep",2000,5,43,32.243,32.244,29.707,1,1,0.411,2.125,,1983,28
"CrossingSweep",2000,5,44,29.342,29.344,26.608,1,1,0.331,2.403,,1984,28
"CrossingSweep",2000,5,45,30.489,30.482,27.289,1,1,0.330,2.870,,2005,28
"CrossingSweep",2000,5,46,29.465,29.465,26.904,1,1,0.352,2.209,,2002,28
"CrossingSweep",2000,5,47,29.478,29.477,26.771,1,1,0.346,2.361,,1997,28
"CrossingSweep",2000,5,48,33.560,33.560,31.135,1,1,0.349,2.077,,2000,28
"CrossingSweep",2000,5,49,30.824,30.814,27.048,1,1,0.345,3.431,,2001,28
"CrossingSweep",2000,5,50,28.493,28.492,26.161,1,1,0.325,2.008,,2007,28
"CrossingSweep",2000,5,51,29.218,29.226,26.853,1,1,0.352,2.013,,1984,28
"CrossingSweep",2000,5,52,30.110,30.085,26.531,1,1,0.320,3.259,,1982,27
"CrossingSweep",2000,5,53,28.767,28.790,26.071,1,1,0.313,2.383,,1990,28
"CrossingSweep",2000,5,54,29.220,29.216,26.903,1,1,0.329,1.989,,1958,28
"CrossingSweep",2000,5,55,28.957,28.950,26.166,1,1,0.326,2.464,,1988,26
"CrossingSweep",2000,5,56,30.768,30.773,28.216,1,1,0.350,2.202,,1967,28
"CrossingSweep",2000,5,57,29.803,29.799,26.793,1,1,0.384,2.627,,2016,28
"CrossingSweep",2000,5,58,28.892,28.892,26.570,1,1,0.333,1.989,,2004,27
"CrossingSweep",2000,5,59,30.313,30.310,26.655,1,1,0.310,3.349,,1996,28
"CrossingSweep",2000,5,60,29.712,29.717,26.838,1,1,0.341,2.533,,2001,28
"CrossingSweep",2000,5,61,30.106,30.099,27.759,1,1,0.346,2.001,,1993,28
"CrossingSweep",2000,5,62,29.401,29.403,26.917,1,1,0.330,2.154,,1996,27
"CrossingSweep",2000,5,63,29.566,29.563,27.163,1,1,0.382,2.021,,1994,28
"CrossingSweep",2000,5,64,34.920,34.915,32.342,1,1,0.363,2.215,,1991,28
"CrossingSweep",2000,5,65,33.700,33.702,30.688,1,1,0.344,2.669,,2006,28
"CrossingSweep",2000,5,66,29.965,29.964,27.432,1,1,0.357,2.176,,1993,28
"CrossingSweep",2000,5,67,29.828,29.823,27.443,1,1,0.337,2.049,,1992,28
"CrossingSweep",2000,5,68,30.229,30.224,26.650,1,1,0.330,3.249,,1994,28
"CrossingSweep",2000,5,69,30.347,30.359,27.253,1,1,0.359,2.735,,2013,28
"CrossingSweep",2000,5,70,32.643,32.634,29.628,1,1,0.370,2.644,,1988,28
"CrossingSweep",2000,5,71,31.453,31.451,28.282,1,1,0.364,2.807,,1996,28
"CrossingSweep",2000,5,72,30.798,30.792,28.369,1,1,0.361,2.068,,2007,28
"CrossingSweep",2000,5,73,29.646,29.648,26.687,1,1,0.360,2.599,,2009,28
"CrossingSweep",2000,5,74,29.175,29.177,26.751,1,1,0.334,2.090,,2010,28
"CrossingSweep",2000,5,75,29.193,29.190,26.729,1,1,0.310,2.155,,2016,26
"CrossingSweep",2000,5,76,28.818,28.816,26.351,1,1,0.385,2.082,,1984,28
"CrossingSweep",2000,5,77,28.801,28.801,26.314,1,1,0.338,2.150,,2014,28
"CrossingSweep",2000,5,78,28.607,28.604,26.340,1,1,0.328,1.938,,1979,28
"CrossingSweep",2000,5,79,29.759,29.755,26.621,1,1,0.341,2.798,,2014,28
"CrossingSweep",2000,5,80,28.638,28.640,26.255,1,1,0.315,2.068,,1998,28
"CrossingSweep",2000,5,81,29.291,29.282,26.918,1,1,0.328,2.044,,2001,28
"CrossingSweep",2000,5,82,29.812,29.812,26.891,1,1,0.359,2.562,,2011,28
"CrossingSweep",2000,5,83,31.248,31.239,27.794,1,1,0.355,3.099,,2002,28
"CrossingSweep",2000,5,84,30.793,30.795,27.820,1,1,0.328,2.645,,1994,28
"CrossingSweep",2000,5,85,31.375,31.380,28.603,1,1,0.371,2.400,,2010,28
"CrossingSweep",2000,5,86,30.359,30.354,27.913,1,1,0.321,2.125,,1994,28
"CrossingSweep",2000,5,87,30.103,30.103,27.545,1,1,0.333,2.226,,1998,27
"CrossingSweep",2000,5,88,29.069,29.072,26.703,1,1,0.347,2.019,,1995,28
"CrossingSweep",2000,5,89,30.503,30.491,27.387,1,1,0.326,2.791,,2012,26
"CrossingSweep",2000,5,90,31.129,31.135,28.505,1,1,0.345,2.279,,2004,28
"CrossingSweep",2000,5,91,30.879,30.847,28.279,1,1,0.384,2.216,,1927,27
"CrossingSweep",2000,5,92,29.812,29.843,27.485,1,1,0.328,1.999,,2004,28
"CrossingSweep",2000,5,93,29.300,29.299,26.889,1,1,0.324,2.087,,2019,28
"CrossingSweep",2000,5,94,29.892,29.887,27.559,1,1,0.313,2.019,,2006,27
"CrossingSweep",2000,5,95,29.372,29.367,26.899,1,1,0.339,2.134,,2000,28
"CrossingSweep",2000,5,96,29.502,29.504,27.070,1,1,0.356,2.075,,1999,28
"CrossingSweep",2000,5,97,29.027,29.006,26.219,1,1,0.344,2.464,,2018,28
"CrossingSweep",2000,5,98,29.052,29.072,26.268,1,1,0.352,2.432,,2001,26
"CrossingSweep",2000,5,99,28.929,28.925,26.152,1,1,0.338,2.439,,2010,27
"CrossingSweep",2000,5,100,28.686,28.686,26.379,1,1,0.329,1.978,,2002,28
"CrossingSweep",2000,5,101,29.013,29.009,26.664,1,1,0.343,2.006,,1976,28
"CrossingSweep",2000,5,102,29.311,29.311,26.768,1,1,0.319,2.223,,2003,28
"CrossingSweep",2000,5,103,30.247,30.246,26.375,1,1,0.326,3.547,,2004,28
"CrossingSweep",2000,5,104,28.659,28.662,26.203,1,1,0.353,2.103,,1982,28
"CrossingSweep",2000,5,105,30.429,30.401,27.112,1,1,0.360,2.958,,2011,28
"CrossingSweep",2000,5,106,29.759,29.779,27.312,1,1,0.373,2.075,,2012,27
"CrossingSweep",2000,5,107,30.697,30.682,27.225,1,1,0.330,3.142,,1984,26
"CrossingSweep",2000,5,108,30.186,30.201,27.805,1,1,0.337,2.044,,1980,28
"CrossingSweep",2000,5,109,29.215,29.212,26.713,1,1,0.333,2.169,,1999,28
"CrossingSweep",2000,5,110,29.781,29.780,27.302,1,1,0.344,2.135,,2002,27
"CrossingSweep",2000,5,111,30.039,30.031,27.705,1,1,0.315,2.019,,2009,28
"CrossingSweep",2000,5,112,29.633,29.630,26.794,1,1,0.338,2.502,,2001,28
"CrossingSweep",2000,5,113,29.868,29.874,27.375,1,1,0.349,2.144,,2001,28
"CrossingSweep",2000,5,114,31.092,31.087,28.560,1,1,0.344,2.188,,1714,28
"CrossingSweep",2000,5,115,30.935,30.908,27.176,1,1,0.354,3.405,,2005,28
"CrossingSweep",2000,5,116,30.254,30.278,26.972,1,1,0.358,2.924,,2003,28
"CrossingSweep",2000,5,117,32.523,32.521,29.203,1,1,0.348,2.972,,2004,28
"CrossingSweep",2000,5,118,34.187,34.185,30.948,1,1,0.443,2.797,,1997,28
"CrossingSweep",2000,5,119,29.885,29.887,26.935,1,1,0.338,2.612,,1997,27
"CrossingSweep",2000,5,120,30.927,30.922,28.328,1,1,0.407,2.192,,1989,28
"CrossingSweep",2000,5,121,30.065,30.068,27.250,1,1,0.331,2.483,,1992,28
"CrossingSweep",2000,5,122,29.449,29.440,26.875,1,1,0.376,2.198,,1998,28
"CrossingSweep",2000,5,123,29.244,29.243,26.915,1,1,0.319,2.010,,1994,28
"CrossingSweep",2000,5,124,29.163,29.164,26.840,1,1,0.331,1.992,,2008,28
"CrossingSweep",2000,5,125,29.753,29.729,26.691,1,1,0.357,2.704,,1990,28
"CrossingSweep",2000,5,126,35.173,35.190,32.635,1,1,0.339,2.198,,1993,28
"CrossingSweep",2000,5,127,31.156,31.152,28.551,1,1,0.340,2.265,,1991,28
"CrossingSweep",2000,5,128,30.479,30.483,28.142,1,1,0.343,1.995,,1988,28
"CrossingSweep",2000,5,129,29.938,29.932,26.899,1,1,0.352,2.687,,2016,28
"CrossingSweep",2000,5,130,30.420,30.421,27.843,1,1,0.330,2.246,,2012,28
"CrossingSweep",2000,5,131,30.365,30.355,27.415,1,1,0.345,2.606,,2005,27
"CrossingSweep",2000,5,132,31.457,31.462,29.110,1,1,0.340,2.006,,1992,28
"CrossingSweep",2000,5,133,31.837,31.815,28.356,1,1,0.355,3.125,,1977,28
"CrossingSweep",2000,5,134,34.614,34.637,32.248,1,1,0.351,2.016,,1999,25
"CrossingSweep",2000,5,135,30.765,30.741,27.938,1,1,0.346,2.481,,2017,27
"CrossingSweep",2000,5,136,30.200,30.217,27.803,1,1,0.358,2.039,,2003,28
"CrossingSweep",2000,5,137,30.142,30.139,26.482,1,1,0.356,3.304,,1985,27
"CrossingSweep",2000,5,138,29.910,29.904,26.637,1,1,0.340,2.934,,2010,28
"CrossingSweep",2000,5,139,29.693,29.702,26.788,1,1,0.350,2.556,,1994,28
"CrossingSweep",2000,5,140,28.308,28.307,26.004,1,1,0.321,1.983,,1984,27
"CrossingSweep",2000,5,141,29.133,29.131,26.715,1,1,0.376,2.041,,1997,28
"CrossingSweep",2000,5,142,29.511,29.507,27.196,1,1,0.322,1.993,,1987,27
"CrossingSweep",2000,5,143,29.322,29.317,27.044,1,1,0.314,1.963,,1992,28
"CrossingSweep",2000,5,144,29.836,29.838,27.471,1,1,0.358,2.008,,1996,28
"CrossingSweep",2000,5,145,30.301,30.299,27.592,1,1,0.395,2.314,,2010,27
"CrossingSweep",2000,5,146,28.633,28.637,26.292,1,1,0.331,2.010,,1979,28
"CrossingSweep",2000,5,147,28.652,28.645,26.348,1,1,0.330,1.974,,1972,28
"CrossingSweep",2000,5,148,29.729,29.729,27.359,1,1,0.350,2.019,,1972,28
"CrossingSweep",2000,5,149,30.240,30.242,27.674,1,1,0.349,2.217,,1993,28
"CrossingSweep",2000,5,150,29.656,29.657,27.400,1,1,0.318,1.939,,2005,28
"CrossingSweep",2000,5,151,28.849,28.844,26.562,1,1,0.322,1.965,,1830,28
"CrossingSweep",2000,5,152,30.614,30.614,27.544,1,1,0.367,2.704,,1966,28
"CrossingSweep",2000,5,153,32.752,32.737,29.722,1,1,0.349,2.682,,2009,28
"CrossingSweep",2000,5,154,34.489,34.490,31.527,1,1,0.345,2.617,,2009,28
"CrossingSweep",2000,5,155,32.710,32.702,29.906,1,1,0.347,2.457,,1999,28
"CrossingSweep",2000,5,156,31.541,31.526,27.601,1,1,0.338,3.602,,1991,27
"CrossingSweep",2000,5,157,36.760,36.791,33.500,1,1,0.337,2.923,,2005,28
"CrossingSweep",2000,5,158,31.505,31.487,28.391,1,1,0.359,2.755,,1991,28
"CrossingSweep",2000,5,159,30.101,30.113,27.764,1,1,0.330,2.008,,1974,28
"CrossingSweep",2000,5,160,28.991,28.990,26.353,1,1,0.337,2.301,,1994,28
"CrossingSweep",2000,5,161,30.561,30.557,27.049,1,1,0.353,3.159,,1993,28
"CrossingSweep",2000,5,162,29.333,29.336,27.031,1,1,0.343,1.960,,1969,28
"CrossingSweep",2000,5,163,28.688,28.687,26.359,1,1,0.341,1.989,,2005,28
"CrossingSweep",2000,5,164,29.071,29.071,26.722,1,1,0.331,2.018,,1991,27
"CrossingSweep",2000,5,165,34.913,34.908,32.456,1,1,0.371,2.085,,1998,28
"CrossingSweep",2000,5,166,28.415,28.415,26.131,1,1,0.383,1.900,,1977,28
"CrossingSweep",2000,5,167,34.228,34.222,31.319,1,1,0.343,2.566,,2006,28
"CrossingSweep",2000,5,168,28.141,28.145,25.701,1,1,0.324,2.116,,1971,28
"CrossingSweep",2000,5,169,31.358,31.357,29.107,1,1,0.313,1.938,,1996,28
"CrossingSweep",2000,5,170,29.474,29.468,26.940,1,1,0.350,2.183,,1978,28
"CrossingSweep",2000,5,171,34.009,34.007,31.391,1,1,0.360,2.258,,1980,27
"CrossingSweep",2000,5,172,30.371,30.371,27.885,1,1,0.334,2.152,,2009,28
"CrossingSweep",2000,5,173,30.950,30.950,28.243,1,1,0.401,2.306,,2003,28
"CrossingSweep",2000,5,174,30.040,30.039,27.019,1,1,0.320,2.701,,2003,28
"CrossingSweep",2000,5,175,28.533,28.534,26.183,1,1,0.334,2.016,,1992,27
"CrossingSweep",2000,5,176,30.196,30.181,27.788,1,1,0.327,2.081,,1979,27
"CrossingSweep",2000,5,177,30.148,30.157,27.711,1,1,0.342,2.095,,1985,28
"CrossingSweep",2000,5,178,30.154,30.155,27.624,1,1,0.418,2.111,,1984,28
"CrossingSweep",2000,5,179,30.324,30.316,27.364,1,1,0.312,2.648,,1994,28
"CrossingSweep",2000,5,180,29.819,29.807,26.642,1,1,0.345,2.833,,1989,28
"CrossingSweep",2000,5,181,32.496,32.497,29.819,1,1,0.315,2.362,,2005,28
"CrossingSweep",2000,5,182,29.528,29.531,26.728,1,1,0.343,2.457,,1984,28
"CrossingSweep",2000,5,183,31.130,31.138,28.104,1,1,0.336,2.690,,2003,28
"CrossingSweep",2000,5,184,29.824,29.813,27.205,1,1,0.316,2.304,,1985,28
"CrossingSweep",2000,5,185,29.934,29.939,27.296,1,1,0.350,2.288,,2016,28
"CrossingSweep",2000,5,186,28.757,28.744,26.380,1,1,0.343,2.034,,1987,28
"CrossingSweep",2000,5,187,29.251,29.264,26.898,1,1,0.329,2.025,,1990,26
"CrossingSweep",2000,5,188,30.465,30.456,28.043,1,1,0.339,2.083,,1974,28
"CrossingSweep",2000,5,189,31.207,31.214,28.001,1,1,0.344,2.862,,1982,28
"CrossingSweep",2000,5,190,34.520,34.509,32.173,1,1,0.335,2.012,,1917,28
"CrossingSweep",2000,5,191,29.361,29.359,26.872,1,1,0.355,2.133,,1989,28
"CrossingSweep",2000,5,192,30.449,30.429,26.659,1,1,0.356,3.434,,1966,26
"CrossingSweep",2000,5,193,30.968,30.991,28.508,1,1,0.368,2.093,,1990,28
"CrossingSweep",2000,5,194,30.070,30.063,27.693,1,1,0.345,2.032,,1979,26
"CrossingSweep",2000,5,195,29.366,29.370,27.013,1,1,0.336,2.018,,1980,26
"CrossingSweep",2000,5,196,29.921,29.920,27.386,1,1,0.365,2.171,,1974,28
"CrossingSweep",2000,5,197,31.109,31.103,27.717,1,1,0.324,3.068,,1948,27
"CrossingSweep",2000,5,198,30.585,30.564,27.497,1,1,0.352,2.736,,1982,27
"CrossingSweep",2000,5,199,34.847,34.867,32.315,1,1,0.366,2.167,,1978,27
"CrossingSweep",2000,5,200,31.787,31.782,28.705,1,1,0.330,2.752,,1959,27
"CrossingSweep",2000,5,201,29.950,29.947,27.029,1,1,0.329,2.592,,1976,28
"CrossingSweep",2000,5,202,28.869,28.877,26.457,1,1,0.316,2.096,,1989,28
"CrossingSweep",2000,5,203,29.395,29.387,26.949,1,1,0.366,2.080,,1989,28
"CrossingSweep",2000,5,204,29.030,29.031,26.594,1,1,0.334,2.103,,2009,28
"CrossingSweep",2000,5,205,29.522,29.523,27.165,1,1,0.338,2.019,,1994,28
"CrossingSweep",2000,5,206,30.329,30.329,27.987,1,1,0.333,2.009,,2005,28
"CrossingSweep",2000,5,207,30.630,30.615,27.880,1,1,0.329,2.421,,2013,28
"CrossingSweep",2000,5,208,28.700,28.706,26.299,1,1,0.323,2.078,,1946,28
"CrossingSweep",2000,5,209,35.006,35.004,31.629,1,1,0.405,2.972,,2009,28
"CrossingSweep",2000,5,210,30.667,30.661,27.683,1,1,0.365,2.619,,2013,28
"CrossingSweep",2000,5,211,31.469,31.449,27.780,1,1,0.354,3.336,,2000,28
"CrossingSweep",2000,5,212,31.828,31.853,28.379,1,1,0.356,3.093,,1986,27
"CrossingSweep",2000,5,213,30.722,30.716,27.581,1,1,0.316,2.826,,2007,28
"CrossingSweep",2000,5,214,30.624,30.625,27.419,1,1,0.342,2.862,,1995,28
"CrossingSweep",2000,5,215,32.952,32.950,29.736,1,1,0.364,2.852,,1986,28
"CrossingSweep",2000,5,216,34.154,34.144,30.120,1,1,0.359,3.676,,2002,28
"CrossingSweep",2000,5,217,30.924,30.937,28.064,1,1,0.339,2.522,,1990,28
"CrossingSweep",2000,5,218,30.806,30.800,28.350,1,1,0.332,2.124,,1996,28
"CrossingSweep",2000,5,219,31.803,31.805,29.432,1,1,0.342,2.029,,1970,28
"CrossingSweep",2000,5,220,30.029,30.027,27.565,1,1,0.363,2.101,,1985,28
"CrossingSweep",2000,5,221,29.511,29.510,27.054,1,1,0.358,2.099,,1993,28
"CrossingSweep",2000,5,222,32.551,32.548,30.086,1,1,0.352,2.114,,1979,26
"CrossingSweep",2000,5,223,32.267,32.265,29.201,1,1,0.394,2.672,,1993,28
"CrossingSweep",2000,5,224,30.825,30.821,28.188,1,1,0.341,2.296,,2009,27
"CrossingSweep",2000,5,225,29.093,29.089,26.324,1,1,0.324,2.445,,1974,28
"CrossingSweep",2000,5,226,30.278,30.291,27.839,1,1,0.365,2.075,,1997,28
"CrossingSweep",2000,5,227,30.531,30.517,28.146,1,1,0.340,2.045,,1992,28
"CrossingSweep",2000,5,228,29.666,29.663,26.936,1,1,0.341,2.389,,2006,27
"CrossingSweep",2000,5,229,29.939,29.947,27.468,1,1,0.353,2.118,,2014,28
"CrossingSweep",2000,5,230,32.064,32.052,29.285,1,1,0.400,2.380,,2002,28
"CrossingSweep",2000,5,231,30.453,30.454,27.173,1,1,0.362,2.919,,2010,27
"CrossingSweep",2000,5,232,30.131,30.131,27.463,1,1,0.350,2.318,,2011,28
"CrossingSweep",2000,5,233,29.501,29.495,26.827,1,1,0.318,2.356,,2002,28
"CrossingSweep",2000,5,234,31.298,31.302,27.748,1,1,0.369,3.182,,2006,28
"CrossingSweep",2000,5,235,28.983,28.985,26.381,1,1,0.352,2.250,,1990,28
"CrossingSweep",2000,5,236,30.733,30.730,28.327,1,1,0.351,2.055,,2003,27
"CrossingSweep",2000,5,237,29.886,29.888,27.446,1,1,0.351,2.089,,2018,28
"CrossingSweep",2000,5,238,29.609,29.606,27.210,1,1,0.332,2.067,,2011,28
"CrossingSweep",2000,5,239,30.942,30.930,27.863,1,1,0.458,2.621,,2011,28
"CrossingSweep",2000,5,240,29.863,29.857,27.163,1,1,0.326,2.375,,1931,28
"CrossingSweep",2000,5,241,30.059,30.075,27.726,1,1,0.314,2.019,,1970,26
"CrossingSweep",2000,5,242,28.824,28.818,26.459,1,1,0.327,2.038,,2010,28
"CrossingSweep",2000,5,243,32.359,32.339,28.485,1,1,0.347,3.527,,1991,28
"CrossingSweep",2000,5,244,29.291,29.311,26.902,1,1,0.327,2.062,,1997,28
"CrossingSweep",2000,5,245,29.269,29.262,26.928,1,1,0.326,2.014,,2004,28
"CrossingSweep",2000,5,246,30.259,30.262,27.831,1,1,0.340,2.088,,1976,28
"CrossingSweep",2000,5,247,29.092,29.072,26.050,1,1,0.334,2.708,,1993,28
"CrossingSweep",2000,5,248,33.937,33.954,31.366,1,1,0.341,2.230,,1999,28
"CrossingSweep",2000,5,249,34.149,34.146,31.642,1,1,0.343,2.164,,1975,28
"CrossingSweep",2000,5,250,28.546,28.547,26.227,1,1,0.328,1.990,,1986,28
"CrossingSweep",2000,5,251,30.729,30.727,28.284,1,1,0.336,2.109,,2015,28
"CrossingSweep",2000,5,252,30.034,30.030,27.741,1,1,0.343,1.949,,1982,28
"CrossingSweep",2000,5,253,29.899,29.904,27.559,1,1,0.333,2.007,,1992,28
"CrossingSweep",2000,5,254,29.536,29.524,26.745,1,1,0.331,2.460,,2009,28
"CrossingSweep",2000,5,255,29.828,29.829,26.987,1,1,0.347,2.493,,2005,28
"CrossingSweep",2000,5,256,28.846,28.846,26.398,1,1,0.347,2.102,,2012,28
"CrossingSweep",2000,5,257,29.795,29.797,27.497,1,1,0.326,1.972,,2009,28
"CrossingSweep",2000,5,258,30.046,30.042,27.561,1,1,0.338,2.147,,2002,28
"CrossingSweep",2000,5,259,31.317,31.317,28.880,1,1,0.357,2.079,,2002,28
"CrossingSweep",2000,5,260,31.156,31.149,28.468,1,1,0.411,2.277,,1994,28
"CrossingSweep",2000,5,261,29.275,29.264,26.174,1,1,0.345,2.756,,1980,28
"CrossingSweep",2000,5,262,29.938,29.949,27.501,1,1,0.348,2.090,,2004,28
"CrossingSweep",2000,5,263,30.288,30.290,27.890,1,1,0.344,2.054,,2009,28
"CrossingSweep",2000,5,264,31.495,31.489,28.944,1,1,0.353,2.198,,2004,28
"CrossingSweep",2000,5,265,30.586,30.588,28.167,1,1,0.389,2.031,,2012,28
"CrossingSweep",2000,5,266,29.718,29.713,27.424,1,1,0.317,1.977,,2008,28
"CrossingSweep",2000,5,267,31.476,31.470,28.383,1,1,0.358,2.734,,2012,28
"CrossingSweep",2000,5,268,29.352,29.358,26.878,1,1,0.359,2.115,,1996,28
"CrossingSweep",2000,5,269,30.524,30.521,27.916,1,1,0.436,2.172,,2012,26
"CrossingSweep",2000,5,270,30.926,30.923,28.473,1,1,0.341,2.112,,2011,28
"CrossingSweep",2000,5,271,31.542,31.534,27.853,1,1,0.348,3.341,,2003,27
"CrossingSweep",2000,5,272,30.032,30.038,27.539,1,1,0.356,2.137,,2008,28
"CrossingSweep",2000,5,273,32.289,32.273,28.924,1,1,0.464,2.901,,2016,28
"CrossingSweep",2000,5,274,32.756,32.762,29.285,1,1,0.354,3.117,,1985,28
"CrossingSweep",2000,5,275,29.259,29.262,26.833,1,1,0.322,2.104,,2004,26
"CrossingSweep",2000,5,276,30.041,30.044,26.765,1,1,0.357,2.919,,2011,28
"CrossingSweep",2000,5,277,29.532,29.530,27.074,1,1,0.358,2.099,,2000,28
"CrossingSweep",2000,5,278,29.851,29.850,27.359,1,1,0.338,2.154,,1997,28
"CrossingSweep",2000,5,279,30.498,30.491,27.534,1,1,0.337,2.627,,2008,28
"CrossingSweep",2000,5,280,30.089,30.095,27.738,1,1,0.324,2.027,,1986,28
"CrossingSweep",2000,5,281,30.622,30.611,28.171,1,1,0.337,2.114,,2014,28
"CrossingSweep",2000,5,282,30.808,30.809,28.332,1,1,0.330,2.146,,2008,28
"CrossingSweep",2000,5,283,29.987,29.987,27.575,1,1,0.320,2.092,,1996,28
"CrossingSweep",2000,5,284,33.616,33.613,30.861,1,1,0.472,2.283,,2012,28
"CrossingSweep",2000,5,285,29.130,29.130,26.721,1,1,0.309,2.101,,1999,28
"CrossingSweep",2000,5,286,29.818,29.815,26.789,1,1,0.320,2.710,,2005,28
"CrossingSweep",2000,5,287,29.604,29.603,27.044,1,1,0.342,2.219,,1995,28
"CrossingSweep",2000,5,288,33.969,33.964,31.486,1,1,0.340,2.143,,1993,28
"CrossingSweep",2000,5,289,29.849,29.854,27.383,1,1,0.358,2.108,,2013,27
"CrossingSweep",2000,5,290,30.657,30.648,27.515,1,1,0.331,2.812,,2003,28
"CrossingSweep",2000,5,291,30.246,30.245,27.440,1,1,0.345,2.461,,2003,28
"CrossingSweep",2000,5,292,29.168,29.175,26.506,1,1,0.330,2.332,,2001,28
"CrossingSweep",2000,5,293,31.148,31.135,28.695,1,1,0.359,2.094,,2002,27
"CrossingSweep",2000,5,294,30.756,30.761,28.054,1,1,0.352,2.350,,1965,28
"CrossingSweep",2000,5,295,29.857,29.860,27.487,1,1,0.323,2.047,,2017,28
"CrossingSweep",2000,5,296,31.078,31.071,27.788,1,1,0.363,2.928,,2010,27
"CrossingSweep",2000,5,297,29.899,29.893,27.156,1,1,0.354,2.389,,1977,28
"CrossingSweep",2000,5,298,30.384,30.375,27.715,1,1,0.329,2.340,,2011,27
"CrossingSweep",2000,5,299,29.410,29.427,27.144,1,1,0.325,1.942,,1992,28
"CrossingSweep",2250,5,0,36.234,36.236,33.719,1,1,0.377,2.138,,2249,30
"CrossingSweep",2250,5,1,38.363,38.359,35.312,1,1,0.388,2.664,,2226,31
"CrossingSweep",2250,5,2,39.359,39.359,36.067,1,1,0.390,2.902,,2247,31
"CrossingSweep",2250,5,3,38.324,38.323,35.667,1,1,0.366,2.291,,2240,30
"CrossingSweep",2250,5,4,38.166,38.166,35.717,1,1,0.377,2.073,,2212,31
"CrossingSweep",2250,5,5,38.399,38.401,35.965,1,1,0.359,2.076,,2233,31
"CrossingSweep",2250,5,6,39.070,39.051,36.217,1,1,0.377,2.476,,2236,31
"CrossingSweep",2250,5,7,37.490,37.502,35.013,1,1,0.365,2.113,,2234,31
"CrossingSweep",2250,5,8,38.646,38.642,35.932,1,1,0.376,2.339,,2220,31
"CrossingSweep",2250,5,9,39.181,39.172,34.986,1,1,0.360,3.836,,2245,31
"CrossingSweep",2250,5,10,37.607,37.602,34.736,1,1,0.378,2.494,,2251,31
"CrossingSweep",2250,5,11,38.429,38.438,35.881,1,1,0.364,2.185,,2240,31
"CrossingSweep",2250,5,12,39.228,39.231,35.851,1,1,0.362,3.014,,2249,30
"CrossingSweep",2250,5,13,38.262,38.258,35.439,1,1,0.364,2.459,,2250,31
"CrossingSweep",2250,5,14,37.593,37.595,35.106,1,1,0.384,2.103,,2255,31
"CrossingSweep",2250,5,15,38.815,38.814,35.935,1,1,0.378,2.503,,2235,31
"CrossingSweep",2250,5,16,37.585,37.577,34.649,1,1,0.376,2.560,,2214,30
"CrossingSweep",2250,5,17,37.145,37.151,34.636,1,1,0.383,2.126,,2237,31
"CrossingSweep",2250,5,18,40.014,40.008,36.333,1,1,0.363,3.318,,2242,31
"CrossingSweep",2250,5,19,38.931,38.922,35.346,1,1,0.370,3.215,,2231,31
"CrossingSweep",2250,5,20,39.166,39.167,35.736,1,1,0.389,3.041,,2246,30
"CrossingSweep",2250,5,21,39.500,39.502,36.856,1,1,0.383,2.262,,2221,31
"CrossingSweep",2250,5,22,38.855,38.847,36.259,1,1,0.361,2.235,,2250,30
"CrossingSweep",2250,5,23,38.378,38.386,35.771,1,1,0.379,2.228,,2073,31
"CrossingSweep",2250,5,24,39.064,39.053,34.953,1,1,0.357,3.754,,2241,31
"CrossingSweep",2250,5,25,37.875,37.887,35.177,1,1,0.366,2.332,,2226,31
"CrossingSweep",2250,5,26,39.752,39.740,36.272,1,1,0.388,3.093,,2231,31
"CrossingSweep",2250,5,27,38.694,38.694,36.086,1,1,0.385,2.223,,2255,31
"CrossingSweep",2250,5,28,39.891,39.893,35.868,1,1,0.370,3.652,,2237,31
"CrossingSweep",2250,5,29,38.597,38.598,35.968,1,1,0.384,2.245,,2234,31
"CrossingSweep",2250,5,30,38.365,38.358,35.720,1,1,0.379,2.266,,2213,30
"CrossingSweep",2250,5,31,38.295,38.296,35.733,1,1,0.374,2.188,,2249,31
"CrossingSweep",2250,5,32,38.798,38.794,36.055,1,1,0.387,2.357,,2231,31
"CrossingSweep",2250,5,33,38.645,38.635,35.591,1,1,0.371,2.684,,2255,31
"CrossingSweep",2250,5,34,39.296,39.258,35.891,1,1,0.362,3.043,,2237,31
"CrossingSweep",2250,5,35,38.714,38.759,36.110,1,1,0.370,2.234,,2242,31
"CrossingSweep",2250,5,36,38.806,38.806,36.160,1,1,0.378,2.268,,2231,31
"CrossingSweep",2250,5,37,37.268,37.266,34.708,1,1,0.366,2.194,,2225,31
"CrossingSweep",2250,5,38,37.929,37.918,34.666,1,1,0.365,2.898,,2246,31
"CrossingSweep",2250,5,39,37.656,37.665,34.685,1,1,0.360,2.611,,2244,31
"CrossingSweep",2250,5,40,36.967,36.964,34.193,1,1,0.368,2.406,,2224,31
"CrossingSweep",2250,5,41,38.261,38.259,35.663,1,1,0.383,2.215,,2247,31
"CrossingSweep",2250,5,42,36.881,36.881,34.386,1,1,0.358,2.137,,2254,31
"CrossingSweep",2250,5,43,37.178,37.174,34.593,1,1,0.361,2.224,,2262,31
"CrossingSweep",2250,5,44,37.306,37.300,34.816,1,1,0.376,2.115,,2243,29
"CrossingSweep",2250,5,45,37.441,37.443,34.911,1,1,0.366,2.164,,2242,31
"CrossingSweep",2250,5,46,41.369,41.352,37.493,1,1,0.391,3.485,,2242,31
"CrossingSweep",2250,5,47,37.416,37.428,34.883,1,1,0.390,2.143,,2240,31
"CrossingSweep",2250,5,48,37.661,37.664,34.202,1,1,0.361,3.098,,2227,31
"CrossingSweep",2250,5,49,37.114,37.112,34.629,1,1,0.356,2.129,,2248,31
"CrossingSweep",2250,5,50,37.585,37.582,35.069,1,1,0.407,2.109,,2247,31
"CrossingSweep",2250,5,51,37.481,37.479,34.350,1,1,0.405,2.727,,2245,31
"CrossingSweep",2250,5,52,37.687,37.680,34.563,1,1,0.347,2.777,,2259,31
"CrossingSweep",2250,5,53,37.632,37.631,34.499,1,1,0.373,2.761,,2249,30
"CrossingSweep",2250,5,54,41.000,41.002,36.694,1,1,0.466,3.841,,2248,31
"CrossingSweep",2250,5,55,37.902,37.897,34.964,1,1,0.350,2.588,,2240,31
"CrossingSweep",2250,5,56,37.682,37.682,34.256,1,1,0.367,3.058,,2235,30
"CrossingSweep",2250,5,57,37.296,37.294,34.423,1,1,0.357,2.516,,2246,31
"CrossingSweep",2250,5,58,38.240,38.228,34.032,1,1,0.433,3.774,,2243,31
"CrossingSweep",2250,5,59,37.415,37.428,34.273,1,1,0.353,2.789,,2257,31
"CrossingSweep",2250,5,60,37.484,37.469,34.253,1,1,0.434,2.797,,2208,31
"CrossingSweep",2250,5,61,37.090,37.096,34.008,1,1,0.381,2.701,,2251,31
"CrossingSweep",2250,5,62,36.742,36.742,33.682,1,1,0.379,2.681,,2253,31
"CrossingSweep",2250,5,63,37.144,37.139,34.028,1,1,0.353,2.763,,2191,31
"CrossingSweep",2250,5,64,39.421,39.424,35.455,1,1,0.374,3.591,,2233,30
"CrossingSweep",2250,5,65,38.374,38.370,35.096,1,1,0.387,2.891,,2238,30
"CrossingSweep",2250,5,66,38.474,38.475,34.866,1,1,0.388,3.220,,2232,31
"CrossingSweep",2250,5,67,37.941,37.936,35.071,1,1,0.377,2.493,,2226,31
"CrossingSweep",2250,5,68,37.347,37.350,34.321,1,1,0.372,2.654,,2240,31
"CrossingSweep",2250,5,69,36.911,36.901,33.939,1,1,0.374,2.598,,2248,31
"CrossingSweep",2250,5,70,36.771,36.772,33.835,1,1,0.373,2.564,,2262,31
"CrossingSweep",2250,5,71,38.443,38.448,35.024,1,1,0.349,3.071,,2243,31
"CrossingSweep",2250,5,72,38.656,38.640,35.267,1,1,0.363,3.027,,2241,31
"CrossingSweep",2250,5,73,37.245,37.254,34.014,1,1,0.482,2.749,,2248,31
"CrossingSweep",2250,5,74,38.338,38.331,34.434,1,1,0.368,3.537,,2260,31
"CrossingSweep",2250,5,75,36.498,36.497,33.573,1,1,0.367,2.558,,2245,31
"CrossingSweep",2250,5,76,37.235,37.235,34.292,1,1,0.350,2.593,,2242,31
"CrossingSweep",2250,5,77,37.614,37.604,33.619,1,1,0.361,3.634,,2252,31
"CrossingSweep",2250,5,78,38.497,38.503,35.088,1,1,0.405,3.004,,2244,31
"CrossingSweep",2250,5,79,38.711,38.707,35.816,1,1,0.409,2.486,,2260,31
"CrossingSweep",2250,5,80,37.224,37.226,34.260,1,1,0.402,2.561,,2255,31
"CrossingSweep",2250,5,81,37.990,37.980,34.583,1,1,0.375,3.032,,2258,29
"CrossingSweep",2250,5,82,37.727,37.730,34.486,1,1,0.376,2.866,,2219,31
"CrossingSweep",2250,5,83,38.871,38.870,35.435,1,1,0.368,3.069,,2254,31
"CrossingSweep",2250,5,84,37.159,37.158,33.789,1,1,0.382,2.987,,2108,31
"CrossingSweep",2250,5,85,37.622,37.614,33.859,1,1,0.433,3.331,,2258,31
"CrossingSweep",2250,5,86,36.838,36.836,33.761,1,1,0.391,2.685,,2258,30
"CrossingSweep",2250,5,87,37.096,37.103,33.967,1,1,0.396,2.733,,2258,31
"CrossingSweep",2250,5,88,37.487,37.471,34.290,1,1,0.388,2.808,,2257,31
"CrossingSweep",2250,5,89,37.440,37.448,34.312,1,1,0.388,2.739,,2259,31
"CrossingSweep",2250,5,90,38.326,38.314,35.004,1,1,0.402,2.921,,2265,31
"CrossingSweep",2250,5,91,37.633,37.637,33.854,1,1,0.383,3.395,,2264,31
"CrossingSweep",2250,5,92,39.208,39.198,35.938,1,1,0.373,2.897,,2243,31
"CrossingSweep",2250,5,93,36.882,36.891,33.819,1,1,0.383,2.680,,2218,30
"CrossingSweep",2250,5,94,37.188,37.185,33.663,1,1,0.379,3.146,,2249,31
"CrossingSweep",2250,5,95,37.437,37.437,34.432,1,1,0.368,2.637,,2257,31
"CrossingSweep",2250,5,96,36.329,36.325,33.431,1,1,0.376,2.522,,2233,31
"CrossingSweep",2250,5,97,37.052,37.052,33.873,1,1,0.420,2.759,,2262,31
"CrossingSweep",2250,5,98,37.279,37.269,33.777,1,1,0.392,3.111,,2239,31
"CrossingSweep",2250,5,99,37.997,38.007,34.924,1,1,0.386,2.687,,2258,31
"CrossingSweep",2250,5,100,39.596,39.432,36.028,1,1,0.379,3.188,,2256,30
"CrossingSweep",2250,5,101,38.562,38.716,35.334,1,1,0.435,2.792,,2239,31
"CrossingSweep",2250,5,102,38.214,38.213,35.022,1,1,0.414,2.778,,2245,31
"CrossingSweep",2250,5,103,37.575,37.525,34.299,1,1,0.387,2.889,,2232,31
"CrossingSweep",2250,5,104,39.320,39.364,35.006,1,1,0.439,3.875,,2254,29
"CrossingSweep",2250,5,105,38.948,38.949,35.866,1,1,0.390,2.691,,2260,30
"CrossingSweep",2250,5,106,36.796,36.799,33.649,1,1,0.370,2.777,,2230,31
"CrossingSweep",2250,5,107,38.260,38.226,33.988,1,1,0.380,3.893,,2230,30
"CrossingSweep",2250,5,108,38.470,38.486,34.189,1,1,0.375,3.906,,2219,28
"CrossingSweep",2250,5,109,37.158,37.164,34.058,1,1,0.391,2.709,,2257,30
"CrossingSweep",2250,5,110,38.251,38.247,35.075,1,1,0.374,2.802,,2246,31
"CrossingSweep",2250,5,111,37.274,37.279,34.070,1,1,0.383,2.822,,2263,31
"CrossingSweep",2250,5,112,36.540,36.543,33.194,1,1,0.401,2.945,,2252,31
"CrossingSweep",2250,5,113,36.336,36.330,33.450,1,1,0.362,2.524,,2269,31
"CrossingSweep",2250,5,114,40.319,40.319,37.175,1,1,0.390,2.754,,2224,31
"CrossingSweep",2250,5,115,37.240,37.231,33.995,1,1,0.387,2.858,,2257,31
"CrossingSweep",2250,5,116,37.594,37.585,34.364,1,1,0.408,2.823,,2242,31
"CrossingSweep",2250,5,117,37.166,37.170,34.029,1,1,0.396,2.741,,2261,31
"CrossingSweep",2250,5,118,38.634,38.636,35.577,1,1,0.403,2.655,,2259,30
"CrossingSweep",2250,5,119,37.562,37.548,34.470,1,1,0.388,2.704,,2266,31
"CrossingSweep",2250,5,120,37.377,37.385,34.423,1,1,0.385,2.568,,2257,30
"CrossingSweep",2250,5,121,37.927,37.936,34.757,1,1,0.380,2.791,,2257,31
"CrossingSweep",2250,5,122,37.107,37.101,33.732,1,1,0.384,2.992,,2260,30
"CrossingSweep",2250,5,123,37.976,37.978,34.769,1,1,0.391,2.817,,2240,31
"CrossingSweep",2250,5,124,36.140,36.142,33.362,1,1,0.383,2.395,,2231,31
"CrossingSweep",2250,5,125,39.779,39.776,37.223,1,1,0.394,2.162,,2249,31
"CrossingSweep",2250,5,126,36.889,36.890,34.322,1,1,0.371,2.196,,2264,31
"CrossingSweep",2250,5,127,39.472,39.467,36.709,1,1,0.422,2.341,,2263,31
"CrossingSweep",2250,5,128,39.638,39.616,35.822,1,1,0.392,3.424,,2250,31
"CrossingSweep",2250,5,129,40.252,40.268,37.506,1,1,0.426,2.320,,2237,31
"CrossingSweep",2250,5,130,40.045,40.049,37.377,1,1,0.427,2.241,,2259,31
"CrossingSweep",2250,5,131,40.587,40.589,37.875,1,1,0.390,2.322,,2239,31
"CrossingSweep",2250,5,132,41.648,41.641,38.185,1,1,0.399,3.064,,2239,31
"CrossingSweep",2250,5,133,41.288,41.288,38.385,1,1,0.397,2.506,,2241,31
"CrossingSweep",2250,5,134,39.114,39.112,36.491,1,1,0.401,2.222,,2250,31
"CrossingSweep",2250,5,135,39.962,39.925,37.256,1,1,0.392,2.314,,2223,31
"CrossingSweep",2250,5,136,39.636,39.663,36.818,1,1,0.384,2.434,,2197,31
"CrossingSweep",2250,5,137,38.746,38.752,35.968,1,1,0.403,2.375,,2214,30
"CrossingSweep",2250,5,138,39.050,39.041,35.845,1,1,0.413,2.792,,2253,31
"CrossingSweep",2250,5,139,38.881,38.884,36.212,1,1,0.394,2.275,,2247,31
"CrossingSweep",2250,5,140,38.607,38.562,35.857,1,1,0.385,2.365,,2261,31
"CrossingSweep",2250,5,141,37.773,37.819,35.110,1,1,0.389,2.274,,2261,31
"CrossingSweep",2250,5,142,37.762,37.757,35.232,1,1,0.370,2.160,,2157,31
"CrossingSweep",2250,5,143,39.255,39.255,36.385,1,1,0.385,2.486,,2256,30
"CrossingSweep",2250,5,144,38.042,38.034,35.345,1,1,0.383,2.315,,2244,31
"CrossingSweep",2250,5,145,38.446,38.446,35.664,1,1,0.381,2.401,,2258,31
"CrossingSweep",2250,5,146,39.435,39.433,36.758,1,1,0.387,2.290,,1469,30
"CrossingSweep",2250,5,147,38.336,38.340,35.735,1,1,0.438,2.163,,2255,30
"CrossingSweep",2250,5,148,37.186,37.177,34.518,1,1,0.368,2.300,,2253,31
"CrossingSweep",2250,5,149,37.459,37.460,34.738,1,1,0.385,2.336,,2234,31
"CrossingSweep",2250,5,150,38.753,38.732,35.337,1,1,0.421,2.995,,2260,31
"CrossingSweep",2250,5,151,37.391,37.409,34.724,1,1,0.382,2.284,,2241,31
"CrossingSweep",2250,5,152,37.443,37.444,34.611,1,1,0.366,2.466,,2247,30
"CrossingSweep",2250,5,153,36.581,36.576,34.025,1,1,0.365,2.191,,2257,30
"CrossingSweep",2250,5,154,37.116,37.113,34.081,1,1,0.473,2.562,,2248,31
"CrossingSweep",2250,5,155,38.083,38.079,35.090,1,1,0.388,2.605,,2210,31
"CrossingSweep",2250,5,156,37.938,37.913,33.898,1,1,0.400,3.641,,2261,29
"CrossingSweep",2250,5,157,39.057,39.072,35.862,1,1,0.386,2.808,,2228,30
"CrossingSweep",2250,5,158,40.922,40.926,37.499,1,1,0.397,3.026,,2237,31
"CrossingSweep",2250,5,159,40.502,40.507,37.939,1,1,0.400,2.162,,2254,31
"CrossingSweep",2250,5,160,40.419,40.411,37.628,1,1,0.393,2.398,,2243,30
"CrossingSweep",2250,5,161,39.459,39.438,35.621,1,1,0.373,3.465,,2254,30
"CrossingSweep",2250,5,162,39.226,39.244,36.137,1,1,0.379,2.710,,2257,31
"CrossingSweep",2250,5,163,38.675,38.676,36.005,1,1,0.401,2.269,,2255,30
"CrossingSweep",2250,5,164,39.817,39.821,37.221,1,1,0.381,2.216,,2243,31
"CrossingSweep",2250,5,165,41.755,41.750,38.301,1,1,0.376,3.078,,2247,29
"CrossingSweep",2250,5,166,38.956,38.952,36.244,1,1,0.394,2.318,,2253,29
"CrossingSweep",2250,5,167,38.207,38.206,35.448,1,1,0.393,2.366,,2268,31
"CrossingSweep",2250,5,168,37.801,37.806,35.166,1,1,0.403,2.232,,2260,31
"CrossingSweep",2250,5,169,37.964,37.962,35.314,1,1,0.409,2.242,,2262,31
"CrossingSweep",2250,5,170,38.601,38.602,36.137,1,1,0.361,2.103,,2259,31
"CrossingSweep",2250,5,171,38.212,38.204,35.371,1,1,0.467,2.374,,2238,31
"CrossingSweep",2250,5,172,37.952,37.953,35.333,1,1,0.380,2.238,,2255,31
"CrossingSweep",2250,5,173,37.703,37.697,35.009,1,1,0.390,2.303,,2256,31
"CrossingSweep",2250,5,174,36.828,36.831,33.869,1,1,0.433,2.525,,2257,31
"CrossingSweep",2250,5,175,38.277,38.263,34.322,1,1,0.367,3.589,,2264,30
"CrossingSweep",2250,5,176,36.450,36.456,33.813,1,1,0.363,2.275,,2233,31
"CrossingSweep",2250,5,177,36.854,36.858,34.372,1,1,0.370,2.113,,2255,31
"CrossingSweep",2250,5,178,36.593,36.587,33.880,1,1,0.386,2.328,,2255,31
"CrossingSweep",2250,5,179,37.677,37.677,34.749,1,1,0.483,2.446,,2255,31
"CrossingSweep",2250,5,180,37.736,37.737,35.091,1,1,0.385,2.259,,2256,30
"CrossingSweep",2250,5,181,36.696,36.688,33.990,1,1,0.369,2.337,,2223,31
"CrossingSweep",2250,5,182,38.736,38.719,35.038,1,1,0.383,3.315,,2260,31
"CrossingSweep",2250,5,183,37.414,37.425,34.709,1,1,0.381,2.324,,2263,31
"CrossingSweep",2250,5,184,36.870,36.874,34.381,1,1,0.368,2.121,,2265,30
"CrossingSweep",2250,5,185,37.489,37.486,34.738,1,1,0.383,2.369,,2266,31
"CrossingSweep",2250,5,186,36.556,36.554,33.927,1,1,0.382,2.247,,2263,31
"CrossingSweep",2250,5,187,36.292,36.291,33.331,1,1,0.366,2.595,,2252,30
"CrossingSweep",2250,5,188,38.291,38.293,35.716,1,1,0.391,2.185,,2253,30
"CrossingSweep",2250,5,189,35.649,35.650,33.240,1,1,0.368,2.040,,2245,30
"CrossingSweep",2250,5,190,38.127,38.119,35.255,1,1,0.382,2.490,,2220,31
"CrossingSweep",2250,5,191,36.399,36.401,33.862,1,1,0.375,2.162,,2262,31
"CrossingSweep",2250,5,192,36.751,36.744,33.800,1,1,0.399,2.552,,2252,31
"CrossingSweep",2250,5,193,38.026,38.029,35.342,1,1,0.402,2.283,,2248,31
"CrossingSweep",2250,5,194,37.674,37.677,35.092,1,1,0.386,2.195,,2260,31
"CrossingSweep",2250,5,195,40.402,40.398,36.800,1,1,0.630,2.972,,2254,31
"CrossingSweep",2250,5,196,38.236,38.221,35.117,1,1,0.394,2.725,,2256,28
"CrossingSweep",2250,5,197,35.909,35.919,33.298,1,1,0.380,2.231,,2209,30
"CrossingSweep",2250,5,198,36.487,36.482,33.633,1,1,0.390,2.464,,2188,30
"CrossingSweep",2250,5,199,38.903,38.900,36.277,1,1,0.381,2.245,,2259,31
"CrossingSweep",2250,5,200,38.781,38.784,36.071,1,1,0.386,2.324,,2248,31
"CrossingSweep",2250,5,201,38.194,38.190,35.489,1,1,0.392,2.314,,2252,31
"CrossingSweep",2250,5,202,37.771,37.768,34.736,1,1,0.387,2.648,,2245,31
"CrossingSweep",2250,5,203,37.102,37.104,34.554,1,1,0.373,2.175,,2259,31
"CrossingSweep",2250,5,204,39.024,39.021,36.449,1,1,0.384,2.190,,2243,31
"CrossingSweep",2250,5,205,37.868,37.851,34.907,1,1,0.368,2.594,,2222,30
"CrossingSweep",2250,5,206,40.671,40.685,37.713,1,1,0.369,2.589,,2209,30
"CrossingSweep",2250,5,207,41.984,41.966,38.827,1,1,0.376,2.781,,2223,30
"CrossingSweep",2250,5,208,37.584,37.600,34.995,1,1,0.396,2.193,,2242,30
"CrossingSweep",2250,5,209,41.002,40.993,37.411,1,1,0.394,3.197,,2268,31
"CrossingSweep",2250,5,210,38.470,38.475,35.818,1,1,0.418,2.234,,2248,31
"CrossingSweep",2250,5,211,40.966,40.960,37.395,1,1,0.389,3.183,,2265,31
"CrossingSweep",2250,5,212,37.951,37.950,35.271,1,1,0.387,2.293,,2250,31
"CrossingSweep",2250,5,213,38.670,38.668,36.129,1,1,0.382,2.159,,2252,31
"CrossingSweep",2250,5,214,39.077,39.083,36.523,1,1,0.404,2.150,,2241,29
"CrossingSweep",2250,5,215,37.150,37.148,34.241,1,1,0.394,2.515,,2229,31
"CrossingSweep",2250,5,216,38.360,38.349,35.050,1,1,0.374,2.936,,2246,31
"CrossingSweep",2250,5,217,38.730,38.736,35.518,1,1,0.373,2.838,,2252,30
"CrossingSweep",2250,5,218,37.371,37.333,34.164,1,1,0.369,2.838,,2261,31
"CrossingSweep",2250,5,219,38.534,38.553,34.695,1,1,0.394,3.445,,2257,31
"CrossingSweep",2250,5,220,39.851,39.848,36.172,1,1,0.380,3.299,,2265,31
"CrossingSweep",2250,5,221,39.144,39.150,36.360,1,1,0.373,2.411,,2234,31
"CrossingSweep",2250,5,222,40.221,40.208,36.651,1,1,0.389,3.181,,2252,29
"CrossingSweep",2250,5,223,37.533,37.547,34.965,1,1,0.382,2.186,,2261,31
"CrossingSweep",2250,5,224,37.379,37.384,34.846,1,1,0.376,2.157,,2252,28
"CrossingSweep",2250,5,225,36.912,36.900,34.346,1,1,0.377,2.190,,2260,30
"CrossingSweep",2250,5,226,37.099,37.104,34.580,1,1,0.371,2.148,,2152,31
"CrossingSweep",2250,5,227,37.251,37.248,34.154,1,1,0.386,2.711,,2261,30
"CrossingSweep",2250,5,228,37.775,37.768,34.710,1,1,0.369,2.696,,2259,31
"CrossingSweep",2250,5,229,38.660,38.668,36.065,1,1,0.395,2.200,,2258,30
"CrossingSweep",2250,5,230,38.304,38.302,35.750,1,1,0.369,2.185,,2259,31
"CrossingSweep",2250,5,231,38.668,38.667,35.318,1,1,0.405,2.945,,2258,31
"CrossingSweep",2250,5,232,37.588,37.583,34.925,1,1,0.386,2.278,,2253,30
"CrossingSweep",2250,5,233,39.159,39.142,35.515,1,1,0.388,3.256,,2249,31
"CrossingSweep",2250,5,234,38.612,38.623,34.465,1,1,0.391,3.756,,2253,31
"CrossingSweep",2250,5,235,36.273,36.275,33.706,1,1,0.377,2.191,,2258,31
"CrossingSweep",2250,5,236,37.059,37.048,34.356,1,1,0.372,2.331,,2255,31
"CrossingSweep",2250,5,237,36.606,36.609,33.942,1,1,0.403,2.261,,2228,31
"CrossingSweep",2250,5,238,39.416,39.410,36.905,1,1,0.363,2.149,,2256,31
"CrossingSweep",2250,5,239,38.402,38.406,35.257,1,1,0.390,2.755,,2207,31
"CrossingSweep",2250,5,240,38.730,38.726,36.040,1,1,0.397,2.293,,2244,31
"CrossingSweep",2250,5,241,38.086,38.071,34.913,1,1,0.402,2.771,,2250,31
"CrossingSweep",2250,5,242,37.375,37.387,34.296,1,1,0.436,2.644,,2223,30
"CrossingSweep",2250,5,243,37.384,37.388,34.871,1,1,0.378,2.135,,2234,31
"CrossingSweep",2250,5,244,37.973,37.962,34.753,1,1,0.382,2.838,,2183,31
"CrossingSweep",2250,5,245,40.011,40.017,37.501,1,1,0.390,2.121,,2157,31
"CrossingSweep",2250,5,246,38.494,38.486,34.902,1,1,0.365,3.227,,2262,31
"CrossingSweep",2250,5,247,38.922,38.925,36.307,1,1,0.405,2.210,,2252,31
"CrossingSweep",2250,5,248,37.022,37.017,34.439,1,1,0.383,2.200,,2229,31
"CrossingSweep",2250,5,249,36.896,36.907,34.275,1,1,0.428,2.194,,2250,31
"CrossingSweep",2250,5,250,37.769,37.759,34.829,1,1,0.405,2.535,,2253,31
"CrossingSweep",2250,5,251,39.366,39.371,35.852,1,1,0.363,3.151,,2241,31
"CrossingSweep",2250,5,252,37.002,37.000,34.324,1,1,0.381,2.296,,2240,31
"CrossingSweep",2250,5,253,37.329,37.322,34.673,1,1,0.368,2.287,,2257,30
"CrossingSweep",2250,5,254,37.215,37.215,34.692,1,1,0.362,2.161,,2247,31
"CrossingSweep",2250,5,255,38.842,38.828,35.684,1,1,0.377,2.782,,2263,31
"CrossingSweep",2250,5,256,37.406,37.408,34.624,1,1,0.387,2.395,,2242,31
"CrossingSweep",2250,5,257,37.796,37.796,35.162,1,1,0.396,2.238,,2251,31
"CrossingSweep",2250,5,258,37.302,37.303,34.326,1,1,0.398,2.578,,2253,31
"CrossingSweep",2250,5,259,36.709,36.711,34.059,1,1,0.397,2.253,,2238,30
"CrossingSweep",2250,5,260,37.435,37.360,34.297,1,1,0.377,2.761,,2239,31
"CrossingSweep",2250,5,261,38.536,38.599,34.848,1,1,0.390,3.298,,2268,31
"CrossingSweep",2250,5,262,43.067,43.074,40.353,1,1,0.397,2.316,,2246,31
"CrossingSweep",2250,5,263,38.882,38.877,36.253,1,1,0.387,2.242,,2241,31
"CrossingSweep",2250,5,264,37.599,37.607,35.011,1,1,0.386,2.202,,2218,30
"CrossingSweep",2250,5,265,39.601,39.581,35.273,1,1,0.409,3.920,,2260,31
"CrossingSweep",2250,5,266,37.940,37.945,35.284,1,1,0.394,2.262,,2234,31
"CrossingSweep",2250,5,267,38.212,38.212,35.517,1,1,0.403,2.293,,2246,31
"CrossingSweep",2250,5,268,40.912,40.909,37.883,1,1,0.443,2.586,,2239,31
"CrossingSweep",2250,5,269,37.618,37.624,34.938,1,1,0.405,2.275,,2222,30
"CrossingSweep",2250,5,270,39.836,39.834,37.152,1,1,0.410,2.274,,2246,31
"CrossingSweep",2250,5,271,40.742,40.738,37.403,1,1,0.398,2.941,,2265,31
"CrossingSweep",2250,5,272,37.875,37.870,34.560,1,1,0.395,2.921,,2249,31
"CrossingSweep",2250,5,273,36.896,36.894,33.950,1,1,0.369,2.576,,2244,30
"CrossingSweep",2250,5,274,39.199,39.195,35.537,1,1,0.380,3.282,,2241,31
"CrossingSweep",2250,5,275,40.564,40.573,37.958,1,1,0.384,2.222,,2255,31
"CrossingSweep",2250,5,276,37.255,37.244,34.681,1,1,0.385,2.189,,2243,29
"CrossingSweep",2250,5,277,36.962,36.967,34.421,1,1,0.393,2.147,,2255,31
"CrossingSweep",2250,5,278,37.576,37.573,35.035,1,1,0.391,2.150,,2242,31
"CrossingSweep",2250,5,279,37.426,37.420,34.819,1,1,0.375,2.232,,2258,31
"CrossingSweep",2250,5,280,37.595,37.592,34.978,1,1,0.387,2.231,,2173,31
"CrossingSweep",2250,5,281,39.046,39.043,35.800,1,1,0.379,2.868,,2259,31
"CrossingSweep",2250,5,282,39.170,39.161,35.832,1,1,0.394,2.944,,2230,31
"CrossingSweep",2250,5,283,37.820,37.823,34.961,1,1,0.384,2.475,,2258,30
"CrossingSweep",2250,5,284,38.920,38.925,35.854,1,1,0.402,2.664,,2244,29
"CrossingSweep",2250,5,285,38.133,38.126,34.931,1,1,0.367,2.834,,2250,31
"CrossingSweep",2250,5,286,38.782,38.785,35.674,1,1,0.408,2.701,,2244,31
"CrossingSweep",2250,5,287,37.481,37.474,33.905,1,1,0.375,3.200,,2262,29
"CrossingSweep",2250,5,288,38.116,38.124,34.865,1,1,0.384,2.867,,2255,31
"CrossingSweep",2250,5,289,37.213,37.191,33.868,1,1,0.378,2.967,,2263,31
"CrossingSweep",2250,5,290,37.491,37.503,34.413,1,1,0.383,2.695,,2246,31
"CrossingSweep",2250,5,291,36.954,36.947,33.868,1,1,0.396,2.689,,2247,31
"CrossingSweep",2250,5,292,37.114,37.103,34.071,1,1,0.376,2.667,,2259,31
"CrossingSweep",2250,5,293,37.195,37.202,33.869,1,1,0.371,2.954,,2245,30
"CrossingSweep",2250,5,294,37.362,37.361,34.261,1,1,0.379,2.722,,2248,31
"CrossingSweep",2250,5,295,38.422,38.421,35.365,1,1,0.417,2.641,,2256,31
"CrossingSweep",2250,5,296,37.721,37.719,34.616,1,1,0.391,2.714,,2256,31
"CrossingSweep",2250,5,297,37.983,37.982,34.942,1,1,0.392,2.648,,2260,30
"CrossingSweep",2250,5,298,38.207,38.200,34.887,1,1,0.414,2.906,,2259,31
"CrossingSweep",2250,5,299,38.000,38.001,34.820,1,1,0.382,2.797,,2263,30
"CrossingSweep",2500,5,0,46.772,46.766,44.065,1,1,0.432,2.275,,2490,31
"CrossingSweep",2500,5,1,46.855,46.859,43.770,1,1,0.448,2.637,,2490,32
"CrossingSweep",2500,5,2,46.395,46.397,42.775,1,1,0.423,3.197,,2493,33
"CrossingSweep",2500,5,3,48.322,48.304,45.257,1,1,0.476,2.589,,2499,33
"CrossingSweep",2500,5,4,46.670,46.684,43.993,1,1,0.433,2.243,,2486,31
"CrossingSweep",2500,5,5,48.274,48.259,44.401,1,1,0.444,3.429,,2489,33
"CrossingSweep",2500,5,6,48.564,48.573,45.918,1,1,0.424,2.223,,2493,33
"CrossingSweep",2500,5,7,46.310,46.316,43.577,1,1,0.484,2.249,,2504,33
"CrossingSweep",2500,5,8,46.904,46.895,43.825,1,1,0.440,2.639,,2498,33
"CrossingSweep",2500,5,9,47.458,47.462,44.847,1,1,0.439,2.172,,2503,33
"CrossingSweep",2500,5,10,46.675,46.666,42.994,1,1,0.427,3.254,,2480,33
"CrossingSweep",2500,5,11,47.684,47.663,43.878,1,1,0.467,3.339,,2472,31
"CrossingSweep",2500,5,12,46.864,46.879,43.089,1,1,0.475,3.301,,2502,33
"CrossingSweep",2500,5,13,50.245,50.225,46.218,1,1,0.410,3.618,,2505,33
"CrossingSweep",2500,5,14,46.099,46.122,42.822,1,1,0.431,2.846,,2505,33
"CrossingSweep",2500,5,15,45.047,45.046,42.451,1,1,0.405,2.192,,2495,33
"CrossingSweep",2500,5,16,45.300,45.306,42.720,1,1,0.419,2.161,,2504,33
"CrossingSweep",2500,5,17,47.006,46.968,43.006,1,1,0.428,3.573,,2483,32
"CrossingSweep",2500,5,18,50.380,50.416,47.743,1,1,0.440,2.197,,2501,33
"CrossingSweep",2500,5,19,46.507,46.504,43.805,1,1,0.428,2.274,,2494,33
"CrossingSweep",2500,5,20,51.607,51.598,48.337,1,1,0.440,2.830,,2507,33
"CrossingSweep",2500,5,21,44.882,44.887,42.145,1,1,0.434,2.304,,2500,33
"CrossingSweep",2500,5,22,46.662,46.659,44.073,1,1,0.421,2.168,,2502,31
"CrossingSweep",2500,5,23,45.908,45.910,43.266,1,1,0.436,2.206,,2487,32
"CrossingSweep",2500,5,24,47.433,47.431,44.834,1,1,0.435,2.164,,2489,32
"CrossingSweep",2500,5,25,49.032,49.030,46.471,1,1,0.428,2.133,,2495,31
"CrossingSweep",2500,5,26,45.957,45.946,43.226,1,1,0.437,2.295,,2500,32
"CrossingSweep",2500,5,27,46.142,46.149,43.436,1,1,0.441,2.266,,2483,32
"CrossingSweep",2500,5,28,46.390,46.382,43.652,1,1,0.425,2.313,,2448,32
"CrossingSweep",2500,5,29,46.150,46.150,43.470,1,1,0.428,2.252,,2484,33
"CrossingSweep",2500,5,30,45.945,45.947,43.302,1,1,0.431,2.212,,2476,33
"CrossingSweep",2500,5,31,45.525,45.522,42.883,1,1,0.431,2.211,,2483,31
"CrossingSweep",2500,5,32,46.971,46.963,43.980,1,1,0.426,2.565,,2476,33
"CrossingSweep",2500,5,33,46.930,46.937,44.335,1,1,0.429,2.166,,2496,33
"CrossingSweep",2500,5,34,47.747,47.746,45.011,1,1,0.425,2.310,,2480,33
"CrossingSweep",2500,5,35,46.661,46.645,43.494,1,1,0.487,2.680,,2440,33
"CrossingSweep",2500,5,36,46.328,46.314,42.770,1,1,0.430,3.128,,2466,33
"CrossingSweep",2500,5,37,46.914,46.936,43.820,1,1,0.462,2.632,,2496,33
"CrossingSweep",2500,5,38,47.584,47.556,43.504,1,1,0.442,3.639,,2474,33
"CrossingSweep",2500,5,39,48.250,48.269,45.044,1,1,0.442,2.764,,2486,33
"CrossingSweep",2500,5,40,47.085,47.094,44.406,1,1,0.426,2.253,,2471,33
"CrossingSweep",2500,5,41,49.169,49.141,45.112,1,1,0.435,3.622,,2463,33
"CrossingSweep",2500,5,42,48.649,48.670,45.927,1,1,0.437,2.285,,2471,32
"CrossingSweep",2500,5,43,47.013,47.000,43.929,1,1,0.426,2.659,,2493,32
"CrossingSweep",2500,5,44,46.648,46.659,43.953,1,1,0.452,2.242,,2481,33
"CrossingSweep",2500,5,45,47.052,47.048,44.335,1,1,0.440,2.277,,2493,33
"CrossingSweep",2500,5,46,46.606,46.603,43.513,1,1,0.441,2.652,,2469,33
"CrossingSweep",2500,5,47,48.141,48.139,45.388,1,1,0.437,2.316,,2486,33
"CrossingSweep",2500,5,48,48.452,48.439,45.008,1,1,0.440,3.005,,2476,33
"CrossingSweep",2500,5,49,46.818,46.829,44.104,1,1,0.449,2.265,,2457,33
"CrossingSweep",2500,5,50,47.992,47.993,45.194,1,1,0.498,2.301,,2485,33
"CrossingSweep",2500,5,51,48.309,48.307,45.596,1,1,0.424,2.289,,2472,33
"CrossingSweep",2500,5,52,48.434,48.432,45.625,1,1,0.442,2.367,,2478,33
"CrossingSweep",2500,5,53,47.068,47.060,43.916,1,1,0.456,2.697,,2477,32
"CrossingSweep",2500,5,54,48.893,48.898,45.198,1,1,0.529,3.166,,2486,33
"CrossingSweep",2500,5,55,46.721,46.717,43.850,1,1,0.440,2.431,,2471,33
"CrossingSweep",2500,5,56,47.420,47.417,44.687,1,1,0.432,2.301,,2488,33
"CrossingSweep",2500,5,57,47.372,47.368,43.664,1,1,0.436,3.272,,2480,33
"CrossingSweep",2500,5,58,48.791,48.779,45.701,1,1,0.433,2.658,,2484,33
"CrossingSweep",2500,5,59,46.776,46.787,43.920,1,1,0.438,2.418,,2494,32
"CrossingSweep",2500,5,60,47.846,47.851,45.199,1,1,0.425,2.223,,2488,33
"CrossingSweep",2500,5,61,46.601,46.595,43.877,1,1,0.445,2.279,,2487,33
"CrossingSweep",2500,5,62,45.748,45.746,43.096,1,1,0.416,2.236,,2472,31
"CrossingSweep",2500,5,63,46.621,46.619,43.131,1,1,0.456,3.035,,2494,33
"CrossingSweep",2500,5,64,47.342,47.335,43.869,1,1,0.423,3.051,,2498,33
"CrossingSweep",2500,5,65,46.326,46.327,43.068,1,1,0.425,2.834,,2482,33
"CrossingSweep",2500,5,66,46.351,46.353,43.621,1,1,0.435,2.296,,2466,33
"CrossingSweep",2500,5,67,48.719,48.706,45.159,1,1,0.417,3.143,,2491,33
"CrossingSweep",2500,5,68,48.777,48.758,45.344,1,1,0.434,2.999,,2491,32
"CrossingSweep",2500,5,69,46.131,46.160,43.485,1,1,0.431,2.215,,2466,33
"CrossingSweep",2500,5,70,46.485,46.482,43.806,1,1,0.421,2.259,,2500,33
"CrossingSweep",2500,5,71,46.195,46.192,43.444,1,1,0.442,2.309,,2505,33
"CrossingSweep",2500,5,72,46.238,46.232,42.760,1,1,0.438,3.041,,2508,33
"CrossingSweep",2500,5,73,45.960,45.958,43.241,1,1,0.421,2.299,,2504,33
"CrossingSweep",2500,5,74,45.348,45.356,42.643,1,1,0.425,2.281,,2480,33
"CrossingSweep",2500,5,75,47.050,47.040,44.142,1,1,0.436,2.472,,2509,32
"CrossingSweep",2500,5,76,48.584,48.579,44.376,1,1,0.443,3.766,,2493,33
"CrossingSweep",2500,5,77,45.702,45.688,42.856,1,1,0.429,2.417,,2488,33
"CrossingSweep",2500,5,78,45.475,45.497,42.852,1,1,0.428,2.196,,2470,33
"CrossingSweep",2500,5,79,51.531,51.523,48.129,1,1,0.475,2.927,,2502,33
"CrossingSweep",2500,5,80,47.974,47.969,44.111,1,1,0.447,3.415,,2503,33
"CrossingSweep",2500,5,81,46.994,47.007,44.358,1,1,0.432,2.204,,2502,33
"CrossingSweep",2500,5,82,47.024,47.001,44.065,1,1,0.434,2.525,,2501,33
"CrossingSweep",2500,5,83,45.652,45.661,43.034,1,1,0.416,2.203,,2484,33
"CrossingSweep",2500,5,84,46.473,46.457,43.292,1,1,0.436,2.745,,2469,33
"CrossingSweep",2500,5,85,47.606,47.623,44.848,1,1,0.436,2.322,,2500,33
"CrossingSweep",2500,5,86,46.793,46.790,42.873,1,1,0.431,3.490,,2512,33
"CrossingSweep",2500,5,87,47.273,47.270,44.614,1,1,0.423,2.237,,2504,33
"CrossingSweep",2500,5,88,46.199,46.203,42.483,1,1,0.449,3.267,,2502,33
"CrossingSweep",2500,5,89,46.553,46.548,43.948,1,1,0.442,2.162,,2499,30
"CrossingSweep",2500,5,90,45.996,45.990,43.258,1,1,0.410,2.328,,2504,31
"CrossingSweep",2500,5,91,47.138,47.071,44.042,1,1,0.430,2.666,,2490,33
"CrossingSweep",2500,5,92,45.909,45.977,43.196,1,1,0.432,2.280,,2488,33
"CrossingSweep",2500,5,93,46.199,46.195,42.983,1,1,0.419,2.797,,2499,33
"CrossingSweep",2500,5,94,46.342,46.346,43.609,1,1,0.422,2.311,,2504,33
"CrossingSweep",2500,5,95,46.825,46.824,43.918,1,1,0.459,2.448,,2496,33
"CrossingSweep",2500,5,96,45.956,45.948,42.571,1,1,0.425,2.960,,2502,33
"CrossingSweep",2500,5,97,46.221,46.221,43.016,1,1,0.457,2.747,,2499,32
"CrossingSweep",2500,5,98,47.884,47.886,45.160,1,1,0.417,2.308,,2503,33
"CrossingSweep",2500,5,99,47.719,47.717,44.857,1,1,0.430,2.432,,2499,33
"CrossingSweep",2500,5,100,46.397,46.397,43.695,1,1,0.443,2.259,,2471,33
"CrossingSweep",2500,5,101,46.351,46.343,43.094,1,1,0.441,2.816,,2504,32
"CrossingSweep",2500,5,102,46.016,46.021,42.669,1,1,0.431,2.916,,2505,32
"CrossingSweep",2500,5,103,46.066,46.065,43.438,1,1,0.430,2.198,,2439,32
"CrossingSweep",2500,5,104,45.207,45.208,42.610,1,1,0.434,2.163,,2472,32
"CrossingSweep",2500,5,105,45.567,45.561,42.687,1,1,0.419,2.461,,2491,33
"CrossingSweep",2500,5,106,46.312,46.310,42.660,1,1,0.442,3.210,,2496,33
"CrossingSweep",2500,5,107,44.822,44.825,42.163,1,1,0.439,2.221,,2490,33
"CrossingSweep",2500,5,108,50.798,50.797,48.186,1,1,0.444,2.168,,2481,33
"CrossingSweep",2500,5,109,44.508,44.501,41.885,1,1,0.416,2.208,,2487,31
"CrossingSweep",2500,5,110,45.749,45.744,42.391,1,1,0.420,2.938,,2482,33
"CrossingSweep",2500,5,111,46.415,46.414,43.379,1,1,0.441,2.596,,2503,33
"CrossingSweep",2500,5,112,47.034,47.037,44.428,1,1,0.420,2.187,,2490,32
"CrossingSweep",2500,5,113,47.871,47.874,45.249,1,1,0.433,2.189,,2477,31
"CrossingSweep",2500,5,114,45.948,45.945,42.684,1,1,0.446,2.817,,2483,33
"CrossingSweep",2500,5,115,47.889,47.880,44.823,1,1,0.428,2.639,,2465,33
"CrossingSweep",2500,5,116,45.778,45.770,42.296,1,1,0.438,3.045,,2505,32
"CrossingSweep",2500,5,117,48.938,48.929,45.331,1,1,0.421,3.185,,2481,33
"CrossingSweep",2500,5,118,48.654,48.601,45.631,1,1,0.419,2.605,,2463,33
"CrossingSweep",2500,5,119,46.008,46.075,43.087,1,1,0.428,2.493,,2511,33
"CrossingSweep",2500,5,120,45.356,45.358,42.749,1,1,0.438,2.169,,2485,33
"CrossingSweep",2500,5,121,48.533,48.531,44.949,1,1,0.459,3.125,,2510,33
"CrossingSweep",2500,5,122,45.111,45.109,42.493,1,1,0.440,2.178,,2478,33
"CrossingSweep",2500,5,123,44.629,44.627,41.995,1,1,0.417,2.218,,2475,30
"CrossingSweep",2500,5,124,44.658,44.658,41.952,1,1,0.424,2.282,,2502,32
"CrossingSweep",2500,5,125,45.549,45.549,42.781,1,1,0.457,2.312,,2501,33
"CrossingSweep",2500,5,126,47.312,47.281,43.455,1,1,0.415,3.442,,2478,32
"CrossingSweep",2500,5,127,47.490,47.514,44.515,1,1,0.579,2.396,,2513,33
"CrossingSweep",2500,5,128,45.105,45.057,42.347,1,1,0.442,2.316,,2486,33
"CrossingSweep",2500,5,129,46.460,46.498,43.722,1,1,0.413,2.325,,2484,33
"CrossingSweep",2500,5,130,45.714,45.720,42.989,1,1,0.423,2.302,,2472,33
"CrossingSweep",2500,5,131,45.331,45.329,42.499,1,1,0.421,2.411,,2494,33
"CrossingSweep",2500,5,132,46.615,46.609,43.353,1,1,0.424,2.838,,2497,33
"CrossingSweep",2500,5,133,45.168,45.169,42.372,1,1,0.428,2.368,,2476,33
"CrossingSweep",2500,5,134,46.255,46.247,43.451,1,1,0.419,2.385,,2490,31
"CrossingSweep",2500,5,135,45.670,45.678,42.975,1,1,0.445,2.250,,2477,33
"CrossingSweep",2500,5,136,47.098,47.095,43.561,1,1,0.440,3.097,,2473,33
"CrossingSweep",2500,5,137,47.287,47.281,44.158,1,1,0.451,2.678,,2476,33
"CrossingSweep",2500,5,138,46.300,46.307,43.595,1,1,0.424,2.281,,2474,33
"CrossingSweep",2500,5,139,45.863,45.860,43.203,1,1,0.467,2.193,,2464,33
"CrossingSweep",2500,5,140,45.403,45.392,42.299,1,1,0.420,2.684,,2480,33
"CrossingSweep",2500,5,141,44.461,44.468,41.860,1,1,0.411,2.189,,2483,33
"CrossingSweep",2500,5,142,46.246,46.222,42.969,1,1,0.418,2.859,,2484,32
"CrossingSweep",2500,5,143,45.326,45.340,42.196,1,1,0.409,2.721,,2468,33
"CrossingSweep",2500,5,144,43.991,43.993,41.390,1,1,0.413,2.189,,2479,33
"CrossingSweep",2500,5,145,44.677,44.679,42.002,1,1,0.428,2.246,,2476,33
"CrossingSweep",2500,5,146,44.001,43.999,41.410,1,1,0.412,2.178,,2476,33
"CrossingSweep",2500,5,147,44.153,44.146,41.335,1,1,0.404,2.414,,2491,33
"CrossingSweep",2500,5,148,45.025,45.027,42.458,1,1,0.429,2.138,,2510,33
"CrossingSweep",2500,5,149,44.578,44.578,41.991,1,1,0.406,2.182,,2489,33
"CrossingSweep",2500,5,150,44.708,44.704,42.123,1,1,0.422,2.162,,2476,33
"CrossingSweep",2500,5,151,45.046,45.050,42.488,1,1,0.427,2.131,,2504,33
"CrossingSweep",2500,5,152,49.287,49.278,46.481,1,1,0.428,2.378,,2472,33
"CrossingSweep",2500,5,153,44.349,44.353,41.729,1,1,0.409,2.211,,2487,33
"CrossingSweep",2500,5,154,44.216,44.216,41.598,1,1,0.417,2.201,,2477,32
"CrossingSweep",2500,5,155,47.113,47.106,44.335,1,1,0.410,2.369,,2472,33
"CrossingSweep",2500,5,156,44.310,44.310,41.716,1,1,0.407,2.187,,2507,33
"CrossingSweep",2500,5,157,44.500,44.501,41.911,1,1,0.412,2.177,,2470,33
"CrossingSweep",2500,5,158,44.692,44.682,41.767,1,1,0.418,2.507,,2491,33
"CrossingSweep",2500,5,159,46.663,46.669,44.045,1,1,0.414,2.205,,2484,32
"CrossingSweep",2500,5,160,46.514,46.501,42.757,1,1,0.418,3.339,,2464,32
"CrossingSweep",2500,5,161,44.983,44.994,42.090,1,1,0.450,2.443,,2484,33
"CrossingSweep",2500,5,162,46.059,46.052,42.484,1,1,0.444,3.132,,2476,32
"CrossingSweep",2500,5,163,44.911,44.907,41.864,1,1,0.407,2.640,,2487,33
"CrossingSweep",2500,5,164,46.897,46.899,44.253,1,1,0.441,2.203,,2466,33
"CrossingSweep",2500,5,165,47.528,47.525,43.261,1,1,0.505,3.762,,2486,33
"CrossingSweep",2500,5,166,43.872,43.874,41.192,1,1,0.448,2.232,,2474,33
"CrossingSweep",2500,5,167,47.235,47.232,44.401,1,1,0.430,2.404,,2478,33
"CrossingSweep",2500,5,168,44.271,44.272,41.756,1,1,0.400,2.115,,2495,33
"CrossingSweep",2500,5,169,47.111,47.103,44.208,1,1,0.440,2.463,,2500,33
"CrossingSweep",2500,5,170,46.063,46.059,41.990,1,1,0.405,3.669,,2501,33
"CrossingSweep",2500,5,171,47.338,47.337,43.768,1,1,0.453,3.118,,2495,33
"CrossingSweep",2500,5,172,46.498,46.505,43.077,1,1,0.419,3.002,,2490,33
"CrossingSweep",2500,5,173,45.500,45.498,42.132,1,1,0.686,2.682,,2471,32
"CrossingSweep",2500,5,174,43.619,43.622,41.127,1,1,0.405,2.087,,2480,31
"CrossingSweep",2500,5,175,45.148,45.136,41.710,1,1,0.440,2.998,,2507,31
"CrossingSweep",2500,5,176,45.829,45.835,43.211,1,1,0.425,2.193,,2478,33
"CrossingSweep",2500,5,177,44.044,44.038,41.292,1,1,0.521,2.231,,2468,33
"CrossingSweep",2500,5,178,43.966,43.959,41.049,1,1,0.432,2.484,,2466,33
"CrossingSweep",2500,5,179,47.836,47.830,43.339,1,1,0.442,4.056,,2489,33
"CrossingSweep",2500,5,180,47.664,47.668,43.714,1,1,0.418,3.532,,2485,33
"CrossingSweep",2500,5,181,43.667,43.670,40.651,1,1,0.423,2.594,,2502,33
"CrossingSweep",2500,5,182,44.066,44.071,41.573,1,1,0.406,2.088,,2508,33
"CrossingSweep",2500,5,183,45.262,45.253,42.581,1,1,0.421,2.260,,2484,33
"CrossingSweep",2500,5,184,45.431,45.427,41.623,1,1,0.423,3.385,,2465,33
"CrossingSweep",2500,5,185,44.313,44.317,41.659,1,1,0.397,2.257,,2475,33
"CrossingSweep",2500,5,186,44.454,44.458,41.790,1,1,0.418,2.246,,2483,31
"CrossingSweep",2500,5,187,44.400,44.393,41.595,1,1,0.448,2.357,,2461,32
"CrossingSweep",2500,5,188,43.333,43.333,40.671,1,1,0.418,2.244,,2467,33
"CrossingSweep",2500,5,189,44.633,44.627,40.522,1,1,0.416,3.695,,2477,33
"CrossingSweep",2500,5,190,43.311,43.313,40.654,1,1,0.415,2.242,,2485,32
"CrossingSweep",2500,5,191,47.085,47.085,44.517,1,1,0.438,2.130,,2455,33
"CrossingSweep",2500,5,192,44.636,44.634,41.962,1,1,0.383,2.291,,2486,33
"CrossingSweep",2500,5,193,43.903,43.876,40.439,1,1,0.398,3.065,,2465,33
"CrossingSweep",2500,5,194,43.726,43.743,40.540,1,1,0.432,2.755,,2512,33
"CrossingSweep",2500,5,195,43.053,43.062,40.522,1,1,0.417,2.114,,2483,33
"CrossingSweep",2500,5,196,49.930,49.926,47.192,1,1,0.441,2.298,,2506,33
"CrossingSweep",2500,5,197,45.179,45.133,42.617,1,1,0.406,2.157,,2475,33
"CrossingSweep",2500,5,198,43.911,43.957,41.096,1,1,0.462,2.354,,2471,33
"CrossingSweep",2500,5,199,45.851,45.838,42.490,1,1,0.426,2.935,,2482,33
"CrossingSweep",2500,5,200,45.403,45.408,42.714,1,1,0.406,2.284,,2488,31
"CrossingSweep",2500,5,201,43.918,43.918,41.292,1,1,0.423,2.203,,2480,33
"CrossingSweep",2500,5,202,45.255,45.255,42.632,1,1,0.430,2.193,,2474,33
"CrossingSweep",2500,5,203,45.148,45.139,41.174,1,1,0.402,3.572,,2482,33
"CrossingSweep",2500,5,204,43.737,43.738,40.815,1,1,0.420,2.503,,2501,33
"CrossingSweep",2500,5,205,45.095,45.096,41.629,1,1,0.417,3.049,,2492,33
"CrossingSweep",2500,5,206,44.657,44.659,41.993,1,1,0.420,2.244,,2495,33
"CrossingSweep",2500,5,207,46.199,46.188,42.797,1,1,0.409,2.994,,2470,33
"CrossingSweep",2500,5,208,45.187,45.190,41.536,1,1,0.474,3.177,,2489,33
"CrossingSweep",2500,5,209,44.940,44.935,42.103,1,1,0.430,2.407,,2489,33
"CrossingSweep",2500,5,210,45.374,45.379,42.678,1,1,0.427,2.269,,2476,33
"CrossingSweep",2500,5,211,45.637,45.633,42.061,1,1,0.418,3.158,,2486,33
"CrossingSweep",2500,5,212,43.959,43.963,41.066,1,1,0.403,2.490,,2476,33
"CrossingSweep",2500,5,213,45.844,45.833,42.432,1,1,0.399,3.013,,2462,33
"CrossingSweep",2500,5,214,43.659,43.664,40.941,1,1,0.419,2.299,,2455,33
"CrossingSweep",2500,5,215,44.182,44.183,41.461,1,1,0.404,2.317,,2479,33
"CrossingSweep",2500,5,216,43.902,43.897,41.081,1,1,0.396,2.425,,2489,33
"CrossingSweep",2500,5,217,44.948,44.897,41.471,1,1,0.501,2.976,,2470,33
"CrossingSweep",2500,5,218,44.701,44.751,42.126,1,1,0.411,2.164,,2471,33
"CrossingSweep",2500,5,219,44.464,44.461,41.724,1,1,0.412,2.328,,2489,33
"CrossingSweep",2500,5,220,44.946,44.946,42.291,1,1,0.398,2.257,,2500,33
"CrossingSweep",2500,5,221,45.208,45.204,42.525,1,1,0.414,2.269,,2501,33
"CrossingSweep",2500,5,222,44.525,44.525,41.830,1,1,0.418,2.278,,2480,33
"CrossingSweep",2500,5,223,48.172,48.148,43.654,1,1,0.551,3.967,,2480,32
"CrossingSweep",2500,5,224,45.310,45.330,41.893,1,1,0.426,2.991,,2487,33
"CrossingSweep",2500,5,225,44.874,44.870,41.701,1,1,0.404,2.770,,2481,33
"CrossingSweep",2500,5,226,43.287,43.289,40.598,1,1,0.406,2.283,,2483,33
"CrossingSweep",2500,5,227,44.184,44.182,41.368,1,1,0.423,2.393,,2483,33
"CrossingSweep",2500,5,228,45.450,45.414,41.082,1,1,0.422,3.946,,2490,33
"CrossingSweep",2500,5,229,43.502,43.534,40.742,1,1,0.428,2.333,,2441,33
"CrossingSweep",2500,5,230,44.533,44.532,41.507,1,1,0.417,2.609,,2476,33
"CrossingSweep",2500,5,231,48.642,48.642,45.732,1,1,0.455,2.455,,2481,33
"CrossingSweep",2500,5,232,45.363,45.356,41.888,1,1,0.405,3.070,,2474,33
"CrossingSweep",2500,5,233,44.109,44.063,40.949,1,1,0.427,2.734,,2474,33
"CrossingSweep",2500,5,234,44.937,44.985,42.291,1,1,0.399,2.248,,2493,33
"CrossingSweep",2500,5,235,44.151,44.145,41.469,1,1,0.415,2.267,,2504,33
"CrossingSweep",2500,5,236,45.207,45.209,42.143,1,1,0.466,2.599,,2480,33
"CrossingSweep",2500,5,237,46.583,46.580,43.720,1,1,0.415,2.448,,2479,33
"CrossingSweep",2500,5,238,47.239,47.241,44.356,1,1,0.393,2.491,,2482,33
"CrossingSweep",2500,5,239,44.483,44.476,41.569,1,1,0.423,2.491,,2498,33
"CrossingSweep",2500,5,240,45.016,45.015,41.605,1,1,0.395,3.016,,2481,33
"CrossingSweep",2500,5,241,44.761,44.765,42.088,1,1,0.428,2.245,,2462,33
"CrossingSweep",2500,5,242,47.071,47.063,44.101,1,1,0.437,2.533,,2484,33
"CrossingSweep",2500,5,243,48.750,48.753,45.822,1,1,0.517,2.410,,2510,33
"CrossingSweep",2500,5,244,48.682,48.677,45.858,1,1,0.458,2.367,,2475,33
"CrossingSweep",2500,5,245,46.973,46.969,43.558,1,1,0.397,3.017,,2480,32
"CrossingSweep",2500,5,246,49.474,49.479,46.825,1,1,0.420,2.229,,2490,33
"CrossingSweep",2500,5,247,44.325,44.325,41.273,1,1,0.400,2.652,,2491,31
"CrossingSweep",2500,5,248,46.867,46.853,43.095,1,1,0.423,3.350,,2485,33
"CrossingSweep",2500,5,249,45.414,45.420,42.522,1,1,0.417,2.475,,2474,33
"CrossingSweep",2500,5,250,43.762,43.763,41.124,1,1,0.396,2.242,,2475,33
"CrossingSweep",2500,5,251,44.730,44.726,41.469,1,1,0.402,2.859,,2484,33
"CrossingSweep",2500,5,252,44.809,44.807,41.879,1,1,0.403,2.527,,2501,32
"CrossingSweep",2500,5,253,45.377,45.376,42.583,1,1,0.402,2.393,,2497,32
"CrossingSweep",2500,5,254,45.000,44.992,41.662,1,1,0.421,2.916,,2495,33
"CrossingSweep",2500,5,255,44.021,44.028,41.277,1,1,0.433,2.311,,2479,33
"CrossingSweep",2500,5,256,45.152,45.133,41.481,1,1,0.433,3.238,,2490,33
"CrossingSweep",2500,5,257,45.333,45.344,42.183,1,1,0.472,2.679,,2487,33
"CrossingSweep",2500,5,258,45.694,45.694,41.999,1,1,0.387,3.309,,2499,33
"CrossingSweep",2500,5,259,43.908,43.910,41.388,1,1,0.401,2.119,,2475,33
"CrossingSweep",2500,5,260,42.924,42.925,40.376,1,1,0.408,2.140,,2482,33
"CrossingSweep",2500,5,261,44.492,44.482,41.813,1,1,0.406,2.273,,2491,33
"CrossingSweep",2500,5,262,46.079,46.074,42.857,1,1,0.403,2.819,,2466,33
"CrossingSweep",2500,5,263,44.559,44.564,42.014,1,1,0.393,2.152,,2482,33
"CrossingSweep",2500,5,264,46.701,46.680,44.186,1,1,0.390,2.125,,2510,33
"CrossingSweep",2500,5,265,43.785,43.799,40.088,1,1,0.391,3.307,,2490,33
"CrossingSweep",2500,5,266,45.521,45.528,42.658,1,1,0.441,2.422,,2481,33
"CrossingSweep",2500,5,267,44.352,44.345,41.721,1,1,0.406,2.225,,2477,33
"CrossingSweep",2500,5,268,49.068,49.068,46.255,1,1,0.447,2.366,,2484,33
"CrossingSweep",2500,5,269,46.879,46.881,44.348,1,1,0.393,2.138,,2476,33
"CrossingSweep",2500,5,270,45.019,45.010,41.883,1,1,0.420,2.717,,2492,33
"CrossingSweep",2500,5,271,43.203,43.209,40.499,1,1,0.428,2.276,,2472,32
"CrossingSweep",2500,5,272,45.107,45.084,41.579,1,1,0.399,3.129,,2485,31
"CrossingSweep",2500,5,273,44.415,44.432,41.730,1,1,0.421,2.264,,2464,33
"CrossingSweep",2500,5,274,49.166,49.165,46.330,1,1,0.417,2.418,,2485,32
"CrossingSweep",2500,5,275,46.391,46.377,42.890,1,1,0.400,3.102,,2498,33
"CrossingSweep",2500,5,276,47.567,47.569,44.070,1,1,0.444,3.053,,2480,33
"CrossingSweep",2500,5,277,46.700,46.703,42.493,1,1,0.548,3.659,,2451,33
"CrossingSweep",2500,5,278,44.010,44.003,40.460,1,1,0.394,3.156,,2477,33
"CrossingSweep",2500,5,279,44.187,44.199,41.647,1,1,0.401,2.139,,2512,33
"CrossingSweep",2500,5,280,42.895,42.891,40.290,1,1,0.425,2.179,,2491,33
"CrossingSweep",2500,5,281,44.242,44.241,41.738,1,1,0.391,2.113,,2486,33
"CrossingSweep",2500,5,282,43.533,43.535,40.996,1,1,0.423,2.115,,2473,33
"CrossingSweep",2500,5,283,47.851,47.845,44.708,1,1,0.423,2.720,,2483,33
"CrossingSweep",2500,5,284,44.494,44.494,40.893,1,1,0.478,3.123,,2496,33
"CrossingSweep",2500,5,285,50.650,50.635,47.642,1,1,0.395,2.614,,2473,33
"CrossingSweep",2500,5,286,44.554,44.566,41.396,1,1,0.414,2.744,,2494,33
"CrossingSweep",2500,5,287,45.857,45.848,42.763,1,1,0.437,2.658,,2497,33
"CrossingSweep",2500,5,288,44.107,44.100,41.111,1,1,0.410,2.586,,2306,33
"CrossingSweep",2500,5,289,44.738,44.749,41.529,1,1,0.440,2.769,,2488,32
"CrossingSweep",2500,5,290,45.917,45.912,43.159,1,1,0.430,2.328,,2497,33
"CrossingSweep",2500,5,291,42.942,42.946,40.326,1,1,0.409,2.207,,2492,33
"CrossingSweep",2500,5,292,47.557,47.550,43.797,1,1,0.422,3.338,,2482,33
"CrossingSweep",2500,5,293,45.293,45.280,41.779,1,1,0.438,3.076,,2477,33
"CrossingSweep",2500,5,294,44.860,44.860,41.198,1,1,0.390,3.272,,2462,32
"CrossingSweep",2500,5,295,45.274,45.282,42.654,1,1,0.418,2.202,,2467,32
"CrossingSweep",2500,5,296,48.127,48.123,44.927,1,1,0.427,2.773,,2488,33
"CrossingSweep",2500,5,297,45.192,45.191,42.524,1,1,0.445,2.223,,2513,33
"CrossingSweep",2500,5,298,46.740,46.735,43.599,1,1,0.410,2.731,,2502,33
"CrossingSweep",2500,5,299,46.134,46.128,41.964,1,1,0.536,3.634,,2477,33
