config,agent_count,run,frame,frame_ms,main_thread_ms,sim_ms,steps,step_cap_hit,present_ms,other_ms,gc_alloc_bytes,draw_calls,setpass_calls
"BaselineSweep",500,1,0,3.155,3.122,0.000,0,0,0.033,3.122,,511,13
"BaselineSweep",500,1,1,1.581,1.607,0.000,0,0,0.053,1.528,,514,13
"BaselineSweep",500,1,2,3.909,3.887,2.062,1,0,0.043,1.804,,514,13
"BaselineSweep",500,1,3,1.766,1.786,0.000,0,0,0.085,1.681,,513,13
"BaselineSweep",500,1,4,1.409,1.410,0.000,0,0,0.044,1.366,,513,13
"BaselineSweep",500,1,5,0.918,0.911,0.000,0,0,0.036,0.882,,515,13
"BaselineSweep",500,1,6,0.523,0.538,0.000,0,0,0.037,0.486,,515,13
"BaselineSweep",500,1,7,1.405,1.399,0.000,0,0,0.031,1.374,,511,13
"BaselineSweep",500,1,8,2.398,2.363,0.000,0,0,0.034,2.364,,513,13
"BaselineSweep",500,1,9,0.650,0.673,0.000,0,0,0.054,0.596,,515,13
"BaselineSweep",500,1,10,0.845,0.845,0.000,0,0,0.044,0.801,,512,13
"BaselineSweep",500,1,11,1.788,1.786,0.000,0,0,0.041,1.747,,512,13
"BaselineSweep",500,1,12,1.575,1.572,0.000,0,0,0.043,1.532,,511,13
"BaselineSweep",500,1,13,4.061,4.049,2.344,1,0,0.066,1.651,,513,13
"BaselineSweep",500,1,14,1.767,1.755,0.000,0,0,0.050,1.718,,513,11
"BaselineSweep",500,1,15,0.557,0.585,0.000,0,0,0.047,0.510,,516,13
"BaselineSweep",500,1,16,2.673,2.640,0.000,0,0,0.036,2.637,,513,13
"BaselineSweep",500,1,17,0.768,0.789,0.000,0,0,0.082,0.686,,516,13
"BaselineSweep",500,1,18,0.807,0.810,0.000,0,0,0.051,0.756,,516,13
"BaselineSweep",500,1,19,1.428,1.433,0.000,0,0,0.039,1.389,,414,13
"BaselineSweep",500,1,20,0.963,0.953,0.000,0,0,0.038,0.925,,615,13
"BaselineSweep",500,1,21,1.445,1.439,0.000,0,0,0.043,1.403,,514,13
"BaselineSweep",500,1,22,1.445,1.440,0.000,0,0,0.055,1.389,,515,13
"BaselineSweep",500,1,23,3.769,3.786,2.239,1,0,0.048,1.482,,515,13
"BaselineSweep",500,1,24,3.242,3.204,0.000,0,0,0.031,3.211,,514,13
"BaselineSweep",500,1,25,1.605,1.643,0.000,0,0,0.076,1.529,,513,13
"BaselineSweep",500,1,26,1.485,1.469,0.000,0,0,0.040,1.445,,511,13
"BaselineSweep",500,1,27,0.871,0.880,0.000,0,0,0.038,0.834,,516,13
"BaselineSweep",500,1,28,1.366,1.366,0.000,0,0,0.038,1.328,,514,13
"BaselineSweep",500,1,29,1.885,1.872,0.000,0,0,0.040,1.845,,516,13
"BaselineSweep",500,1,30,0.730,0.742,0.000,0,0,0.047,0.683,,515,13
"BaselineSweep",500,1,31,0.625,0.631,0.000,0,0,0.041,0.584,,516,13
"BaselineSweep",500,1,32,0.627,0.618,0.000,0,0,0.033,0.594,,499,13
"BaselineSweep",500,1,33,1.369,1.375,0.000,0,0,0.038,1.331,,534,13
"BaselineSweep",500,1,34,3.893,3.860,1.824,1,0,0.085,1.983,,514,13
"BaselineSweep",500,1,35,0.673,0.704,0.000,0,0,0.048,0.625,,517,13
"BaselineSweep",500,1,36,0.832,0.828,0.000,0,0,0.037,0.795,,480,13
"BaselineSweep",500,1,37,1.451,1.454,0.000,0,0,0.037,1.415,,551,13
"BaselineSweep",500,1,38,1.488,1.476,0.000,0,0,0.036,1.452,,516,13
"BaselineSweep",500,1,39,1.876,1.858,0.000,0,0,0.048,1.828,,516,13
"BaselineSweep",500,1,40,1.634,1.653,0.000,0,0,0.053,1.581,,519,13
"BaselineSweep",500,1,41,1.390,1.386,0.000,0,0,0.047,1.343,,518,13
"BaselineSweep",500,1,42,1.640,1.647,0.000,0,0,0.040,1.600,,515,13
"BaselineSweep",500,1,43,2.299,2.274,0.000,0,0,0.036,2.263,,516,12
"BaselineSweep",500,1,44,3.512,3.530,1.851,1,0,0.056,1.605,,518,13
"BaselineSweep",500,1,45,1.455,1.452,0.000,0,0,0.035,1.420,,515,13
"BaselineSweep",500,1,46,1.990,1.974,0.000,0,0,0.042,1.949,,516,13
"BaselineSweep",500,1,47,0.573,0.599,0.000,0,0,0.047,0.526,,515,13
"BaselineSweep",500,1,48,0.848,0.836,0.000,0,0,0.033,0.814,,516,13
"BaselineSweep",500,1,49,1.901,1.905,0.000,0,0,0.039,1.863,,518,13
"BaselineSweep",500,1,50,0.842,0.837,0.000,0,0,0.035,0.807,,514,13
"BaselineSweep",500,1,51,2.790,2.759,0.000,0,0,0.043,2.747,,519,13
"BaselineSweep",500,1,52,0.624,0.655,0.000,0,0,0.057,0.567,,518,13
"BaselineSweep",500,1,53,0.839,0.826,0.000,0,0,0.042,0.798,,520,13
"BaselineSweep",500,1,54,3.681,3.688,1.885,1,0,0.041,1.755,,517,13
"BaselineSweep",500,1,55,1.808,1.795,0.000,0,0,0.047,1.761,,520,13
"BaselineSweep",500,1,56,1.444,1.463,0.000,0,0,0.044,1.400,,520,13
"BaselineSweep",500,1,57,1.497,1.496,0.000,0,0,0.036,1.461,,519,13
"BaselineSweep",500,1,58,1.240,1.246,0.000,0,0,0.034,1.206,,520,13
"BaselineSweep",500,1,59,2.748,2.711,0.000,0,0,0.033,2.715,,521,13
"BaselineSweep",500,1,60,0.645,0.670,0.000,0,0,0.055,0.589,,521,13
"BaselineSweep",500,1,61,1.367,1.371,0.000,0,0,0.039,1.328,,518,13
"BaselineSweep",500,1,62,1.386,1.387,0.000,0,0,0.036,1.351,,443,13
"BaselineSweep",500,1,63,1.544,1.531,0.000,0,0,0.039,1.505,,520,13
"BaselineSweep",500,1,64,4.219,4.207,2.598,1,0,0.057,1.563,,520,13
"BaselineSweep",500,1,65,1.443,1.456,0.000,0,0,0.032,1.411,,517,10
"BaselineSweep",500,1,66,1.627,1.626,0.000,0,0,0.041,1.586,,519,13
"BaselineSweep",500,1,67,2.186,2.176,0.000,0,0,0.043,2.144,,520,13
"BaselineSweep",500,1,68,0.839,0.844,0.000,0,0,0.047,0.793,,517,13
"BaselineSweep",500,1,69,1.446,1.452,0.000,0,0,0.042,1.405,,520,12
"BaselineSweep",500,1,70,0.799,0.794,0.000,0,0,0.039,0.761,,520,13
"BaselineSweep",500,1,71,1.607,1.611,0.000,0,0,0.040,1.566,,521,13
"BaselineSweep",500,1,72,1.769,1.750,0.000,0,0,0.043,1.726,,518,13
"BaselineSweep",500,1,73,3.786,3.801,2.177,1,0,0.059,1.551,,520,13
"BaselineSweep",500,1,74,3.120,3.081,0.000,0,0,0.035,3.085,,519,12
"BaselineSweep",500,1,75,1.476,1.523,0.000,0,0,0.054,1.422,,521,13
"BaselineSweep",500,1,76,1.410,1.404,0.000,0,0,0.035,1.376,,519,13
"BaselineSweep",500,1,77,0.899,0.895,0.000,0,0,0.037,0.862,,519,13
"BaselineSweep",500,1,78,1.469,1.461,0.000,0,0,0.036,1.433,,520,13
"BaselineSweep",500,1,79,1.656,1.638,0.000,0,0,0.047,1.609,,518,13
"BaselineSweep",500,1,80,1.786,1.807,0.000,0,0,0.060,1.726,,519,13
"BaselineSweep",500,1,81,1.436,1.436,0.000,0,0,0.041,1.394,,518,12
"BaselineSweep",500,1,82,4.029,4.012,2.241,1,0,0.080,1.708,,518,13
"BaselineSweep",500,1,83,1.342,1.363,0.000,0,0,0.043,1.298,,520,13
"BaselineSweep",500,1,84,1.366,1.366,0.000,0,0,0.038,1.329,,519,13
"BaselineSweep",500,1,85,1.361,1.364,0.000,0,0,0.038,1.323,,520,13
"BaselineSweep",500,1,86,2.686,2.632,0.000,0,0,0.037,2.649,,517,13
"BaselineSweep",500,1,87,0.658,0.699,0.000,0,0,0.056,0.602,,519,13
"BaselineSweep",500,1,88,1.371,1.377,0.000,0,0,0.042,1.330,,519,13
"BaselineSweep",500,1,89,0.768,0.751,0.000,0,0,0.037,0.731,,520,13
"BaselineSweep",500,1,90,0.568,0.586,0.000,0,0,0.047,0.522,,521,13
"BaselineSweep",500,1,91,0.756,0.741,0.000,0,0,0.036,0.720,,519,13
"BaselineSweep",500,1,92,2.748,2.723,0.000,0,0,0.041,2.707,,518,13
"BaselineSweep",500,1,93,3.794,3.819,1.825,1,0,0.057,1.911,,520,13
"BaselineSweep",500,1,94,3.178,3.141,0.000,0,0,0.039,3.139,,520,13
"BaselineSweep",500,1,95,1.555,1.600,0.000,0,0,0.055,1.499,,520,13
"BaselineSweep",500,1,96,0.861,0.855,0.000,0,0,0.043,0.818,,518,13
"BaselineSweep",500,1,97,0.534,0.544,0.000,0,0,0.038,0.496,,521,13
"BaselineSweep",500,1,98,0.885,0.871,0.000,0,0,0.036,0.849,,521,13
"BaselineSweep",500,1,99,1.467,1.449,0.000,0,0,0.038,1.429,,517,13
"BaselineSweep",500,1,100,1.840,1.853,0.000,0,0,0.046,1.795,,521,13
"BaselineSweep",500,1,101,0.500,0.516,0.000,0,0,0.042,0.458,,521,13
"BaselineSweep",500,1,102,1.316,1.315,0.000,0,0,0.035,1.282,,349,13
"BaselineSweep",500,1,103,3.485,3.427,1.764,1,0,0.036,1.684,,690,13
"BaselineSweep",500,1,104,1.854,1.901,0.000,0,0,0.044,1.811,,519,13
"BaselineSweep",500,1,105,0.832,0.825,0.000,0,0,0.038,0.794,,521,13
"BaselineSweep",500,1,106,1.317,1.333,0.000,0,0,0.040,1.277,,519,13
"BaselineSweep",500,1,107,0.845,0.828,0.000,0,0,0.032,0.813,,521,13
"BaselineSweep",500,1,108,1.384,1.395,0.000,0,0,0.041,1.343,,519,13
"BaselineSweep",500,1,109,2.118,2.083,0.000,0,0,0.037,2.081,,521,13
"BaselineSweep",500,1,110,0.571,0.609,0.000,0,0,0.051,0.521,,521,13
"BaselineSweep",500,1,111,1.011,0.983,0.000,0,0,0.034,0.977,,518,13
"BaselineSweep",500,1,112,1.385,1.410,0.000,0,0,0.036,1.349,,515,13
"BaselineSweep",500,1,113,1.962,1.930,0.000,0,0,0.033,1.929,,521,13
"BaselineSweep",500,1,114,3.365,3.386,1.801,1,0,0.054,1.510,,517,13
"BaselineSweep",500,1,115,0.887,0.884,0.000,0,0,0.035,0.852,,519,13
"BaselineSweep",500,1,116,0.448,0.463,0.000,0,0,0.038,0.410,,520,13
"BaselineSweep",500,1,117,1.791,1.779,0.000,0,0,0.033,1.759,,517,13
"BaselineSweep",500,1,118,2.481,2.458,0.000,0,0,0.038,2.443,,519,13
"BaselineSweep",500,1,119,1.412,1.441,0.000,0,0,0.049,1.364,,517,13
"BaselineSweep",500,1,120,1.303,1.302,0.000,0,0,0.037,1.266,,521,13
"BaselineSweep",500,1,121,1.414,1.405,0.000,0,0,0.036,1.379,,520,13
"BaselineSweep",500,1,122,2.856,2.804,0.000,0,0,0.037,2.818,,520,13
"BaselineSweep",500,1,123,3.785,3.823,2.197,1,0,0.058,1.529,,518,13
"BaselineSweep",500,1,124,3.100,3.086,0.000,0,0,0.034,3.066,,520,13
"BaselineSweep",500,1,125,1.380,1.410,0.000,0,0,0.048,1.332,,521,13
"BaselineSweep",500,1,126,0.870,0.865,0.000,0,0,0.036,0.834,,521,13
"BaselineSweep",500,1,127,0.767,0.773,0.000,0,0,0.038,0.728,,516,13
"BaselineSweep",500,1,128,0.955,0.950,0.000,0,0,0.035,0.920,,505,13
"BaselineSweep",500,1,129,0.724,0.718,0.000,0,0,0.035,0.689,,520,13
"BaselineSweep",500,1,130,2.267,2.252,0.000,0,0,0.037,2.230,,518,13
"BaselineSweep",500,1,131,0.577,0.599,0.000,0,0,0.041,0.536,,519,13
"BaselineSweep",500,1,132,1.514,1.507,0.000,0,0,0.040,1.474,,514,13
"BaselineSweep",500,1,133,0.966,0.961,0.000,0,0,0.037,0.929,,516,13
"BaselineSweep",500,1,134,3.971,3.967,2.289,1,0,0.061,1.621,,517,13
"BaselineSweep",500,1,135,1.500,1.510,0.000,0,0,0.049,1.450,,519,12
"BaselineSweep",500,1,136,0.733,0.714,0.000,0,0,0.034,0.700,,521,13
"BaselineSweep",500,1,137,0.577,0.598,0.000,0,0,0.039,0.538,,521,13
"BaselineSweep",500,1,138,0.574,0.567,0.000,0,0,0.033,0.541,,517,13
"BaselineSweep",500,1,139,0.653,0.650,0.000,0,0,0.035,0.618,,519,13
"BaselineSweep",500,1,140,2.839,2.820,0.000,0,0,0.035,2.803,,491,13
"BaselineSweep",500,1,141,1.501,1.524,0.000,0,0,0.085,1.415,,546,13
"BaselineSweep",500,1,142,1.090,1.079,0.000,0,0,0.033,1.057,,517,13
"BaselineSweep",500,1,143,0.471,0.484,0.000,0,0,0.037,0.434,,519,13
"BaselineSweep",500,1,144,1.732,1.715,0.000,0,0,0.040,1.693,,520,13
"BaselineSweep",500,1,145,2.083,2.074,0.000,0,0,0.042,2.041,,519,13
"BaselineSweep",500,1,146,3.271,3.288,1.640,1,0,0.044,1.587,,521,13
"BaselineSweep",500,1,147,1.872,1.856,0.000,0,0,0.033,1.840,,518,13
"BaselineSweep",500,1,148,1.831,1.834,0.000,0,0,0.042,1.789,,517,13
"BaselineSweep",500,1,149,1.385,1.377,0.000,0,0,0.038,1.347,,518,13
"BaselineSweep",500,1,150,0.781,0.793,0.000,0,0,0.037,0.744,,521,13
"BaselineSweep",500,1,151,0.554,0.560,0.000,0,0,0.038,0.516,,520,13
"BaselineSweep",500,1,152,0.767,0.765,0.000,0,0,0.035,0.732,,390,13
"BaselineSweep",500,1,153,0.431,0.439,0.000,0,0,0.039,0.392,,649,13
"BaselineSweep",500,1,154,3.051,3.012,0.000,0,0,0.033,3.018,,502,13
"BaselineSweep",500,1,155,1.494,1.525,0.000,0,0,0.050,1.445,,518,13
"BaselineSweep",500,1,156,3.664,3.653,2.166,1,0,0.043,1.454,,520,13
"BaselineSweep",500,1,157,1.715,1.711,0.000,0,0,0.039,1.676,,521,13
"BaselineSweep",500,1,158,0.486,0.497,0.000,0,0,0.040,0.446,,520,13
"BaselineSweep",500,1,159,0.781,0.779,0.000,0,0,0.036,0.745,,489,13
"BaselineSweep",500,1,160,1.319,1.324,0.000,0,0,0.035,1.284,,548,13
"BaselineSweep",500,1,161,1.475,1.471,0.000,0,0,0.045,1.430,,519,13
"BaselineSweep",500,1,162,2.961,2.933,0.000,0,0,0.035,2.926,,520,13
"BaselineSweep",500,1,163,1.383,1.401,0.000,0,0,0.052,1.331,,520,13
"BaselineSweep",500,1,164,1.445,1.454,0.000,0,0,0.059,1.386,,518,13
"BaselineSweep",500,1,165,0.789,0.781,0.000,0,0,0.037,0.752,,517,13
"BaselineSweep",500,1,166,1.434,1.440,0.000,0,0,0.036,1.398,,519,13
"BaselineSweep",500,1,167,4.000,3.994,2.435,1,0,0.050,1.515,,521,13
"BaselineSweep",500,1,168,1.391,1.399,0.000,0,0,0.044,1.347,,515,13
"BaselineSweep",500,1,169,0.872,0.871,0.000,0,0,0.034,0.839,,520,13
"BaselineSweep",500,1,170,2.545,2.527,0.000,0,0,0.033,2.512,,515,13
"BaselineSweep",500,1,171,0.490,0.510,0.000,0,0,0.040,0.450,,517,13
"BaselineSweep",500,1,172,0.880,0.870,0.000,0,0,0.034,0.846,,317,13
"BaselineSweep",500,1,173,0.533,0.541,0.000,0,0,0.037,0.496,,719,13
"BaselineSweep",500,1,174,0.807,0.797,0.000,0,0,0.034,0.774,,521,13
"BaselineSweep",500,1,175,1.580,1.586,0.000,0,0,0.035,1.545,,456,13
"BaselineSweep",500,1,176,2.681,2.647,0.000,0,0,0.034,2.647,,578,13
"BaselineSweep",500,1,177,3.204,3.237,1.682,1,0,0.045,1.477,,521,13
"BaselineSweep",500,1,178,0.791,0.782,0.000,0,0,0.034,0.757,,517,13
"BaselineSweep",500,1,179,0.458,0.461,0.000,0,0,0.038,0.420,,521,13
"BaselineSweep",500,1,180,2.419,2.403,0.000,0,0,0.036,2.383,,493,13
"BaselineSweep",500,1,181,0.453,0.477,0.000,0,0,0.044,0.410,,521,13
"BaselineSweep",500,1,182,0.915,0.906,0.000,0,0,0.033,0.882,,422,13
"BaselineSweep",500,1,183,0.420,0.428,0.000,0,0,0.034,0.386,,551,13
"BaselineSweep",500,1,184,1.304,1.295,0.000,0,0,0.032,1.272,,516,13
"BaselineSweep",500,1,185,1.369,1.369,0.000,0,0,0.034,1.335,,517,13
"BaselineSweep",500,1,186,2.548,2.512,0.000,0,0,0.034,2.514,,520,13
"BaselineSweep",500,1,187,0.617,0.655,0.000,0,0,0.054,0.563,,511,13
"BaselineSweep",500,1,188,1.704,1.685,0.000,0,0,0.035,1.669,,516,13
"BaselineSweep",500,1,189,0.527,0.544,0.000,0,0,0.039,0.489,,519,13
"BaselineSweep",500,1,190,3.277,3.252,1.833,1,0,0.041,1.403,,520,13
"BaselineSweep",500,1,191,1.267,1.290,0.000,0,0,0.038,1.229,,516,13
"BaselineSweep",500,1,192,1.627,1.620,0.000,0,0,0.034,1.593,,518,13
"BaselineSweep",500,1,193,0.426,0.434,0.000,0,0,0.034,0.392,,519,13
"BaselineSweep",500,1,194,1.274,1.266,0.000,0,0,0.033,1.241,,312,13
"BaselineSweep",500,1,195,1.739,1.718,0.000,0,0,0.035,1.704,,726,13
"BaselineSweep",500,1,196,1.763,1.783,0.000,0,0,0.056,1.708,,518,13
"BaselineSweep",500,1,197,0.858,0.848,0.000,0,0,0.036,0.822,,518,13
"BaselineSweep",500,1,198,0.520,0.526,0.000,0,0,0.041,0.479,,518,13
"BaselineSweep",500,1,199,1.440,1.441,0.000,0,0,0.034,1.406,,519,13
"BaselineSweep",500,1,200,0.763,0.756,0.000,0,0,0.035,0.728,,520,13
"BaselineSweep",500,1,201,2.289,2.266,0.000,0,0,0.040,2.248,,519,13
"BaselineSweep",500,1,202,3.332,3.354,1.707,1,0,0.053,1.572,,519,13
"BaselineSweep",500,1,203,1.402,1.405,0.000,0,0,0.035,1.367,,518,13
"BaselineSweep",500,1,204,2.972,2.929,0.000,0,0,0.034,2.939,,519,13
"BaselineSweep",500,1,205,1.513,1.557,0.000,0,0,0.050,1.464,,519,13
"BaselineSweep",500,1,206,1.483,1.475,0.000,0,0,0.034,1.449,,521,13
"BaselineSweep",500,1,207,0.781,0.777,0.000,0,0,0.034,0.747,,520,13
"BaselineSweep",500,1,208,0.597,0.606,0.000,0,0,0.039,0.558,,521,13
"BaselineSweep",500,1,209,2.526,2.504,0.000,0,0,0.039,2.487,,517,13
"BaselineSweep",500,1,210,0.474,0.496,0.000,0,0,0.042,0.432,,518,13
"BaselineSweep",500,1,211,0.877,0.863,0.000,0,0,0.034,0.843,,516,13
"BaselineSweep",500,1,212,3.739,3.740,2.099,1,0,0.042,1.599,,518,13
"BaselineSweep",500,1,213,1.856,1.820,0.000,0,0,0.037,1.819,,520,13
"BaselineSweep",500,1,214,1.424,1.466,0.000,0,0,0.037,1.387,,520,13
"BaselineSweep",500,1,215,1.434,1.433,0.000,0,0,0.034,1.400,,521,13
"BaselineSweep",500,1,216,0.781,0.768,0.000,0,0,0.038,0.743,,518,13
"BaselineSweep",500,1,217,0.536,0.534,0.000,0,0,0.040,0.495,,518,13
"BaselineSweep",500,1,218,2.790,2.778,0.000,0,0,0.035,2.756,,521,13
"BaselineSweep",500,1,219,2.098,2.117,0.000,0,0,0.044,2.054,,519,13
"BaselineSweep",500,1,220,0.761,0.766,0.000,0,0,0.039,0.723,,516,13
"BaselineSweep",500,1,221,1.426,1.422,0.000,0,0,0.036,1.390,,520,13
"BaselineSweep",500,1,222,3.320,3.314,1.826,1,0,0.056,1.438,,521,13
"BaselineSweep",500,1,223,1.571,1.568,0.000,0,0,0.035,1.536,,520,13
"BaselineSweep",500,1,224,1.574,1.580,0.000,0,0,0.037,1.537,,520,13
"BaselineSweep",500,1,225,0.699,0.697,0.000,0,0,0.038,0.661,,520,13
"BaselineSweep",500,1,226,2.429,2.410,0.000,0,0,0.038,2.391,,521,13
"BaselineSweep",500,1,227,0.549,0.570,0.000,0,0,0.042,0.508,,516,13
"BaselineSweep",500,1,228,0.672,0.668,0.000,0,0,0.043,0.629,,519,13
"BaselineSweep",500,1,229,0.483,0.480,0.000,0,0,0.040,0.443,,520,13
"BaselineSweep",500,1,230,0.803,0.799,0.000,0,0,0.038,0.765,,521,13
"BaselineSweep",500,1,231,0.567,0.573,0.000,0,0,0.037,0.530,,518,13
"BaselineSweep",500,1,232,0.811,0.800,0.000,0,0,0.034,0.777,,520,13
"BaselineSweep",500,1,233,1.576,1.570,0.000,0,0,0.034,1.543,,516,13
"BaselineSweep",500,1,234,1.427,1.429,0.000,0,0,0.064,1.363,,520,13
"BaselineSweep",500,1,235,3.626,3.634,2.107,1,0,0.042,1.477,,521,13
"BaselineSweep",500,1,236,1.452,1.444,0.000,0,0,0.036,1.416,,518,13
"BaselineSweep",500,1,237,1.870,1.866,0.000,0,0,0.045,1.825,,520,13
"BaselineSweep",500,1,238,0.452,0.468,0.000,0,0,0.039,0.413,,521,13
"BaselineSweep",500,1,239,0.790,0.782,0.000,0,0,0.038,0.752,,521,13
"BaselineSweep",500,1,240,1.537,1.539,0.000,0,0,0.034,1.502,,518,13
"BaselineSweep",500,1,241,0.450,0.443,0.000,0,0,0.035,0.415,,521,13
"BaselineSweep",500,1,242,0.752,0.751,0.000,0,0,0.041,0.711,,439,13
"BaselineSweep",500,1,243,1.362,1.365,0.000,0,0,0.040,1.322,,602,13
"BaselineSweep",500,1,244,1.617,1.605,0.000,0,0,0.041,1.575,,520,13
"BaselineSweep",500,1,245,1.358,1.370,0.000,0,0,0.041,1.316,,521,13
"BaselineSweep",500,1,246,1.577,1.561,0.000,0,0,0.036,1.542,,519,13
"BaselineSweep",500,1,247,4.217,4.215,2.385,1,0,0.065,1.767,,521,13
"BaselineSweep",500,1,248,1.501,1.512,0.000,0,0,0.037,1.464,,520,13
"BaselineSweep",500,1,249,1.357,1.358,0.000,0,0,0.038,1.319,,520,13
"BaselineSweep",500,1,250,0.948,0.940,0.000,0,0,0.034,0.914,,519,13
"BaselineSweep",500,1,251,0.624,0.636,0.000,0,0,0.036,0.589,,517,13
"BaselineSweep",500,1,252,2.347,2.321,0.000,0,0,0.037,2.310,,518,13
"BaselineSweep",500,1,253,0.689,0.706,0.000,0,0,0.045,0.644,,512,13
"BaselineSweep",500,1,254,0.699,0.693,0.000,0,0,0.041,0.659,,515,13
"BaselineSweep",500,1,255,1.735,1.742,0.000,0,0,0.036,1.699,,521,13
"BaselineSweep",500,1,256,0.791,0.782,0.000,0,0,0.036,0.755,,521,13
"BaselineSweep",500,1,257,0.606,0.610,0.000,0,0,0.042,0.564,,491,13
"BaselineSweep",500,1,258,2.416,2.394,0.000,0,0,0.037,2.379,,546,13
"BaselineSweep",500,1,259,3.434,3.449,1.819,1,0,0.051,1.564,,518,13
"BaselineSweep",500,1,260,1.847,1.845,0.000,0,0,0.035,1.812,,517,13
"BaselineSweep",500,1,261,1.738,1.614,0.000,0,0,0.102,1.636,,521,13
"BaselineSweep",500,1,262,0.467,0.605,0.000,0,0,0.071,0.396,,520,13
"BaselineSweep",500,1,263,1.448,1.444,0.000,0,0,0.051,1.398,,502,13
"BaselineSweep",500,1,264,1.478,1.478,0.000,0,0,0.035,1.443,,538,13
"BaselineSweep",500,1,265,0.753,0.744,0.000,0,0,0.034,0.719,,521,13
"BaselineSweep",500,1,266,2.727,2.718,0.000,0,0,0.038,2.689,,519,13
"BaselineSweep",500,1,267,0.465,0.486,0.000,0,0,0.040,0.425,,518,13
"BaselineSweep",500,1,268,1.345,1.335,0.000,0,0,0.031,1.314,,514,13
"BaselineSweep",500,1,269,4.021,4.012,2.316,1,0,0.036,1.668,,520,13
"BaselineSweep",500,1,270,1.520,1.527,0.000,0,0,0.038,1.482,,518,13
"BaselineSweep",500,1,271,1.300,1.298,0.000,0,0,0.036,1.265,,519,13
"BaselineSweep",500,1,272,0.701,0.703,0.000,0,0,0.031,0.671,,514,13
"BaselineSweep",500,1,273,0.553,0.556,0.000,0,0,0.035,0.518,,520,13
"BaselineSweep",500,1,274,1.350,1.346,0.000,0,0,0.036,1.314,,518,13
"BaselineSweep",500,1,275,2.672,2.659,0.000,0,0,0.035,2.637,,519,13
"BaselineSweep",500,1,276,0.495,0.503,0.000,0,0,0.042,0.453,,519,13
"BaselineSweep",500,1,277,1.410,1.418,0.000,0,0,0.042,1.368,,513,13
"BaselineSweep",500,1,278,0.705,0.691,0.000,0,0,0.033,0.672,,520,13
"BaselineSweep",500,1,279,0.513,0.517,0.000,0,0,0.043,0.471,,521,13
"BaselineSweep",500,1,280,0.606,0.608,0.000,0,0,0.043,0.563,,514,13
"BaselineSweep",500,1,281,1.621,1.610,0.000,0,0,0.036,1.586,,519,13
"BaselineSweep",500,1,282,3.978,3.987,2.304,1,0,0.042,1.633,,521,13
"BaselineSweep",500,1,283,1.450,1.450,0.000,0,0,0.032,1.417,,517,13
"BaselineSweep",500,1,284,1.244,1.244,0.000,0,0,0.034,1.210,,271,13
"BaselineSweep",500,1,285,1.839,1.822,0.000,0,0,0.040,1.799,,516,13
"BaselineSweep",500,1,286,1.399,1.419,0.000,0,0,0.037,1.362,,518,13
"BaselineSweep",500,1,287,0.737,0.727,0.000,0,0,0.030,0.707,,519,13
"BaselineSweep",500,1,288,1.739,1.742,0.000,0,0,0.034,1.704,,521,13
"BaselineSweep",500,1,289,0.709,0.700,0.000,0,0,0.037,0.672,,519,13
"BaselineSweep",500,1,290,2.387,2.374,0.000,0,0,0.040,2.346,,518,13
"BaselineSweep",500,1,291,3.310,3.326,1.681,1,0,0.048,1.582,,517,13
"BaselineSweep",500,1,292,2.015,1.992,0.000,0,0,0.033,1.982,,519,13
"BaselineSweep",500,1,293,1.765,1.787,0.000,0,0,0.051,1.714,,521,13
"BaselineSweep",500,1,294,1.459,1.463,0.000,0,0,0.036,1.423,,515,13
"BaselineSweep",500,1,295,1.500,1.500,0.000,0,0,0.034,1.466,,519,13
"BaselineSweep",500,1,296,0.652,0.641,0.000,0,0,0.033,0.618,,518,13
"BaselineSweep",500,1,297,1.711,1.707,0.000,0,0,0.042,1.669,,521,13
"BaselineSweep",500,1,298,1.436,1.428,0.000,0,0,0.079,1.357,,518,13
"BaselineSweep",500,1,299,1.502,1.516,0.000,0,0,0.037,1.465,,520,13
"BaselineSweep",2000,1,0,29.316,29.306,26.064,1,1,0.309,2.943,,2001,27
"BaselineSweep",2000,1,1,27.580,27.593,25.479,1,1,0.192,1.909,,2000,28
"BaselineSweep",2000,1,2,27.947,27.921,25.770,1,1,0.215,1.961,,1904,28
"BaselineSweep",2000,1,3,29.624,29.648,27.535,1,1,0.164,1.925,,2003,28
"BaselineSweep",2000,1,4,27.087,27.085,25.031,1,1,0.169,1.887,,1996,28
"BaselineSweep",2000,1,5,26.988,26.985,24.426,1,1,0.181,2.382,,2005,27
"BaselineSweep",2000,1,6,25.752,25.751,23.676,1,1,0.182,1.894,,1998,28
"BaselineSweep",2000,1,7,26.485,26.469,24.210,1,1,0.173,2.101,,1995,28
"BaselineSweep",2000,1,8,27.160,27.169,25.150,1,1,0.179,1.831,,1993,28
"BaselineSweep",2000,1,9,26.834,26.839,24.423,1,1,0.174,2.238,,2008,28
"BaselineSweep",2000,1,10,28.262,28.257,25.159,1,1,0.168,2.934,,1998,28
"BaselineSweep",2000,1,11,26.849,26.852,23.865,1,1,0.167,2.817,,1998,27
"BaselineSweep",2000,1,12,26.754,26.748,24.324,1,1,0.187,2.243,,2003,28
"BaselineSweep",2000,1,13,27.123,27.081,24.803,1,1,0.177,2.144,,1998,28
"BaselineSweep",2000,1,14,25.931,25.975,23.596,1,1,0.186,2.150,,2009,28
"BaselineSweep",2000,1,15,27.012,26.987,24.218,1,1,0.171,2.623,,2001,28
"BaselineSweep",2000,1,16,28.405,28.385,25.210,1,1,0.164,3.030,,1992,28
"BaselineSweep",2000,1,17,27.178,27.211,24.221,1,1,0.174,2.784,,2004,28
"BaselineSweep",2000,1,18,26.992,26.958,24.360,1,1,0.180,2.451,,1998,28
"BaselineSweep",2000,1,19,28.452,28.469,26.078,1,1,0.176,2.198,,1998,28
"BaselineSweep",2000,1,20,27.528,27.531,25.083,1,1,0.172,2.273,,2009,28
"BaselineSweep",2000,1,21,27.378,27.384,25.015,1,1,0.185,2.178,,2005,28
"BaselineSweep",2000,1,22,29.232,29.203,26.217,1,1,0.165,2.850,,1998,28
"BaselineSweep",2000,1,23,26.554,26.579,23.494,1,1,0.179,2.881,,2010,28
"BaselineSweep",2000,1,24,27.355,27.330,24.763,1,1,0.184,2.408,,1900,28
"BaselineSweep",2000,1,25,27.914,27.939,25.399,1,1,0.184,2.331,,1992,27
"BaselineSweep",2000,1,26,26.254,26.259,23.890,1,1,0.184,2.179,,2011,27
"BaselineSweep",2000,1,27,26.399,26.385,24.090,1,1,0.165,2.144,,2009,28
"BaselineSweep",2000,1,28,29.080,29.088,26.653,1,1,0.190,2.237,,2006,28
"BaselineSweep",2000,1,29,28.908,28.888,25.335,1,1,0.177,3.396,,2007,28
"BaselineSweep",2000,1,30,32.980,32.997,30.095,1,1,0.185,2.700,,2002,28
"BaselineSweep",2000,1,31,27.355,27.339,24.252,1,1,0.217,2.887,,2001,28
"BaselineSweep",2000,1,32,33.928,33.937,29.814,1,1,0.233,3.881,,1998,28
"BaselineSweep",2000,1,33,26.762,26.768,24.430,1,1,0.186,2.145,,2007,28
"BaselineSweep",2000,1,34,29.327,29.310,25.359,1,1,0.223,3.745,,2008,27
"BaselineSweep",2000,1,35,26.881,26.885,24.766,1,1,0.183,1.931,,2010,28
"BaselineSweep",2000,1,36,27.517,27.524,25.234,1,1,0.182,2.101,,2017,27
"BaselineSweep",2000,1,37,28.363,28.359,26.126,1,1,0.189,2.048,,2011,26
"BaselineSweep",2000,1,38,28.267,28.265,26.119,1,1,0.197,1.950,,2014,28
"BaselineSweep",2000,1,39,33.662,33.665,31.454,1,1,0.230,1.978,,2001,28
"BaselineSweep",2000,1,40,27.653,27.651,25.072,1,1,0.260,2.321,,2003,28
"BaselineSweep",2000,1,41,28.577,28.556,25.254,1,1,0.256,3.066,,2017,28
"BaselineSweep",2000,1,42,27.269,27.286,25.247,1,1,0.185,1.838,,2010,28
"BaselineSweep",2000,1,43,26.973,26.975,24.871,1,1,0.179,1.924,,2008,28
"BaselineSweep",2000,1,44,30.978,30.953,27.860,1,1,0.210,2.909,,2003,28
"BaselineSweep",2000,1,45,28.293,28.305,25.982,1,1,0.167,2.144,,2004,28
"BaselineSweep",2000,1,46,29.564,29.564,26.859,1,1,0.190,2.514,,2001,27
"BaselineSweep",2000,1,47,29.006,29.010,26.884,1,1,0.181,1.941,,2012,28
"BaselineSweep",2000,1,48,28.371,28.369,25.932,1,1,0.274,2.165,,2012,28
"BaselineSweep",2000,1,49,27.815,27.816,25.731,1,1,0.251,1.833,,2005,28
"BaselineSweep",2000,1,50,27.312,27.309,25.170,1,1,0.187,1.955,,2007,26
"BaselineSweep",2000,1,51,27.957,27.959,25.926,1,1,0.190,1.841,,2008,27
"BaselineSweep",2000,1,52,26.731,26.724,24.665,1,1,0.181,1.885,,2013,28
"BaselineSweep",2000,1,53,28.178,28.180,26.145,1,1,0.200,1.833,,2003,28
"BaselineSweep",2000,1,54,27.722,27.721,25.516,1,1,0.179,2.027,,2010,28
"BaselineSweep",2000,1,55,31.703,31.705,29.666,1,1,0.191,1.846,,1999,27
"BaselineSweep",2000,1,56,28.929,28.921,26.228,1,1,0.164,2.537,,2012,27
"BaselineSweep",2000,1,57,27.824,27.825,25.575,1,1,0.195,2.054,,2011,27
"BaselineSweep",2000,1,58,28.550,28.550,26.696,1,1,0.173,1.681,,2007,28
"BaselineSweep",2000,1,59,28.635,28.629,26.495,1,1,0.192,1.948,,2008,28
"BaselineSweep",2000,1,60,29.307,29.310,27.299,1,1,0.190,1.818,,2006,28
"BaselineSweep",2000,1,61,28.104,28.103,26.223,1,1,0.166,1.715,,2008,28
"BaselineSweep",2000,1,62,27.356,27.353,25.354,1,1,0.196,1.807,,2003,28
"BaselineSweep",2000,1,63,26.149,26.139,24.106,1,1,0.209,1.834,,2017,28
"BaselineSweep",2000,1,64,28.815,28.821,26.608,1,1,0.229,1.978,,2013,28
"BaselineSweep",2000,1,65,28.749,28.746,26.651,1,1,0.164,1.933,,1992,28
"BaselineSweep",2000,1,66,27.720,27.721,25.750,1,1,0.180,1.789,,2015,28
"BaselineSweep",2000,1,67,27.592,27.595,25.642,1,1,0.167,1.783,,1993,28
"BaselineSweep",2000,1,68,27.877,27.863,25.138,1,1,0.203,2.535,,2008,28
"BaselineSweep",2000,1,69,27.805,27.770,25.410,1,1,0.222,2.173,,2002,28
"BaselineSweep",2000,1,70,27.351,27.386,25.031,1,1,0.170,2.150,,2004,28
"BaselineSweep",2000,1,71,27.722,27.722,24.935,1,1,0.224,2.563,,2000,28
"BaselineSweep",2000,1,72,27.387,27.388,25.194,1,1,0.225,1.968,,2014,26
"BaselineSweep",2000,1,73,26.286,26.273,23.904,1,1,0.171,2.211,,1999,27
"BaselineSweep",2000,1,74,31.475,31.491,29.516,1,1,0.172,1.788,,1991,27
"BaselineSweep",2000,1,75,26.351,26.347,24.388,1,1,0.168,1.795,,2002,28
"BaselineSweep",2000,1,76,27.124,27.121,24.821,1,1,0.225,2.078,,2011,27
"BaselineSweep",2000,1,77,28.820,28.822,25.448,1,1,0.170,3.201,,2013,27
"BaselineSweep",2000,1,78,29.100,29.095,27.059,1,1,0.166,1.875,,2019,27
"BaselineSweep",2000,1,79,29.380,29.368,27.113,1,1,0.203,2.065,,2012,28
"BaselineSweep",2000,1,80,30.531,30.535,28.409,1,1,0.222,1.900,,2020,28
"BaselineSweep",2000,1,81,31.318,31.324,29.171,1,1,0.194,1.953,,1975,28
"BaselineSweep",2000,1,82,31.056,31.051,28.596,1,1,0.199,2.261,,2007,27
"BaselineSweep",2000,1,83,27.864,27.868,25.759,1,1,0.185,1.921,,1994,28
"BaselineSweep",2000,1,84,30.959,30.960,28.701,1,1,0.204,2.055,,2000,28
"BaselineSweep",2000,1,85,30.469,30.439,27.479,1,1,0.195,2.795,,2008,27
"BaselineSweep",2000,1,86,34.893,34.914,32.111,1,1,0.185,2.597,,2000,28
"BaselineSweep",2000,1,87,29.150,29.134,25.617,1,1,0.194,3.339,,2007,28
"BaselineSweep",2000,1,88,34.222,34.239,32.104,1,1,0.196,1.922,,2010,28
"BaselineSweep",2000,1,89,30.719,30.719,28.591,1,1,0.194,1.935,,2006,28
"BaselineSweep",2000,1,90,31.594,31.587,29.107,1,1,0.202,2.285,,2002,28
"BaselineSweep",2000,1,91,29.211,29.206,26.971,1,1,0.201,2.039,,2009,28
"BaselineSweep",2000,1,92,31.007,31.016,29.068,1,1,0.182,1.758,,2003,28
"BaselineSweep",2000,1,93,29.297,29.277,26.705,1,1,0.200,2.392,,1669,27
"BaselineSweep",2000,1,94,29.153,29.125,27.003,1,1,0.219,1.930,,2005,28
"BaselineSweep",2000,1,95,28.777,28.818,26.494,1,1,0.189,2.095,,2013,27
"BaselineSweep",2000,1,96,30.595,30.596,28.472,1,1,0.190,1.933,,2002,28
"BaselineSweep",2000,1,97,30.164,30.134,27.537,1,1,0.207,2.419,,2008,28
"BaselineSweep",2000,1,98,26.181,26.205,24.101,1,1,0.178,1.901,,2006,28
"BaselineSweep",2000,1,99,29.429,29.417,26.176,1,1,0.188,3.064,,1926,28
"BaselineSweep",2000,1,100,30.344,30.352,28.191,1,1,0.179,1.975,,1999,27
"BaselineSweep",2000,1,101,28.198,28.196,26.088,1,1,0.191,1.919,,2008,28
"BaselineSweep",2000,1,102,31.045,31.034,28.864,1,1,0.203,1.978,,1995,28
"BaselineSweep",2000,1,103,29.976,29.983,27.545,1,1,0.224,2.208,,1997,28
"BaselineSweep",2000,1,104,28.852,28.835,25.871,1,1,0.187,2.793,,2015,28
"BaselineSweep",2000,1,105,29.083,29.099,26.781,1,1,0.200,2.102,,2015,28
"BaselineSweep",2000,1,106,30.955,30.954,28.817,1,1,0.215,1.924,,2015,25
"BaselineSweep",2000,1,107,31.807,31.807,29.385,1,1,0.202,2.219,,2018,27
"BaselineSweep",2000,1,108,28.706,28.700,26.386,1,1,0.179,2.142,,2013,28
"BaselineSweep",2000,1,109,29.714,29.687,26.025,1,1,0.203,3.486,,2003,27
"BaselineSweep",2000,1,110,34.632,34.653,32.279,1,1,0.185,2.168,,2000,28
"BaselineSweep",2000,1,111,29.653,29.643,26.855,1,1,0.245,2.553,,1999,28
"BaselineSweep",2000,1,112,31.443,31.444,29.172,1,1,0.206,2.065,,1996,28
"BaselineSweep",2000,1,113,27.200,27.204,25.018,1,1,0.191,1.990,,2011,28
"BaselineSweep",2000,1,114,26.495,26.501,24.574,1,1,0.165,1.756,,1854,27
"BaselineSweep",2000,1,115,26.988,26.985,24.943,1,1,0.187,1.858,,2008,27
"BaselineSweep",2000,1,116,29.867,29.862,27.863,1,1,0.181,1.823,,2011,28
"BaselineSweep",2000,1,117,31.462,31.456,28.475,1,1,0.197,2.791,,1997,28
"BaselineSweep",2000,1,118,30.807,30.803,27.649,1,1,0.202,2.955,,2003,27
"BaselineSweep",2000,1,119,31.085,31.094,28.783,1,1,0.231,2.071,,2010,28
"BaselineSweep",2000,1,120,31.398,31.397,29.229,1,1,0.194,1.976,,2014,27
"BaselineSweep",2000,1,121,33.232,33.228,29.212,1,1,0.210,3.810,,2012,28
"BaselineSweep",2000,1,122,30.953,30.918,28.103,1,1,0.199,2.652,,2006,28
"BaselineSweep",2000,1,123,29.932,29.960,27.616,1,1,0.195,2.121,,2007,28
"BaselineSweep",2000,1,124,29.055,29.057,26.708,1,1,0.207,2.140,,1998,26
"BaselineSweep",2000,1,125,31.160,31.159,29.151,1,1,0.187,1.822,,1999,28
"BaselineSweep",2000,1,126,28.245,28.242,25.495,1,1,0.201,2.550,,1981,28
"BaselineSweep",2000,1,127,33.201,33.190,30.369,1,1,0.210,2.623,,1990,28
"BaselineSweep",2000,1,128,28.834,28.846,26.616,1,1,0.195,2.023,,2003,27
"BaselineSweep",2000,1,129,28.019,28.018,26.019,1,1,0.176,1.824,,1984,28
"BaselineSweep",2000,1,130,28.187,28.183,26.045,1,1,0.195,1.947,,1994,28
"BaselineSweep",2000,1,131,31.136,31.134,28.998,1,1,0.207,1.931,,2006,28
"BaselineSweep",2000,1,132,27.589,27.589,25.670,1,1,0.166,1.753,,2020,28
"BaselineSweep",2000,1,133,28.136,28.134,25.961,1,1,0.187,1.987,,1996,28
"BaselineSweep",2000,1,134,29.973,29.968,27.724,1,1,0.165,2.083,,2008,27
"BaselineSweep",2000,1,135,30.875,30.877,28.385,1,1,0.196,2.294,,1997,28
"BaselineSweep",2000,1,136,30.761,30.758,28.553,1,1,0.197,2.011,,2004,28
"BaselineSweep",2000,1,137,27.776,27.772,25.344,1,1,0.170,2.262,,2008,28
"BaselineSweep",2000,1,138,29.308,29.307,27.138,1,1,0.203,1.967,,1833,28
"BaselineSweep",2000,1,139,31.170,31.171,29.066,1,1,0.200,1.904,,2006,28
"BaselineSweep",2000,1,140,29.022,29.021,26.898,1,1,0.164,1.961,,2001,27
"BaselineSweep",2000,1,141,26.788,26.788,24.717,1,1,0.187,1.884,,2009,28
"BaselineSweep",2000,1,142,31.822,31.808,28.363,1,1,0.195,3.264,,2008,28
"BaselineSweep",2000,1,143,31.509,31.518,29.173,1,1,0.186,2.150,,2005,27
"BaselineSweep",2000,1,144,27.008,27.009,24.966,1,1,0.183,1.858,,2011,28
"BaselineSweep",2000,1,145,29.964,29.956,27.102,1,1,0.201,2.662,,1997,28
"BaselineSweep",2000,1,146,27.896,27.888,25.482,1,1,0.185,2.230,,2000,27
"BaselineSweep",2000,1,147,28.859,28.860,26.666,1,1,0.199,1.993,,1986,28
"BaselineSweep",2000,1,148,29.356,29.365,26.933,1,1,0.243,2.181,,2006,28
"BaselineSweep",2000,1,149,30.207,30.203,28.081,1,1,0.198,1.929,,2014,28
"BaselineSweep",2000,1,150,27.759,27.762,25.650,1,1,0.192,1.918,,1989,28
"BaselineSweep",2000,1,151,31.923,31.895,28.438,1,1,0.201,3.284,,1993,28
"BaselineSweep",2000,1,152,29.576,29.599,27.385,1,1,0.197,1.993,,1994,27
"BaselineSweep",2000,1,153,27.661,27.660,25.543,1,1,0.186,1.931,,2019,28
"BaselineSweep",2000,1,154,27.958,27.960,26.009,1,1,0.168,1.782,,2010,28
"BaselineSweep",2000,1,155,29.452,29.449,26.597,1,1,0.178,2.677,,1997,28
"BaselineSweep",2000,1,156,28.371,28.365,26.353,1,1,0.189,1.829,,2002,28
"BaselineSweep",2000,1,157,28.373,28.361,26.402,1,1,0.166,1.805,,1966,28
"BaselineSweep",2000,1,158,29.088,29.105,27.045,1,1,0.168,1.875,,2010,28
"BaselineSweep",2000,1,159,27.330,27.313,24.685,1,1,0.175,2.470,,1987,27
"BaselineSweep",2000,1,160,28.861,28.844,26.541,1,1,0.203,2.116,,1995,28
"BaselineSweep",2000,1,161,27.294,27.323,25.136,1,1,0.169,1.990,,2005,27
"BaselineSweep",2000,1,162,27.624,27.610,24.386,1,1,0.184,3.054,,2002,28
"BaselineSweep",2000,1,163,26.140,26.152,24.131,1,1,0.169,1.840,,2018,28
"BaselineSweep",2000,1,164,27.221,27.217,25.197,1,1,0.185,1.839,,1998,28
"BaselineSweep",2000,1,165,30.029,30.019,27.548,1,1,0.237,2.244,,2020,28
"BaselineSweep",2000,1,166,29.403,29.410,27.326,1,1,0.207,1.871,,2005,28
"BaselineSweep",2000,1,167,27.791,27.790,25.708,1,1,0.164,1.919,,1996,28
"BaselineSweep",2000,1,168,29.647,29.641,27.091,1,1,0.196,2.360,,2007,27
"BaselineSweep",2000,1,169,28.552,28.555,26.079,1,1,0.236,2.236,,2011,27
"BaselineSweep",2000,1,170,29.806,29.799,27.083,1,1,0.165,2.558,,1996,28
"BaselineSweep",2000,1,171,31.297,31.299,29.069,1,1,0.206,2.022,,1996,28
"BaselineSweep",2000,1,172,28.961,28.963,26.946,1,1,0.189,1.826,,2012,28
"BaselineSweep",2000,1,173,27.960,27.959,26.009,1,1,0.172,1.779,,2010,28
"BaselineSweep",2000,1,174,27.209,27.200,24.723,1,1,0.183,2.303,,2007,28
"BaselineSweep",2000,1,175,29.540,29.542,27.373,1,1,0.198,1.969,,2017,28
"BaselineSweep",2000,1,176,31.021,31.018,28.862,1,1,0.166,1.993,,1997,28
"BaselineSweep",2000,1,177,30.821,30.825,28.678,1,1,0.198,1.945,,2010,28
"BaselineSweep",2000,1,178,28.554,28.547,26.536,1,1,0.166,1.852,,2001,28
"BaselineSweep",2000,1,179,29.396,29.389,26.248,1,1,0.195,2.953,,1987,28
"BaselineSweep",2000,1,180,26.992,26.998,24.169,1,1,0.179,2.644,,2008,28
"BaselineSweep",2000,1,181,26.632,26.632,24.498,1,1,0.186,1.948,,2007,28
"BaselineSweep",2000,1,182,31.068,31.068,28.936,1,1,0.207,1.925,,2007,28
"BaselineSweep",2000,1,183,29.788,29.788,27.769,1,1,0.171,1.849,,2010,28
"BaselineSweep",2000,1,184,30.778,30.755,28.596,1,1,0.192,1.990,,2005,28
"BaselineSweep",2000,1,185,26.476,26.470,24.036,1,1,0.180,2.260,,2001,26
"BaselineSweep",2000,1,186,27.005,26.967,24.854,1,1,0.180,1.971,,2011,28
"BaselineSweep",2000,1,187,27.331,27.389,25.110,1,1,0.184,2.037,,1999,26
"BaselineSweep",2000,1,188,28.061,28.062,25.530,1,1,0.168,2.363,,2001,28
"BaselineSweep",2000,1,189,28.188,28.183,26.293,1,1,0.164,1.731,,1997,27
"BaselineSweep",2000,1,190,27.270,27.270,24.827,1,1,0.170,2.273,,1999,28
"BaselineSweep",2000,1,191,26.931,26.935,24.969,1,1,0.185,1.778,,2013,28
"BaselineSweep",2000,1,192,26.935,26.932,24.829,1,1,0.211,1.896,,2017,28
"BaselineSweep",2000,1,193,28.740,28.727,25.688,1,1,0.215,2.837,,2012,28
"BaselineSweep",2000,1,194,30.944,30.953,28.921,1,1,0.184,1.839,,2012,26
"BaselineSweep",2000,1,195,29.595,29.592,27.346,1,1,0.281,1.968,,1997,28
"BaselineSweep",2000,1,196,27.908,27.899,25.402,1,1,0.230,2.276,,2013,26
"BaselineSweep",2000,1,197,27.903,27.903,25.259,1,1,0.191,2.453,,2005,28
"BaselineSweep",2000,1,198,30.553,30.547,28.525,1,1,0.166,1.862,,2016,27
"BaselineSweep",2000,1,199,27.822,27.828,25.863,1,1,0.167,1.792,,2010,28
"BaselineSweep",2000,1,200,26.968,26.975,24.987,1,1,0.171,1.810,,2013,28
"BaselineSweep",2000,1,201,30.885,30.874,28.408,1,1,0.214,2.263,,2002,28
"BaselineSweep",2000,1,202,27.789,27.789,24.967,1,1,0.185,2.638,,1997,28
"BaselineSweep",2000,1,203,27.556,27.545,25.070,1,1,0.168,2.319,,2009,28
"BaselineSweep",2000,1,204,30.541,30.542,27.310,1,1,0.228,3.003,,2006,28
"BaselineSweep",2000,1,205,34.255,34.267,32.109,1,1,0.183,1.963,,2001,28
"BaselineSweep",2000,1,206,31.953,31.889,27.327,1,1,0.174,4.452,,1997,28
"BaselineSweep",2000,1,207,31.131,31.188,28.852,1,1,0.204,2.074,,2011,26
"BaselineSweep",2000,1,208,28.721,28.712,26.317,1,1,0.194,2.209,,2011,28
"BaselineSweep",2000,1,209,30.735,30.728,27.960,1,1,0.240,2.535,,2011,28
"BaselineSweep",2000,1,210,29.212,29.226,27.155,1,1,0.241,1.816,,2007,28
"BaselineSweep",2000,1,211,30.920,30.914,28.579,1,1,0.186,2.156,,2005,28
"BaselineSweep",2000,1,212,25.951,25.955,23.986,1,1,0.169,1.795,,2001,28
"BaselineSweep",2000,1,213,28.482,28.478,26.266,1,1,0.197,2.019,,2013,28
"BaselineSweep",2000,1,214,29.147,29.145,26.930,1,1,0.196,2.020,,2010,27
"BaselineSweep",2000,1,215,28.980,28.964,26.079,1,1,0.182,2.719,,2016,28
"BaselineSweep",2000,1,216,32.540,32.550,30.292,1,1,0.214,2.034,,2009,28
"BaselineSweep",2000,1,217,30.549,30.542,28.402,1,1,0.181,1.966,,2005,27
"BaselineSweep",2000,1,218,31.063,31.067,28.643,1,1,0.205,2.215,,2004,27
"BaselineSweep",2000,1,219,32.264,32.259,29.170,1,1,0.193,2.900,,1990,28
"BaselineSweep",2000,1,220,28.797,28.802,26.707,1,1,0.213,1.876,,2015,27
"BaselineSweep",2000,1,221,26.383,26.382,24.288,1,1,0.169,1.926,,2015,27
"BaselineSweep",2000,1,222,28.676,28.671,25.375,1,1,0.200,3.100,,2002,28
"BaselineSweep",2000,1,223,26.075,26.069,24.140,1,1,0.175,1.760,,2011,28
"BaselineSweep",2000,1,224,28.603,28.604,26.267,1,1,0.223,2.113,,2003,28
"BaselineSweep",2000,1,225,28.068,28.069,25.130,1,1,0.173,2.766,,1993,28
"BaselineSweep",2000,1,226,30.003,30.009,27.763,1,1,0.199,2.041,,1998,27
"BaselineSweep",2000,1,227,29.929,29.919,27.570,1,1,0.196,2.164,,2007,28
"BaselineSweep",2000,1,228,29.699,29.701,27.484,1,1,0.207,2.009,,2006,28
"BaselineSweep",2000,1,229,28.504,28.484,25.486,1,1,0.169,2.848,,1984,28
"BaselineSweep",2000,1,230,33.768,33.759,30.381,1,1,0.167,3.220,,1993,28
"BaselineSweep",2000,1,231,32.103,32.129,28.524,1,1,0.185,3.395,,1986,28
"BaselineSweep",2000,1,232,27.281,27.282,25.258,1,1,0.179,1.843,,2007,27
"BaselineSweep",2000,1,233,30.043,30.032,26.888,1,1,0.194,2.961,,1994,28
"BaselineSweep",2000,1,234,27.452,27.454,24.238,1,1,0.192,3.022,,2010,27
"BaselineSweep",2000,1,235,28.332,28.331,26.346,1,1,0.175,1.811,,2012,27
"BaselineSweep",2000,1,236,26.621,26.618,24.008,1,1,0.187,2.425,,2010,28
"BaselineSweep",2000,1,237,28.726,28.711,26.165,1,1,0.168,2.393,,2005,28
"BaselineSweep",2000,1,238,28.858,28.857,26.080,1,1,0.183,2.596,,2017,28
"BaselineSweep",2000,1,239,30.649,30.667,28.335,1,1,0.169,2.145,,2010,28
"BaselineSweep",2000,1,240,27.041,27.036,25.042,1,1,0.178,1.822,,1953,28
"BaselineSweep",2000,1,241,33.251,33.251,31.017,1,1,0.195,2.039,,1999,28
"BaselineSweep",2000,1,242,28.754,28.750,26.629,1,1,0.209,1.916,,2009,28
"BaselineSweep",2000,1,243,27.689,27.681,25.175,1,1,0.209,2.305,,2004,27
"BaselineSweep",2000,1,244,27.365,27.371,25.332,1,1,0.195,1.838,,2015,28
"BaselineSweep",2000,1,245,26.983,26.982,24.829,1,1,0.194,1.960,,1995,27
"BaselineSweep",2000,1,246,28.235,28.192,25.940,1,1,0.222,2.073,,1989,28
"BaselineSweep",2000,1,247,28.026,28.057,25.407,1,1,0.190,2.429,,2005,28
"BaselineSweep",2000,1,248,28.517,28.527,26.419,1,1,0.202,1.896,,2004,27
"BaselineSweep",2000,1,249,30.048,30.046,27.985,1,1,0.167,1.896,,2016,28
"BaselineSweep",2000,1,250,28.043,28.035,25.697,1,1,0.184,2.161,,2007,27
"BaselineSweep",2000,1,251,28.057,28.063,26.139,1,1,0.157,1.761,,2014,28
"BaselineSweep",2000,1,252,26.734,26.734,24.845,1,1,0.168,1.721,,1995,28
"BaselineSweep",2000,1,253,27.264,27.260,25.075,1,1,0.181,2.008,,2009,28
"BaselineSweep",2000,1,254,29.249,29.239,26.863,1,1,0.177,2.209,,2011,28
"BaselineSweep",2000,1,255,27.691,27.683,24.532,1,1,0.168,2.991,,2013,28
"BaselineSweep",2000,1,256,27.648,27.661,25.612,1,1,0.169,1.867,,2015,26
"BaselineSweep",2000,1,257,30.050,30.045,27.941,1,1,0.191,1.917,,2011,28
"BaselineSweep",2000,1,258,27.534,27.525,25.117,1,1,0.184,2.233,,2009,28
"BaselineSweep",2000,1,259,28.140,28.149,26.207,1,1,0.164,1.769,,2007,28
"BaselineSweep",2000,1,260,27.918,27.907,25.642,1,1,0.164,2.112,,2001,28
"BaselineSweep",2000,1,261,28.921,28.923,26.092,1,1,0.239,2.590,,1990,28
"BaselineSweep",2000,1,262,27.137,27.142,24.947,1,1,0.185,2.005,,1999,28
"BaselineSweep",2000,1,263,30.944,30.934,28.248,1,1,0.193,2.503,,2014,28
"BaselineSweep",2000,1,264,27.406,27.415,25.350,1,1,0.183,1.873,,2014,28
"BaselineSweep",2000,1,265,26.909,26.906,24.583,1,1,0.187,2.139,,2006,28
"BaselineSweep",2000,1,266,25.894,25.887,23.828,1,1,0.224,1.843,,2018,28
"BaselineSweep",2000,1,267,28.857,28.858,25.906,1,1,0.187,2.764,,1810,28
"BaselineSweep",2000,1,268,27.546,27.549,25.519,1,1,0.194,1.832,,1655,28
"BaselineSweep",2000,1,269,28.327,28.325,26.320,1,1,0.190,1.817,,2015,28
"BaselineSweep",2000,1,270,27.731,27.721,25.679,1,1,0.175,1.877,,2008,28
"BaselineSweep",2000,1,271,27.479,27.483,25.333,1,1,0.174,1.972,,2013,28
"BaselineSweep",2000,1,272,28.139,28.134,25.781,1,1,0.180,2.178,,2018,28
"BaselineSweep",2000,1,273,29.354,29.360,27.309,1,1,0.162,1.883,,1990,28
"BaselineSweep",2000,1,274,26.276,26.269,24.269,1,1,0.185,1.822,,2016,28
"BaselineSweep",2000,1,275,27.187,27.193,25.024,1,1,0.176,1.988,,2004,27
"BaselineSweep",2000,1,276,27.791,27.786,25.796,1,1,0.185,1.810,,2005,28
"BaselineSweep",2000,1,277,26.590,26.579,24.067,1,1,0.165,2.358,,2003,28
"BaselineSweep",2000,1,278,28.778,28.785,26.651,1,1,0.185,1.943,,2008,27
"BaselineSweep",2000,1,279,27.501,27.501,25.621,1,1,0.166,1.713,,2015,25
"BaselineSweep",2000,1,280,26.892,26.887,24.917,1,1,0.187,1.788,,1988,26
"BaselineSweep",2000,1,281,28.966,28.968,26.884,1,1,0.200,1.882,,2004,27
"BaselineSweep",2000,1,282,30.098,30.092,27.251,1,1,0.174,2.672,,2011,28
"BaselineSweep",2000,1,283,28.114,28.120,25.767,1,1,0.169,2.179,,2011,28
"BaselineSweep",2000,1,284,29.217,29.210,26.793,1,1,0.212,2.212,,2018,28
"BaselineSweep",2000,1,285,29.797,29.773,26.388,1,1,0.199,3.210,,2013,27
"BaselineSweep",2000,1,286,30.131,30.155,27.963,1,1,0.187,1.981,,1997,27
"BaselineSweep",2000,1,287,29.157,29.146,26.249,1,1,0.173,2.736,,2012,28
"BaselineSweep",2000,1,288,31.597,31.602,28.753,1,1,0.198,2.646,,2013,28
"BaselineSweep",2000,1,289,26.597,26.599,24.613,1,1,0.163,1.821,,2013,28
"BaselineSweep",2000,1,290,29.544,29.528,26.562,1,1,0.264,2.718,,2009,28
"BaselineSweep",2000,1,291,31.172,31.186,28.070,1,1,0.170,2.931,,2002,28
"BaselineSweep",2000,1,292,29.895,29.887,27.302,1,1,0.196,2.397,,2006,28
"BaselineSweep",2000,1,293,29.297,29.296,25.255,1,1,0.186,3.856,,1992,28
"BaselineSweep",2000,1,294,27.708,27.713,25.505,1,1,0.242,1.961,,2009,28
"BaselineSweep",2000,1,295,27.223,27.223,25.294,1,1,0.165,1.764,,2015,28
"BaselineSweep",2000,1,296,29.063,29.062,27.161,1,1,0.166,1.735,,2011,28
"BaselineSweep",2000,1,297,27.690,27.683,25.588,1,1,0.165,1.937,,1997,28
"BaselineSweep",2000,1,298,27.959,27.957,25.892,1,1,0.189,1.879,,2005,28
"BaselineSweep",2000,1,299,28.579,28.579,25.206,1,1,0.257,3.116,,2015,27
"BaselineSweep",5000,1,0,169.889,169.886,166.820,1,1,0.430,2.638,,4978,57
"BaselineSweep",5000,1,1,168.076,168.073,164.766,1,1,0.436,2.874,,4966,57
"BaselineSweep",5000,1,2,170.129,170.124,165.512,1,1,0.451,4.167,,4979,58
"BaselineSweep",5000,1,3,168.555,168.539,164.196,1,1,0.450,3.910,,4999,57
"BaselineSweep",5000,1,4,168.927,168.946,165.632,1,1,0.512,2.782,,4932,58
"BaselineSweep",5000,1,5,175.065,175.063,171.967,1,1,0.433,2.665,,4953,57
"BaselineSweep",5000,1,6,177.013,177.004,172.080,1,1,0.429,4.504,,4866,56
"BaselineSweep",5000,1,7,165.518,165.517,162.088,1,1,0.504,2.926,,4977,58
"BaselineSweep",5000,1,8,178.109,178.080,172.302,1,1,1.096,4.712,,4937,58
"BaselineSweep",5000,1,9,172.012,172.039,167.274,1,1,0.462,4.275,,4966,57
"BaselineSweep",5000,1,10,170.891,170.888,167.199,1,1,0.427,3.265,,4981,58
"BaselineSweep",5000,1,11,168.927,168.920,165.107,1,1,0.451,3.370,,4962,58
"BaselineSweep",5000,1,12,173.716,173.703,169.562,1,1,0.433,3.721,,4983,58
"BaselineSweep",5000,1,13,166.318,166.335,162.856,1,1,0.448,3.014,,4963,58
"BaselineSweep",5000,1,14,170.886,170.886,167.510,1,1,0.562,2.813,,4960,58
"BaselineSweep",5000,1,15,167.719,167.718,164.629,1,1,0.429,2.662,,4984,58
"BaselineSweep",5000,1,16,175.642,175.639,171.778,1,1,0.633,3.231,,4950,58
"BaselineSweep",5000,1,17,165.916,165.912,160.998,1,1,0.445,4.473,,4970,58
"BaselineSweep",5000,1,18,170.671,170.675,167.330,1,1,0.424,2.917,,4940,58
"BaselineSweep",5000,1,19,163.462,163.458,159.177,1,1,0.572,3.713,,4980,58
"BaselineSweep",5000,1,20,167.125,167.126,163.838,1,1,0.538,2.750,,4986,58
"BaselineSweep",5000,1,21,165.508,165.504,162.089,1,1,0.430,2.989,,4973,58
"BaselineSweep",5000,1,22,169.474,169.476,166.006,1,1,0.483,2.985,,4967,58
"BaselineSweep",5000,1,23,168.074,168.064,162.390,1,1,0.455,5.229,,4975,58
"BaselineSweep",5000,1,24,168.234,168.226,164.240,1,1,0.509,3.484,,4977,58
"BaselineSweep",5000,1,25,165.225,165.240,161.972,1,1,0.555,2.697,,4949,58
"BaselineSweep",5000,1,26,176.092,176.084,172.571,1,1,0.443,3.078,,4960,58
"BaselineSweep",5000,1,27,164.739,164.716,160.705,1,1,0.462,3.572,,4989,58
"BaselineSweep",5000,1,28,165.078,165.069,160.273,1,1,0.454,4.350,,4792,58
"BaselineSweep",5000,1,29,168.549,168.571,164.583,1,1,0.453,3.513,,4964,56
"BaselineSweep",5000,1,30,165.749,165.758,162.202,1,1,0.452,3.095,,4952,57
"BaselineSweep",5000,1,31,168.508,168.503,165.356,1,1,0.477,2.675,,4982,58
"BaselineSweep",5000,1,32,172.473,172.466,167.425,1,1,0.455,4.593,,4982,58
"BaselineSweep",5000,1,33,165.232,165.231,161.099,1,1,0.424,3.709,,4963,57
"BaselineSweep",5000,1,34,169.481,169.483,166.357,1,1,0.449,2.675,,4982,58
"BaselineSweep",5000,1,35,166.925,166.895,162.412,1,1,0.464,4.048,,4971,58
"BaselineSweep",5000,1,36,165.448,165.468,161.479,1,1,0.422,3.547,,4950,58
"BaselineSweep",5000,1,37,169.401,169.407,164.626,1,1,0.521,4.255,,4981,58
"BaselineSweep",5000,1,38,164.147,164.146,160.461,1,1,0.416,3.269,,4972,58
"BaselineSweep",5000,1,39,168.421,168.421,165.346,1,1,0.447,2.628,,4936,58
"BaselineSweep",5000,1,40,165.486,165.478,160.189,1,1,0.480,4.817,,5007,58
"BaselineSweep",5000,1,41,170.246,170.252,167.214,1,1,0.418,2.615,,4977,58
"BaselineSweep",5000,1,42,166.503,166.503,163.452,1,1,0.420,2.631,,4978,58
"BaselineSweep",5000,1,43,173.670,173.669,170.646,1,1,0.429,2.595,,4968,58
"BaselineSweep",5000,1,44,167.888,167.886,164.801,1,1,0.410,2.676,,4985,58
"BaselineSweep",5000,1,45,179.184,179.157,174.225,1,1,0.807,4.151,,4753,58
"BaselineSweep",5000,1,46,175.800,175.821,172.361,1,1,0.461,2.978,,4986,57
"BaselineSweep",5000,1,47,178.839,178.834,173.351,1,1,0.428,5.060,,4952,58
"BaselineSweep",5000,1,48,165.427,165.428,162.403,1,1,0.463,2.562,,4959,58
"BaselineSweep",5000,1,49,174.743,174.738,171.041,1,1,0.430,3.271,,4990,58
"BaselineSweep",5000,1,50,167.525,167.523,163.497,1,1,0.436,3.592,,4995,58
"BaselineSweep",5000,1,51,174.325,174.319,169.036,1,1,0.503,4.786,,4947,58
"BaselineSweep",5000,1,52,171.891,171.901,168.875,1,1,0.430,2.586,,4977,58
"BaselineSweep",5000,1,53,167.528,167.524,164.349,1,1,0.443,2.736,,4982,58
"BaselineSweep",5000,1,54,170.213,170.212,166.545,1,1,0.458,3.210,,4974,58
"BaselineSweep",5000,1,55,166.784,166.780,162.827,1,1,0.505,3.452,,4985,58
"BaselineSweep",5000,1,56,167.691,167.668,163.361,1,1,0.476,3.855,,4994,58
"BaselineSweep",5000,1,57,167.643,167.661,163.582,1,1,0.466,3.596,,4987,57
"BaselineSweep",5000,1,58,164.933,164.924,161.523,1,1,0.444,2.965,,4971,58
"BaselineSweep",5000,1,59,163.987,163.981,160.541,1,1,0.433,3.013,,4992,58
"BaselineSweep",5000,1,60,166.649,166.653,163.310,1,1,0.437,2.902,,4966,58
"BaselineSweep",5000,1,61,165.104,165.088,160.730,1,1,0.472,3.901,,4973,58
"BaselineSweep",5000,1,62,172.770,172.785,169.541,1,1,0.455,2.773,,4979,58
"BaselineSweep",5000,1,63,166.498,166.498,163.250,1,1,0.450,2.798,,4968,58
"BaselineSweep",5000,1,64,173.445,173.444,170.270,1,1,0.430,2.745,,4970,58
"BaselineSweep",5000,1,65,174.187,174.183,170.922,1,1,0.466,2.799,,4977,58
"BaselineSweep",5000,1,66,178.684,178.662,174.849,1,1,0.447,3.388,,4970,58
"BaselineSweep",5000,1,67,166.779,166.798,162.399,1,1,0.877,3.503,,4979,58
"BaselineSweep",5000,1,68,172.886,172.868,167.785,1,1,0.584,4.517,,4995,58
"BaselineSweep",5000,1,69,172.464,172.450,167.092,1,1,0.577,4.794,,4857,58
"BaselineSweep",5000,1,70,165.987,166.007,162.699,1,1,0.433,2.855,,4995,58
"BaselineSweep",5000,1,71,166.956,166.956,163.350,1,1,0.502,3.104,,4958,58
"BaselineSweep",5000,1,72,167.753,167.757,164.468,1,1,0.567,2.718,,4982,58
"BaselineSweep",5000,1,73,160.908,160.904,157.783,1,1,0.456,2.669,,4972,58
"BaselineSweep",5000,1,74,164.688,164.676,160.936,1,1,0.442,3.309,,4966,57
"BaselineSweep",5000,1,75,160.615,160.624,157.333,1,1,0.451,2.831,,4984,58
"BaselineSweep",5000,1,76,165.279,165.277,160.527,1,1,0.446,4.307,,4993,57
"BaselineSweep",5000,1,77,168.049,168.043,163.299,1,1,0.572,4.177,,4964,58
"BaselineSweep",5000,1,78,171.846,171.837,167.490,1,1,0.480,3.876,,4980,58
"BaselineSweep",5000,1,79,170.476,170.482,166.884,1,1,0.439,3.152,,4084,58
"BaselineSweep",5000,1,80,171.396,171.391,167.307,1,1,0.445,3.644,,4994,57
"BaselineSweep",5000,1,81,170.655,170.662,167.242,1,1,0.441,2.972,,4985,58
"BaselineSweep",5000,1,82,168.371,168.368,165.138,1,1,0.431,2.802,,4985,58
"BaselineSweep",5000,1,83,162.606,162.608,159.377,1,1,0.470,2.759,,4981,58
"BaselineSweep",5000,1,84,169.393,169.388,165.986,1,1,0.422,2.986,,4992,58
"BaselineSweep",5000,1,85,171.455,171.460,168.238,1,1,0.586,2.630,,4983,57
"BaselineSweep",5000,1,86,175.508,175.493,171.594,1,1,0.497,3.418,,4984,57
"BaselineSweep",5000,1,87,170.773,170.772,165.142,1,1,0.425,5.205,,4958,57
"BaselineSweep",5000,1,88,165.109,165.110,159.926,1,1,0.430,4.753,,4990,58
"BaselineSweep",5000,1,89,169.023,169.029,163.742,1,1,0.641,4.640,,4962,58
"BaselineSweep",5000,1,90,174.760,174.761,171.213,1,1,0.433,3.114,,4967,57
"BaselineSweep",5000,1,91,162.985,162.968,158.897,1,1,0.435,3.652,,4973,58
"BaselineSweep",5000,1,92,167.690,167.700,163.809,1,1,0.464,3.417,,4991,58
"BaselineSweep",5000,1,93,178.437,178.381,173.943,1,1,0.436,4.058,,4969,58
"BaselineSweep",5000,1,94,172.190,172.240,168.920,1,1,0.433,2.837,,4960,58
"BaselineSweep",5000,1,95,171.240,171.236,166.224,1,1,0.495,4.521,,4988,58
"BaselineSweep",5000,1,96,169.952,169.955,166.693,1,1,0.437,2.821,,4985,58
"BaselineSweep",5000,1,97,170.017,170.012,165.031,1,1,0.446,4.539,,4980,57
"BaselineSweep",5000,1,98,169.423,169.428,166.366,1,1,0.428,2.629,,4977,58
"BaselineSweep",5000,1,99,179.227,179.205,174.540,1,1,0.754,3.933,,4959,58
"BaselineSweep",5000,1,100,176.340,176.351,171.556,1,1,0.443,4.342,,4986,58
"BaselineSweep",5000,1,101,170.377,170.381,166.427,1,1,0.461,3.489,,4976,58
"BaselineSweep",5000,1,102,177.890,177.882,173.590,1,1,0.437,3.864,,4998,58
"BaselineSweep",5000,1,103,168.796,168.795,165.186,1,1,0.439,3.172,,4976,58
"BaselineSweep",5000,1,104,173.105,173.077,168.391,1,1,0.438,4.276,,4968,58
"BaselineSweep",5000,1,105,175.684,175.709,171.728,1,1,0.489,3.467,,4977,58
"BaselineSweep",5000,1,106,168.628,168.632,165.513,1,1,0.435,2.680,,4996,58
"BaselineSweep",5000,1,107,169.601,169.600,166.195,1,1,0.435,2.972,,4980,57
"BaselineSweep",5000,1,108,168.389,168.391,165.230,1,1,0.457,2.702,,4978,57
"BaselineSweep",5000,1,109,167.501,167.494,164.358,1,1,0.447,2.696,,4980,58
"BaselineSweep",5000,1,110,173.258,173.262,169.832,1,1,0.428,2.998,,4940,58
"BaselineSweep",5000,1,111,174.308,174.307,171.118,1,1,0.435,2.755,,4931,58
"BaselineSweep",5000,1,112,170.148,170.145,166.538,1,1,0.453,3.158,,4966,58
"BaselineSweep",5000,1,113,175.678,175.660,171.235,1,1,0.454,3.990,,4947,58
"BaselineSweep",5000,1,114,175.300,175.287,168.439,1,1,0.676,6.185,,4977,58
"BaselineSweep",5000,1,115,175.483,175.488,171.558,1,1,0.596,3.329,,4976,58
"BaselineSweep",5000,1,116,173.439,173.456,170.154,1,1,0.431,2.854,,4995,58
"BaselineSweep",5000,1,117,173.532,173.528,170.114,1,1,0.455,2.963,,4995,58
"BaselineSweep",5000,1,118,170.346,170.307,165.729,1,1,0.445,4.173,,4980,58
"BaselineSweep",5000,1,119,172.571,172.607,167.339,1,1,0.439,4.793,,4918,58
"BaselineSweep",5000,1,120,178.153,178.147,174.755,1,1,0.460,2.938,,4969,58
"BaselineSweep",5000,1,121,174.161,174.162,170.424,1,1,0.498,3.238,,4973,58
"BaselineSweep",5000,1,122,173.935,173.934,169.326,1,1,0.456,4.153,,4954,58
"BaselineSweep",5000,1,123,173.385,173.374,168.082,1,1,0.428,4.874,,4980,58
"BaselineSweep",5000,1,124,175.883,175.892,171.473,1,1,0.737,3.673,,4387,58
"BaselineSweep",5000,1,125,175.622,175.626,172.535,1,1,0.428,2.660,,4984,58
"BaselineSweep",5000,1,126,166.364,166.296,163.221,1,1,0.423,2.720,,4955,57
"BaselineSweep",5000,1,127,170.483,170.509,165.668,1,1,0.427,4.389,,4966,58
"BaselineSweep",5000,1,128,170.982,171.004,167.102,1,1,0.453,3.428,,4607,58
"BaselineSweep",5000,1,129,171.704,171.710,167.314,1,1,0.433,3.956,,4962,58
"BaselineSweep",5000,1,130,168.139,168.143,165.025,1,1,0.440,2.674,,4998,58
"BaselineSweep",5000,1,131,168.827,168.815,164.942,1,1,0.463,3.422,,4976,58
"BaselineSweep",5000,1,132,175.063,175.072,171.737,1,1,0.477,2.849,,4993,58
"BaselineSweep",5000,1,133,179.712,179.703,174.116,1,1,0.433,5.163,,4962,58
"BaselineSweep",5000,1,134,171.924,171.906,167.541,1,1,0.463,3.920,,4975,58
"BaselineSweep",5000,1,135,169.540,169.560,166.388,1,1,0.479,2.672,,4949,58
"BaselineSweep",5000,1,136,168.118,168.116,164.860,1,1,0.444,2.813,,4978,58
"BaselineSweep",5000,1,137,171.474,171.469,167.608,1,1,0.446,3.420,,4978,58
"BaselineSweep",5000,1,138,166.578,166.584,163.222,1,1,0.454,2.902,,4994,58
"BaselineSweep",5000,1,139,168.921,168.919,165.728,1,1,0.460,2.733,,4975,57
"BaselineSweep",5000,1,140,183.548,183.475,178.695,1,1,0.473,4.380,,4935,58
"BaselineSweep",5000,1,141,178.314,178.311,175.095,1,1,0.450,2.769,,4963,58
"BaselineSweep",5000,1,142,168.364,168.426,165.054,1,1,0.460,2.850,,4967,58
"BaselineSweep",5000,1,143,173.707,173.701,168.942,1,1,0.442,4.324,,4977,58
"BaselineSweep",5000,1,144,169.090,169.101,165.937,1,1,0.452,2.701,,4968,58
"BaselineSweep",5000,1,145,169.946,169.938,164.639,1,1,0.875,4.432,,4975,58
"BaselineSweep",5000,1,146,167.357,167.359,164.076,1,1,0.434,2.847,,4979,58
"BaselineSweep",5000,1,147,166.600,166.551,162.122,1,1,0.449,4.029,,4962,58
"BaselineSweep",5000,1,148,170.452,170.498,166.383,1,1,0.713,3.357,,4973,58
"BaselineSweep",5000,1,149,170.612,170.606,167.428,1,1,0.438,2.746,,4934,58
"BaselineSweep",5000,1,150,170.066,170.069,166.971,1,1,0.439,2.656,,4984,58
"BaselineSweep",5000,1,151,169.596,169.588,165.888,1,1,0.455,3.252,,4971,58
"BaselineSweep",5000,1,152,169.778,169.774,164.679,1,1,0.435,4.664,,4984,58
"BaselineSweep",5000,1,153,173.958,173.966,170.651,1,1,0.474,2.833,,4986,58
"BaselineSweep",5000,1,154,174.952,174.950,170.274,1,1,0.719,3.959,,4958,58
"BaselineSweep",5000,1,155,174.093,174.091,169.778,1,1,0.512,3.803,,4992,58
"BaselineSweep",5000,1,156,173.666,173.657,169.623,1,1,0.443,3.600,,4981,57
"BaselineSweep",5000,1,157,174.100,174.099,169.835,1,1,0.467,3.798,,4967,58
"BaselineSweep",5000,1,158,174.768,174.759,169.871,1,1,0.456,4.441,,4942,57
"BaselineSweep",5000,1,159,166.912,166.917,163.100,1,1,0.442,3.370,,4984,57
"BaselineSweep",5000,1,160,167.875,167.873,163.919,1,1,0.437,3.518,,4959,58
"BaselineSweep",5000,1,161,169.091,169.088,165.212,1,1,0.448,3.430,,4965,58
"BaselineSweep",5000,1,162,163.298,163.298,159.533,1,1,0.446,3.319,,4993,58
"BaselineSweep",5000,1,163,168.262,168.259,164.490,1,1,0.590,3.182,,4980,58
"BaselineSweep",5000,1,164,179.865,179.862,175.667,1,1,0.438,3.759,,4991,58
"BaselineSweep",5000,1,165,172.333,172.326,167.787,1,1,0.439,4.107,,4981,58
"BaselineSweep",5000,1,166,173.225,173.235,170.154,1,1,0.426,2.645,,4973,58
"BaselineSweep",5000,1,167,172.260,172.261,169.178,1,1,0.438,2.644,,4986,58
"BaselineSweep",5000,1,168,177.282,177.264,170.505,1,1,0.497,6.280,,4968,58
"BaselineSweep",5000,1,169,165.249,165.261,162.052,1,1,0.446,2.751,,4974,58
"BaselineSweep",5000,1,170,168.076,168.073,163.524,1,1,0.472,4.079,,4974,58
"BaselineSweep",5000,1,171,176.902,176.485,173.017,1,1,0.485,3.400,,4980,57
"BaselineSweep",5000,1,172,174.857,175.260,170.153,1,1,0.441,4.263,,4992,57
"BaselineSweep",5000,1,173,170.253,170.252,165.445,1,1,0.587,4.220,,4982,58
"BaselineSweep",5000,1,174,170.106,170.108,165.501,1,1,0.466,4.140,,4993,58
"BaselineSweep",5000,1,175,169.236,169.183,164.084,1,1,0.467,4.686,,4944,57
"BaselineSweep",5000,1,176,167.641,167.687,162.754,1,1,0.458,4.429,,4989,58
"BaselineSweep",5000,1,177,171.520,171.517,167.185,1,1,0.453,3.882,,4987,57
"BaselineSweep",5000,1,178,172.839,172.831,168.699,1,1,0.450,3.691,,4813,58
"BaselineSweep",5000,1,179,164.926,164.933,160.813,1,1,0.458,3.655,,4978,58
"BaselineSweep",5000,1,180,169.089,169.085,164.915,1,1,0.458,3.717,,5000,58
"BaselineSweep",5000,1,181,170.801,170.804,165.741,1,1,0.472,4.587,,4978,58
"BaselineSweep",5000,1,182,170.464,170.455,165.562,1,1,0.455,4.447,,4994,57
"BaselineSweep",5000,1,183,167.193,167.154,162.639,1,1,0.463,4.090,,4986,58
"BaselineSweep",5000,1,184,167.233,167.262,162.996,1,1,0.457,3.781,,4934,58
"BaselineSweep",5000,1,185,175.402,175.414,171.000,1,1,0.455,3.947,,4989,58
"BaselineSweep",5000,1,186,168.122,168.114,163.996,1,1,0.451,3.675,,4986,58
"BaselineSweep",5000,1,187,174.443,174.385,169.324,1,1,0.523,4.597,,4988,58
"BaselineSweep",5000,1,188,171.603,171.659,167.185,1,1,0.496,3.922,,4986,58
"BaselineSweep",5000,1,189,171.514,171.513,167.434,1,1,0.462,3.618,,4990,58
"BaselineSweep",5000,1,190,172.497,172.488,168.097,1,1,0.450,3.950,,4994,58
"BaselineSweep",5000,1,191,169.775,169.783,165.391,1,1,0.459,3.926,,4990,58
"BaselineSweep",5000,1,192,170.313,170.313,166.274,1,1,0.451,3.588,,4996,58
"BaselineSweep",5000,1,193,170.388,170.383,166.303,1,1,0.467,3.617,,4949,57
"BaselineSweep",5000,1,194,173.411,173.414,168.923,1,1,0.447,4.040,,4984,58
"BaselineSweep",5000,1,195,171.591,171.584,166.119,1,1,0.449,5.022,,4971,58
"BaselineSweep",5000,1,196,167.661,167.663,163.609,1,1,0.451,3.601,,4995,58
"BaselineSweep",5000,1,197,171.650,171.643,167.299,1,1,0.451,3.900,,4989,58
"BaselineSweep",5000,1,198,172.693,172.637,168.210,1,1,0.469,4.015,,4993,56
"BaselineSweep",5000,1,199,172.432,172.481,167.305,1,1,0.461,4.667,,4994,58
"BaselineSweep",5000,1,200,168.531,168.540,164.999,1,1,0.484,3.048,,4990,58
"BaselineSweep",5000,1,201,169.483,169.482,166.191,1,1,0.494,2.798,,4949,58
"BaselineSweep",5000,1,202,173.719,173.711,170.255,1,1,0.473,2.990,,4975,58
"BaselineSweep",5000,1,203,177.890,177.796,172.908,1,1,0.463,4.519,,4995,58
"BaselineSweep",5000,1,204,177.023,177.103,172.198,1,1,0.465,4.360,,4953,58
"BaselineSweep",5000,1,205,174.676,174.670,169.165,1,1,0.455,5.057,,4882,57
"BaselineSweep",5000,1,206,174.108,174.132,170.924,1,1,0.450,2.734,,4998,58
"BaselineSweep",5000,1,207,169.483,169.415,165.557,1,1,0.444,3.482,,4993,58
"BaselineSweep",5000,1,208,174.613,174.679,171.404,1,1,0.466,2.743,,4825,57
"BaselineSweep",5000,1,209,167.532,167.532,164.330,1,1,0.429,2.773,,4973,58
"BaselineSweep",5000,1,210,166.192,166.191,163.105,1,1,0.436,2.651,,4986,58
"BaselineSweep",5000,1,211,169.218,169.209,165.807,1,1,0.474,2.937,,4973,58
"BaselineSweep",5000,1,212,167.291,167.295,163.640,1,1,0.456,3.196,,4966,58
"BaselineSweep",5000,1,213,170.670,170.671,167.538,1,1,0.460,2.672,,4835,58
"BaselineSweep",5000,1,214,173.179,173.176,170.117,1,1,0.428,2.633,,4972,58
"BaselineSweep",5000,1,215,164.912,164.865,160.512,1,1,0.701,3.700,,4947,58
"BaselineSweep",5000,1,216,164.070,164.113,160.507,1,1,0.431,3.132,,4961,58
"BaselineSweep",5000,1,217,166.884,166.872,162.860,1,1,0.450,3.573,,4952,58
"BaselineSweep",5000,1,218,168.908,168.919,165.671,1,1,0.431,2.806,,4975,58
"BaselineSweep",5000,1,219,173.521,173.518,170.191,1,1,0.436,2.893,,4985,58
"BaselineSweep",5000,1,220,166.642,166.643,163.612,1,1,0.424,2.606,,4954,58
"BaselineSweep",5000,1,221,166.535,166.532,162.502,1,1,0.555,3.478,,4978,58
"BaselineSweep",5000,1,222,170.717,170.709,166.325,1,1,0.479,3.912,,5001,58
"BaselineSweep",5000,1,223,166.563,166.471,161.907,1,1,0.446,4.210,,4946,58
"BaselineSweep",5000,1,224,168.576,168.671,165.406,1,1,0.423,2.747,,4996,58
"BaselineSweep",5000,1,225,168.990,168.988,165.846,1,1,0.446,2.698,,4969,57
"BaselineSweep",5000,1,226,173.749,173.733,170.078,1,1,0.441,3.230,,4986,58
"BaselineSweep",5000,1,227,168.218,168.235,165.045,1,1,0.475,2.698,,4990,58
"BaselineSweep",5000,1,228,179.505,179.502,176.292,1,1,0.465,2.749,,4948,57
"BaselineSweep",5000,1,229,173.573,173.570,170.480,1,1,0.434,2.658,,4986,58
"BaselineSweep",5000,1,230,167.828,167.815,163.427,1,1,0.558,3.843,,4974,57
"BaselineSweep",5000,1,231,170.631,170.641,167.487,1,1,0.431,2.714,,4968,58
"BaselineSweep",5000,1,232,175.245,175.241,171.671,1,1,0.555,3.019,,4983,58
"BaselineSweep",5000,1,233,170.110,170.111,166.595,1,1,0.543,2.973,,4962,58
"BaselineSweep",5000,1,234,172.197,172.197,168.753,1,1,0.478,2.966,,4968,58
"BaselineSweep",5000,1,235,175.294,175.283,171.488,1,1,0.439,3.368,,4993,58
"BaselineSweep",5000,1,236,172.375,172.371,168.301,1,1,0.614,3.460,,4976,58
"BaselineSweep",5000,1,237,175.359,175.358,170.181,1,1,0.435,4.744,,4960,56
"BaselineSweep",5000,1,238,170.280,170.284,166.846,1,1,0.522,2.912,,4969,58
"BaselineSweep",5000,1,239,172.896,172.899,169.679,1,1,0.461,2.755,,4971,58
"BaselineSweep",5000,1,240,179.643,179.636,174.311,1,1,0.437,4.895,,4968,58
"BaselineSweep",5000,1,241,169.321,169.277,165.228,1,1,0.435,3.659,,4481,58
"BaselineSweep",5000,1,242,168.197,168.237,165.051,1,1,0.435,2.711,,4994,58
"BaselineSweep",5000,1,243,169.034,168.998,163.915,1,1,0.443,4.675,,4543,58
"BaselineSweep",5000,1,244,169.752,169.779,165.695,1,1,0.631,3.426,,4565,58
"BaselineSweep",5000,1,245,180.342,180.350,177.046,1,1,0.446,2.849,,4974,58
"BaselineSweep",5000,1,246,166.690,166.689,163.515,1,1,0.441,2.734,,4970,57
"BaselineSweep",5000,1,247,162.279,162.263,158.562,1,1,0.443,3.273,,4979,58
"BaselineSweep",5000,1,248,166.499,166.402,163.151,1,1,0.421,2.927,,4975,58
"BaselineSweep",5000,1,249,162.685,162.793,159.625,1,1,0.423,2.636,,4962,58
"BaselineSweep",5000,1,250,165.530,165.530,162.432,1,1,0.442,2.656,,4963,58
"BaselineSweep",5000,1,251,168.463,168.459,163.233,1,1,0.515,4.716,,4967,58
"BaselineSweep",5000,1,252,167.091,167.094,163.694,1,1,0.448,2.948,,4982,58
"BaselineSweep",5000,1,253,173.749,173.746,170.517,1,1,0.438,2.795,,4959,58
"BaselineSweep",5000,1,254,164.508,164.504,161.430,1,1,0.446,2.632,,4971,57
"BaselineSweep",5000,1,255,169.312,169.313,166.187,1,1,0.424,2.702,,4994,58
"BaselineSweep",5000,1,256,166.344,166.337,161.777,1,1,0.472,4.096,,4976,58
"BaselineSweep",5000,1,257,166.290,166.294,163.273,1,1,0.432,2.585,,4987,58
"BaselineSweep",5000,1,258,164.749,164.750,161.080,1,1,0.494,3.176,,4987,58
"BaselineSweep",5000,1,259,163.901,163.886,160.337,1,1,0.428,3.135,,4983,57
"BaselineSweep",5000,1,260,167.314,167.284,162.485,1,1,0.428,4.400,,4982,57
"BaselineSweep",5000,1,261,167.067,167.094,162.656,1,1,0.451,3.961,,4980,58
"BaselineSweep",5000,1,262,163.219,163.224,158.731,1,1,0.446,4.042,,4997,58
"BaselineSweep",5000,1,263,160.195,160.201,157.072,1,1,0.453,2.670,,4981,57
"BaselineSweep",5000,1,264,165.269,165.264,159.623,1,1,0.444,5.203,,4977,58
"BaselineSweep",5000,1,265,164.509,164.510,161.192,1,1,0.501,2.816,,4988,58
"BaselineSweep",5000,1,266,161.920,161.919,158.812,1,1,0.449,2.660,,4975,57
"BaselineSweep",5000,1,267,170.614,170.603,166.299,1,1,0.443,3.872,,4962,58
"BaselineSweep",5000,1,268,164.149,164.157,160.796,1,1,0.461,2.893,,4985,58
"BaselineSweep",5000,1,269,164.944,164.887,160.595,1,1,0.444,3.905,,4992,58
"BaselineSweep",5000,1,270,170.853,170.901,167.145,1,1,0.450,3.258,,4949,58
"BaselineSweep",5000,1,271,165.768,165.760,162.544,1,1,0.451,2.774,,4948,57
"BaselineSweep",5000,1,272,171.693,171.699,167.051,1,1,0.461,4.180,,4822,58
"BaselineSweep",5000,1,273,169.831,169.808,165.119,1,1,0.444,4.267,,4991,58
"BaselineSweep",5000,1,274,170.865,170.850,166.098,1,1,0.468,4.300,,4999,58
"BaselineSweep",5000,1,275,172.460,172.494,168.940,1,1,0.475,3.045,,5003,57
"BaselineSweep",5000,1,276,173.559,173.559,169.784,1,1,0.641,3.134,,5000,58
"BaselineSweep",5000,1,277,169.591,169.584,166.000,1,1,0.454,3.137,,4984,58
"BaselineSweep",5000,1,278,174.941,174.911,170.161,1,1,0.454,4.326,,4999,58
"BaselineSweep",5000,1,279,168.913,168.940,163.410,1,1,0.451,5.052,,4963,58
"BaselineSweep",5000,1,280,173.005,173.009,169.775,1,1,0.463,2.767,,4984,58
"BaselineSweep",5000,1,281,178.413,178.385,173.436,1,1,0.449,4.528,,4978,58
"BaselineSweep",5000,1,282,167.599,167.611,163.141,1,1,0.463,3.996,,4977,58
"BaselineSweep",5000,1,283,174.010,173.998,168.869,1,1,0.660,4.481,,5002,58
"BaselineSweep",5000,1,284,173.907,173.912,169.916,1,1,0.455,3.536,,4982,58
"BaselineSweep",5000,1,285,177.546,177.561,174.193,1,1,0.452,2.902,,4982,58
"BaselineSweep",5000,1,286,172.216,172.218,169.027,1,1,0.446,2.743,,5010,57
"BaselineSweep",5000,1,287,169.958,169.937,165.951,1,1,0.441,3.565,,4984,58
"BaselineSweep",5000,1,288,170.520,170.488,165.832,1,1,0.464,4.224,,4975,58
"BaselineSweep",5000,1,289,166.888,166.937,163.741,1,1,0.430,2.717,,4983,58
"BaselineSweep",5000,1,290,172.478,172.467,167.059,1,1,0.657,4.762,,4978,57
"BaselineSweep",5000,1,291,168.795,168.790,165.224,1,1,0.433,3.139,,4986,58
"BaselineSweep",5000,1,292,177.125,177.124,173.203,1,1,0.460,3.462,,4816,58
"BaselineSweep",5000,1,293,176.047,176.055,172.870,1,1,0.429,2.749,,4977,58
"BaselineSweep",5000,1,294,171.029,170.987,166.573,1,1,0.468,3.989,,5000,57
"BaselineSweep",5000,1,295,170.650,170.677,167.403,1,1,0.468,2.779,,4977,58
"BaselineSweep",5000,1,296,165.720,165.704,161.806,1,1,0.452,3.462,,4980,58
"BaselineSweep",5000,1,297,166.931,166.952,163.528,1,1,0.460,2.942,,4920,58
"BaselineSweep",5000,1,298,177.717,177.715,173.492,1,1,0.441,3.784,,4947,58
"BaselineSweep",5000,1,299,172.698,172.700,169.392,1,1,0.441,2.866,,4990,58
"BaselineSweep",10000,1,0,681.799,681.791,672.495,1,1,0.895,8.409,,9955,108
"BaselineSweep",10000,1,1,673.117,673.119,665.127,1,1,1.022,6.969,,9908,108
"BaselineSweep",10000,1,2,667.836,667.824,662.431,1,1,1.031,4.374,,9868,107
"BaselineSweep",10000,1,3,686.691,686.702,677.616,1,1,0.875,8.200,,9792,108
"BaselineSweep",10000,1,4,659.378,659.380,653.913,1,1,1.138,4.326,,9908,108
"BaselineSweep",10000,1,5,681.677,681.674,676.000,1,1,0.992,4.685,,9819,108
"BaselineSweep",10000,1,6,667.765,667.766,662.773,1,1,0.926,4.065,,9930,108
"BaselineSweep",10000,1,7,663.032,663.026,658.029,1,1,0.863,4.140,,9949,108
"BaselineSweep",10000,1,8,656.412,656.414,651.600,1,1,0.910,3.902,,9974,108
"BaselineSweep",10000,1,9,668.987,668.970,664.061,1,1,0.873,4.053,,9920,108
"BaselineSweep",10000,1,10,663.674,663.687,658.447,1,1,0.922,4.305,,9455,108
"BaselineSweep",10000,1,11,667.394,667.391,662.114,1,1,1.045,4.235,,9926,108
"BaselineSweep",10000,1,12,671.089,671.089,666.217,1,1,0.960,3.913,,9931,108
"BaselineSweep",10000,1,13,652.645,652.639,645.082,1,1,1.074,6.489,,9959,107
"BaselineSweep",10000,1,14,678.032,677.999,669.596,1,1,0.956,7.481,,9409,106
"BaselineSweep",10000,1,15,675.363,675.392,666.141,1,1,0.959,8.263,,9954,107
"BaselineSweep",10000,1,16,668.353,668.356,663.265,1,1,0.966,4.122,,9939,107
"BaselineSweep",10000,1,17,684.378,684.312,675.714,1,1,0.890,7.774,,9940,108
"BaselineSweep",10000,1,18,671.948,672.009,667.004,1,1,0.890,4.054,,9939,108
"BaselineSweep",10000,1,19,660.415,660.407,655.115,1,1,0.936,4.365,,9911,108
"BaselineSweep",10000,1,20,668.405,668.394,662.368,1,1,0.903,5.134,,9827,107
"BaselineSweep",10000,1,21,673.280,673.295,668.401,1,1,0.929,3.950,,9949,108
"BaselineSweep",10000,1,22,676.482,676.419,670.865,1,1,1.159,4.459,,9956,108
"BaselineSweep",10000,1,23,678.819,678.876,670.989,1,1,0.878,6.953,,9977,108
"BaselineSweep",10000,1,24,665.664,665.665,660.802,1,1,0.874,3.988,,9949,108
"BaselineSweep",10000,1,25,671.256,671.256,665.796,1,1,0.932,4.527,,9954,108
"BaselineSweep",10000,1,26,667.805,667.738,660.776,1,1,0.983,6.046,,9827,108
"BaselineSweep",10000,1,27,669.640,669.694,662.948,1,1,0.883,5.808,,9930,108
"BaselineSweep",10000,1,28,677.407,677.409,669.064,1,1,1.312,7.031,,9967,107
"BaselineSweep",10000,1,29,658.559,658.566,653.710,1,1,0.875,3.974,,9967,107
"BaselineSweep",10000,1,30,669.869,669.831,663.568,1,1,0.913,5.388,,9934,107
"BaselineSweep",10000,1,31,672.652,672.674,665.694,1,1,0.885,6.073,,9944,108
"BaselineSweep",10000,1,32,668.335,668.346,662.651,1,1,1.160,4.524,,9943,108
"BaselineSweep",10000,1,33,680.088,680.069,672.321,1,1,1.120,6.647,,9965,108
"BaselineSweep",10000,1,34,676.138,676.153,671.214,1,1,0.964,3.960,,9469,107
"BaselineSweep",10000,1,35,650.516,650.503,644.775,1,1,0.914,4.827,,9945,108
"BaselineSweep",10000,1,36,673.081,673.086,664.297,1,1,0.955,7.828,,9811,108
"BaselineSweep",10000,1,37,666.475,666.477,661.019,1,1,0.989,4.467,,9899,108
"BaselineSweep",10000,1,38,663.755,663.749,655.209,1,1,0.882,7.664,,9914,108
"BaselineSweep",10000,1,39,668.322,668.311,659.739,1,1,0.989,7.594,,9928,107
"BaselineSweep",10000,1,40,668.730,668.740,660.410,1,1,0.888,7.431,,9736,107
"BaselineSweep",10000,1,41,657.583,657.574,649.361,1,1,1.000,7.221,,9945,108
"BaselineSweep",10000,1,42,657.472,657.482,652.478,1,1,0.948,4.047,,9900,107
"BaselineSweep",10000,1,43,662.870,662.865,656.931,1,1,0.968,4.971,,9890,107
"BaselineSweep",10000,1,44,674.234,674.228,667.263,1,1,0.896,6.075,,9919,108
"BaselineSweep",10000,1,45,679.480,679.466,671.379,1,1,0.940,7.162,,9973,108
"BaselineSweep",10000,1,46,671.682,671.700,666.783,1,1,0.922,3.977,,9572,108
"BaselineSweep",10000,1,47,655.620,655.610,647.806,1,1,0.883,6.931,,9923,107
"BaselineSweep",10000,1,48,675.161,675.168,669.850,1,1,1.185,4.127,,9958,107
"BaselineSweep",10000,1,49,656.650,656.536,647.055,1,1,0.952,8.642,,9932,108
"BaselineSweep",10000,1,50,670.276,670.371,661.588,1,1,0.878,7.810,,9943,108
"BaselineSweep",10000,1,51,655.816,655.822,649.160,1,1,0.904,5.752,,9956,105
"BaselineSweep",10000,1,52,667.463,667.462,659.638,1,1,1.036,6.789,,9495,107
"BaselineSweep",10000,1,53,656.522,656.524,651.382,1,1,0.940,4.200,,9940,107
"BaselineSweep",10000,1,54,658.381,658.373,652.383,1,1,0.929,5.069,,9966,106
"BaselineSweep",10000,1,55,667.016,667.021,661.936,1,1,0.985,4.096,,9952,108
"BaselineSweep",10000,1,56,659.290,659.257,651.613,1,1,0.882,6.795,,9795,107
"BaselineSweep",10000,1,57,662.764,662.746,654.277,1,1,1.091,7.396,,9929,108
"BaselineSweep",10000,1,58,682.929,682.948,677.432,1,1,0.921,4.576,,9836,108
"BaselineSweep",10000,1,59,670.628,670.633,665.555,1,1,1.017,4.055,,9899,108
"BaselineSweep",10000,1,60,675.401,675.392,669.681,1,1,1.359,4.362,,9926,108
"BaselineSweep",10000,1,61,661.294,661.300,655.791,1,1,0.887,4.616,,9949,108
"BaselineSweep",10000,1,62,673.569,673.561,666.885,1,1,0.914,5.770,,9964,108
"BaselineSweep",10000,1,63,680.822,680.826,675.529,1,1,0.910,4.384,,9902,108
"BaselineSweep",10000,1,64,672.361,672.360,667.115,1,1,1.002,4.244,,9803,108
"BaselineSweep",10000,1,65,669.397,669.388,663.748,1,1,1.120,4.529,,9928,108
"BaselineSweep",10000,1,66,653.780,653.704,646.535,1,1,0.872,6.373,,9970,108
"BaselineSweep",10000,1,67,661.645,661.730,655.339,1,1,1.127,5.180,,9938,108
"BaselineSweep",10000,1,68,665.952,665.948,660.879,1,1,0.969,4.104,,9871,108
"BaselineSweep",10000,1,69,665.884,665.884,660.647,1,1,1.022,4.215,,9933,107
"BaselineSweep",10000,1,70,665.745,665.741,658.618,1,1,0.885,6.242,,9949,108
"BaselineSweep",10000,1,71,656.758,656.754,651.674,1,1,0.865,4.218,,9955,106
"BaselineSweep",10000,1,72,666.562,666.565,660.884,1,1,1.109,4.569,,9959,107
"BaselineSweep",10000,1,73,688.888,688.873,681.520,1,1,0.877,6.490,,9889,108
"BaselineSweep",10000,1,74,668.926,668.937,664.069,1,1,0.915,3.942,,9936,106
"BaselineSweep",10000,1,75,665.436,665.431,658.929,1,1,1.044,5.462,,9830,108
"BaselineSweep",10000,1,76,680.287,680.273,672.217,1,1,1.140,6.930,,9920,107
"BaselineSweep",10000,1,77,675.227,675.235,670.023,1,1,1.032,4.172,,9902,108
"BaselineSweep",10000,1,78,674.617,674.622,669.180,1,1,0.932,4.505,,9971,106
"BaselineSweep",10000,1,79,672.331,672.320,664.823,1,1,0.928,6.580,,9889,108
"BaselineSweep",10000,1,80,672.007,672.013,666.839,1,1,0.960,4.208,,9940,108
"BaselineSweep",10000,1,81,662.465,662.466,657.373,1,1,1.008,4.084,,9884,107
"BaselineSweep",10000,1,82,668.360,668.325,662.634,1,1,0.937,4.789,,9942,108
"BaselineSweep",10000,1,83,680.858,680.868,673.923,1,1,0.917,6.018,,9960,108
"BaselineSweep",10000,1,84,661.212,661.229,656.221,1,1,0.885,4.106,,9947,108
"BaselineSweep",10000,1,85,672.330,672.270,663.483,1,1,1.760,7.087,,9911,108
"BaselineSweep",10000,1,86,668.604,668.662,663.448,1,1,0.877,4.279,,9960,108
"BaselineSweep",10000,1,87,676.665,676.659,671.266,1,1,0.937,4.462,,9944,108
"BaselineSweep",10000,1,88,662.027,662.026,656.685,1,1,0.922,4.419,,9904,108
"BaselineSweep",10000,1,89,674.683,674.683,669.220,1,1,0.924,4.539,,9937,106
"BaselineSweep",10000,1,90,667.784,667.784,662.896,1,1,0.955,3.933,,9962,108
"BaselineSweep",10000,1,91,666.609,666.603,657.709,1,1,0.861,8.039,,9939,108
"BaselineSweep",10000,1,92,665.530,665.534,660.172,1,1,0.981,4.377,,9400,108
"BaselineSweep",10000,1,93,662.319,662.320,657.204,1,1,0.902,4.213,,9929,108
"BaselineSweep",10000,1,94,672.030,672.025,666.565,1,1,1.293,4.172,,9873,108
"BaselineSweep",10000,1,95,672.002,672.000,666.067,1,1,0.930,5.005,,9928,108
"BaselineSweep",10000,1,96,672.043,672.039,667.212,1,1,0.870,3.961,,9932,108
"BaselineSweep",10000,1,97,672.615,672.596,665.806,1,1,0.979,5.829,,9930,108
"BaselineSweep",10000,1,98,671.357,671.356,663.105,1,1,0.975,7.277,,9926,108
"BaselineSweep",10000,1,99,667.684,667.689,659.942,1,1,0.990,6.752,,9937,106
"BaselineSweep",10000,1,100,661.376,661.384,656.516,1,1,0.862,3.998,,9893,107
"BaselineSweep",10000,1,101,672.115,672.106,666.600,1,1,0.900,4.615,,9895,108
"BaselineSweep",10000,1,102,672.948,672.957,667.735,1,1,0.902,4.312,,9943,108
"BaselineSweep",10000,1,103,659.737,659.732,651.813,1,1,0.957,6.966,,9909,108
"BaselineSweep",10000,1,104,664.240,664.169,656.249,1,1,0.912,7.079,,9962,108
"BaselineSweep",10000,1,105,692.096,692.167,686.955,1,1,0.896,4.245,,9950,108
"BaselineSweep",10000,1,106,677.554,677.550,672.422,1,1,1.041,4.091,,9860,108
"BaselineSweep",10000,1,107,655.651,655.650,650.447,1,1,0.923,4.280,,9959,108
"BaselineSweep",10000,1,108,670.916,670.917,665.926,1,1,0.977,4.013,,9934,108
"BaselineSweep",10000,1,109,676.672,676.645,670.930,1,1,0.963,4.779,,9927,108
"BaselineSweep",10000,1,110,669.524,669.545,663.987,1,1,0.939,4.598,,9911,108
"BaselineSweep",10000,1,111,664.169,664.161,659.065,1,1,0.980,4.124,,9928,108
"BaselineSweep",10000,1,112,668.144,668.146,663.108,1,1,0.895,4.141,,9913,107
"BaselineSweep",10000,1,113,664.724,664.716,657.845,1,1,0.967,5.912,,9956,108
"BaselineSweep",10000,1,114,668.174,668.180,663.095,1,1,0.904,4.174,,9927,108
"BaselineSweep",10000,1,115,674.036,674.036,668.674,1,1,0.940,4.421,,9923,108
"BaselineSweep",10000,1,116,672.599,672.593,667.338,1,1,0.928,4.334,,9822,108
"BaselineSweep",10000,1,117,672.855,672.850,665.952,1,1,0.911,5.991,,9486,107
"BaselineSweep",10000,1,118,675.993,675.985,668.684,1,1,0.909,6.400,,9925,108
"BaselineSweep",10000,1,119,681.429,681.444,675.712,1,1,0.861,4.856,,9793,108
"BaselineSweep",10000,1,120,676.389,676.386,671.430,1,1,0.890,4.069,,9880,107
"BaselineSweep",10000,1,121,663.947,663.938,658.615,1,1,0.909,4.423,,9859,108
"BaselineSweep",10000,1,122,673.455,673.462,667.602,1,1,1.067,4.786,,9969,108
"BaselineSweep",10000,1,123,666.866,666.863,661.964,1,1,0.926,3.976,,9808,107
"BaselineSweep",10000,1,124,664.935,664.917,658.390,1,1,1.058,5.487,,9917,108
"BaselineSweep",10000,1,125,662.431,662.446,656.721,1,1,0.961,4.749,,9947,108
"BaselineSweep",10000,1,126,679.042,679.040,673.127,1,1,1.190,4.724,,9902,107
"BaselineSweep",10000,1,127,673.858,673.848,667.176,1,1,0.866,5.816,,9962,108
"BaselineSweep",10000,1,128,675.216,675.214,667.156,1,1,1.210,6.850,,8473,108
"BaselineSweep",10000,1,129,672.122,672.117,664.015,1,1,1.003,7.104,,9945,108
"BaselineSweep",10000,1,130,672.340,672.324,664.990,1,1,0.956,6.394,,9828,108
"BaselineSweep",10000,1,131,679.972,679.980,671.981,1,1,0.878,7.113,,9935,108
"BaselineSweep",10000,1,132,657.884,657.885,650.926,1,1,1.019,5.939,,9902,108
"BaselineSweep",10000,1,133,676.226,676.217,669.198,1,1,0.910,6.118,,9324,108
"BaselineSweep",10000,1,134,680.976,680.981,673.775,1,1,0.917,6.284,,9972,108
"BaselineSweep",10000,1,135,682.251,682.246,675.612,1,1,0.860,5.779,,9808,106
"BaselineSweep",10000,1,136,675.473,675.481,668.243,1,1,0.882,6.348,,9931,108
"BaselineSweep",10000,1,137,667.385,667.374,658.988,1,1,1.698,6.699,,9888,107
"BaselineSweep",10000,1,138,665.629,665.638,657.607,1,1,1.089,6.933,,9961,108
"BaselineSweep",10000,1,139,647.353,647.335,639.870,1,1,0.935,6.548,,9910,108
"BaselineSweep",10000,1,140,656.173,656.191,649.866,1,1,1.036,5.270,,9549,108
"BaselineSweep",10000,1,141,682.582,682.577,675.990,1,1,1.910,4.683,,9967,108
"BaselineSweep",10000,1,142,663.114,663.115,658.190,1,1,0.863,4.061,,9960,106
"BaselineSweep",10000,1,143,648.185,648.185,643.405,1,1,0.904,3.877,,9946,108
"BaselineSweep",10000,1,144,673.760,673.758,668.579,1,1,0.936,4.245,,9971,108
"BaselineSweep",10000,1,145,666.575,666.493,657.952,1,1,0.986,7.636,,9938,108
"BaselineSweep",10000,1,146,679.521,679.599,674.421,1,1,0.943,4.158,,9927,107
"BaselineSweep",10000,1,147,672.709,672.707,667.270,1,1,1.043,4.395,,9918,108
"BaselineSweep",10000,1,148,673.988,673.987,668.443,1,1,0.895,4.651,,9761,107
"BaselineSweep",10000,1,149,676.113,676.108,671.169,1,1,0.939,4.005,,9975,108
"BaselineSweep",10000,1,150,674.214,674.192,668.288,1,1,0.970,4.956,,9847,108
"BaselineSweep",10000,1,151,665.902,665.927,660.902,1,1,0.910,4.090,,9851,108
"BaselineSweep",10000,1,152,666.676,666.664,660.583,1,1,0.904,5.189,,9969,108
"BaselineSweep",10000,1,153,670.500,670.506,664.314,1,1,1.035,5.150,,9978,108
"BaselineSweep",10000,1,154,667.911,667.906,660.602,1,1,0.979,6.330,,9928,108
"BaselineSweep",10000,1,155,660.242,660.199,655.114,1,1,0.978,4.150,,9947,108
"BaselineSweep",10000,1,156,679.502,679.546,673.790,1,1,0.865,4.847,,9919,108
"BaselineSweep",10000,1,157,659.360,659.357,653.957,1,1,0.921,4.482,,9920,108
"BaselineSweep",10000,1,158,676.262,676.258,668.394,1,1,1.132,6.735,,9770,108
"BaselineSweep",10000,1,159,667.651,667.650,662.571,1,1,0.943,4.137,,9798,108
"BaselineSweep",10000,1,160,668.418,668.409,662.722,1,1,0.990,4.705,,9919,108
"BaselineSweep",10000,1,161,674.828,674.833,669.536,1,1,0.927,4.366,,9972,107
"BaselineSweep",10000,1,162,669.099,669.038,662.528,1,1,0.922,5.650,,9817,108
"BaselineSweep",10000,1,163,686.705,686.766,681.313,1,1,1.063,4.329,,9980,108
"BaselineSweep",10000,1,164,660.656,660.644,652.725,1,1,0.910,7.021,,9818,106
"BaselineSweep",10000,1,165,671.555,671.562,665.719,1,1,1.165,4.671,,9945,108
"BaselineSweep",10000,1,166,670.065,670.065,664.109,1,1,0.995,4.960,,9945,108
"BaselineSweep",10000,1,167,669.400,669.346,662.484,1,1,0.912,6.004,,9947,108
"BaselineSweep",10000,1,168,675.328,675.379,670.132,1,1,0.939,4.257,,9850,108
"BaselineSweep",10000,1,169,660.573,660.571,654.206,1,1,1.204,5.163,,9935,108
"BaselineSweep",10000,1,170,667.984,667.984,662.904,1,1,0.972,4.108,,9917,108
"BaselineSweep",10000,1,171,659.203,659.201,654.384,1,1,0.892,3.927,,9936,107
"BaselineSweep",10000,1,172,669.918,669.915,664.496,1,1,1.052,4.370,,9951,107
"BaselineSweep",10000,1,173,674.944,674.936,668.467,1,1,0.976,5.500,,9911,108
"BaselineSweep",10000,1,174,671.252,671.252,663.458,1,1,0.912,6.882,,9975,108
"BaselineSweep",10000,1,175,658.615,658.614,652.325,1,1,0.897,5.393,,9844,106
"BaselineSweep",10000,1,176,665.986,665.990,661.027,1,1,0.901,4.058,,9939,107
"BaselineSweep",10000,1,177,644.584,644.581,639.572,1,1,0.939,4.073,,9967,107
"BaselineSweep",10000,1,178,658.036,658.037,652.600,1,1,0.870,4.566,,9930,108
"BaselineSweep",10000,1,179,656.443,656.442,651.344,1,1,0.922,4.177,,9943,107
"BaselineSweep",10000,1,180,667.559,667.551,662.579,1,1,0.913,4.068,,9899,108
"BaselineSweep",10000,1,181,674.851,674.849,666.144,1,1,0.944,7.763,,9807,108
"BaselineSweep",10000,1,182,654.378,654.379,649.219,1,1,0.879,4.280,,9955,107
"BaselineSweep",10000,1,183,673.730,673.731,668.787,1,1,1.050,3.894,,9916,107
"BaselineSweep",10000,1,184,672.599,672.587,666.497,1,1,0.977,5.125,,9949,108
"BaselineSweep",10000,1,185,652.813,652.799,645.548,1,1,1.027,6.237,,9856,108
"BaselineSweep",10000,1,186,664.427,664.439,658.943,1,1,0.928,4.555,,9878,108
"BaselineSweep",10000,1,187,687.583,687.581,682.046,1,1,0.945,4.591,,9946,108
"BaselineSweep",10000,1,188,682.023,682.025,676.566,1,1,1.201,4.257,,9882,108
"BaselineSweep",10000,1,189,673.330,673.318,667.250,1,1,1.006,5.074,,9955,108
"BaselineSweep",10000,1,190,673.834,673.846,668.887,1,1,0.905,4.041,,9900,108
"BaselineSweep",10000,1,191,683.101,683.095,675.264,1,1,0.920,6.917,,9966,108
"BaselineSweep",10000,1,192,678.864,678.865,673.295,1,1,0.901,4.668,,9969,108
"BaselineSweep",10000,1,193,680.869,680.871,675.721,1,1,1.107,4.041,,9971,108
"BaselineSweep",10000,1,194,664.486,664.470,658.083,1,1,0.951,5.452,,9921,108
"BaselineSweep",10000,1,195,686.770,686.773,679.225,1,1,1.026,6.520,,9932,108
"BaselineSweep",10000,1,196,681.418,681.413,673.331,1,1,1.020,7.067,,9964,107
"BaselineSweep",10000,1,197,682.664,682.665,675.170,1,1,0.970,6.525,,9958,108
"BaselineSweep",10000,1,198,684.666,684.620,675.206,1,1,1.029,8.431,,9952,107
"BaselineSweep",10000,1,199,683.995,684.043,678.562,1,1,1.030,4.404,,9980,108
"BaselineSweep",10000,1,200,680.964,680.961,675.332,1,1,1.012,4.620,,9942,107
"BaselineSweep",10000,1,201,703.707,703.706,698.279,1,1,0.990,4.438,,9982,108
"BaselineSweep",10000,1,202,693.685,693.679,686.216,1,1,1.001,6.467,,9998,106
"BaselineSweep",10000,1,203,677.580,677.530,668.665,1,1,0.998,7.917,,9926,108
"BaselineSweep",10000,1,204,682.438,682.472,674.576,1,1,0.988,6.874,,9961,108
"BaselineSweep",10000,1,205,682.754,682.745,677.304,1,1,0.972,4.478,,9918,108
"BaselineSweep",10000,1,206,676.611,676.628,671.166,1,1,1.004,4.441,,9886,108
"BaselineSweep",10000,1,207,671.906,671.905,666.482,1,1,0.990,4.433,,9952,108
"BaselineSweep",10000,1,208,687.588,687.586,682.245,1,1,0.986,4.357,,9803,107
"BaselineSweep",10000,1,209,694.196,694.189,688.525,1,1,0.973,4.698,,9944,106
"BaselineSweep",10000,1,210,688.734,688.738,683.197,1,1,1.033,4.504,,9976,106
"BaselineSweep",10000,1,211,693.636,693.633,687.188,1,1,0.977,5.471,,9974,108
"BaselineSweep",10000,1,212,695.236,695.229,688.572,1,1,0.984,5.681,,9976,108
"BaselineSweep",10000,1,213,703.335,703.338,695.138,1,1,0.991,7.206,,9922,106
"BaselineSweep",10000,1,214,707.155,707.157,701.663,1,1,1.008,4.484,,9971,108
"BaselineSweep",10000,1,215,697.901,697.896,692.317,1,1,0.992,4.592,,9939,108
"BaselineSweep",10000,1,216,713.056,713.053,707.091,1,1,1.071,4.893,,9988,108
"BaselineSweep",10000,1,217,710.417,710.403,704.778,1,1,0.999,4.639,,9939,108
"BaselineSweep",10000,1,218,706.534,706.544,697.377,1,1,1.059,8.098,,9934,107
"BaselineSweep",10000,1,219,697.367,697.368,691.751,1,1,0.978,4.638,,9823,108
"BaselineSweep",10000,1,220,696.099,696.099,690.550,1,1,1.006,4.542,,9576,108
"BaselineSweep",10000,1,221,709.273,709.239,701.854,1,1,1.008,6.412,,9831,108
"BaselineSweep",10000,1,222,697.844,697.875,692.403,1,1,1.022,4.419,,9969,108
"BaselineSweep",10000,1,223,698.638,698.637,693.264,1,1,0.987,4.388,,9981,107
"BaselineSweep",10000,1,224,689.796,689.790,684.312,1,1,1.011,4.473,,9938,107
"BaselineSweep",10000,1,225,694.902,694.889,687.868,1,1,1.031,6.003,,9952,108
"BaselineSweep",10000,1,226,686.028,686.041,680.552,1,1,0.990,4.486,,9864,107
"BaselineSweep",10000,1,227,685.480,685.478,680.018,1,1,0.975,4.487,,9826,108
"BaselineSweep",10000,1,228,691.378,691.363,682.224,1,1,1.020,8.134,,9960,108
"BaselineSweep",10000,1,229,690.345,690.348,684.445,1,1,0.996,4.904,,9971,108
"BaselineSweep",10000,1,230,691.269,691.273,685.774,1,1,0.976,4.519,,9785,108
"BaselineSweep",10000,1,231,696.172,696.168,690.496,1,1,1.061,4.615,,9958,108
"BaselineSweep",10000,1,232,720.779,720.772,715.125,1,1,1.000,4.654,,9967,107
"BaselineSweep",10000,1,233,707.202,707.209,699.245,1,1,0.978,6.979,,9962,108
"BaselineSweep",10000,1,234,677.173,677.133,670.099,1,1,1.013,6.060,,9929,108
"BaselineSweep",10000,1,235,681.732,681.757,673.361,1,1,1.124,7.247,,9950,108
"BaselineSweep",10000,1,236,691.815,691.819,686.230,1,1,0.999,4.586,,9978,108
"BaselineSweep",10000,1,237,693.755,693.744,685.194,1,1,1.096,7.465,,9967,107
"BaselineSweep",10000,1,238,693.651,693.663,688.373,1,1,0.973,4.305,,9774,108
"BaselineSweep",10000,1,239,676.346,676.343,670.818,1,1,0.963,4.566,,9991,108
"BaselineSweep",10000,1,240,688.784,688.784,683.370,1,1,1.011,4.404,,9938,108
"BaselineSweep",10000,1,241,690.019,690.017,684.432,1,1,1.001,4.586,,9962,108
"BaselineSweep",10000,1,242,699.799,699.792,691.930,1,1,1.068,6.801,,9963,108
"BaselineSweep",10000,1,243,690.857,690.860,685.419,1,1,0.978,4.460,,9973,108
"BaselineSweep",10000,1,244,697.046,697.047,691.578,1,1,0.972,4.497,,9985,107
"BaselineSweep",10000,1,245,682.467,682.452,674.937,1,1,0.984,6.546,,9949,108
"BaselineSweep",10000,1,246,704.442,704.447,698.735,1,1,1.012,4.696,,9966,108
"BaselineSweep",10000,1,247,697.279,697.282,691.908,1,1,1.030,4.341,,9967,108
"BaselineSweep",10000,1,248,708.742,708.742,703.087,1,1,1.121,4.534,,9823,108
"BaselineSweep",10000,1,249,708.284,708.283,702.214,1,1,1.196,4.874,,9965,108
"BaselineSweep",10000,1,250,689.105,689.103,683.704,1,1,1.011,4.390,,9841,108
"BaselineSweep",10000,1,251,705.767,705.765,700.051,1,1,1.062,4.654,,9849,106
"BaselineSweep",10000,1,252,683.955,683.949,678.704,1,1,1.066,4.185,,9972,108
"BaselineSweep",10000,1,253,691.832,691.833,686.338,1,1,1.052,4.441,,8041,105
"BaselineSweep",10000,1,254,700.357,700.355,694.709,1,1,1.050,4.598,,9977,108
"BaselineSweep",10000,1,255,695.108,695.109,689.379,1,1,1.044,4.685,,9959,108
"BaselineSweep",10000,1,256,707.634,707.629,700.075,1,1,1.107,6.452,,9960,108
"BaselineSweep",10000,1,257,684.390,684.394,679.011,1,1,0.979,4.400,,9986,107
"BaselineSweep",10000,1,258,689.320,689.249,682.637,1,1,1.040,5.643,,9951,108
"BaselineSweep",10000,1,259,696.700,696.713,688.259,1,1,0.981,7.460,,9943,107
"BaselineSweep",10000,1,260,701.920,701.972,696.576,1,1,1.023,4.321,,9967,108
"BaselineSweep",10000,1,261,696.678,696.673,690.766,1,1,0.976,4.936,,9982,108
"BaselineSweep",10000,1,262,700.178,700.178,694.759,1,1,1.027,4.392,,9972,107
"BaselineSweep",10000,1,263,704.349,704.347,698.682,1,1,0.994,4.673,,9973,108
"BaselineSweep",10000,1,264,700.083,700.071,694.636,1,1,0.994,4.453,,9982,108
"BaselineSweep",10000,1,265,695.620,695.624,688.221,1,1,0.993,6.406,,9954,107
"BaselineSweep",10000,1,266,696.866,696.858,688.307,1,1,1.009,7.550,,9960,108
"BaselineSweep",10000,1,267,694.020,694.032,688.453,1,1,0.975,4.593,,9977,108
"BaselineSweep",10000,1,268,696.405,696.403,691.026,1,1,1.037,4.343,,9853,108
"BaselineSweep",10000,1,269,695.959,695.953,690.600,1,1,0.984,4.375,,9940,108
"BaselineSweep",10000,1,270,691.441,691.441,685.896,1,1,1.016,4.530,,8311,108
"BaselineSweep",10000,1,271,711.540,711.536,705.560,1,1,1.010,4.970,,9975,108
"BaselineSweep",10000,1,272,718.112,718.099,710.546,1,1,1.022,6.544,,9962,107
"BaselineSweep",10000,1,273,716.650,716.660,711.144,1,1,1.034,4.472,,9974,105
"BaselineSweep",10000,1,274,710.752,710.745,704.936,1,1,1.006,4.810,,9973,108
"BaselineSweep",10000,1,275,708.812,708.745,700.516,1,1,1.049,7.246,,9927,108
"BaselineSweep",10000,1,276,702.965,703.026,697.298,1,1,0.984,4.683,,9959,107
"BaselineSweep",10000,1,277,705.025,705.025,699.536,1,1,1.030,4.458,,9836,108
"BaselineSweep",10000,1,278,698.148,698.143,692.348,1,1,1.004,4.796,,9938,108
"BaselineSweep",10000,1,279,697.653,697.583,689.750,1,1,1.057,6.846,,9891,108
"BaselineSweep",10000,1,280,691.981,692.057,686.365,1,1,0.993,4.623,,9975,108
"BaselineSweep",10000,1,281,699.595,699.586,690.973,1,1,0.996,7.626,,9978,107
"BaselineSweep",10000,1,282,702.291,702.297,696.949,1,1,1.018,4.325,,9979,108
"BaselineSweep",10000,1,283,702.692,702.689,694.020,1,1,1.007,7.665,,9946,108
"BaselineSweep",10000,1,284,701.238,701.153,694.282,1,1,1.045,5.911,,9949,108
"BaselineSweep",10000,1,285,705.828,705.908,699.856,1,1,1.016,4.955,,9970,108
"BaselineSweep",10000,1,286,711.088,711.076,703.697,1,1,1.041,6.351,,9966,108
"BaselineSweep",10000,1,287,712.954,712.956,704.302,1,1,1.050,7.602,,9966,108
"BaselineSweep",10000,1,288,704.864,704.860,696.331,1,1,0.988,7.545,,9934,108
"BaselineSweep",10000,1,289,706.584,706.564,699.565,1,1,1.000,6.019,,9951,108
"BaselineSweep",10000,1,290,698.300,698.315,692.656,1,1,0.989,4.654,,9957,108
"BaselineSweep",10000,1,291,693.223,693.232,687.874,1,1,1.065,4.284,,9954,108
"BaselineSweep",10000,1,292,692.544,692.541,684.964,1,1,0.984,6.597,,9963,108
"BaselineSweep",10000,1,293,691.903,691.908,686.263,1,1,0.992,4.648,,9976,108
"BaselineSweep",10000,1,294,688.998,688.994,683.497,1,1,1.010,4.490,,9904,108
"BaselineSweep",10000,1,295,699.005,698.995,691.021,1,1,1.033,6.951,,9849,107
"BaselineSweep",10000,1,296,691.424,691.416,683.962,1,1,0.972,6.490,,9991,108
"BaselineSweep",10000,1,297,677.477,677.485,672.039,1,1,0.983,4.456,,9959,107
"BaselineSweep",10000,1,298,697.300,697.302,691.239,1,1,1.143,4.918,,9921,108
"BaselineSweep",10000,1,299,697.684,697.677,691.959,1,1,0.996,4.729,,9978,108
"BaselineSweep",500,2,0,1.601,1.615,0.000,0,0,0.045,1.556,,511,13
"BaselineSweep",500,2,1,1.271,1.267,0.000,0,0,0.038,1.233,,511,13
"BaselineSweep",500,2,2,1.687,1.689,0.000,0,0,0.035,1.652,,512,13
"BaselineSweep",500,2,3,1.523,1.523,0.000,0,0,0.035,1.488,,515,13
"BaselineSweep",500,2,4,3.577,3.569,2.121,1,0,0.056,1.400,,515,13
"BaselineSweep",500,2,5,1.180,1.195,0.000,0,0,0.035,1.145,,511,11
"BaselineSweep",500,2,6,1.183,1.172,0.000,0,0,0.034,1.149,,515,13
"BaselineSweep",500,2,7,1.143,1.139,0.000,0,0,0.034,1.109,,514,13
"BaselineSweep",500,2,8,1.486,1.478,0.000,0,0,0.035,1.451,,514,13
"BaselineSweep",500,2,9,1.324,1.297,0.000,0,0,0.045,1.279,,511,13
"BaselineSweep",500,2,10,1.557,1.594,0.000,0,0,0.093,1.464,,513,13
"BaselineSweep",500,2,11,1.638,1.637,0.000,0,0,0.038,1.601,,514,13
"BaselineSweep",500,2,12,1.369,1.365,0.000,0,0,0.036,1.333,,516,13
"BaselineSweep",500,2,13,1.878,1.859,0.000,0,0,0.039,1.840,,516,13
"BaselineSweep",500,2,14,3.582,3.599,1.762,1,0,0.052,1.768,,513,13
"BaselineSweep",500,2,15,1.275,1.252,0.000,0,0,0.036,1.240,,513,13
"BaselineSweep",500,2,16,2.141,2.145,0.000,0,0,0.092,2.049,,515,13
"BaselineSweep",500,2,17,1.327,1.346,0.000,0,0,0.043,1.285,,516,13
"BaselineSweep",500,2,18,1.337,1.324,0.000,0,0,0.038,1.300,,511,13
"BaselineSweep",500,2,19,1.094,1.102,0.000,0,0,0.035,1.059,,513,13
"BaselineSweep",500,2,20,1.916,1.726,0.000,0,0,0.033,1.883,,515,13
"BaselineSweep",500,2,21,1.619,1.802,0.000,0,0,0.045,1.574,,514,13
"BaselineSweep",500,2,22,1.279,1.291,0.000,0,0,0.038,1.241,,516,13
"BaselineSweep",500,2,23,1.218,1.208,0.000,0,0,0.032,1.186,,517,13
"BaselineSweep",500,2,24,3.296,3.292,1.735,1,0,0.037,1.525,,516,13
"BaselineSweep",500,2,25,1.749,1.753,0.000,0,0,0.039,1.711,,514,13
"BaselineSweep",500,2,26,1.259,1.267,0.000,0,0,0.038,1.220,,517,13
"BaselineSweep",500,2,27,1.054,1.048,0.000,0,0,0.032,1.022,,512,13
"BaselineSweep",500,2,28,1.217,1.218,0.000,0,0,0.033,1.184,,516,13
"BaselineSweep",500,2,29,1.414,1.400,0.000,0,0,0.034,1.381,,514,13
"BaselineSweep",500,2,30,1.453,1.470,0.000,0,0,0.069,1.384,,515,13
"BaselineSweep",500,2,31,1.070,1.052,0.000,0,0,0.032,1.039,,517,13
"BaselineSweep",500,2,32,1.370,1.388,0.000,0,0,0.035,1.335,,518,13
"BaselineSweep",500,2,33,1.046,1.035,0.000,0,0,0.032,1.014,,508,13
"BaselineSweep",500,2,34,1.899,1.895,0.000,0,0,0.033,1.865,,515,13
"BaselineSweep",500,2,35,3.027,3.037,1.690,1,0,0.047,1.290,,517,13
"BaselineSweep",500,2,36,1.282,1.279,0.000,0,0,0.033,1.249,,518,12
"BaselineSweep",500,2,37,0.927,0.922,0.000,0,0,0.033,0.894,,515,13
"BaselineSweep",500,2,38,1.431,1.427,0.000,0,0,0.034,1.397,,517,13
"BaselineSweep",500,2,39,1.109,1.102,0.000,0,0,0.040,1.069,,517,13
"BaselineSweep",500,2,40,1.348,1.355,0.000,0,0,0.036,1.311,,518,13
"BaselineSweep",500,2,41,1.001,1.003,0.000,0,0,0.033,0.968,,517,13
"BaselineSweep",500,2,42,1.260,1.261,0.000,0,0,0.033,1.227,,518,13
"BaselineSweep",500,2,43,1.201,1.206,0.000,0,0,0.033,1.168,,513,13
"BaselineSweep",500,2,44,1.325,1.310,0.000,0,0,0.032,1.293,,517,13
"BaselineSweep",500,2,45,1.533,1.520,0.000,0,0,0.042,1.492,,517,13
"BaselineSweep",500,2,46,1.633,1.646,0.000,0,0,0.039,1.594,,519,13
"BaselineSweep",500,2,47,3.008,3.006,1.688,1,0,0.038,1.281,,518,13
"BaselineSweep",500,2,48,1.681,1.672,0.000,0,0,0.038,1.643,,520,13
"BaselineSweep",500,2,49,1.740,1.750,0.000,0,0,0.039,1.701,,519,13
"BaselineSweep",500,2,50,1.293,1.297,0.000,0,0,0.035,1.258,,516,13
"BaselineSweep",500,2,51,0.937,0.931,0.000,0,0,0.034,0.903,,519,13
"BaselineSweep",500,2,52,1.384,1.390,0.000,0,0,0.033,1.350,,519,13
"BaselineSweep",500,2,53,1.357,1.339,0.000,0,0,0.039,1.318,,519,13
"BaselineSweep",500,2,54,1.297,1.317,0.000,0,0,0.038,1.259,,513,13
"BaselineSweep",500,2,55,0.941,0.931,0.000,0,0,0.032,0.909,,519,13
"BaselineSweep",500,2,56,1.299,1.304,0.000,0,0,0.033,1.266,,520,13
"BaselineSweep",500,2,57,1.082,1.079,0.000,0,0,0.033,1.049,,520,13
"BaselineSweep",500,2,58,3.796,3.780,2.249,1,0,0.043,1.504,,521,13
"BaselineSweep",500,2,59,1.360,1.374,0.000,0,0,0.035,1.325,,521,13
"BaselineSweep",500,2,60,1.337,1.339,0.000,0,0,0.033,1.304,,518,13
"BaselineSweep",500,2,61,2.057,2.042,0.000,0,0,0.033,2.024,,519,13
"BaselineSweep",500,2,62,1.272,1.287,0.000,0,0,0.041,1.231,,518,12
"BaselineSweep",500,2,63,1.365,1.361,0.000,0,0,0.037,1.328,,519,13
"BaselineSweep",500,2,64,1.265,1.266,0.000,0,0,0.035,1.231,,520,13
"BaselineSweep",500,2,65,1.278,1.278,0.000,0,0,0.033,1.245,,519,13
"BaselineSweep",500,2,66,1.291,1.287,0.000,0,0,0.033,1.258,,517,13
"BaselineSweep",500,2,67,1.759,1.751,0.000,0,0,0.035,1.725,,517,13
"BaselineSweep",500,2,68,3.191,3.198,1.687,1,0,0.042,1.462,,521,13
"BaselineSweep",500,2,69,1.280,1.289,0.000,0,0,0.037,1.244,,520,13
"BaselineSweep",500,2,70,2.071,2.041,0.000,0,0,0.031,2.040,,518,13
"BaselineSweep",500,2,71,1.368,1.392,0.000,0,0,0.043,1.326,,517,13
"BaselineSweep",500,2,72,1.340,1.336,0.000,0,0,0.034,1.306,,520,13
"BaselineSweep",500,2,73,1.185,1.191,0.000,0,0,0.033,1.152,,521,13
"BaselineSweep",500,2,74,1.422,1.411,0.000,0,0,0.032,1.390,,518,13
"BaselineSweep",500,2,75,1.569,1.570,0.000,0,0,0.037,1.532,,511,13
"BaselineSweep",500,2,76,1.718,1.708,0.000,0,0,0.038,1.681,,517,13
"BaselineSweep",500,2,77,0.593,0.606,0.000,0,0,0.039,0.554,,520,13
"BaselineSweep",500,2,78,1.233,1.232,0.000,0,0,0.033,1.200,,218,13
"BaselineSweep",500,2,79,3.343,3.330,1.742,1,0,0.040,1.561,,818,13
"BaselineSweep",500,2,80,1.861,1.861,0.000,0,0,0.037,1.824,,515,13
"BaselineSweep",500,2,81,0.570,0.576,0.000,0,0,0.034,0.536,,519,13
"BaselineSweep",500,2,82,1.262,1.272,0.000,0,0,0.036,1.226,,428,12
"BaselineSweep",500,2,83,1.250,1.244,0.000,0,0,0.031,1.219,,607,13
"BaselineSweep",500,2,84,2.047,2.000,0.000,0,0,0.032,2.015,,511,13
"BaselineSweep",500,2,85,0.553,0.600,0.000,0,0,0.043,0.509,,514,13
"BaselineSweep",500,2,86,0.867,0.851,0.000,0,0,0.037,0.831,,517,13
"BaselineSweep",500,2,87,1.369,1.385,0.000,0,0,0.034,1.335,,515,13
"BaselineSweep",500,2,88,1.225,1.223,0.000,0,0,0.032,1.193,,516,13
"BaselineSweep",500,2,89,1.835,1.820,0.000,0,0,0.031,1.804,,520,13
"BaselineSweep",500,2,90,3.184,3.196,1.739,1,0,0.045,1.400,,518,13
"BaselineSweep",500,2,91,1.326,1.321,0.000,0,0,0.032,1.294,,515,13
"BaselineSweep",500,2,92,1.811,1.804,0.000,0,0,0.035,1.776,,520,13
"BaselineSweep",500,2,93,0.522,0.521,0.000,0,0,0.034,0.487,,521,13
"BaselineSweep",500,2,94,1.345,1.352,0.000,0,0,0.067,1.278,,519,13
"BaselineSweep",500,2,95,1.260,1.264,0.000,0,0,0.041,1.220,,517,13
"BaselineSweep",500,2,96,1.335,1.330,0.000,0,0,0.033,1.302,,518,13
"BaselineSweep",500,2,97,1.337,1.335,0.000,0,0,0.032,1.305,,517,13
"BaselineSweep",500,2,98,1.294,1.235,0.000,0,0,0.032,1.262,,520,13
"BaselineSweep",500,2,99,1.467,1.488,0.000,0,0,0.033,1.434,,517,13
"BaselineSweep",500,2,100,0.660,0.695,0.000,0,0,0.052,0.608,,519,13
"BaselineSweep",500,2,101,1.704,1.698,0.000,0,0,0.034,1.670,,519,13
"BaselineSweep",500,2,102,3.164,3.164,1.708,1,0,0.038,1.418,,516,13
"BaselineSweep",500,2,103,1.556,1.552,0.000,0,0,0.034,1.522,,519,13
"BaselineSweep",500,2,104,0.818,0.815,0.000,0,0,0.038,0.780,,516,13
"BaselineSweep",500,2,105,1.600,1.609,0.000,0,0,0.035,1.565,,472,13
"BaselineSweep",500,2,106,1.182,1.184,0.000,0,0,0.032,1.150,,565,13
"BaselineSweep",500,2,107,1.323,1.318,0.000,0,0,0.032,1.291,,521,13
"BaselineSweep",500,2,108,1.895,1.880,0.000,0,0,0.033,1.862,,519,13
"BaselineSweep",500,2,109,1.449,1.462,0.000,0,0,0.045,1.404,,517,13
"BaselineSweep",500,2,110,0.913,0.908,0.000,0,0,0.036,0.877,,518,13
"BaselineSweep",500,2,111,1.241,1.239,0.000,0,0,0.034,1.208,,521,13
"BaselineSweep",500,2,112,1.580,1.587,0.000,0,0,0.032,1.548,,519,13
"BaselineSweep",500,2,113,3.191,3.180,1.794,1,0,0.054,1.342,,518,13
"BaselineSweep",500,2,114,1.215,1.227,0.000,0,0,0.034,1.182,,515,13
"BaselineSweep",500,2,115,1.600,1.588,0.000,0,0,0.032,1.568,,517,13
"BaselineSweep",500,2,116,1.293,1.297,0.000,0,0,0.034,1.259,,519,13
"BaselineSweep",500,2,117,1.245,1.248,0.000,0,0,0.036,1.209,,520,13
"BaselineSweep",500,2,118,1.324,1.322,0.000,0,0,0.034,1.290,,521,13
"BaselineSweep",500,2,119,1.343,1.344,0.000,0,0,0.034,1.309,,521,13
"BaselineSweep",500,2,120,0.864,0.857,0.000,0,0,0.032,0.832,,515,13
"BaselineSweep",500,2,121,0.603,0.613,0.000,0,0,0.034,0.569,,517,13
"BaselineSweep",500,2,122,0.738,0.725,0.000,0,0,0.032,0.706,,518,13
"BaselineSweep",500,2,123,1.328,1.329,0.000,0,0,0.035,1.292,,519,13
"BaselineSweep",500,2,124,1.681,1.680,0.000,0,0,0.039,1.643,,514,13
"BaselineSweep",500,2,125,3.054,3.055,1.750,1,0,0.041,1.264,,519,13
"BaselineSweep",500,2,126,1.142,1.154,0.000,0,0,0.031,1.111,,516,13
"BaselineSweep",500,2,127,0.937,0.907,0.000,0,0,0.031,0.906,,519,13
"BaselineSweep",500,2,128,1.258,1.265,0.000,0,0,0.049,1.209,,521,13
"BaselineSweep",500,2,129,1.369,1.380,0.000,0,0,0.035,1.334,,521,13
"BaselineSweep",500,2,130,0.893,0.889,0.000,0,0,0.033,0.860,,520,13
"BaselineSweep",500,2,131,0.456,0.460,0.000,0,0,0.033,0.424,,520,13
"BaselineSweep",500,2,132,1.207,1.212,0.000,0,0,0.034,1.173,,517,13
"BaselineSweep",500,2,133,1.261,1.253,0.000,0,0,0.032,1.228,,519,13
"BaselineSweep",500,2,134,1.449,1.441,0.000,0,0,0.037,1.412,,521,13
"BaselineSweep",500,2,135,1.227,1.238,0.000,0,0,0.040,1.188,,517,13
"BaselineSweep",500,2,136,0.755,0.740,0.000,0,0,0.035,0.719,,518,13
"BaselineSweep",500,2,137,1.618,1.623,0.000,0,0,0.038,1.580,,520,13
"BaselineSweep",500,2,138,3.275,3.273,1.742,1,0,0.038,1.495,,519,13
"BaselineSweep",500,2,139,1.302,1.312,0.000,0,0,0.038,1.264,,518,13
"BaselineSweep",500,2,140,0.788,0.765,0.000,0,0,0.032,0.755,,521,13
"BaselineSweep",500,2,141,1.277,1.296,0.000,0,0,0.036,1.241,,516,13
"BaselineSweep",500,2,142,1.752,1.751,0.000,0,0,0.032,1.720,,521,13
"BaselineSweep",500,2,143,0.953,0.900,0.000,0,0,0.032,0.921,,519,13
"BaselineSweep",500,2,144,1.205,1.245,0.000,0,0,0.046,1.159,,518,13
"BaselineSweep",500,2,145,1.346,1.356,0.000,0,0,0.036,1.310,,516,13
"BaselineSweep",500,2,146,0.885,0.872,0.000,0,0,0.033,0.852,,521,13
"BaselineSweep",500,2,147,0.501,0.509,0.000,0,0,0.037,0.464,,518,13
"BaselineSweep",500,2,148,0.985,0.980,0.000,0,0,0.035,0.950,,443,13
"BaselineSweep",500,2,149,0.427,0.437,0.000,0,0,0.035,0.392,,596,13
"BaselineSweep",500,2,150,1.182,1.180,0.000,0,0,0.032,1.150,,492,13
"BaselineSweep",500,2,151,1.415,1.400,0.000,0,0,0.034,1.380,,545,13
"BaselineSweep",500,2,152,3.419,3.424,2.002,1,0,0.051,1.366,,512,13
"BaselineSweep",500,2,153,1.157,1.165,0.000,0,0,0.037,1.120,,519,13
"BaselineSweep",500,2,154,0.810,0.795,0.000,0,0,0.031,0.779,,521,13
"BaselineSweep",500,2,155,1.394,1.400,0.000,0,0,0.036,1.358,,521,13
"BaselineSweep",500,2,156,1.452,1.438,0.000,0,0,0.037,1.415,,515,13
"BaselineSweep",500,2,157,0.868,0.881,0.000,0,0,0.036,0.832,,513,13
"BaselineSweep",500,2,158,0.700,0.700,0.000,0,0,0.039,0.661,,519,13
"BaselineSweep",500,2,159,1.281,1.283,0.000,0,0,0.035,1.246,,520,13
"BaselineSweep",500,2,160,0.737,0.732,0.000,0,0,0.034,0.703,,519,13
"BaselineSweep",500,2,161,1.332,1.322,0.000,0,0,0.035,1.297,,519,13
"BaselineSweep",500,2,162,0.860,0.862,0.000,0,0,0.054,0.806,,518,13
"BaselineSweep",500,2,163,1.252,1.265,0.000,0,0,0.039,1.213,,521,13
"BaselineSweep",500,2,164,0.773,0.761,0.000,0,0,0.034,0.739,,519,13
"BaselineSweep",500,2,165,3.510,3.511,2.176,1,0,0.037,1.297,,519,13
"BaselineSweep",500,2,166,1.395,1.393,0.000,0,0,0.035,1.360,,521,13
"BaselineSweep",500,2,167,0.744,0.740,0.000,0,0,0.038,0.705,,521,13
"BaselineSweep",500,2,168,1.263,1.272,0.000,0,0,0.039,1.224,,520,13
"BaselineSweep",500,2,169,0.763,0.755,0.000,0,0,0.033,0.730,,519,13
"BaselineSweep",500,2,170,0.454,0.465,0.000,0,0,0.037,0.417,,520,13
"BaselineSweep",500,2,171,1.194,1.193,0.000,0,0,0.033,1.161,,519,13
"BaselineSweep",500,2,172,0.866,0.851,0.000,0,0,0.033,0.832,,518,13
"BaselineSweep",500,2,173,1.979,1.965,0.000,0,0,0.037,1.942,,521,13
"BaselineSweep",500,2,174,1.356,1.379,0.000,0,0,0.042,1.314,,520,13
"BaselineSweep",500,2,175,0.674,0.662,0.000,0,0,0.041,0.633,,520,13
"BaselineSweep",500,2,176,0.575,0.579,0.000,0,0,0.037,0.538,,510,13
"BaselineSweep",500,2,177,1.248,1.253,0.000,0,0,0.036,1.212,,529,13
"BaselineSweep",500,2,178,3.469,3.452,1.734,1,0,0.045,1.690,,520,13
"BaselineSweep",500,2,179,1.231,1.247,0.000,0,0,0.035,1.196,,517,13
"BaselineSweep",500,2,180,1.178,1.179,0.000,0,0,0.031,1.147,,521,13
"BaselineSweep",500,2,181,0.880,0.868,0.000,0,0,0.030,0.850,,520,13
"BaselineSweep",500,2,182,1.377,1.380,0.000,0,0,0.037,1.340,,519,13
"BaselineSweep",500,2,183,1.539,1.532,0.000,0,0,0.033,1.507,,518,13
"BaselineSweep",500,2,184,0.848,0.845,0.000,0,0,0.037,0.810,,515,13
"BaselineSweep",500,2,185,0.636,0.644,0.000,0,0,0.036,0.599,,520,13
"BaselineSweep",500,2,186,1.245,1.249,0.000,0,0,0.035,1.210,,520,13
"BaselineSweep",500,2,187,0.809,0.800,0.000,0,0,0.031,0.778,,517,13
"BaselineSweep",500,2,188,1.949,1.942,0.000,0,0,0.035,1.914,,521,13
"BaselineSweep",500,2,189,1.448,1.441,0.000,0,0,0.037,1.411,,520,13
"BaselineSweep",500,2,190,0.901,0.907,0.000,0,0,0.037,0.863,,520,13
"BaselineSweep",500,2,191,2.932,2.944,1.661,1,0,0.038,1.234,,519,13
"BaselineSweep",500,2,192,2.043,2.019,0.000,0,0,0.031,2.012,,520,13
"BaselineSweep",500,2,193,1.537,1.557,0.000,0,0,0.042,1.495,,519,13
"BaselineSweep",500,2,194,0.734,0.724,0.000,0,0,0.033,0.701,,520,13
"BaselineSweep",500,2,195,0.426,0.439,0.000,0,0,0.035,0.391,,520,13
"BaselineSweep",500,2,196,1.297,1.289,0.000,0,0,0.031,1.266,,520,13
"BaselineSweep",500,2,197,0.937,0.906,0.000,0,0,0.033,0.905,,519,13
"BaselineSweep",500,2,198,0.557,0.593,0.000,0,0,0.092,0.466,,520,13
"BaselineSweep",500,2,199,0.905,0.890,0.000,0,0,0.032,0.874,,461,13
"BaselineSweep",500,2,200,1.440,1.439,0.000,0,0,0.035,1.405,,576,13
"BaselineSweep",500,2,201,1.374,1.384,0.000,0,0,0.039,1.335,,515,13
"BaselineSweep",500,2,202,1.724,1.710,0.000,0,0,0.036,1.689,,518,13
"BaselineSweep",500,2,203,3.325,3.315,1.650,1,0,0.038,1.637,,520,13
"BaselineSweep",500,2,204,1.355,1.373,0.000,0,0,0.041,1.314,,520,13
"BaselineSweep",500,2,205,1.321,1.326,0.000,0,0,0.036,1.285,,521,13
"BaselineSweep",500,2,206,1.570,1.559,0.000,0,0,0.033,1.536,,521,13
"BaselineSweep",500,2,207,1.252,1.259,0.000,0,0,0.034,1.218,,520,13
"BaselineSweep",500,2,208,0.720,0.710,0.000,0,0,0.034,0.686,,521,13
"BaselineSweep",500,2,209,1.276,1.266,0.000,0,0,0.039,1.236,,519,13
"BaselineSweep",500,2,210,1.344,1.358,0.000,0,0,0.041,1.303,,519,13
"BaselineSweep",500,2,211,1.354,1.355,0.000,0,0,0.036,1.318,,521,13
"BaselineSweep",500,2,212,1.302,1.306,0.000,0,0,0.033,1.269,,521,13
"BaselineSweep",500,2,213,0.766,0.756,0.000,0,0,0.031,0.735,,520,13
"BaselineSweep",500,2,214,0.637,0.639,0.000,0,0,0.036,0.601,,442,13
"BaselineSweep",500,2,215,1.494,1.486,0.000,0,0,0.037,1.456,,591,13
"BaselineSweep",500,2,216,3.459,3.468,2.016,1,0,0.055,1.388,,517,13
"BaselineSweep",500,2,217,1.483,1.473,0.000,0,0,0.033,1.450,,521,13
"BaselineSweep",500,2,218,0.738,0.734,0.000,0,0,0.036,0.702,,516,13
"BaselineSweep",500,2,219,0.824,0.828,0.000,0,0,0.042,0.782,,508,13
"BaselineSweep",500,2,220,1.643,1.648,0.000,0,0,0.040,1.603,,532,13
"BaselineSweep",500,2,221,1.728,1.725,0.000,0,0,0.036,1.692,,519,12
"BaselineSweep",500,2,222,0.433,0.443,0.000,0,0,0.034,0.399,,518,13
"BaselineSweep",500,2,223,1.274,1.271,0.000,0,0,0.031,1.243,,519,13
"BaselineSweep",500,2,224,0.757,0.747,0.000,0,0,0.032,0.726,,520,13
"BaselineSweep",500,2,225,0.580,0.589,0.000,0,0,0.039,0.541,,520,13
"BaselineSweep",500,2,226,1.290,1.282,0.000,0,0,0.037,1.252,,516,12
"BaselineSweep",500,2,227,0.765,0.757,0.000,0,0,0.038,0.727,,517,13
"BaselineSweep",500,2,228,1.241,1.255,0.000,0,0,0.038,1.203,,521,13
"BaselineSweep",500,2,229,3.340,3.331,2.046,1,0,0.036,1.258,,520,13
"BaselineSweep",500,2,230,1.373,1.363,0.000,0,0,0.031,1.342,,520,13
"BaselineSweep",500,2,231,0.672,0.679,0.000,0,0,0.041,0.631,,514,13
"BaselineSweep",500,2,232,0.614,0.611,0.000,0,0,0.037,0.578,,367,13
"BaselineSweep",500,2,233,0.532,0.542,0.000,0,0,0.046,0.486,,667,13
"BaselineSweep",500,2,234,1.282,1.280,0.000,0,0,0.043,1.239,,518,13
"BaselineSweep",500,2,235,1.006,0.992,0.000,0,0,0.032,0.974,,521,13
"BaselineSweep",500,2,236,0.405,0.423,0.000,0,0,0.031,0.374,,518,13
"BaselineSweep",500,2,237,1.478,1.465,0.000,0,0,0.035,1.443,,518,13
"BaselineSweep",500,2,238,0.975,0.964,0.000,0,0,0.036,0.939,,519,13
"BaselineSweep",500,2,239,1.668,1.685,0.000,0,0,0.041,1.627,,519,13
"BaselineSweep",500,2,240,0.951,0.919,0.000,0,0,0.031,0.920,,520,13
"BaselineSweep",500,2,241,0.530,0.566,0.000,0,0,0.088,0.442,,521,13
"BaselineSweep",500,2,242,0.960,0.945,0.000,0,0,0.033,0.928,,513,13
"BaselineSweep",500,2,243,0.537,0.544,0.000,0,0,0.046,0.491,,521,13
"BaselineSweep",500,2,244,3.515,3.508,2.066,1,0,0.046,1.403,,452,13
"BaselineSweep",500,2,245,1.684,1.685,0.000,0,0,0.033,1.651,,588,13
"BaselineSweep",500,2,246,1.287,1.292,0.000,0,0,0.035,1.253,,520,13
"BaselineSweep",500,2,247,1.294,1.295,0.000,0,0,0.032,1.261,,518,13
"BaselineSweep",500,2,248,1.532,1.520,0.000,0,0,0.033,1.499,,516,13
"BaselineSweep",500,2,249,1.220,1.232,0.000,0,0,0.038,1.181,,520,13
"BaselineSweep",500,2,250,1.170,1.172,0.000,0,0,0.032,1.138,,519,13
"BaselineSweep",500,2,251,0.927,0.899,0.000,0,0,0.030,0.897,,518,13
"BaselineSweep",500,2,252,0.617,0.638,0.000,0,0,0.061,0.556,,515,13
"BaselineSweep",500,2,253,0.891,0.861,0.000,0,0,0.031,0.860,,481,13
"BaselineSweep",500,2,254,0.602,0.618,0.000,0,0,0.085,0.517,,556,13
"BaselineSweep",500,2,255,1.874,1.857,0.000,0,0,0.040,1.833,,520,13
"BaselineSweep",500,2,256,3.155,3.182,1.773,1,0,0.047,1.335,,520,13
"BaselineSweep",500,2,257,1.284,1.285,0.000,0,0,0.031,1.252,,520,13
"BaselineSweep",500,2,258,0.778,0.725,0.000,0,0,0.032,0.746,,518,13
"BaselineSweep",500,2,259,1.316,1.363,0.000,0,0,0.043,1.273,,517,13
"BaselineSweep",500,2,260,0.789,0.772,0.000,0,0,0.042,0.747,,520,13
"BaselineSweep",500,2,261,0.911,0.929,0.000,0,0,0.095,0.817,,521,13
"BaselineSweep",500,2,262,1.293,1.293,0.000,0,0,0.035,1.258,,516,13
"BaselineSweep",500,2,263,1.223,1.224,0.000,0,0,0.035,1.188,,521,13
"BaselineSweep",500,2,264,1.244,1.241,0.000,0,0,0.034,1.211,,520,13
"BaselineSweep",500,2,265,1.445,1.430,0.000,0,0,0.035,1.410,,520,13
"BaselineSweep",500,2,266,0.748,0.755,0.000,0,0,0.043,0.706,,516,13
"BaselineSweep",500,2,267,0.652,0.645,0.000,0,0,0.042,0.611,,521,13
"BaselineSweep",500,2,268,0.538,0.549,0.000,0,0,0.038,0.501,,519,13
"BaselineSweep",500,2,269,0.764,0.747,0.000,0,0,0.034,0.730,,517,13
"BaselineSweep",500,2,270,1.429,1.447,0.000,0,0,0.037,1.391,,516,13
"BaselineSweep",500,2,271,3.619,3.602,2.169,1,0,0.055,1.395,,520,13
"BaselineSweep",500,2,272,1.220,1.237,0.000,0,0,0.036,1.185,,519,13
"BaselineSweep",500,2,273,1.369,1.363,0.000,0,0,0.032,1.337,,521,13
"BaselineSweep",500,2,274,1.208,1.215,0.000,0,0,0.036,1.172,,521,13
"BaselineSweep",500,2,275,0.865,0.852,0.000,0,0,0.030,0.835,,519,13
"BaselineSweep",500,2,276,1.538,1.527,0.000,0,0,0.035,1.503,,337,12
"BaselineSweep",500,2,277,0.594,0.606,0.000,0,0,0.041,0.553,,701,14
"BaselineSweep",500,2,278,1.329,1.331,0.000,0,0,0.037,1.293,,520,13
"BaselineSweep",500,2,279,0.771,0.765,0.000,0,0,0.032,0.739,,520,13
"BaselineSweep",500,2,280,0.526,0.528,0.000,0,0,0.036,0.490,,517,13
"BaselineSweep",500,2,281,0.824,0.822,0.000,0,0,0.036,0.789,,496,13
"BaselineSweep",500,2,282,1.339,1.346,0.000,0,0,0.038,1.302,,543,13
"BaselineSweep",500,2,283,1.660,1.649,0.000,0,0,0.036,1.625,,517,13
"BaselineSweep",500,2,284,3.672,3.667,2.180,1,0,0.047,1.444,,518,13
"BaselineSweep",500,2,285,1.340,1.346,0.000,0,0,0.034,1.306,,519,13
"BaselineSweep",500,2,286,1.409,1.406,0.000,0,0,0.037,1.372,,516,13
"BaselineSweep",500,2,287,0.776,0.769,0.000,0,0,0.042,0.734,,521,13
"BaselineSweep",500,2,288,0.460,0.476,0.000,0,0,0.042,0.418,,519,13
"BaselineSweep",500,2,289,1.302,1.303,0.000,0,0,0.038,1.264,,520,13
"BaselineSweep",500,2,290,0.709,0.697,0.000,0,0,0.033,0.675,,519,13
"BaselineSweep",500,2,291,0.509,0.519,0.000,0,0,0.038,0.471,,516,13
"BaselineSweep",500,2,292,0.655,0.640,0.000,0,0,0.040,0.615,,518,13
"BaselineSweep",500,2,293,0.566,0.575,0.000,0,0,0.042,0.524,,521,13
"BaselineSweep",500,2,294,1.730,1.716,0.000,0,0,0.035,1.695,,517,13
"BaselineSweep",500,2,295,0.702,0.699,0.000,0,0,0.045,0.657,,519,13
"BaselineSweep",500,2,296,1.489,1.505,0.000,0,0,0.100,1.389,,520,13
"BaselineSweep",500,2,297,3.093,3.092,1.729,1,0,0.036,1.328,,520,13
"BaselineSweep",500,2,298,2.021,1.993,0.000,0,0,0.034,1.987,,516,13
"BaselineSweep",500,2,299,1.455,1.466,0.000,0,0,0.048,1.408,,521,13
"BaselineSweep",2000,2,0,29.165,29.163,26.969,1,1,0.189,2.007,,2004,28
"BaselineSweep",2000,2,1,30.146,30.137,27.247,1,1,0.198,2.701,,2010,28
"BaselineSweep",2000,2,2,29.378,29.382,27.117,1,1,0.210,2.051,,2006,28
"BaselineSweep",2000,2,3,30.424,30.424,28.203,1,1,0.201,2.020,,2000,27
"BaselineSweep",2000,2,4,29.621,29.617,27.376,1,1,0.201,2.045,,2013,28
"BaselineSweep",2000,2,5,29.752,29.754,27.624,1,1,0.195,1.933,,1993,28
"BaselineSweep",2000,2,6,29.282,29.281,27.155,1,1,0.209,1.917,,2007,28
"BaselineSweep",2000,2,7,29.765,29.764,27.609,1,1,0.197,1.960,,2011,28
"BaselineSweep",2000,2,8,29.404,29.394,27.180,1,1,0.198,2.027,,2005,26
"BaselineSweep",2000,2,9,29.806,29.811,27.660,1,1,0.198,1.947,,2001,28
"BaselineSweep",2000,2,10,30.476,30.479,28.341,1,1,0.202,1.934,,2010,28
"BaselineSweep",2000,2,11,34.165,34.155,31.894,1,1,0.211,2.060,,2003,27
"BaselineSweep",2000,2,12,30.373,30.364,26.973,1,1,0.202,3.198,,2001,28
"BaselineSweep",2000,2,13,29.160,29.171,26.903,1,1,0.202,2.055,,2004,27
"BaselineSweep",2000,2,14,30.815,30.813,28.484,1,1,0.214,2.117,,2008,27
"BaselineSweep",2000,2,15,30.976,30.970,28.756,1,1,0.205,2.014,,2007,27
"BaselineSweep",2000,2,16,30.157,30.158,27.408,1,1,0.198,2.552,,1994,27
"BaselineSweep",2000,2,17,29.959,29.960,27.554,1,1,0.200,2.206,,2001,28
"BaselineSweep",2000,2,18,30.922,30.919,28.602,1,1,0.219,2.100,,2003,26
"BaselineSweep",2000,2,19,30.169,30.169,27.969,1,1,0.209,1.991,,2012,27
"BaselineSweep",2000,2,20,30.899,30.894,28.678,1,1,0.198,2.024,,2010,28
"BaselineSweep",2000,2,21,30.455,30.454,28.133,1,1,0.211,2.110,,2004,28
"BaselineSweep",2000,2,22,29.658,29.662,27.505,1,1,0.201,1.952,,2006,28
"BaselineSweep",2000,2,23,31.135,31.127,28.828,1,1,0.216,2.092,,2008,28
"BaselineSweep",2000,2,24,30.322,30.317,27.681,1,1,0.211,2.431,,1998,27
"BaselineSweep",2000,2,25,30.158,30.167,27.961,1,1,0.206,1.991,,2009,27
"BaselineSweep",2000,2,26,32.576,32.573,30.350,1,1,0.221,2.005,,2015,28
"BaselineSweep",2000,2,27,31.615,31.594,29.306,1,1,0.210,2.099,,1998,28
"BaselineSweep",2000,2,28,31.484,31.492,28.690,1,1,0.212,2.581,,2008,26
"BaselineSweep",2000,2,29,31.630,31.632,29.374,1,1,0.208,2.049,,2008,28
"BaselineSweep",2000,2,30,31.536,31.537,29.289,1,1,0.204,2.043,,2015,28
"BaselineSweep",2000,2,31,33.122,33.121,30.885,1,1,0.206,2.031,,2004,28
"BaselineSweep",2000,2,32,32.085,32.074,29.778,1,1,0.204,2.103,,2006,28
"BaselineSweep",2000,2,33,30.809,30.814,28.480,1,1,0.212,2.118,,2005,28
"BaselineSweep",2000,2,34,31.628,31.617,28.083,1,1,0.209,3.336,,2011,28
"BaselineSweep",2000,2,35,31.953,31.943,27.857,1,1,0.225,3.871,,2013,28
"BaselineSweep",2000,2,36,30.374,30.384,27.771,1,1,0.207,2.396,,2013,28
"BaselineSweep",2000,2,37,31.174,31.179,28.884,1,1,0.219,2.072,,2015,28
"BaselineSweep",2000,2,38,32.075,32.057,28.838,1,1,0.215,3.022,,2009,28
"BaselineSweep",2000,2,39,33.500,33.511,31.150,1,1,0.206,2.145,,2008,28
"BaselineSweep",2000,2,40,31.426,31.424,28.893,1,1,0.211,2.322,,2012,27
"BaselineSweep",2000,2,41,32.464,32.457,29.299,1,1,0.206,2.959,,2015,28
"BaselineSweep",2000,2,42,30.540,30.546,28.200,1,1,0.208,2.132,,2010,26
"BaselineSweep",2000,2,43,31.343,31.336,29.072,1,1,0.205,2.066,,2012,27
"BaselineSweep",2000,2,44,30.903,30.907,28.116,1,1,0.221,2.566,,2003,26
"BaselineSweep",2000,2,45,31.450,31.433,28.636,1,1,0.202,2.612,,2005,28
"BaselineSweep",2000,2,46,30.959,30.971,27.748,1,1,0.221,2.990,,2010,28
"BaselineSweep",2000,2,47,29.907,29.912,27.711,1,1,0.200,1.996,,2010,28
"BaselineSweep",2000,2,48,30.918,30.912,28.699,1,1,0.200,2.019,,2011,28
"BaselineSweep",2000,2,49,30.082,30.081,27.785,1,1,0.199,2.099,,2013,28
"BaselineSweep",2000,2,50,29.446,29.447,27.271,1,1,0.198,1.976,,2013,28
"BaselineSweep",2000,2,51,29.998,29.992,27.828,1,1,0.209,1.962,,2013,28
"BaselineSweep",2000,2,52,31.649,31.648,29.369,1,1,0.199,2.082,,2011,27
"BaselineSweep",2000,2,53,30.748,30.745,28.526,1,1,0.205,2.017,,2016,28
"BaselineSweep",2000,2,54,33.195,33.186,29.173,1,1,0.230,3.793,,2009,28
"BaselineSweep",2000,2,55,30.759,30.766,28.455,1,1,0.213,2.091,,2008,28
"BaselineSweep",2000,2,56,30.522,30.523,28.269,1,1,0.204,2.049,,2014,27
"BaselineSweep",2000,2,57,30.302,30.297,28.058,1,1,0.212,2.032,,2017,27
"BaselineSweep",2000,2,58,30.427,30.430,28.198,1,1,0.205,2.024,,2011,28
"BaselineSweep",2000,2,59,30.915,30.908,28.635,1,1,0.199,2.081,,2011,28
"BaselineSweep",2000,2,60,31.321,31.322,29.078,1,1,0.207,2.037,,1525,27
"BaselineSweep",2000,2,61,31.322,31.321,29.041,1,1,0.203,2.077,,1953,28
"BaselineSweep",2000,2,62,31.333,31.323,28.406,1,1,0.215,2.713,,2012,27
"BaselineSweep",2000,2,63,30.651,30.660,28.346,1,1,0.217,2.087,,2016,27
"BaselineSweep",2000,2,64,32.859,32.854,30.516,1,1,0.200,2.142,,1966,26
"BaselineSweep",2000,2,65,31.692,31.686,28.771,1,1,0.202,2.719,,2017,27
"BaselineSweep",2000,2,66,32.382,32.384,29.184,1,1,0.204,2.994,,2011,28
"BaselineSweep",2000,2,67,30.213,30.210,27.970,1,1,0.202,2.041,,2011,27
"BaselineSweep",2000,2,68,30.995,30.995,28.655,1,1,0.204,2.136,,2014,28
"BaselineSweep",2000,2,69,30.705,30.697,27.918,1,1,0.209,2.579,,2012,26
"BaselineSweep",2000,2,70,30.765,30.771,28.058,1,1,0.209,2.498,,2010,28
"BaselineSweep",2000,2,71,29.633,29.632,27.331,1,1,0.198,2.104,,2014,27
"BaselineSweep",2000,2,72,29.806,29.798,27.490,1,1,0.198,2.118,,2004,28
"BaselineSweep",2000,2,73,30.353,30.357,28.096,1,1,0.204,2.054,,2013,28
"BaselineSweep",2000,2,74,29.844,29.843,27.519,1,1,0.203,2.122,,2004,27
"BaselineSweep",2000,2,75,30.470,30.463,28.073,1,1,0.201,2.197,,2014,28
"BaselineSweep",2000,2,76,30.245,30.249,27.663,1,1,0.202,2.381,,2017,28
"BaselineSweep",2000,2,77,29.565,29.562,27.191,1,1,0.199,2.175,,2007,28
"BaselineSweep",2000,2,78,30.132,30.117,27.299,1,1,0.207,2.626,,2016,28
"BaselineSweep",2000,2,79,30.297,30.308,27.978,1,1,0.203,2.116,,2020,28
"BaselineSweep",2000,2,80,30.592,30.592,28.366,1,1,0.194,2.032,,2010,28
"BaselineSweep",2000,2,81,31.082,31.078,28.071,1,1,0.201,2.809,,2014,26
"BaselineSweep",2000,2,82,30.171,30.173,27.915,1,1,0.196,2.060,,2013,28
"BaselineSweep",2000,2,83,30.178,30.119,27.087,1,1,0.199,2.893,,2013,28
"BaselineSweep",2000,2,84,30.554,30.605,27.803,1,1,0.211,2.540,,2018,28
"BaselineSweep",2000,2,85,31.018,31.016,28.698,1,1,0.208,2.112,,2013,28
"BaselineSweep",2000,2,86,29.728,29.731,27.462,1,1,0.200,2.067,,2014,28
"BaselineSweep",2000,2,87,29.976,29.978,27.749,1,1,0.212,2.015,,2011,28
"BaselineSweep",2000,2,88,31.147,31.143,28.874,1,1,0.198,2.074,,2003,28
"BaselineSweep",2000,2,89,29.827,29.815,26.927,1,1,0.202,2.698,,2016,27
"BaselineSweep",2000,2,90,29.411,29.421,27.169,1,1,0.210,2.032,,2012,28
"BaselineSweep",2000,2,91,30.941,30.934,28.457,1,1,0.200,2.284,,2019,26
"BaselineSweep",2000,2,92,30.142,30.145,27.823,1,1,0.203,2.115,,2005,27
"BaselineSweep",2000,2,93,30.199,30.196,27.973,1,1,0.197,2.029,,2011,28
"BaselineSweep",2000,2,94,29.310,29.311,27.088,1,1,0.194,2.028,,2009,28
"BaselineSweep",2000,2,95,30.551,30.539,27.372,1,1,0.206,2.972,,2003,27
"BaselineSweep",2000,2,96,30.829,30.841,28.572,1,1,0.207,2.051,,2014,28
"BaselineSweep",2000,2,97,31.252,31.241,29.024,1,1,0.230,1.998,,2012,28
"BaselineSweep",2000,2,98,30.540,30.545,28.340,1,1,0.207,1.993,,2010,28
"BaselineSweep",2000,2,99,31.663,31.615,28.677,1,1,0.197,2.790,,2014,28
"BaselineSweep",2000,2,100,30.624,30.663,28.340,1,1,0.200,2.084,,2003,27
"BaselineSweep",2000,2,101,31.043,31.015,28.212,1,1,0.210,2.621,,2004,28
"BaselineSweep",2000,2,102,30.823,30.851,28.557,1,1,0.233,2.033,,2007,27
"BaselineSweep",2000,2,103,30.995,30.947,28.473,1,1,0.204,2.318,,2006,28
"BaselineSweep",2000,2,104,29.788,29.804,27.523,1,1,0.201,2.065,,2007,27
"BaselineSweep",2000,2,105,29.874,29.904,27.715,1,1,0.202,1.957,,2010,28
"BaselineSweep",2000,2,106,31.228,31.219,29.027,1,1,0.199,2.002,,2013,28
"BaselineSweep",2000,2,107,30.668,30.672,28.378,1,1,0.209,2.082,,2006,28
"BaselineSweep",2000,2,108,31.602,31.593,28.583,1,1,0.205,2.815,,2011,27
"BaselineSweep",2000,2,109,30.514,30.520,28.208,1,1,0.210,2.096,,2012,28
"BaselineSweep",2000,2,110,30.631,30.629,28.402,1,1,0.204,2.024,,2010,28
"BaselineSweep",2000,2,111,31.200,31.196,28.903,1,1,0.201,2.095,,2018,28
"BaselineSweep",2000,2,112,29.990,29.986,27.130,1,1,0.201,2.658,,2014,28
"BaselineSweep",2000,2,113,31.035,31.020,28.120,1,1,0.215,2.700,,2013,27
"BaselineSweep",2000,2,114,30.715,30.730,28.453,1,1,0.207,2.055,,2014,27
"BaselineSweep",2000,2,115,30.469,30.465,28.257,1,1,0.202,2.010,,2016,28
"BaselineSweep",2000,2,116,31.159,31.161,28.918,1,1,0.225,2.016,,2014,28
"BaselineSweep",2000,2,117,31.447,31.432,27.509,1,1,0.202,3.736,,2011,28
"BaselineSweep",2000,2,118,30.172,30.183,27.653,1,1,0.204,2.314,,2016,28
"BaselineSweep",2000,2,119,30.407,30.404,28.127,1,1,0.208,2.073,,2010,28
"BaselineSweep",2000,2,120,31.048,31.046,28.718,1,1,0.206,2.124,,2007,28
"BaselineSweep",2000,2,121,30.606,30.606,28.307,1,1,0.210,2.089,,2013,28
"BaselineSweep",2000,2,122,30.801,30.790,27.846,1,1,0.202,2.754,,2015,26
"BaselineSweep",2000,2,123,30.224,30.236,27.974,1,1,0.202,2.048,,2013,28
"BaselineSweep",2000,2,124,30.159,30.154,27.875,1,1,0.201,2.084,,2014,28
"BaselineSweep",2000,2,125,31.285,31.276,28.959,1,1,0.209,2.117,,2009,27
"BaselineSweep",2000,2,126,31.899,31.903,29.639,1,1,0.212,2.049,,2016,28
"BaselineSweep",2000,2,127,31.456,31.445,28.023,1,1,0.203,3.229,,2007,28
"BaselineSweep",2000,2,128,30.168,30.175,27.806,1,1,0.208,2.153,,2010,28
"BaselineSweep",2000,2,129,30.613,30.609,28.339,1,1,0.201,2.073,,2016,28
"BaselineSweep",2000,2,130,31.230,31.235,28.124,1,1,0.213,2.893,,2012,27
"BaselineSweep",2000,2,131,30.655,30.652,28.354,1,1,0.204,2.098,,2014,28
"BaselineSweep",2000,2,132,29.990,29.991,27.771,1,1,0.203,2.016,,2012,27
"BaselineSweep",2000,2,133,31.801,31.799,29.510,1,1,0.213,2.079,,2011,26
"BaselineSweep",2000,2,134,31.345,31.345,29.042,1,1,0.213,2.090,,2007,28
"BaselineSweep",2000,2,135,31.042,31.039,28.732,1,1,0.207,2.104,,2007,28
"BaselineSweep",2000,2,136,30.799,30.802,28.180,1,1,0.231,2.387,,2013,28
"BaselineSweep",2000,2,137,31.140,31.139,28.924,1,1,0.207,2.008,,2012,28
"BaselineSweep",2000,2,138,30.565,30.555,28.180,1,1,0.203,2.182,,2013,28
"BaselineSweep",2000,2,139,30.485,30.484,28.227,1,1,0.202,2.055,,2005,28
"BaselineSweep",2000,2,140,30.268,30.269,27.992,1,1,0.207,2.069,,2005,27
"BaselineSweep",2000,2,141,30.784,30.776,28.052,1,1,0.207,2.525,,2014,28
"BaselineSweep",2000,2,142,29.916,29.921,27.638,1,1,0.201,2.077,,2011,28
"BaselineSweep",2000,2,143,30.809,30.803,28.483,1,1,0.208,2.118,,2006,28
"BaselineSweep",2000,2,144,30.750,30.755,28.502,1,1,0.214,2.034,,1996,28
"BaselineSweep",2000,2,145,30.679,30.675,28.368,1,1,0.205,2.106,,2010,28
"BaselineSweep",2000,2,146,31.312,31.312,28.925,1,1,0.227,2.161,,2010,28
"BaselineSweep",2000,2,147,31.236,31.228,28.912,1,1,0.210,2.114,,2011,28
"BaselineSweep",2000,2,148,31.045,31.047,28.729,1,1,0.212,2.104,,2013,26
"BaselineSweep",2000,2,149,31.228,31.167,28.738,1,1,0.210,2.280,,2006,27
"BaselineSweep",2000,2,150,33.821,33.875,29.428,1,1,0.217,4.176,,2018,28
"BaselineSweep",2000,2,151,30.718,30.723,28.340,1,1,0.215,2.164,,2012,28
"BaselineSweep",2000,2,152,30.898,30.894,28.156,1,1,0.201,2.540,,2018,28
"BaselineSweep",2000,2,153,32.189,32.188,29.864,1,1,0.205,2.120,,2008,28
"BaselineSweep",2000,2,154,30.816,30.814,27.749,1,1,0.202,2.865,,2012,27
"BaselineSweep",2000,2,155,30.116,30.113,27.684,1,1,0.210,2.222,,2016,28
"BaselineSweep",2000,2,156,30.412,30.413,28.105,1,1,0.207,2.100,,2009,28
"BaselineSweep",2000,2,157,30.541,30.537,28.196,1,1,0.206,2.139,,2018,26
"BaselineSweep",2000,2,158,30.998,30.997,28.623,1,1,0.205,2.170,,2014,28
"BaselineSweep",2000,2,159,30.291,30.291,28.034,1,1,0.205,2.052,,2003,28
"BaselineSweep",2000,2,160,31.297,31.292,28.094,1,1,0.205,2.998,,2012,28
"BaselineSweep",2000,2,161,30.541,30.544,28.195,1,1,0.206,2.141,,2007,28
"BaselineSweep",2000,2,162,30.426,30.429,28.210,1,1,0.205,2.011,,2017,28
"BaselineSweep",2000,2,163,30.793,30.784,28.155,1,1,0.214,2.424,,2000,28
"BaselineSweep",2000,2,164,29.851,29.856,27.537,1,1,0.202,2.112,,2017,26
"BaselineSweep",2000,2,165,30.640,30.629,28.297,1,1,0.204,2.140,,2011,28
"BaselineSweep",2000,2,166,30.660,30.667,28.375,1,1,0.202,2.083,,2012,28
"BaselineSweep",2000,2,167,30.579,30.564,27.732,1,1,0.205,2.643,,2013,28
"BaselineSweep",2000,2,168,31.096,31.098,28.391,1,1,0.204,2.501,,2014,27
"BaselineSweep",2000,2,169,30.561,30.564,28.148,1,1,0.203,2.210,,2007,28
"BaselineSweep",2000,2,170,31.305,31.294,28.236,1,1,0.206,2.863,,2015,26
"BaselineSweep",2000,2,171,30.499,30.506,27.851,1,1,0.207,2.442,,2016,28
"BaselineSweep",2000,2,172,31.042,31.039,27.747,1,1,0.205,3.090,,2004,27
"BaselineSweep",2000,2,173,30.025,30.032,27.706,1,1,0.208,2.112,,2016,28
"BaselineSweep",2000,2,174,30.618,30.611,28.292,1,1,0.200,2.126,,2016,27
"BaselineSweep",2000,2,175,30.548,30.549,28.257,1,1,0.205,2.086,,2012,28
"BaselineSweep",2000,2,176,30.345,30.335,27.586,1,1,0.204,2.555,,2011,28
"BaselineSweep",2000,2,177,30.579,30.580,28.241,1,1,0.208,2.130,,2002,28
"BaselineSweep",2000,2,178,30.704,30.707,28.419,1,1,0.206,2.079,,2014,28
"BaselineSweep",2000,2,179,30.491,30.486,28.119,1,1,0.200,2.172,,2015,27
"BaselineSweep",2000,2,180,30.875,30.873,28.540,1,1,0.207,2.128,,2011,27
"BaselineSweep",2000,2,181,31.102,31.101,28.777,1,1,0.205,2.120,,2012,26
"BaselineSweep",2000,2,182,31.063,31.060,28.661,1,1,0.213,2.189,,2011,28
"BaselineSweep",2000,2,183,30.994,30.996,27.964,1,1,0.202,2.828,,1930,28
"BaselineSweep",2000,2,184,30.919,30.912,28.559,1,1,0.232,2.127,,2011,28
"BaselineSweep",2000,2,185,30.048,30.052,27.790,1,1,0.208,2.051,,2011,28
"BaselineSweep",2000,2,186,30.574,30.567,28.294,1,1,0.205,2.076,,2012,28
"BaselineSweep",2000,2,187,31.688,31.696,29.348,1,1,0.212,2.128,,2015,28
"BaselineSweep",2000,2,188,31.691,31.683,29.340,1,1,0.199,2.153,,2018,28
"BaselineSweep",2000,2,189,30.641,30.636,28.031,1,1,0.218,2.393,,2008,28
"BaselineSweep",2000,2,190,31.002,31.009,28.766,1,1,0.202,2.034,,2008,28
"BaselineSweep",2000,2,191,30.644,30.644,28.407,1,1,0.206,2.032,,2016,26
"BaselineSweep",2000,2,192,30.959,30.956,28.670,1,1,0.204,2.086,,2013,28
"BaselineSweep",2000,2,193,31.050,31.044,28.715,1,1,0.207,2.128,,2011,28
"BaselineSweep",2000,2,194,31.392,31.388,28.623,1,1,0.207,2.561,,2012,28
"BaselineSweep",2000,2,195,31.140,31.143,28.842,1,1,0.205,2.092,,2016,28
"BaselineSweep",2000,2,196,31.255,31.256,28.998,1,1,0.204,2.053,,2012,27
"BaselineSweep",2000,2,197,31.727,31.724,29.426,1,1,0.205,2.096,,2014,28
"BaselineSweep",2000,2,198,31.146,31.145,28.896,1,1,0.208,2.042,,2011,28
"BaselineSweep",2000,2,199,31.011,31.009,28.714,1,1,0.205,2.092,,1955,28
"BaselineSweep",2000,2,200,31.709,31.692,28.912,1,1,0.214,2.583,,2014,28
"BaselineSweep",2000,2,201,31.721,31.731,29.409,1,1,0.214,2.097,,2014,26
"BaselineSweep",2000,2,202,31.158,31.157,28.820,1,1,0.205,2.133,,2011,28
"BaselineSweep",2000,2,203,32.454,32.453,30.200,1,1,0.209,2.045,,1960,28
"BaselineSweep",2000,2,204,31.251,31.244,28.869,1,1,0.208,2.174,,2016,28
"BaselineSweep",2000,2,205,32.295,32.297,29.717,1,1,0.208,2.370,,2014,28
"BaselineSweep",2000,2,206,33.087,33.076,29.507,1,1,0.207,3.372,,2009,28
"BaselineSweep",2000,2,207,31.221,31.228,28.887,1,1,0.208,2.126,,2010,28
"BaselineSweep",2000,2,208,31.189,31.189,28.847,1,1,0.210,2.133,,2014,28
"BaselineSweep",2000,2,209,31.413,31.409,29.002,1,1,0.210,2.201,,2018,28
"BaselineSweep",2000,2,210,32.536,32.537,30.220,1,1,0.205,2.112,,2007,28
"BaselineSweep",2000,2,211,31.523,31.521,29.128,1,1,0.206,2.189,,2013,28
"BaselineSweep",2000,2,212,31.144,31.136,28.490,1,1,0.203,2.451,,2017,28
"BaselineSweep",2000,2,213,30.979,30.986,28.689,1,1,0.209,2.081,,2006,28
"BaselineSweep",2000,2,214,31.598,31.599,29.302,1,1,0.205,2.091,,1975,28
"BaselineSweep",2000,2,215,31.083,31.079,28.799,1,1,0.201,2.084,,2014,28
"BaselineSweep",2000,2,216,30.986,30.987,28.640,1,1,0.203,2.143,,2015,28
"BaselineSweep",2000,2,217,31.006,31.000,28.636,1,1,0.200,2.170,,2017,28
"BaselineSweep",2000,2,218,32.022,32.014,29.259,1,1,0.201,2.562,,2017,24
"BaselineSweep",2000,2,219,30.173,30.178,27.879,1,1,0.201,2.093,,2014,25
"BaselineSweep",2000,2,220,30.395,30.398,28.129,1,1,0.202,2.063,,2015,28
"BaselineSweep",2000,2,221,30.464,30.453,28.089,1,1,0.205,2.170,,2014,27
"BaselineSweep",2000,2,222,30.308,30.313,28.017,1,1,0.208,2.084,,2016,28
"BaselineSweep",2000,2,223,30.384,30.383,28.057,1,1,0.201,2.126,,2017,28
"BaselineSweep",2000,2,224,30.344,30.330,28.102,1,1,0.203,2.039,,2016,28
"BaselineSweep",2000,2,225,30.832,30.835,28.091,1,1,0.208,2.533,,2009,27
"BaselineSweep",2000,2,226,30.702,30.709,27.892,1,1,0.209,2.602,,2011,28
"BaselineSweep",2000,2,227,30.508,30.504,28.199,1,1,0.199,2.110,,2017,28
"BaselineSweep",2000,2,228,30.142,30.144,27.965,1,1,0.198,1.979,,2018,28
"BaselineSweep",2000,2,229,29.440,29.439,27.246,1,1,0.197,1.997,,2013,28
"BaselineSweep",2000,2,230,29.554,29.541,27.287,1,1,0.201,2.067,,1959,27
"BaselineSweep",2000,2,231,29.751,29.761,27.502,1,1,0.198,2.052,,2013,27
"BaselineSweep",2000,2,232,31.345,31.335,28.147,1,1,0.205,2.993,,2016,28
"BaselineSweep",2000,2,233,30.630,30.634,27.874,1,1,0.202,2.554,,2018,28
"BaselineSweep",2000,2,234,30.703,30.701,28.435,1,1,0.201,2.068,,2014,28
"BaselineSweep",2000,2,235,30.837,30.823,28.221,1,1,0.201,2.415,,2014,27
"BaselineSweep",2000,2,236,29.902,29.916,27.550,1,1,0.202,2.150,,2013,28
"BaselineSweep",2000,2,237,29.654,29.654,27.429,1,1,0.200,2.025,,2013,28
"BaselineSweep",2000,2,238,30.044,30.019,27.701,1,1,0.198,2.145,,2020,27
"BaselineSweep",2000,2,239,30.205,30.226,27.702,1,1,0.330,2.174,,2010,27
"BaselineSweep",2000,2,240,30.986,30.976,28.312,1,1,0.212,2.461,,2020,28
"BaselineSweep",2000,2,241,30.870,30.873,27.409,1,1,0.201,3.259,,2010,28
"BaselineSweep",2000,2,242,30.960,30.963,28.662,1,1,0.202,2.095,,2014,28
"BaselineSweep",2000,2,243,30.601,30.596,28.318,1,1,0.198,2.085,,2008,28
"BaselineSweep",2000,2,244,30.813,30.812,28.526,1,1,0.203,2.084,,2013,28
"BaselineSweep",2000,2,245,30.509,30.506,28.249,1,1,0.201,2.059,,2015,28
"BaselineSweep",2000,2,246,30.505,30.506,28.236,1,1,0.201,2.068,,2007,28
"BaselineSweep",2000,2,247,30.172,30.171,27.913,1,1,0.207,2.051,,2013,28
"BaselineSweep",2000,2,248,30.715,30.705,27.834,1,1,0.200,2.682,,2016,28
"BaselineSweep",2000,2,249,31.171,31.166,28.297,1,1,0.205,2.669,,2008,27
"BaselineSweep",2000,2,250,31.701,31.702,28.200,1,1,0.205,3.296,,2018,28
"BaselineSweep",2000,2,251,30.053,30.059,27.859,1,1,0.199,1.995,,2015,28
"BaselineSweep",2000,2,252,30.753,30.747,28.410,1,1,0.216,2.127,,2018,28
"BaselineSweep",2000,2,253,30.840,30.844,28.679,1,1,0.205,1.957,,2011,28
"BaselineSweep",2000,2,254,30.480,30.484,28.345,1,1,0.207,1.929,,2018,27
"BaselineSweep",2000,2,255,30.744,30.734,28.550,1,1,0.206,1.989,,2008,28
"BaselineSweep",2000,2,256,30.252,30.254,28.053,1,1,0.203,1.996,,2000,28
"BaselineSweep",2000,2,257,31.476,31.464,28.184,1,1,0.198,3.094,,2014,28
"BaselineSweep",2000,2,258,30.507,30.513,28.194,1,1,0.206,2.106,,2017,28
"BaselineSweep",2000,2,259,31.951,31.931,29.015,1,1,0.202,2.735,,2012,28
"BaselineSweep",2000,2,260,30.931,30.946,28.126,1,1,0.207,2.598,,2015,27
"BaselineSweep",2000,2,261,31.144,31.144,28.816,1,1,0.206,2.122,,2012,28
"BaselineSweep",2000,2,262,30.634,30.631,28.186,1,1,0.207,2.242,,2008,28
"BaselineSweep",2000,2,263,31.530,31.527,29.271,1,1,0.205,2.055,,2015,28
"BaselineSweep",2000,2,264,31.189,31.195,29.036,1,1,0.209,1.945,,2000,27
"BaselineSweep",2000,2,265,31.760,31.755,29.459,1,1,0.198,2.103,,2010,27
"BaselineSweep",2000,2,266,31.266,31.266,29.076,1,1,0.203,1.987,,2013,28
"BaselineSweep",2000,2,267,31.301,31.295,28.301,1,1,0.201,2.798,,2014,28
"BaselineSweep",2000,2,268,31.128,31.129,27.931,1,1,0.219,2.978,,2010,28
"BaselineSweep",2000,2,269,31.717,31.708,28.931,1,1,0.207,2.579,,1985,26
"BaselineSweep",2000,2,270,31.332,31.335,28.598,1,1,0.203,2.532,,2006,27
"BaselineSweep",2000,2,271,32.204,32.201,28.862,1,1,0.205,3.137,,2006,28
"BaselineSweep",2000,2,272,31.478,31.485,28.327,1,1,0.203,2.949,,2006,27
"BaselineSweep",2000,2,273,31.510,31.505,28.741,1,1,0.204,2.565,,2014,28
"BaselineSweep",2000,2,274,30.078,30.080,27.815,1,1,0.202,2.061,,2011,28
"BaselineSweep",2000,2,275,30.330,30.326,28.051,1,1,0.207,2.072,,2017,27
"BaselineSweep",2000,2,276,31.991,31.991,29.748,1,1,0.210,2.033,,2009,28
"BaselineSweep",2000,2,277,32.015,32.007,28.589,1,1,0.198,3.229,,2009,28
"BaselineSweep",2000,2,278,30.819,30.821,28.503,1,1,0.202,2.114,,2010,27
"BaselineSweep",2000,2,279,30.976,30.972,28.173,1,1,0.202,2.602,,2009,28
"BaselineSweep",2000,2,280,30.247,30.250,28.055,1,1,0.199,1.993,,2017,28
"BaselineSweep",2000,2,281,30.033,30.032,27.775,1,1,0.198,2.060,,2013,28
"BaselineSweep",2000,2,282,30.606,30.600,28.352,1,1,0.208,2.046,,2010,28
"BaselineSweep",2000,2,283,31.048,31.046,28.395,1,1,0.202,2.452,,2011,27
"BaselineSweep",2000,2,284,30.644,30.619,27.296,1,1,0.196,3.152,,2013,28
"BaselineSweep",2000,2,285,31.013,31.029,27.664,1,1,0.216,3.133,,2010,28
"BaselineSweep",2000,2,286,30.441,30.442,27.568,1,1,0.198,2.676,,2006,26
"BaselineSweep",2000,2,287,30.329,30.324,27.085,1,1,0.206,3.038,,2018,28
"BaselineSweep",2000,2,288,30.070,30.072,27.448,1,1,0.201,2.421,,2014,28
"BaselineSweep",2000,2,289,30.203,30.199,27.262,1,1,0.209,2.731,,2016,28
"BaselineSweep",2000,2,290,30.311,30.309,27.721,1,1,0.199,2.391,,2018,28
"BaselineSweep",2000,2,291,29.516,29.518,26.911,1,1,0.201,2.404,,2019,28
"BaselineSweep",2000,2,292,30.093,30.086,27.422,1,1,0.197,2.474,,2018,28
"BaselineSweep",2000,2,293,30.504,30.502,27.680,1,1,0.198,2.626,,2015,28
"BaselineSweep",2000,2,294,30.133,30.137,27.484,1,1,0.201,2.449,,2012,28
"BaselineSweep",2000,2,295,30.164,30.150,27.373,1,1,0.202,2.589,,2014,28
"BaselineSweep",2000,2,296,29.846,29.816,27.055,1,1,0.197,2.595,,1785,27
"BaselineSweep",2000,2,297,29.950,29.989,27.322,1,1,0.202,2.426,,2007,28
"BaselineSweep",2000,2,298,31.216,31.208,28.411,1,1,0.218,2.588,,2015,28
"BaselineSweep",2000,2,299,32.476,32.482,29.761,1,1,0.211,2.504,,2014,28
"BaselineSweep",5000,2,0,181.261,181.254,177.633,1,1,0.545,3.082,,4999,57
"BaselineSweep",5000,2,1,179.012,179.020,175.173,1,1,0.509,3.330,,4974,58
"BaselineSweep",5000,2,2,178.547,178.536,175.074,1,1,0.509,2.964,,4974,58
"BaselineSweep",5000,2,3,176.875,176.886,173.389,1,1,0.546,2.940,,4997,58
"BaselineSweep",5000,2,4,176.009,176.008,172.607,1,1,0.500,2.903,,4979,58
"BaselineSweep",5000,2,5,177.227,177.220,172.342,1,1,0.500,4.384,,4984,58
"BaselineSweep",5000,2,6,182.259,182.221,177.540,1,1,0.517,4.202,,4984,58
"BaselineSweep",5000,2,7,181.603,181.643,177.867,1,1,0.500,3.235,,4953,58
"BaselineSweep",5000,2,8,177.801,177.796,174.414,1,1,0.490,2.898,,4991,58
"BaselineSweep",5000,2,9,179.948,179.942,176.483,1,1,0.505,2.960,,4984,58
"BaselineSweep",5000,2,10,177.631,177.627,174.199,1,1,0.509,2.923,,4991,57
"BaselineSweep",5000,2,11,178.617,178.622,175.197,1,1,0.498,2.922,,5000,57
"BaselineSweep",5000,2,12,180.808,180.805,177.389,1,1,0.530,2.889,,4998,58
"BaselineSweep",5000,2,13,179.693,179.687,175.634,1,1,0.504,3.554,,4984,58
"BaselineSweep",5000,2,14,176.830,176.829,172.041,1,1,0.500,4.290,,4975,57
"BaselineSweep",5000,2,15,180.571,180.562,177.142,1,1,0.501,2.927,,4967,58
"BaselineSweep",5000,2,16,181.167,181.159,176.166,1,1,0.507,4.494,,4941,57
"BaselineSweep",5000,2,17,179.963,179.970,176.381,1,1,0.490,3.093,,4989,58
"BaselineSweep",5000,2,18,177.736,177.742,174.276,1,1,0.524,2.936,,4998,57
"BaselineSweep",5000,2,19,174.906,174.905,171.462,1,1,0.514,2.930,,4983,58
"BaselineSweep",5000,2,20,177.187,177.183,173.615,1,1,0.523,3.049,,5000,58
"BaselineSweep",5000,2,21,175.566,175.552,171.955,1,1,0.499,3.111,,4976,58
"BaselineSweep",5000,2,22,174.621,174.620,170.239,1,1,0.496,3.886,,4993,57
"BaselineSweep",5000,2,23,174.493,174.498,170.226,1,1,0.502,3.765,,4978,57
"BaselineSweep",5000,2,24,174.946,174.939,169.897,1,1,0.499,4.550,,5005,57
"BaselineSweep",5000,2,25,181.423,181.421,177.282,1,1,0.515,3.626,,5002,58
"BaselineSweep",5000,2,26,179.690,179.695,175.836,1,1,0.516,3.339,,4987,58
"BaselineSweep",5000,2,27,177.601,177.601,174.242,1,1,0.516,2.843,,4992,58
"BaselineSweep",5000,2,28,175.802,175.796,172.471,1,1,0.493,2.838,,4963,58
"BaselineSweep",5000,2,29,174.550,174.532,170.684,1,1,0.504,3.362,,4987,58
"BaselineSweep",5000,2,30,177.569,177.578,172.932,1,1,0.503,4.134,,4979,58
"BaselineSweep",5000,2,31,178.848,178.843,175.467,1,1,0.493,2.889,,5000,58
"BaselineSweep",5000,2,32,184.482,184.486,179.114,1,1,0.492,4.875,,4989,58
"BaselineSweep",5000,2,33,176.105,176.104,172.553,1,1,0.527,3.025,,4982,57
"BaselineSweep",5000,2,34,178.774,178.771,174.744,1,1,0.512,3.518,,4989,58
"BaselineSweep",5000,2,35,177.984,177.986,174.624,1,1,0.506,2.853,,4747,57
"BaselineSweep",5000,2,36,177.795,177.790,174.440,1,1,0.509,2.845,,4999,58
"BaselineSweep",5000,2,37,175.363,175.366,171.948,1,1,0.508,2.908,,4990,58
"BaselineSweep",5000,2,38,182.374,182.367,177.843,1,1,0.515,4.016,,4993,57
"BaselineSweep",5000,2,39,176.859,176.857,173.435,1,1,0.497,2.926,,4557,58
"BaselineSweep",5000,2,40,177.425,177.428,174.101,1,1,0.497,2.827,,4993,57
"BaselineSweep",5000,2,41,175.433,175.404,170.966,1,1,0.498,3.969,,5001,58
"BaselineSweep",5000,2,42,176.362,176.379,172.347,1,1,0.536,3.478,,5000,58
"BaselineSweep",5000,2,43,181.209,181.202,177.018,1,1,0.501,3.690,,5003,57
"BaselineSweep",5000,2,44,179.118,179.119,173.884,1,1,0.498,4.737,,5002,57
"BaselineSweep",5000,2,45,183.082,183.072,178.362,1,1,0.495,4.225,,5006,58
"BaselineSweep",5000,2,46,179.712,179.720,175.732,1,1,0.515,3.465,,4999,58
"BaselineSweep",5000,2,47,179.163,179.160,175.083,1,1,0.500,3.580,,4996,57
"BaselineSweep",5000,2,48,177.441,177.391,173.135,1,1,0.501,3.805,,5007,58
"BaselineSweep",5000,2,49,178.544,178.590,173.649,1,1,0.488,4.407,,4997,58
"BaselineSweep",5000,2,50,177.358,177.346,171.480,1,1,0.482,5.396,,4978,55
"BaselineSweep",5000,2,51,182.182,182.191,178.042,1,1,0.494,3.647,,4985,57
"BaselineSweep",5000,2,52,171.483,171.482,167.564,1,1,0.485,3.435,,4997,58
"BaselineSweep",5000,2,53,174.929,174.927,170.726,1,1,0.486,3.717,,4995,58
"BaselineSweep",5000,2,54,175.634,175.640,170.789,1,1,0.496,4.349,,4989,57
"BaselineSweep",5000,2,55,177.181,177.177,172.498,1,1,0.510,4.173,,4978,57
"BaselineSweep",5000,2,56,179.190,179.197,175.671,1,1,0.486,3.033,,5003,58
"BaselineSweep",5000,2,57,173.847,173.843,170.487,1,1,0.490,2.869,,4996,57
"BaselineSweep",5000,2,58,169.942,169.943,166.573,1,1,0.516,2.852,,4998,58
"BaselineSweep",5000,2,59,177.068,177.064,173.678,1,1,0.499,2.891,,5010,58
"BaselineSweep",5000,2,60,180.758,180.751,176.081,1,1,0.513,4.165,,5003,58
"BaselineSweep",5000,2,61,172.902,172.906,169.522,1,1,0.491,2.889,,4993,56
"BaselineSweep",5000,2,62,183.970,183.932,178.584,1,1,0.522,4.864,,5010,58
"BaselineSweep",5000,2,63,185.388,185.420,181.651,1,1,0.486,3.251,,4982,58
"BaselineSweep",5000,2,64,175.383,175.381,171.810,1,1,0.500,3.074,,4976,58
"BaselineSweep",5000,2,65,177.718,177.720,174.372,1,1,0.488,2.857,,4985,58
"BaselineSweep",5000,2,66,175.791,175.777,171.301,1,1,0.490,4.000,,4986,58
"BaselineSweep",5000,2,67,172.013,172.024,168.590,1,1,0.502,2.921,,4983,58
"BaselineSweep",5000,2,68,179.485,179.480,174.789,1,1,0.530,4.166,,4992,58
"BaselineSweep",5000,2,69,177.588,177.578,173.870,1,1,0.494,3.224,,4998,58
"BaselineSweep",5000,2,70,174.618,174.628,171.149,1,1,0.497,2.971,,4991,57
"BaselineSweep",5000,2,71,178.347,178.341,174.777,1,1,0.493,3.077,,5010,58
"BaselineSweep",5000,2,72,179.179,179.180,175.476,1,1,0.504,3.199,,5009,58
"BaselineSweep",5000,2,73,179.370,179.369,175.941,1,1,0.502,2.927,,5007,58
"BaselineSweep",5000,2,74,180.570,180.561,177.082,1,1,0.510,2.979,,4999,58
"BaselineSweep",5000,2,75,182.672,182.675,179.237,1,1,0.494,2.942,,4995,58
"BaselineSweep",5000,2,76,179.603,179.608,176.167,1,1,0.503,2.933,,4998,58
"BaselineSweep",5000,2,77,181.888,181.875,176.912,1,1,0.504,4.472,,4995,57
"BaselineSweep",5000,2,78,181.649,181.622,176.203,1,1,0.511,4.936,,4992,58
"BaselineSweep",5000,2,79,177.886,177.911,174.297,1,1,0.515,3.074,,4983,58
"BaselineSweep",5000,2,80,180.844,180.840,177.111,1,1,0.510,3.223,,4998,58
"BaselineSweep",5000,2,81,178.156,178.154,174.654,1,1,0.514,2.988,,4990,58
"BaselineSweep",5000,2,82,180.322,180.330,176.748,1,1,0.527,3.047,,5007,58
"BaselineSweep",5000,2,83,182.180,182.173,177.158,1,1,0.509,4.514,,5004,58
"BaselineSweep",5000,2,84,180.922,180.925,177.465,1,1,0.515,2.943,,4958,57
"BaselineSweep",5000,2,85,183.483,183.468,179.976,1,1,0.505,3.002,,5001,58
"BaselineSweep",5000,2,86,181.612,181.616,177.865,1,1,0.519,3.229,,4996,58
"BaselineSweep",5000,2,87,187.056,187.048,183.420,1,1,0.507,3.129,,5005,58
"BaselineSweep",5000,2,88,183.436,183.447,179.204,1,1,0.509,3.723,,5001,58
"BaselineSweep",5000,2,89,181.385,181.339,176.845,1,1,0.586,3.954,,4999,55
"BaselineSweep",5000,2,90,182.187,182.229,178.608,1,1,0.497,3.081,,4994,56
"BaselineSweep",5000,2,91,179.099,179.097,175.453,1,1,0.503,3.143,,4988,58
"BaselineSweep",5000,2,92,181.174,181.171,177.721,1,1,0.547,2.907,,5000,57
"BaselineSweep",5000,2,93,181.227,181.225,177.572,1,1,0.495,3.160,,4992,58
"BaselineSweep",5000,2,94,176.933,176.936,173.509,1,1,0.493,2.931,,5003,57
"BaselineSweep",5000,2,95,183.643,183.589,178.919,1,1,0.568,4.156,,4995,58
"BaselineSweep",5000,2,96,177.167,177.206,173.127,1,1,0.515,3.525,,4647,58
"BaselineSweep",5000,2,97,174.858,174.866,171.331,1,1,0.604,2.924,,4995,58
"BaselineSweep",5000,2,98,178.331,178.330,174.847,1,1,0.498,2.986,,5005,58
"BaselineSweep",5000,2,99,178.915,178.906,175.054,1,1,0.493,3.368,,4995,57
"BaselineSweep",5000,2,100,176.937,176.945,173.580,1,1,0.596,2.761,,4995,58
"BaselineSweep",5000,2,101,180.540,180.524,176.921,1,1,0.507,3.111,,4780,58
"BaselineSweep",5000,2,102,176.211,176.224,172.454,1,1,0.500,3.257,,4989,57
"BaselineSweep",5000,2,103,173.811,173.806,170.433,1,1,0.501,2.877,,5002,57
"BaselineSweep",5000,2,104,177.727,177.728,174.312,1,1,0.498,2.917,,4976,58
"BaselineSweep",5000,2,105,178.298,178.281,174.721,1,1,0.493,3.084,,4994,58
"BaselineSweep",5000,2,106,179.625,179.625,176.155,1,1,0.510,2.960,,5000,58
"BaselineSweep",5000,2,107,177.549,177.560,173.945,1,1,0.498,3.106,,4994,56
"BaselineSweep",5000,2,108,176.043,176.035,172.097,1,1,0.507,3.439,,4996,57
"BaselineSweep",5000,2,109,174.122,174.124,170.485,1,1,0.519,3.118,,4780,58
"BaselineSweep",5000,2,110,177.469,177.468,174.050,1,1,0.519,2.900,,4984,58
"BaselineSweep",5000,2,111,184.868,184.863,181.203,1,1,0.579,3.086,,4974,58
"BaselineSweep",5000,2,112,176.179,176.177,171.454,1,1,0.511,4.214,,4332,58
"BaselineSweep",5000,2,113,176.661,176.661,173.304,1,1,0.500,2.857,,4990,58
"BaselineSweep",5000,2,114,177.941,177.943,174.556,1,1,0.495,2.890,,4999,58
"BaselineSweep",5000,2,115,179.689,179.686,175.971,1,1,0.696,3.023,,5010,58
"BaselineSweep",5000,2,116,178.595,178.588,174.896,1,1,0.504,3.195,,5013,58
"BaselineSweep",5000,2,117,175.533,175.537,172.046,1,1,0.606,2.881,,4978,57
"BaselineSweep",5000,2,118,178.830,178.829,175.434,1,1,0.506,2.891,,4931,57
"BaselineSweep",5000,2,119,178.324,178.288,174.523,1,1,0.499,3.301,,4983,58
"BaselineSweep",5000,2,120,179.723,179.742,175.736,1,1,0.504,3.483,,4971,58
"BaselineSweep",5000,2,121,177.950,177.949,174.190,1,1,0.537,3.223,,4981,57
"BaselineSweep",5000,2,122,179.733,179.742,176.181,1,1,0.561,2.991,,4994,58
"BaselineSweep",5000,2,123,180.392,180.390,176.892,1,1,0.529,2.970,,4989,58
"BaselineSweep",5000,2,124,183.289,183.281,179.537,1,1,0.559,3.194,,4996,58
"BaselineSweep",5000,2,125,184.152,184.144,179.990,1,1,0.520,3.642,,5001,58
"BaselineSweep",5000,2,126,184.180,184.183,180.552,1,1,0.522,3.106,,5006,58
"BaselineSweep",5000,2,127,181.701,181.697,178.060,1,1,0.518,3.123,,5002,58
"BaselineSweep",5000,2,128,186.745,186.745,183.293,1,1,0.513,2.939,,5005,58
"BaselineSweep",5000,2,129,182.471,182.475,179.026,1,1,0.508,2.936,,4994,58
"BaselineSweep",5000,2,130,184.489,184.489,180.367,1,1,0.524,3.597,,5012,58
"BaselineSweep",5000,2,131,184.637,184.628,180.160,1,1,0.514,3.963,,5007,58
"BaselineSweep",5000,2,132,185.068,185.072,181.610,1,1,0.518,2.940,,4985,58
"BaselineSweep",5000,2,133,183.568,183.556,179.849,1,1,0.539,3.180,,4794,57
"BaselineSweep",5000,2,134,183.973,183.984,180.408,1,1,0.513,3.052,,4994,58
"BaselineSweep",5000,2,135,188.959,188.948,184.754,1,1,0.528,3.677,,4594,58
"BaselineSweep",5000,2,136,187.193,187.192,183.597,1,1,0.531,3.066,,4997,58
"BaselineSweep",5000,2,137,185.300,185.308,181.912,1,1,0.519,2.870,,4991,58
"BaselineSweep",5000,2,138,181.226,181.212,177.684,1,1,0.515,3.027,,5004,58
"BaselineSweep",5000,2,139,179.061,179.067,174.681,1,1,0.528,3.852,,4977,57
"BaselineSweep",5000,2,140,181.982,181.972,178.251,1,1,0.525,3.206,,4991,58
"BaselineSweep",5000,2,141,182.508,182.503,179.014,1,1,0.518,2.977,,5005,58
"BaselineSweep",5000,2,142,183.135,183.149,179.664,1,1,0.537,2.933,,4983,58
"BaselineSweep",5000,2,143,185.572,185.553,182.053,1,1,0.526,2.993,,4991,57
"BaselineSweep",5000,2,144,183.968,183.976,180.331,1,1,0.554,3.082,,4963,57
"BaselineSweep",5000,2,145,182.331,182.298,178.285,1,1,0.529,3.517,,4964,58
"BaselineSweep",5000,2,146,188.553,188.578,183.054,1,1,0.518,4.981,,4995,58
"BaselineSweep",5000,2,147,178.044,178.048,174.687,1,1,0.526,2.831,,4988,58
"BaselineSweep",5000,2,148,186.170,186.170,182.523,1,1,0.527,3.120,,4993,58
"BaselineSweep",5000,2,149,183.703,183.696,179.579,1,1,0.527,3.598,,4985,58
"BaselineSweep",5000,2,150,181.844,181.848,178.428,1,1,0.524,2.891,,4996,57
"BaselineSweep",5000,2,151,178.821,178.807,175.365,1,1,0.513,2.942,,4976,58
"BaselineSweep",5000,2,152,178.584,178.596,174.618,1,1,0.537,3.430,,4993,58
"BaselineSweep",5000,2,153,179.426,179.413,175.857,1,1,0.531,3.038,,4979,58
"BaselineSweep",5000,2,154,179.046,179.057,175.629,1,1,0.507,2.911,,4993,57
"BaselineSweep",5000,2,155,184.504,184.493,179.729,1,1,0.590,4.186,,4980,58
"BaselineSweep",5000,2,156,184.428,184.420,180.835,1,1,0.534,3.059,,4968,58
"BaselineSweep",5000,2,157,186.422,186.373,180.445,1,1,0.502,5.476,,4980,58
"BaselineSweep",5000,2,158,181.807,181.868,178.397,1,1,0.511,2.900,,4976,58
"BaselineSweep",5000,2,159,180.916,180.903,176.698,1,1,0.522,3.695,,5002,58
"BaselineSweep",5000,2,160,184.767,184.766,181.214,1,1,0.520,3.033,,4994,58
"BaselineSweep",5000,2,161,185.394,185.377,181.146,1,1,0.529,3.720,,4975,58
"BaselineSweep",5000,2,162,186.251,186.267,181.253,1,1,0.526,4.472,,4978,57
"BaselineSweep",5000,2,163,184.871,184.847,180.765,1,1,0.518,3.587,,4807,58
"BaselineSweep",5000,2,164,183.505,183.526,179.807,1,1,0.521,3.178,,4996,56
"BaselineSweep",5000,2,165,182.417,182.394,178.219,1,1,0.520,3.678,,4984,58
"BaselineSweep",5000,2,166,183.470,183.481,179.869,1,1,0.536,3.065,,4981,58
"BaselineSweep",5000,2,167,180.566,180.565,176.241,1,1,0.512,3.812,,4998,58
"BaselineSweep",5000,2,168,182.169,182.172,176.652,1,1,0.527,4.990,,4995,58
"BaselineSweep",5000,2,169,185.116,185.114,180.285,1,1,0.526,4.306,,4958,58
"BaselineSweep",5000,2,170,179.156,179.156,175.726,1,1,0.510,2.920,,4961,58
"BaselineSweep",5000,2,171,179.439,179.427,175.953,1,1,0.513,2.972,,4991,58
"BaselineSweep",5000,2,172,182.865,182.871,179.279,1,1,0.512,3.073,,4994,57
"BaselineSweep",5000,2,173,185.961,185.955,181.759,1,1,0.515,3.687,,4974,58
"BaselineSweep",5000,2,174,184.814,184.821,181.328,1,1,0.539,2.946,,4994,58
"BaselineSweep",5000,2,175,184.126,184.117,179.955,1,1,0.523,3.648,,4999,58
"BaselineSweep",5000,2,176,180.501,180.503,176.959,1,1,0.523,3.019,,4974,58
"BaselineSweep",5000,2,177,186.302,186.303,182.730,1,1,0.517,3.055,,4985,58
"BaselineSweep",5000,2,178,188.883,188.879,185.396,1,1,0.529,2.958,,4993,58
"BaselineSweep",5000,2,179,190.555,190.548,186.965,1,1,0.510,3.080,,4987,58
"BaselineSweep",5000,2,180,188.154,188.150,184.591,1,1,0.515,3.047,,4988,58
"BaselineSweep",5000,2,181,188.778,188.775,183.910,1,1,0.511,4.357,,4988,58
"BaselineSweep",5000,2,182,184.026,184.033,180.384,1,1,0.533,3.108,,5008,57
"BaselineSweep",5000,2,183,186.768,186.767,183.110,1,1,0.512,3.147,,4989,58
"BaselineSweep",5000,2,184,182.058,182.059,178.117,1,1,0.520,3.421,,4984,58
"BaselineSweep",5000,2,185,183.383,183.384,179.811,1,1,0.529,3.043,,4983,58
"BaselineSweep",5000,2,186,185.432,185.389,180.853,1,1,0.536,4.044,,4984,58
"BaselineSweep",5000,2,187,184.856,184.890,180.076,1,1,0.520,4.260,,4977,58
"BaselineSweep",5000,2,188,182.145,182.147,178.597,1,1,0.572,2.976,,4968,58
"BaselineSweep",5000,2,189,192.769,192.729,187.847,1,1,0.513,4.408,,4985,58
"BaselineSweep",5000,2,190,185.707,185.730,182.178,1,1,0.528,3.001,,4990,58
"BaselineSweep",5000,2,191,184.946,184.958,181.510,1,1,0.520,2.916,,4909,58
"BaselineSweep",5000,2,192,184.239,184.230,180.769,1,1,0.524,2.946,,5005,58
"BaselineSweep",5000,2,193,189.510,189.503,184.621,1,1,0.529,4.360,,4980,58
"BaselineSweep",5000,2,194,186.519,186.527,182.946,1,1,0.520,3.053,,4989,58
"BaselineSweep",5000,2,195,186.997,186.997,183.345,1,1,0.521,3.131,,4996,58
"BaselineSweep",5000,2,196,188.749,188.746,185.223,1,1,0.536,2.989,,4983,58
"BaselineSweep",5000,2,197,191.957,191.925,187.902,1,1,0.531,3.524,,4986,56
"BaselineSweep",5000,2,198,190.549,190.563,186.444,1,1,0.580,3.525,,4894,58
"BaselineSweep",5000,2,199,185.562,185.568,180.813,1,1,0.516,4.234,,4999,58
"BaselineSweep",5000,2,200,183.214,183.221,179.782,1,1,0.540,2.892,,4871,58
"BaselineSweep",5000,2,201,191.403,191.391,186.779,1,1,0.513,4.111,,4993,58
"BaselineSweep",5000,2,202,185.947,185.953,181.203,1,1,0.525,4.220,,5003,58
"BaselineSweep",5000,2,203,182.934,182.926,179.156,1,1,0.541,3.237,,4995,58
"BaselineSweep",5000,2,204,183.871,183.866,180.226,1,1,0.512,3.133,,4778,58
"BaselineSweep",5000,2,205,188.550,188.551,183.347,1,1,0.531,4.672,,4997,58
"BaselineSweep",5000,2,206,188.478,188.479,183.970,1,1,0.526,3.983,,4996,58
"BaselineSweep",5000,2,207,187.284,187.289,183.796,1,1,0.521,2.967,,5003,58
"BaselineSweep",5000,2,208,183.321,183.321,179.931,1,1,0.522,2.868,,4970,58
"BaselineSweep",5000,2,209,186.805,186.797,182.129,1,1,0.526,4.150,,4990,58
"BaselineSweep",5000,2,210,191.694,191.682,187.175,1,1,0.530,3.988,,4767,58
"BaselineSweep",5000,2,211,189.413,189.421,184.749,1,1,0.532,4.132,,4990,58
"BaselineSweep",5000,2,212,190.296,190.301,186.799,1,1,0.536,2.961,,4330,58
"BaselineSweep",5000,2,213,192.781,192.779,189.070,1,1,0.526,3.185,,4997,58
"BaselineSweep",5000,2,214,189.895,189.891,186.285,1,1,0.581,3.028,,5003,58
"BaselineSweep",5000,2,215,191.458,191.440,186.454,1,1,0.513,4.490,,5004,58
"BaselineSweep",5000,2,216,188.848,188.862,185.195,1,1,0.541,3.112,,5002,57
"BaselineSweep",5000,2,217,189.195,189.185,185.449,1,1,0.527,3.219,,4991,58
"BaselineSweep",5000,2,218,190.145,190.096,184.775,1,1,0.515,4.855,,4970,58
"BaselineSweep",5000,2,219,188.363,188.414,184.302,1,1,0.537,3.524,,4994,58
"BaselineSweep",5000,2,220,183.644,183.637,180.161,1,1,0.522,2.961,,5003,58
"BaselineSweep",5000,2,221,185.462,185.465,181.423,1,1,0.517,3.522,,4986,58
"BaselineSweep",5000,2,222,185.803,185.758,182.196,1,1,0.536,3.071,,4984,58
"BaselineSweep",5000,2,223,189.518,189.560,185.670,1,1,0.535,3.314,,5002,58
"BaselineSweep",5000,2,224,188.180,188.181,184.584,1,1,0.578,3.018,,4991,58
"BaselineSweep",5000,2,225,189.697,189.694,185.941,1,1,0.520,3.235,,4988,58
"BaselineSweep",5000,2,226,191.846,191.842,188.055,1,1,0.540,3.252,,5001,58
"BaselineSweep",5000,2,227,188.968,188.965,184.841,1,1,0.570,3.557,,4992,58
"BaselineSweep",5000,2,228,189.750,189.744,186.050,1,1,0.534,3.166,,4995,58
"BaselineSweep",5000,2,229,189.761,189.770,185.936,1,1,0.538,3.287,,4974,58
"BaselineSweep",5000,2,230,193.286,193.284,189.786,1,1,0.532,2.968,,4998,58
"BaselineSweep",5000,2,231,188.481,188.478,184.958,1,1,0.525,2.998,,4986,58
"BaselineSweep",5000,2,232,194.025,194.018,190.189,1,1,0.550,3.285,,4983,58
"BaselineSweep",5000,2,233,197.830,197.831,192.416,1,1,0.548,4.866,,4990,58
"BaselineSweep",5000,2,234,190.166,190.164,186.582,1,1,0.523,3.061,,4995,58
"BaselineSweep",5000,2,235,192.421,192.422,188.794,1,1,0.534,3.093,,4974,58
"BaselineSweep",5000,2,236,187.498,187.494,183.566,1,1,0.523,3.409,,4958,58
"BaselineSweep",5000,2,237,188.674,188.670,185.044,1,1,0.537,3.093,,4996,58
"BaselineSweep",5000,2,238,189.875,189.880,186.178,1,1,0.536,3.162,,4995,58
"BaselineSweep",5000,2,239,187.417,187.410,183.722,1,1,0.535,3.160,,5000,58
"BaselineSweep",5000,2,240,191.506,191.504,187.173,1,1,0.557,3.776,,4988,58
"BaselineSweep",5000,2,241,194.870,194.869,191.181,1,1,0.527,3.162,,4991,58
"BaselineSweep",5000,2,242,191.356,191.354,185.821,1,1,0.553,4.982,,4962,58
"BaselineSweep",5000,2,243,196.513,196.512,191.795,1,1,0.533,4.184,,4999,57
"BaselineSweep",5000,2,244,188.274,188.278,184.571,1,1,0.538,3.165,,5005,56
"BaselineSweep",5000,2,245,190.810,190.794,187.091,1,1,0.533,3.185,,4997,58
"BaselineSweep",5000,2,246,189.657,189.670,186.085,1,1,0.531,3.042,,5005,58
"BaselineSweep",5000,2,247,188.920,188.911,184.465,1,1,0.504,3.951,,4997,58
"BaselineSweep",5000,2,248,182.309,182.301,178.714,1,1,0.521,3.074,,4990,58
"BaselineSweep",5000,2,249,186.450,186.462,182.970,1,1,0.534,2.945,,4304,58
"BaselineSweep",5000,2,250,186.813,186.788,182.737,1,1,0.653,3.423,,4975,58
"BaselineSweep",5000,2,251,186.565,186.577,181.455,1,1,0.537,4.573,,4993,58
"BaselineSweep",5000,2,252,184.435,184.430,180.725,1,1,0.516,3.194,,4993,58
"BaselineSweep",5000,2,253,185.218,185.225,181.494,1,1,0.526,3.197,,4999,58
"BaselineSweep",5000,2,254,184.561,184.549,180.856,1,1,0.524,3.181,,4981,58
"BaselineSweep",5000,2,255,184.702,184.711,180.913,1,1,0.524,3.265,,4995,58
"BaselineSweep",5000,2,256,184.660,184.647,181.041,1,1,0.512,3.108,,4971,58
"BaselineSweep",5000,2,257,192.586,192.586,189.039,1,1,0.526,3.022,,4999,58
"BaselineSweep",5000,2,258,186.371,186.367,182.713,1,1,0.524,3.133,,4988,58
"BaselineSweep",5000,2,259,184.189,184.202,180.746,1,1,0.531,2.912,,4977,58
"BaselineSweep",5000,2,260,191.543,191.523,185.763,1,1,0.521,5.259,,4986,58
"BaselineSweep",5000,2,261,187.466,187.479,183.685,1,1,0.617,3.164,,4991,58
"BaselineSweep",5000,2,262,184.455,184.451,180.580,1,1,0.508,3.367,,5012,58
"BaselineSweep",5000,2,263,185.018,185.011,181.392,1,1,0.536,3.090,,4996,58
"BaselineSweep",5000,2,264,187.611,187.617,183.687,1,1,0.542,3.383,,5002,57
"BaselineSweep",5000,2,265,187.907,187.897,182.380,1,1,0.529,4.998,,4999,58
"BaselineSweep",5000,2,266,186.744,186.754,181.864,1,1,0.944,3.936,,5003,58
"BaselineSweep",5000,2,267,189.098,189.094,185.221,1,1,0.527,3.350,,4994,58
"BaselineSweep",5000,2,268,185.620,185.622,182.055,1,1,0.536,3.029,,4991,58
"BaselineSweep",5000,2,269,186.836,186.818,183.338,1,1,0.535,2.963,,4999,58
"BaselineSweep",5000,2,270,189.814,189.819,184.916,1,1,0.530,4.368,,5004,58
"BaselineSweep",5000,2,271,191.765,191.769,187.758,1,1,0.530,3.477,,4994,58
"BaselineSweep",5000,2,272,190.279,190.281,186.717,1,1,0.531,3.031,,4982,58
"BaselineSweep",5000,2,273,188.657,188.651,185.118,1,1,0.529,3.011,,4982,57
"BaselineSweep",5000,2,274,188.091,188.083,184.300,1,1,0.525,3.266,,4977,58
"BaselineSweep",5000,2,275,190.742,190.739,187.130,1,1,0.568,3.044,,4975,57
"BaselineSweep",5000,2,276,189.562,189.567,185.990,1,1,0.532,3.040,,4990,58
"BaselineSweep",5000,2,277,189.691,189.691,185.548,1,1,0.524,3.619,,4984,57
"BaselineSweep",5000,2,278,188.841,188.841,185.291,1,1,0.520,3.031,,4998,58
"BaselineSweep",5000,2,279,189.650,189.652,186.176,1,1,0.542,2.932,,4990,58
"BaselineSweep",5000,2,280,188.014,187.995,184.511,1,1,0.515,2.988,,4996,58
"BaselineSweep",5000,2,281,184.278,184.288,180.611,1,1,0.536,3.130,,4995,58
"BaselineSweep",5000,2,282,182.910,182.909,179.190,1,1,0.525,3.195,,4998,57
"BaselineSweep",5000,2,283,185.882,185.877,181.433,1,1,0.526,3.922,,5000,58
"BaselineSweep",5000,2,284,188.063,188.052,184.300,1,1,0.810,2.953,,4993,58
"BaselineSweep",5000,2,285,183.012,183.013,179.246,1,1,0.526,3.239,,4975,58
"BaselineSweep",5000,2,286,187.619,187.632,184.049,1,1,0.532,3.038,,5006,58
"BaselineSweep",5000,2,287,183.176,183.162,179.621,1,1,0.519,3.037,,4991,57
"BaselineSweep",5000,2,288,185.516,185.506,181.600,1,1,0.531,3.385,,4977,58
"BaselineSweep",5000,2,289,192.592,192.600,187.949,1,1,0.588,4.055,,4993,58
"BaselineSweep",5000,2,290,189.792,189.787,185.501,1,1,0.533,3.758,,4991,58
"BaselineSweep",5000,2,291,188.301,188.296,184.782,1,1,0.522,2.997,,4983,58
"BaselineSweep",5000,2,292,189.754,189.757,186.199,1,1,0.527,3.028,,3454,57
"BaselineSweep",5000,2,293,189.474,189.484,186.011,1,1,0.530,2.933,,4988,58
"BaselineSweep",5000,2,294,189.440,189.438,185.667,1,1,0.524,3.249,,4998,58
"BaselineSweep",5000,2,295,188.748,188.738,185.175,1,1,0.515,3.059,,5005,58
"BaselineSweep",5000,2,296,191.737,191.743,188.277,1,1,0.540,2.920,,4962,58
"BaselineSweep",5000,2,297,193.160,193.155,189.564,1,1,0.546,3.051,,4979,58
"BaselineSweep",5000,2,298,189.075,189.073,185.524,1,1,0.517,3.035,,5003,58
"BaselineSweep",5000,2,299,192.737,192.730,187.938,1,1,0.530,4.269,,4988,58
"BaselineSweep",10000,2,0,714.476,714.617,708.771,1,1,1.054,4.651,,4354,108
"BaselineSweep",10000,2,1,708.905,708.899,699.984,1,1,1.154,7.768,,9964,108
"BaselineSweep",10000,2,2,696.871,696.865,688.897,1,1,1.031,6.944,,9918,108
"BaselineSweep",10000,2,3,705.969,705.962,698.397,1,1,1.057,6.515,,9955,108
"BaselineSweep",10000,2,4,699.496,699.513,693.759,1,1,1.003,4.734,,9945,108
"BaselineSweep",10000,2,5,680.552,680.538,673.290,1,1,1.041,6.221,,9894,108
"BaselineSweep",10000,2,6,709.370,709.335,702.494,1,1,1.023,5.853,,9968,107
"BaselineSweep",10000,2,7,697.311,697.355,691.927,1,1,1.032,4.352,,9950,108
"BaselineSweep",10000,2,8,708.109,708.103,700.134,1,1,1.033,6.941,,9955,107
"BaselineSweep",10000,2,9,695.978,695.978,690.327,1,1,1.038,4.613,,9927,108
"BaselineSweep",10000,2,10,703.263,703.248,697.030,1,1,1.097,5.136,,9775,108
"BaselineSweep",10000,2,11,712.872,712.882,706.943,1,1,1.323,4.607,,9939,105
"BaselineSweep",10000,2,12,725.084,725.069,716.233,1,1,1.194,7.656,,9960,108
"BaselineSweep",10000,2,13,703.232,703.244,697.622,1,1,1.023,4.587,,9961,107
"BaselineSweep",10000,2,14,695.840,695.829,688.402,1,1,1.033,6.405,,9949,108
"BaselineSweep",10000,2,15,704.867,704.871,697.071,1,1,1.062,6.734,,9971,107
"BaselineSweep",10000,2,16,704.342,704.343,698.465,1,1,1.055,4.822,,9976,108
"BaselineSweep",10000,2,17,706.772,706.758,700.527,1,1,1.030,5.214,,9962,108
"BaselineSweep",10000,2,18,703.241,703.253,697.563,1,1,1.045,4.633,,9949,107
"BaselineSweep",10000,2,19,707.623,707.620,701.961,1,1,1.055,4.607,,9966,108
"BaselineSweep",10000,2,20,710.650,710.647,704.913,1,1,1.152,4.585,,9956,108
"BaselineSweep",10000,2,21,714.635,714.637,709.037,1,1,1.048,4.549,,9839,108
"BaselineSweep",10000,2,22,704.172,704.169,698.429,1,1,1.045,4.698,,9961,108
"BaselineSweep",10000,2,23,712.716,712.703,703.612,1,1,1.065,8.039,,9954,108
"BaselineSweep",10000,2,24,705.114,705.125,699.106,1,1,1.093,4.916,,9968,108
"BaselineSweep",10000,2,25,711.473,711.468,702.743,1,1,1.051,7.679,,9861,108
"BaselineSweep",10000,2,26,708.597,708.577,701.201,1,1,1.061,6.336,,9941,108
"BaselineSweep",10000,2,27,700.213,700.234,694.650,1,1,1.022,4.542,,3575,108
"BaselineSweep",10000,2,28,698.930,698.922,693.143,1,1,1.090,4.698,,9971,108
"BaselineSweep",10000,2,29,700.934,700.936,694.791,1,1,1.069,5.074,,9950,107
"BaselineSweep",10000,2,30,701.695,701.693,695.944,1,1,1.056,4.695,,9906,108
"BaselineSweep",10000,2,31,704.964,704.964,695.498,1,1,1.121,8.345,,9943,108
"BaselineSweep",10000,2,32,687.773,687.777,682.192,1,1,1.034,4.547,,9942,108
"BaselineSweep",10000,2,33,706.569,706.564,700.411,1,1,1.072,5.086,,9917,108
"BaselineSweep",10000,2,34,703.970,703.967,697.859,1,1,1.114,4.997,,9933,108
"BaselineSweep",10000,2,35,694.159,694.159,688.518,1,1,1.033,4.608,,9933,107
"BaselineSweep",10000,2,36,687.142,687.067,679.762,1,1,1.026,6.354,,9841,108
"BaselineSweep",10000,2,37,697.864,697.926,692.406,1,1,1.024,4.434,,9946,108
"BaselineSweep",10000,2,38,706.137,706.134,700.678,1,1,1.067,4.393,,9667,108
"BaselineSweep",10000,2,39,694.647,694.648,686.332,1,1,1.045,7.269,,9955,107
"BaselineSweep",10000,2,40,704.403,704.404,698.775,1,1,1.051,4.577,,9972,108
"BaselineSweep",10000,2,41,702.838,702.823,696.384,1,1,1.047,5.407,,9971,108
"BaselineSweep",10000,2,42,706.010,706.022,700.318,1,1,1.058,4.634,,9884,108
"BaselineSweep",10000,2,43,706.210,706.212,700.452,1,1,1.052,4.706,,9955,108
"BaselineSweep",10000,2,44,708.132,708.047,702.550,1,1,1.095,4.488,,9961,108
"BaselineSweep",10000,2,45,702.039,702.119,696.434,1,1,1.075,4.530,,9957,108
"BaselineSweep",10000,2,46,712.801,712.792,705.057,1,1,1.049,6.694,,9857,108
"BaselineSweep",10000,2,47,696.112,696.073,689.624,1,1,1.059,5.429,,9947,108
"BaselineSweep",10000,2,48,702.943,702.966,694.861,1,1,1.050,7.032,,8789,108
"BaselineSweep",10000,2,49,709.478,709.495,703.800,1,1,1.049,4.629,,9966,107
"BaselineSweep",10000,2,50,703.642,703.638,693.928,1,1,1.644,8.070,,9960,105
"BaselineSweep",10000,2,51,709.571,709.574,703.952,1,1,1.098,4.521,,9906,107
"BaselineSweep",10000,2,52,697.146,697.141,691.209,1,1,1.019,4.918,,9948,108
"BaselineSweep",10000,2,53,704.538,704.540,698.642,1,1,1.249,4.647,,9959,108
"BaselineSweep",10000,2,54,707.418,707.415,701.562,1,1,1.046,4.810,,9978,108
"BaselineSweep",10000,2,55,708.145,708.062,698.164,1,1,1.368,8.613,,9977,108
"BaselineSweep",10000,2,56,715.537,715.602,708.292,1,1,1.100,6.144,,9950,108
"BaselineSweep",10000,2,57,688.602,688.613,680.008,1,1,1.039,7.555,,9957,108
"BaselineSweep",10000,2,58,697.167,697.144,689.486,1,1,1.980,5.701,,9978,107
"BaselineSweep",10000,2,59,705.815,705.833,697.861,1,1,1.033,6.922,,9460,107
"BaselineSweep",10000,2,60,695.649,695.586,688.650,1,1,1.425,5.575,,9926,108
"BaselineSweep",10000,2,61,703.450,703.490,696.322,1,1,1.618,5.511,,9975,108
"BaselineSweep",10000,2,62,693.629,693.643,684.931,1,1,1.033,7.665,,9843,108
"BaselineSweep",10000,2,63,711.922,711.928,706.316,1,1,1.051,4.555,,9984,108
"BaselineSweep",10000,2,64,698.841,698.823,690.959,1,1,1.069,6.812,,9956,103
"BaselineSweep",10000,2,65,705.710,705.718,697.183,1,1,1.136,7.391,,9933,108
"BaselineSweep",10000,2,66,728.286,728.271,719.399,1,1,1.064,7.822,,9975,108
"BaselineSweep",10000,2,67,705.472,705.486,699.758,1,1,1.045,4.668,,9822,108
"BaselineSweep",10000,2,68,712.377,712.377,706.422,1,1,1.099,4.856,,9970,106
"BaselineSweep",10000,2,69,704.634,704.625,697.207,1,1,1.041,6.386,,9796,108
"BaselineSweep",10000,2,70,697.467,697.475,691.832,1,1,1.042,4.593,,9958,108
"BaselineSweep",10000,2,71,714.327,714.236,705.995,1,1,1.036,7.295,,9980,107
"BaselineSweep",10000,2,72,719.765,719.847,713.722,1,1,1.062,4.981,,9925,108
"BaselineSweep",10000,2,73,717.268,717.268,711.660,1,1,1.094,4.514,,9923,108
"BaselineSweep",10000,2,74,712.155,712.152,706.604,1,1,1.045,4.506,,9957,107
"BaselineSweep",10000,2,75,721.011,720.863,712.774,1,1,1.100,7.136,,9884,108
"BaselineSweep",10000,2,76,724.558,724.702,718.805,1,1,1.106,4.647,,9968,108
"BaselineSweep",10000,2,77,717.757,717.754,711.653,1,1,1.077,5.027,,9979,107
"BaselineSweep",10000,2,78,720.590,720.573,712.686,1,1,1.044,6.860,,9979,108
"BaselineSweep",10000,2,79,714.762,714.772,705.159,1,1,1.116,8.486,,9966,108
"BaselineSweep",10000,2,80,701.457,701.453,695.681,1,1,1.045,4.732,,9957,107
"BaselineSweep",10000,2,81,711.928,711.935,706.239,1,1,1.155,4.534,,9956,107
"BaselineSweep",10000,2,82,719.959,719.949,711.600,1,1,1.088,7.271,,9960,107
"BaselineSweep",10000,2,83,708.753,708.682,701.244,1,1,1.037,6.472,,9955,107
"BaselineSweep",10000,2,84,707.037,707.112,701.515,1,1,1.032,4.490,,9949,108
"BaselineSweep",10000,2,85,690.900,690.900,685.263,1,1,1.285,4.353,,9973,107
"BaselineSweep",10000,2,86,699.838,699.829,691.895,1,1,1.053,6.890,,9927,108
"BaselineSweep",10000,2,87,689.408,689.410,683.862,1,1,1.072,4.474,,9935,108
"BaselineSweep",10000,2,88,712.008,712.007,706.276,1,1,1.046,4.686,,9983,108
"BaselineSweep",10000,2,89,716.101,716.098,710.277,1,1,1.124,4.700,,9974,107
"BaselineSweep",10000,2,90,713.422,713.419,707.551,1,1,1.039,4.831,,9800,108
"BaselineSweep",10000,2,91,704.449,704.436,696.929,1,1,1.096,6.424,,9961,108
"BaselineSweep",10000,2,92,688.865,688.878,683.343,1,1,1.041,4.481,,9968,108
"BaselineSweep",10000,2,93,710.591,710.583,704.492,1,1,1.057,5.042,,9866,108
"BaselineSweep",10000,2,94,710.869,710.868,705.097,1,1,1.068,4.705,,9949,108
"BaselineSweep",10000,2,95,721.752,721.754,715.773,1,1,1.106,4.873,,9998,108
"BaselineSweep",10000,2,96,714.607,714.592,706.726,1,1,1.057,6.823,,9959,108
"BaselineSweep",10000,2,97,702.297,702.309,696.123,1,1,1.065,5.110,,9892,108
"BaselineSweep",10000,2,98,707.503,707.479,701.163,1,1,1.056,5.285,,9985,108
"BaselineSweep",10000,2,99,719.694,719.712,713.845,1,1,1.062,4.788,,9955,107
"BaselineSweep",10000,2,100,724.298,724.294,716.455,1,1,1.045,6.797,,9943,108
"BaselineSweep",10000,2,101,701.704,701.705,696.023,1,1,1.055,4.626,,9947,108
"BaselineSweep",10000,2,102,715.041,715.035,706.498,1,1,1.064,7.479,,9966,107
"BaselineSweep",10000,2,103,719.619,719.613,713.422,1,1,1.056,5.141,,9411,108
"BaselineSweep",10000,2,104,707.899,707.907,702.445,1,1,1.037,4.417,,9950,108
"BaselineSweep",10000,2,105,699.524,699.525,693.944,1,1,1.028,4.551,,1387,108
"BaselineSweep",10000,2,106,691.851,691.809,686.279,1,1,1.006,4.566,,9976,108
"BaselineSweep",10000,2,107,697.222,697.249,689.250,1,1,1.017,6.955,,9886,108
"BaselineSweep",10000,2,108,700.188,700.195,694.377,1,1,1.024,4.787,,9960,108
"BaselineSweep",10000,2,109,696.084,696.084,690.485,1,1,1.028,4.571,,9968,108
"BaselineSweep",10000,2,110,690.222,690.215,684.564,1,1,1.016,4.641,,9980,108
"BaselineSweep",10000,2,111,710.423,710.417,703.546,1,1,1.023,5.854,,9948,107
"BaselineSweep",10000,2,112,698.071,698.074,691.910,1,1,1.179,4.982,,9981,108
"BaselineSweep",10000,2,113,703.995,703.989,695.747,1,1,1.042,7.207,,9906,108
"BaselineSweep",10000,2,114,698.022,698.031,692.514,1,1,1.076,4.431,,9960,108
"BaselineSweep",10000,2,115,701.253,701.244,693.630,1,1,1.013,6.609,,9788,108
"BaselineSweep",10000,2,116,698.080,698.084,692.553,1,1,0.999,4.528,,9961,108
"BaselineSweep",10000,2,117,700.606,700.604,695.276,1,1,0.998,4.332,,9959,108
"BaselineSweep",10000,2,118,694.905,694.902,689.341,1,1,1.027,4.537,,9954,107
"BaselineSweep",10000,2,119,699.050,699.048,693.397,1,1,1.155,4.497,,9948,108
"BaselineSweep",10000,2,120,693.174,693.174,684.994,1,1,0.999,7.181,,9951,108
"BaselineSweep",10000,2,121,686.659,686.653,678.497,1,1,1.002,7.159,,9970,107
"BaselineSweep",10000,2,122,687.466,687.467,681.867,1,1,1.017,4.582,,9968,108
"BaselineSweep",10000,2,123,685.751,685.752,680.373,1,1,0.998,4.381,,9849,107
"BaselineSweep",10000,2,124,689.990,689.991,684.303,1,1,1.021,4.666,,9912,108
"BaselineSweep",10000,2,125,697.615,697.611,692.225,1,1,0.998,4.393,,9794,108
"BaselineSweep",10000,2,126,691.121,691.121,685.506,1,1,1.023,4.592,,9949,108
"BaselineSweep",10000,2,127,699.329,699.320,691.142,1,1,1.071,7.116,,9949,108
"BaselineSweep",10000,2,128,682.390,682.397,676.951,1,1,1.003,4.436,,9972,107
"BaselineSweep",10000,2,129,700.637,700.634,694.655,1,1,1.286,4.696,,9952,108
"BaselineSweep",10000,2,130,690.038,690.033,684.273,1,1,1.027,4.738,,9962,108
"BaselineSweep",10000,2,131,697.876,697.877,692.154,1,1,1.020,4.703,,9936,108
"BaselineSweep",10000,2,132,692.363,692.362,686.938,1,1,1.026,4.399,,9954,108
"BaselineSweep",10000,2,133,686.293,686.289,680.867,1,1,1.022,4.403,,9924,107
"BaselineSweep",10000,2,134,704.248,704.247,698.660,1,1,1.032,4.556,,9964,108
"BaselineSweep",10000,2,135,692.367,692.280,685.391,1,1,1.058,5.918,,9955,108
"BaselineSweep",10000,2,136,701.158,701.239,695.295,1,1,1.055,4.808,,9830,108
"BaselineSweep",10000,2,137,713.269,713.268,707.603,1,1,1.061,4.605,,9966,107
"BaselineSweep",10000,2,138,702.207,702.209,696.706,1,1,1.046,4.455,,9963,108
"BaselineSweep",10000,2,139,699.417,699.414,693.503,1,1,1.300,4.614,,9974,107
"BaselineSweep",10000,2,140,712.014,712.008,705.555,1,1,1.032,5.426,,9786,107
"BaselineSweep",10000,2,141,696.498,696.485,689.174,1,1,1.054,6.270,,9965,107
"BaselineSweep",10000,2,142,713.985,713.997,708.584,1,1,1.000,4.401,,9814,108
"BaselineSweep",10000,2,143,698.149,698.149,692.705,1,1,1.056,4.388,,9960,108
"BaselineSweep",10000,2,144,692.481,692.483,687.046,1,1,1.035,4.401,,9929,108
"BaselineSweep",10000,2,145,701.614,701.609,695.851,1,1,1.097,4.666,,9960,107
"BaselineSweep",10000,2,146,709.623,709.620,703.880,1,1,1.168,4.575,,9951,108
"BaselineSweep",10000,2,147,690.612,690.614,685.038,1,1,1.055,4.519,,9627,108
"BaselineSweep",10000,2,148,694.607,694.600,689.047,1,1,1.029,4.531,,9428,108
"BaselineSweep",10000,2,149,695.164,695.166,689.637,1,1,1.030,4.497,,9936,108
"BaselineSweep",10000,2,150,697.054,697.051,691.031,1,1,1.078,4.945,,9961,108
"BaselineSweep",10000,2,151,705.903,705.901,700.122,1,1,1.013,4.769,,9974,108
"BaselineSweep",10000,2,152,700.137,700.133,694.376,1,1,1.039,4.722,,9975,107
"BaselineSweep",10000,2,153,717.532,717.527,711.909,1,1,1.028,4.596,,9949,108
"BaselineSweep",10000,2,154,691.703,691.688,682.444,1,1,1.014,8.244,,9948,108
"BaselineSweep",10000,2,155,700.192,700.213,694.951,1,1,1.025,4.216,,9964,107
"BaselineSweep",10000,2,156,695.887,695.869,689.384,1,1,1.038,5.465,,9794,108
"BaselineSweep",10000,2,157,697.021,696.930,688.554,1,1,1.029,7.438,,9971,108
"BaselineSweep",10000,2,158,704.576,704.677,698.892,1,1,1.046,4.638,,9937,107
"BaselineSweep",10000,2,159,719.385,719.382,710.455,1,1,1.054,7.876,,9956,108
"BaselineSweep",10000,2,160,694.190,694.188,687.923,1,1,1.030,5.236,,9948,107
"BaselineSweep",10000,2,161,696.012,696.010,690.178,1,1,1.211,4.623,,9947,108
"BaselineSweep",10000,2,162,706.357,706.360,700.711,1,1,1.019,4.627,,9926,108
"BaselineSweep",10000,2,163,697.819,697.814,692.281,1,1,1.060,4.478,,9962,108
"BaselineSweep",10000,2,164,707.592,707.593,702.077,1,1,1.060,4.455,,9854,108
"BaselineSweep",10000,2,165,688.771,688.760,683.133,1,1,1.017,4.621,,9949,106
"BaselineSweep",10000,2,166,682.449,682.456,676.963,1,1,1.018,4.468,,9941,108
"BaselineSweep",10000,2,167,696.319,696.317,690.097,1,1,1.022,5.200,,9940,108
"BaselineSweep",10000,2,168,682.484,682.481,674.656,1,1,1.072,6.755,,9920,108
"BaselineSweep",10000,2,169,692.879,692.882,687.521,1,1,1.115,4.243,,9948,108
"BaselineSweep",10000,2,170,693.014,693.009,687.508,1,1,1.034,4.471,,9962,108
"BaselineSweep",10000,2,171,694.936,694.854,686.839,1,1,1.016,7.081,,9888,108
"BaselineSweep",10000,2,172,704.893,704.895,696.831,1,1,1.042,7.020,,9982,108
"BaselineSweep",10000,2,173,692.989,693.065,687.169,1,1,1.081,4.738,,9952,107
"BaselineSweep",10000,2,174,718.974,718.961,711.245,1,1,1.024,6.705,,9847,103
"BaselineSweep",10000,2,175,689.217,689.224,683.258,1,1,1.003,4.956,,9966,108
"BaselineSweep",10000,2,176,692.513,692.487,686.127,1,1,1.101,5.285,,9945,106
"BaselineSweep",10000,2,177,691.155,691.177,683.957,1,1,1.052,6.146,,9809,108
"BaselineSweep",10000,2,178,694.036,694.035,685.614,1,1,1.162,7.259,,9986,107
"BaselineSweep",10000,2,179,698.361,698.359,690.351,1,1,1.033,6.977,,9970,108
"BaselineSweep",10000,2,180,695.790,695.778,687.945,1,1,1.024,6.821,,9956,108
"BaselineSweep",10000,2,181,699.373,699.384,693.899,1,1,1.046,4.429,,9953,108
"BaselineSweep",10000,2,182,698.847,698.846,693.251,1,1,1.052,4.544,,9983,108
"BaselineSweep",10000,2,183,689.583,689.579,684.000,1,1,1.036,4.546,,9947,107
"BaselineSweep",10000,2,184,705.113,705.113,699.490,1,1,1.040,4.583,,9959,108
"BaselineSweep",10000,2,185,711.503,711.502,705.952,1,1,0.987,4.564,,9961,108
"BaselineSweep",10000,2,186,692.985,692.989,687.046,1,1,1.011,4.927,,9902,108
"BaselineSweep",10000,2,187,699.780,699.675,690.995,1,1,1.151,7.634,,9977,107
"BaselineSweep",10000,2,188,694.181,694.281,688.363,1,1,1.029,4.788,,9733,108
"BaselineSweep",10000,2,189,705.795,705.687,698.792,1,1,0.967,6.036,,9935,108
"BaselineSweep",10000,2,190,691.626,691.729,686.042,1,1,1.007,4.577,,9940,108
"BaselineSweep",10000,2,191,696.418,696.410,690.745,1,1,0.988,4.686,,9899,107
"BaselineSweep",10000,2,192,685.489,685.496,679.891,1,1,0.986,4.612,,9727,108
"BaselineSweep",10000,2,193,688.630,688.622,683.232,1,1,1.011,4.386,,9953,107
"BaselineSweep",10000,2,194,687.528,687.531,682.358,1,1,0.964,4.205,,9925,108
"BaselineSweep",10000,2,195,685.301,685.303,680.172,1,1,1.046,4.083,,9930,108
"BaselineSweep",10000,2,196,705.838,705.834,700.510,1,1,1.105,4.224,,9949,107
"BaselineSweep",10000,2,197,690.313,690.310,681.721,1,1,0.984,7.609,,9932,107
"BaselineSweep",10000,2,198,695.509,695.511,690.200,1,1,0.947,4.362,,9918,107
"BaselineSweep",10000,2,199,691.645,691.644,686.457,1,1,1.115,4.073,,9845,108
"BaselineSweep",10000,2,200,685.724,685.720,679.825,1,1,1.237,4.662,,9950,108
"BaselineSweep",10000,2,201,697.381,697.382,691.836,1,1,1.013,4.532,,9906,108
"BaselineSweep",10000,2,202,677.209,677.202,671.640,1,1,0.936,4.633,,9883,108
"BaselineSweep",10000,2,203,673.716,673.626,665.826,1,1,1.092,6.798,,9923,107
"BaselineSweep",10000,2,204,690.513,690.602,681.942,1,1,1.017,7.555,,9921,108
"BaselineSweep",10000,2,205,691.002,690.952,683.826,1,1,1.118,6.058,,9924,108
"BaselineSweep",10000,2,206,682.689,682.738,677.249,1,1,0.934,4.505,,9930,108
"BaselineSweep",10000,2,207,703.314,703.293,694.237,1,1,0.987,8.089,,9933,107
"BaselineSweep",10000,2,208,679.489,679.506,673.556,1,1,1.188,4.745,,9865,107
"BaselineSweep",10000,2,209,677.700,677.687,672.292,1,1,0.925,4.483,,9936,106
"BaselineSweep",10000,2,210,667.281,667.282,661.518,1,1,0.984,4.778,,9893,108
"BaselineSweep",10000,2,211,658.621,658.601,650.972,1,1,1.010,6.638,,9932,106
"BaselineSweep",10000,2,212,690.108,690.126,684.611,1,1,1.060,4.437,,9909,107
"BaselineSweep",10000,2,213,652.522,652.521,647.071,1,1,0.924,4.527,,9942,108
"BaselineSweep",10000,2,214,692.041,692.027,682.537,1,1,0.936,8.567,,9920,108
"BaselineSweep",10000,2,215,686.794,686.801,680.973,1,1,1.501,4.320,,9918,108
"BaselineSweep",10000,2,216,674.217,674.210,668.539,1,1,1.027,4.652,,9941,108
"BaselineSweep",10000,2,217,674.460,674.454,666.808,1,1,0.957,6.695,,9916,108
"BaselineSweep",10000,2,218,690.857,689.351,684.025,1,1,0.998,5.834,,9931,108
"BaselineSweep",10000,2,219,669.838,671.326,660.998,1,1,1.589,7.250,,9803,107
"BaselineSweep",10000,2,220,695.942,695.963,690.569,1,1,0.949,4.425,,9914,106
"BaselineSweep",10000,2,221,705.704,705.703,700.532,1,1,0.942,4.230,,9750,108
"BaselineSweep",10000,2,222,688.942,688.943,683.442,1,1,0.929,4.571,,9855,108
"BaselineSweep",10000,2,223,677.690,677.689,672.047,1,1,1.166,4.477,,9928,108
"BaselineSweep",10000,2,224,682.012,682.005,675.204,1,1,2.263,4.545,,9953,108
"BaselineSweep",10000,2,225,681.900,681.900,673.622,1,1,0.955,7.323,,9949,108
"BaselineSweep",10000,2,226,672.961,672.949,665.448,1,1,1.043,6.470,,9895,107
"BaselineSweep",10000,2,227,676.411,676.424,671.160,1,1,0.969,4.281,,9951,108
"BaselineSweep",10000,2,228,680.411,680.371,673.157,1,1,0.941,6.314,,9939,107
"BaselineSweep",10000,2,229,685.819,685.851,680.533,1,1,0.950,4.335,,9934,108
"BaselineSweep",10000,2,230,688.577,688.564,680.294,1,1,1.138,7.145,,9901,108
"BaselineSweep",10000,2,231,681.693,681.707,676.298,1,1,1.268,4.127,,9925,108
"BaselineSweep",10000,2,232,679.330,679.325,673.853,1,1,0.940,4.537,,9934,108
"BaselineSweep",10000,2,233,700.693,700.644,692.290,1,1,1.323,7.080,,9743,108
"BaselineSweep",10000,2,234,681.940,681.986,676.104,1,1,0.943,4.893,,9938,107
"BaselineSweep",10000,2,235,668.199,668.198,662.233,1,1,1.435,4.531,,9868,107
"BaselineSweep",10000,2,236,692.730,692.726,686.230,1,1,0.960,5.540,,9787,107
"BaselineSweep",10000,2,237,673.838,673.817,665.956,1,1,0.948,6.934,,9889,108
"BaselineSweep",10000,2,238,697.462,697.465,690.266,1,1,1.059,6.138,,9904,108
"BaselineSweep",10000,2,239,678.755,678.772,673.273,1,1,1.110,4.372,,9717,108
"BaselineSweep",10000,2,240,699.492,699.481,691.031,1,1,1.034,7.426,,9919,108
"BaselineSweep",10000,2,241,689.623,689.626,684.019,1,1,1.032,4.571,,9929,108
"BaselineSweep",10000,2,242,689.151,689.083,681.283,1,1,1.030,6.838,,9956,108
"BaselineSweep",10000,2,243,685.074,685.135,679.335,1,1,1.041,4.697,,9921,108
"BaselineSweep",10000,2,244,681.323,681.323,675.970,1,1,1.008,4.345,,9945,108
"BaselineSweep",10000,2,245,689.379,689.367,683.635,1,1,0.985,4.759,,9918,108
"BaselineSweep",10000,2,246,676.661,676.637,670.656,1,1,0.975,5.031,,9895,107
"BaselineSweep",10000,2,247,682.332,682.366,677.056,1,1,1.022,4.255,,9045,108
"BaselineSweep",10000,2,248,678.687,678.682,673.091,1,1,0.974,4.621,,9833,108
"BaselineSweep",10000,2,249,686.067,686.041,678.007,1,1,1.090,6.970,,9930,108
"BaselineSweep",10000,2,250,691.087,691.111,685.112,1,1,1.023,4.953,,9950,108
"BaselineSweep",10000,2,251,689.712,689.704,681.683,1,1,1.086,6.943,,9985,108
"BaselineSweep",10000,2,252,687.040,687.045,681.518,1,1,1.016,4.506,,9951,108
"BaselineSweep",10000,2,253,696.001,695.973,687.751,1,1,1.025,7.225,,9961,108
"BaselineSweep",10000,2,254,684.429,684.451,675.908,1,1,1.032,7.489,,9931,108
"BaselineSweep",10000,2,255,694.496,694.500,688.881,1,1,1.033,4.583,,9951,108
"BaselineSweep",10000,2,256,689.661,689.545,681.122,1,1,1.168,7.371,,9948,108
"BaselineSweep",10000,2,257,692.733,692.842,687.265,1,1,1.044,4.424,,9960,108
"BaselineSweep",10000,2,258,699.591,699.589,693.995,1,1,1.034,4.562,,5382,108
"BaselineSweep",10000,2,259,723.840,723.842,718.688,1,1,0.982,4.170,,9922,107
"BaselineSweep",10000,2,260,688.931,688.928,683.716,1,1,0.970,4.246,,9962,106
"BaselineSweep",10000,2,261,695.792,695.782,689.200,1,1,1.855,4.738,,9937,108
"BaselineSweep",10000,2,262,686.882,686.884,679.526,1,1,1.978,5.377,,9625,108
"BaselineSweep",10000,2,263,686.236,686.243,681.089,1,1,0.941,4.205,,9976,107
"BaselineSweep",10000,2,264,683.927,683.924,678.665,1,1,0.935,4.327,,9938,107
"BaselineSweep",10000,2,265,674.098,674.089,666.430,1,1,1.077,6.590,,9947,107
"BaselineSweep",10000,2,266,685.995,685.970,678.276,1,1,1.063,6.656,,9836,108
"BaselineSweep",10000,2,267,687.005,687.007,677.803,1,1,1.186,8.016,,9956,108
"BaselineSweep",10000,2,268,693.731,693.738,686.469,1,1,0.990,6.272,,9933,107
"BaselineSweep",10000,2,269,696.711,696.712,689.485,1,1,0.945,6.281,,9971,108
"BaselineSweep",10000,2,270,699.221,699.211,690.622,1,1,2.006,6.594,,9929,108
"BaselineSweep",10000,2,271,689.726,689.736,679.306,1,1,1.048,9.372,,9864,107
"BaselineSweep",10000,2,272,679.056,679.050,670.007,1,1,1.190,7.859,,9957,108
"BaselineSweep",10000,2,273,682.616,682.618,675.521,1,1,0.922,6.173,,9978,108
"BaselineSweep",10000,2,274,687.741,687.739,679.510,1,1,0.951,7.279,,9852,108
"BaselineSweep",10000,2,275,683.307,683.308,676.091,1,1,1.006,6.211,,9961,108
"BaselineSweep",10000,2,276,679.249,679.248,671.462,1,1,0.951,6.835,,9958,108
"BaselineSweep",10000,2,277,689.361,689.350,681.332,1,1,1.061,6.968,,9949,107
"BaselineSweep",10000,2,278,689.386,689.385,682.037,1,1,0.972,6.377,,9977,107
"BaselineSweep",10000,2,279,699.150,699.145,691.479,1,1,1.007,6.664,,9971,108
"BaselineSweep",10000,2,280,693.033,693.036,684.573,1,1,0.960,7.500,,9962,108
"BaselineSweep",10000,2,281,684.548,684.544,676.912,1,1,0.967,6.669,,9962,108
"BaselineSweep",10000,2,282,700.450,700.461,694.755,1,1,0.954,4.741,,9943,108
"BaselineSweep",10000,2,283,682.800,682.800,676.893,1,1,1.010,4.897,,9970,106
"BaselineSweep",10000,2,284,675.754,675.744,670.370,1,1,1.022,4.361,,9977,108
"BaselineSweep",10000,2,285,692.812,692.819,686.785,1,1,0.959,5.068,,9934,108
"BaselineSweep",10000,2,286,680.428,680.424,674.320,1,1,0.997,5.111,,9901,108
"BaselineSweep",10000,2,287,694.900,694.883,687.186,1,1,0.982,6.733,,9868,107
"BaselineSweep",10000,2,288,684.589,684.596,678.149,1,1,0.978,5.462,,9966,108
"BaselineSweep",10000,2,289,696.085,696.085,687.989,1,1,1.059,7.036,,9927,107
"BaselineSweep",10000,2,290,687.253,687.249,678.896,1,1,0.983,7.374,,9946,108
"BaselineSweep",10000,2,291,676.279,676.286,670.937,1,1,1.095,4.246,,9940,108
"BaselineSweep",10000,2,292,684.559,684.541,676.202,1,1,1.068,7.289,,9894,106
"BaselineSweep",10000,2,293,674.298,674.311,668.731,1,1,0.997,4.569,,9941,108
"BaselineSweep",10000,2,294,667.007,667.005,661.423,1,1,1.049,4.536,,9941,108
"BaselineSweep",10000,2,295,689.367,689.346,682.330,1,1,1.036,6.002,,9949,108
"BaselineSweep",10000,2,296,694.371,694.368,686.472,1,1,1.529,6.371,,9932,108
"BaselineSweep",10000,2,297,700.483,700.502,693.359,1,1,1.319,5.805,,9811,108
"BaselineSweep",10000,2,298,702.863,702.858,696.993,1,1,0.949,4.921,,9956,107
"BaselineSweep",10000,2,299,668.288,668.285,662.746,1,1,0.972,4.571,,9968,108
"BaselineSweep",500,3,0,4.418,4.411,0.000,0,0,0.033,4.385,,506,13
"BaselineSweep",500,3,1,3.264,3.263,2.038,1,0,0.045,1.182,,512,13
"BaselineSweep",500,3,2,3.944,3.938,0.000,0,0,0.033,3.911,,509,13
"BaselineSweep",500,3,3,1.416,1.429,0.000,0,0,0.042,1.374,,507,13
"BaselineSweep",500,3,4,2.021,2.009,0.000,0,0,0.034,1.986,,512,13
"BaselineSweep",500,3,5,2.777,2.779,0.000,0,0,0.042,2.735,,514,13
"BaselineSweep",500,3,6,3.045,3.050,0.000,0,0,0.038,3.006,,515,13
"BaselineSweep",500,3,7,3.267,3.265,1.812,1,0,0.046,1.409,,512,13
"BaselineSweep",500,3,8,3.101,2.993,0.000,0,0,0.035,3.066,,514,13
"BaselineSweep",500,3,9,1.972,2.069,0.000,0,0,0.036,1.936,,511,13
"BaselineSweep",500,3,10,3.048,3.053,0.000,0,0,0.046,3.002,,514,13
"BaselineSweep",500,3,11,3.420,3.406,0.000,0,0,0.037,3.383,,512,13
"BaselineSweep",500,3,12,2.718,2.695,0.000,0,0,0.040,2.678,,506,13
"BaselineSweep",500,3,13,3.411,3.448,2.144,1,0,0.045,1.222,,515,13
"BaselineSweep",500,3,14,1.357,1.351,0.000,0,0,0.032,1.325,,514,13
"BaselineSweep",500,3,15,1.516,1.513,0.000,0,0,0.043,1.473,,511,13
"BaselineSweep",500,3,16,1.219,1.218,0.000,0,0,0.035,1.184,,516,13
"BaselineSweep",500,3,17,1.328,1.337,0.000,0,0,0.034,1.294,,514,13
"BaselineSweep",500,3,18,1.711,1.703,0.000,0,0,0.032,1.679,,515,13
"BaselineSweep",500,3,19,1.243,1.239,0.000,0,0,0.034,1.209,,511,13
"BaselineSweep",500,3,20,1.292,1.303,0.000,0,0,0.045,1.246,,513,13
"BaselineSweep",500,3,21,0.964,0.957,0.000,0,0,0.034,0.929,,511,13
"BaselineSweep",500,3,22,1.228,1.235,0.000,0,0,0.034,1.195,,516,13
"BaselineSweep",500,3,23,0.920,0.911,0.000,0,0,0.033,0.887,,515,13
"BaselineSweep",500,3,24,3.547,3.545,2.034,1,0,0.039,1.474,,513,13
"BaselineSweep",500,3,25,1.354,1.360,0.000,0,0,0.034,1.320,,517,13
"BaselineSweep",500,3,26,1.136,1.140,0.000,0,0,0.034,1.102,,515,13
"BaselineSweep",500,3,27,0.950,0.939,0.000,0,0,0.030,0.920,,512,13
"BaselineSweep",500,3,28,1.292,1.300,0.000,0,0,0.034,1.258,,516,13
"BaselineSweep",500,3,29,1.794,1.780,0.000,0,0,0.033,1.761,,515,13
"BaselineSweep",500,3,30,1.368,1.365,0.000,0,0,0.044,1.324,,517,13
"BaselineSweep",500,3,31,0.996,1.002,0.000,0,0,0.040,0.957,,518,13
"BaselineSweep",500,3,32,1.285,1.290,0.000,0,0,0.034,1.251,,518,13
"BaselineSweep",500,3,33,1.240,1.242,0.000,0,0,0.032,1.208,,514,13
"BaselineSweep",500,3,34,1.217,1.210,0.000,0,0,0.033,1.184,,518,13
"BaselineSweep",500,3,35,3.297,3.297,1.920,1,0,0.046,1.332,,517,13
"BaselineSweep",500,3,36,1.240,1.238,0.000,0,0,0.034,1.206,,516,13
"BaselineSweep",500,3,37,1.189,1.188,0.000,0,0,0.034,1.155,,518,13
"BaselineSweep",500,3,38,1.297,1.295,0.000,0,0,0.034,1.263,,518,13
"BaselineSweep",500,3,39,1.871,1.868,0.000,0,0,0.038,1.833,,514,13
"BaselineSweep",500,3,40,1.222,1.229,0.000,0,0,0.036,1.186,,515,13
"BaselineSweep",500,3,41,1.466,1.468,0.000,0,0,0.032,1.434,,515,13
"BaselineSweep",500,3,42,1.269,1.269,0.000,0,0,0.031,1.238,,517,13
"BaselineSweep",500,3,43,1.403,1.379,0.000,0,0,0.032,1.371,,517,13
"BaselineSweep",500,3,44,1.609,1.614,0.000,0,0,0.049,1.560,,512,13
"BaselineSweep",500,3,45,1.692,1.700,0.000,0,0,0.038,1.654,,519,13
"BaselineSweep",500,3,46,3.757,3.754,2.283,1,0,0.036,1.438,,516,13
"BaselineSweep",500,3,47,1.197,1.203,0.000,0,0,0.039,1.157,,519,13
"BaselineSweep",500,3,48,1.373,1.371,0.000,0,0,0.036,1.337,,519,13
"BaselineSweep",500,3,49,0.832,0.825,0.000,0,0,0.034,0.799,,520,13
"BaselineSweep",500,3,50,1.188,1.199,0.000,0,0,0.037,1.151,,519,13
"BaselineSweep",500,3,51,1.144,1.143,0.000,0,0,0.032,1.112,,520,13
"BaselineSweep",500,3,52,1.797,1.778,0.000,0,0,0.030,1.767,,519,13
"BaselineSweep",500,3,53,1.426,1.434,0.000,0,0,0.059,1.367,,519,13
"BaselineSweep",500,3,54,1.225,1.231,0.000,0,0,0.038,1.187,,517,13
"BaselineSweep",500,3,55,0.809,0.797,0.000,0,0,0.031,0.779,,517,13
"BaselineSweep",500,3,56,1.490,1.496,0.000,0,0,0.040,1.450,,520,13
"BaselineSweep",500,3,57,3.470,3.455,1.973,1,0,0.053,1.444,,517,13
"BaselineSweep",500,3,58,1.686,1.691,0.000,0,0,0.035,1.651,,517,13
"BaselineSweep",500,3,59,0.983,0.982,0.000,0,0,0.070,0.913,,517,13
"BaselineSweep",500,3,60,1.212,1.225,0.000,0,0,0.042,1.170,,517,13
"BaselineSweep",500,3,61,1.711,1.699,0.000,0,0,0.032,1.679,,521,13
"BaselineSweep",500,3,62,1.727,1.726,0.000,0,0,0.041,1.686,,516,13
"BaselineSweep",500,3,63,1.228,1.234,0.000,0,0,0.038,1.190,,514,13
"BaselineSweep",500,3,64,1.221,1.220,0.000,0,0,0.033,1.188,,516,13
"BaselineSweep",500,3,65,1.191,1.191,0.000,0,0,0.033,1.158,,520,13
"BaselineSweep",500,3,66,1.976,1.957,0.000,0,0,0.034,1.942,,520,13
"BaselineSweep",500,3,67,3.386,3.403,1.934,1,0,0.049,1.403,,519,13
"BaselineSweep",500,3,68,1.172,1.168,0.000,0,0,0.042,1.130,,521,13
"BaselineSweep",500,3,69,1.296,1.292,0.000,0,0,0.031,1.265,,521,13
"BaselineSweep",500,3,70,1.287,1.296,0.000,0,0,0.038,1.249,,515,13
"BaselineSweep",500,3,71,1.350,1.347,0.000,0,0,0.031,1.319,,517,13
"BaselineSweep",500,3,72,0.846,0.842,0.000,0,0,0.032,0.814,,517,13
"BaselineSweep",500,3,73,0.557,0.560,0.000,0,0,0.039,0.518,,519,13
"BaselineSweep",500,3,74,1.288,1.286,0.000,0,0,0.039,1.248,,506,13
"BaselineSweep",500,3,75,0.888,0.877,0.000,0,0,0.034,0.855,,531,13
"BaselineSweep",500,3,76,1.547,1.552,0.000,0,0,0.044,1.503,,520,13
"BaselineSweep",500,3,77,1.271,1.278,0.000,0,0,0.038,1.233,,517,13
"BaselineSweep",500,3,78,1.168,1.169,0.000,0,0,0.033,1.134,,519,13
"BaselineSweep",500,3,79,1.255,1.254,0.000,0,0,0.032,1.223,,519,13
"BaselineSweep",500,3,80,3.236,3.229,1.904,1,0,0.039,1.293,,520,13
"BaselineSweep",500,3,81,1.225,1.230,0.000,0,0,0.033,1.193,,521,13
"BaselineSweep",500,3,82,1.253,1.254,0.000,0,0,0.033,1.220,,504,13
"BaselineSweep",500,3,83,1.518,1.496,0.000,0,0,0.033,1.485,,519,13
"BaselineSweep",500,3,84,1.323,1.343,0.000,0,0,0.034,1.289,,519,13
"BaselineSweep",500,3,85,1.310,1.279,0.000,0,0,0.036,1.274,,517,13
"BaselineSweep",500,3,86,1.400,1.429,0.000,0,0,0.083,1.317,,517,13
"BaselineSweep",500,3,87,1.405,1.397,0.000,0,0,0.031,1.374,,518,13
"BaselineSweep",500,3,88,1.443,1.444,0.000,0,0,0.035,1.409,,518,13
"BaselineSweep",500,3,89,1.337,1.336,0.000,0,0,0.035,1.302,,519,13
"BaselineSweep",500,3,90,1.567,1.565,0.000,0,0,0.037,1.531,,513,13
"BaselineSweep",500,3,91,2.960,2.961,1.577,1,0,0.041,1.342,,518,13
"BaselineSweep",500,3,92,1.309,1.310,0.000,0,0,0.033,1.276,,516,13
"BaselineSweep",500,3,93,1.859,1.838,0.000,0,0,0.033,1.826,,521,13
"BaselineSweep",500,3,94,1.394,1.407,0.000,0,0,0.070,1.325,,521,13
"BaselineSweep",500,3,95,1.337,1.344,0.000,0,0,0.077,1.261,,520,13
"BaselineSweep",500,3,96,1.382,1.376,0.000,0,0,0.077,1.305,,520,13
"BaselineSweep",500,3,97,1.271,1.275,0.000,0,0,0.034,1.237,,517,13
"BaselineSweep",500,3,98,1.308,1.304,0.000,0,0,0.033,1.275,,519,13
"BaselineSweep",500,3,99,1.232,1.238,0.000,0,0,0.040,1.191,,514,13
"BaselineSweep",500,3,100,1.899,1.892,0.000,0,0,0.034,1.865,,517,13
"BaselineSweep",500,3,101,3.216,3.218,1.628,1,0,0.037,1.551,,519,13
"BaselineSweep",500,3,102,1.474,1.457,0.000,0,0,0.034,1.440,,517,13
"BaselineSweep",500,3,103,0.699,0.704,0.000,0,0,0.044,0.655,,520,13
"BaselineSweep",500,3,104,1.694,1.703,0.000,0,0,0.043,1.652,,520,13
"BaselineSweep",500,3,105,0.764,0.755,0.000,0,0,0.035,0.729,,521,13
"BaselineSweep",500,3,106,1.409,1.420,0.000,0,0,0.043,1.366,,521,13
"BaselineSweep",500,3,107,1.323,1.321,0.000,0,0,0.033,1.290,,514,13
"BaselineSweep",500,3,108,1.607,1.589,0.000,0,0,0.038,1.569,,520,13
"BaselineSweep",500,3,109,1.554,1.563,0.000,0,0,0.145,1.409,,521,13
"BaselineSweep",500,3,110,1.309,1.308,0.000,0,0,0.036,1.273,,518,13
"BaselineSweep",500,3,111,1.579,1.579,0.000,0,0,0.033,1.546,,520,13
"BaselineSweep",500,3,112,3.292,3.291,1.864,1,0,0.044,1.384,,517,13
"BaselineSweep",500,3,113,1.473,1.479,0.000,0,0,0.041,1.433,,515,13
"BaselineSweep",500,3,114,0.843,0.837,0.000,0,0,0.031,0.812,,507,13
"BaselineSweep",500,3,115,1.292,1.296,0.000,0,0,0.037,1.255,,521,13
"BaselineSweep",500,3,116,2.296,2.288,0.000,0,0,0.034,2.262,,518,13
"BaselineSweep",500,3,117,1.303,1.312,0.000,0,0,0.045,1.258,,519,13
"BaselineSweep",500,3,118,1.316,1.317,0.000,0,0,0.034,1.282,,521,13
"BaselineSweep",500,3,119,1.373,1.366,0.000,0,0,0.031,1.342,,518,13
"BaselineSweep",500,3,120,1.371,1.369,0.000,0,0,0.034,1.337,,521,13
"BaselineSweep",500,3,121,1.282,1.284,0.000,0,0,0.043,1.239,,520,13
"BaselineSweep",500,3,122,0.741,0.731,0.000,0,0,0.036,0.705,,520,12
"BaselineSweep",500,3,123,3.470,3.471,2.016,1,0,0.041,1.413,,521,13
"BaselineSweep",500,3,124,1.285,1.296,0.000,0,0,0.034,1.251,,511,13
"BaselineSweep",500,3,125,1.514,1.466,0.000,0,0,0.034,1.480,,517,13
"BaselineSweep",500,3,126,1.303,1.348,0.000,0,0,0.038,1.265,,516,13
"BaselineSweep",500,3,127,1.657,1.657,0.000,0,0,0.032,1.625,,520,13
"BaselineSweep",500,3,128,0.971,0.946,0.000,0,0,0.033,0.939,,520,13
"BaselineSweep",500,3,129,1.748,1.767,0.000,0,0,0.102,1.646,,519,13
"BaselineSweep",500,3,130,1.536,1.531,0.000,0,0,0.035,1.501,,521,13
"BaselineSweep",500,3,131,0.770,0.766,0.000,0,0,0.037,0.732,,520,13
"BaselineSweep",500,3,132,1.231,1.242,0.000,0,0,0.041,1.190,,516,13
"BaselineSweep",500,3,133,1.149,1.151,0.000,0,0,0.033,1.116,,519,13
"BaselineSweep",500,3,134,3.337,3.326,1.943,1,0,0.036,1.358,,520,13
"BaselineSweep",500,3,135,1.306,1.302,0.000,0,0,0.034,1.272,,519,13
"BaselineSweep",500,3,136,1.164,1.176,0.000,0,0,0.036,1.127,,519,13
"BaselineSweep",500,3,137,0.931,0.917,0.000,0,0,0.033,0.899,,519,13
"BaselineSweep",500,3,138,0.564,0.570,0.000,0,0,0.039,0.525,,517,12
"BaselineSweep",500,3,139,1.010,1.012,0.000,0,0,0.033,0.977,,506,13
"BaselineSweep",500,3,140,0.558,0.535,0.000,0,0,0.032,0.527,,521,13
"BaselineSweep",500,3,141,1.736,1.747,0.000,0,0,0.069,1.668,,521,13
"BaselineSweep",500,3,142,0.566,0.578,0.000,0,0,0.040,0.526,,521,13
"BaselineSweep",500,3,143,0.986,0.973,0.000,0,0,0.034,0.953,,514,13
"BaselineSweep",500,3,144,0.490,0.500,0.000,0,0,0.039,0.452,,519,13
"BaselineSweep",500,3,145,1.251,1.248,0.000,0,0,0.038,1.213,,518,13
"BaselineSweep",500,3,146,1.165,1.169,0.000,0,0,0.034,1.131,,517,13
"BaselineSweep",500,3,147,0.902,0.890,0.000,0,0,0.033,0.869,,520,13
"BaselineSweep",500,3,148,0.615,0.616,0.000,0,0,0.038,0.577,,521,13
"BaselineSweep",500,3,149,3.486,3.492,2.047,1,0,0.043,1.396,,146,12
"BaselineSweep",500,3,150,1.268,1.267,0.000,0,0,0.032,1.236,,887,14
"BaselineSweep",500,3,151,1.157,1.158,0.000,0,0,0.034,1.123,,519,13
"BaselineSweep",500,3,152,1.076,1.057,0.000,0,0,0.031,1.045,,516,13
"BaselineSweep",500,3,153,0.974,0.970,0.000,0,0,0.046,0.928,,515,13
"BaselineSweep",500,3,154,1.089,1.102,0.000,0,0,0.039,1.050,,518,13
"BaselineSweep",500,3,155,0.542,0.545,0.000,0,0,0.037,0.506,,518,13
"BaselineSweep",500,3,156,1.232,1.236,0.000,0,0,0.033,1.199,,519,13
"BaselineSweep",500,3,157,0.911,0.899,0.000,0,0,0.033,0.878,,520,13
"BaselineSweep",500,3,158,0.495,0.497,0.000,0,0,0.036,0.458,,521,13
"BaselineSweep",500,3,159,0.936,0.938,0.000,0,0,0.037,0.899,,518,13
"BaselineSweep",500,3,160,1.624,1.617,0.000,0,0,0.036,1.588,,519,13
"BaselineSweep",500,3,161,0.912,0.914,0.000,0,0,0.040,0.872,,521,13
"BaselineSweep",500,3,162,0.691,0.699,0.000,0,0,0.041,0.651,,520,13
"BaselineSweep",500,3,163,2.971,2.971,1.680,1,0,0.043,1.249,,517,13
"BaselineSweep",500,3,164,1.327,1.321,0.000,0,0,0.032,1.295,,521,13
"BaselineSweep",500,3,165,1.543,1.537,0.000,0,0,0.042,1.501,,521,13
"BaselineSweep",500,3,166,0.537,0.539,0.000,0,0,0.043,0.494,,509,13
"BaselineSweep",500,3,167,1.339,1.341,0.000,0,0,0.039,1.300,,517,13
"BaselineSweep",500,3,168,1.267,1.268,0.000,0,0,0.034,1.233,,519,13
"BaselineSweep",500,3,169,0.918,0.901,0.000,0,0,0.035,0.882,,521,13
"BaselineSweep",500,3,170,0.500,0.510,0.000,0,0,0.036,0.464,,520,13
"BaselineSweep",500,3,171,0.860,0.844,0.000,0,0,0.040,0.820,,519,13
"BaselineSweep",500,3,172,1.346,1.360,0.000,0,0,0.044,1.302,,520,13
"BaselineSweep",500,3,173,1.329,1.333,0.000,0,0,0.038,1.291,,519,13
"BaselineSweep",500,3,174,0.930,0.926,0.000,0,0,0.037,0.894,,515,13
"BaselineSweep",500,3,175,0.584,0.584,0.000,0,0,0.039,0.544,,521,13
"BaselineSweep",500,3,176,0.776,0.775,0.000,0,0,0.039,0.737,,518,13
"BaselineSweep",500,3,177,1.793,1.785,0.000,0,0,0.039,1.754,,517,13
"BaselineSweep",500,3,178,3.205,3.212,1.760,1,0,0.055,1.389,,512,13
"BaselineSweep",500,3,179,1.245,1.247,0.000,0,0,0.036,1.209,,520,13
"BaselineSweep",500,3,180,1.039,1.030,0.000,0,0,0.037,1.002,,520,13
"BaselineSweep",500,3,181,0.613,0.619,0.000,0,0,0.034,0.579,,516,13
"BaselineSweep",500,3,182,1.673,1.654,0.000,0,0,0.038,1.634,,514,13
"BaselineSweep",500,3,183,1.290,1.308,0.000,0,0,0.051,1.238,,512,13
"BaselineSweep",500,3,184,0.900,0.888,0.000,0,0,0.039,0.862,,517,13
"BaselineSweep",500,3,185,0.720,0.716,0.000,0,0,0.040,0.679,,518,13
"BaselineSweep",500,3,186,0.842,0.847,0.000,0,0,0.051,0.791,,275,13
"BaselineSweep",500,3,187,0.784,0.780,0.000,0,0,0.038,0.746,,756,13
"BaselineSweep",500,3,188,1.415,1.413,0.000,0,0,0.041,1.373,,522,13
"BaselineSweep",500,3,189,1.650,1.643,0.000,0,0,0.038,1.612,,519,13
"BaselineSweep",500,3,190,3.919,3.932,2.465,1,0,0.047,1.407,,520,13
"BaselineSweep",500,3,191,1.368,1.366,0.000,0,0,0.038,1.330,,512,13
"BaselineSweep",500,3,192,1.377,1.362,0.000,0,0,0.037,1.339,,517,13
"BaselineSweep",500,3,193,1.336,1.353,0.000,0,0,0.046,1.290,,516,13
"BaselineSweep",500,3,194,0.987,0.975,0.000,0,0,0.038,0.949,,520,13
"BaselineSweep",500,3,195,0.575,0.586,0.000,0,0,0.041,0.534,,520,13
"BaselineSweep",500,3,196,0.852,0.840,0.000,0,0,0.037,0.815,,517,13
"BaselineSweep",500,3,197,0.487,0.489,0.000,0,0,0.040,0.448,,521,13
"BaselineSweep",500,3,198,0.791,0.789,0.000,0,0,0.039,0.752,,517,13
"BaselineSweep",500,3,199,0.618,0.616,0.000,0,0,0.044,0.574,,519,13
"BaselineSweep",500,3,200,1.677,1.644,0.000,0,0,0.043,1.634,,514,13
"BaselineSweep",500,3,201,2.084,2.108,0.000,0,0,0.088,1.996,,520,13
"BaselineSweep",500,3,202,0.509,0.525,0.000,0,0,0.044,0.465,,521,13
"BaselineSweep",500,3,203,3.209,3.187,1.830,1,0,0.040,1.339,,521,13
"BaselineSweep",500,3,204,1.258,1.278,0.000,0,0,0.039,1.219,,515,13
"BaselineSweep",500,3,205,0.921,0.902,0.000,0,0,0.038,0.883,,519,13
"BaselineSweep",500,3,206,1.816,1.828,0.000,0,0,0.044,1.772,,520,13
"BaselineSweep",500,3,207,1.382,1.383,0.000,0,0,0.039,1.343,,515,13
"BaselineSweep",500,3,208,0.952,0.947,0.000,0,0,0.040,0.913,,518,13
"BaselineSweep",500,3,209,1.321,1.324,0.000,0,0,0.037,1.284,,520,13
"BaselineSweep",500,3,210,1.020,1.012,0.000,0,0,0.042,0.978,,521,13
"BaselineSweep",500,3,211,1.299,1.313,0.000,0,0,0.040,1.259,,516,13
"BaselineSweep",500,3,212,0.947,0.943,0.000,0,0,0.037,0.909,,514,13
"BaselineSweep",500,3,213,0.834,0.831,0.000,0,0,0.039,0.795,,400,13
"BaselineSweep",500,3,214,1.393,1.389,0.000,0,0,0.037,1.355,,641,13
"BaselineSweep",500,3,215,1.695,1.678,0.000,0,0,0.038,1.657,,519,13
"BaselineSweep",500,3,216,3.500,3.508,2.049,1,0,0.060,1.391,,516,13
"BaselineSweep",500,3,217,1.308,1.322,0.000,0,0,0.036,1.272,,519,13
"BaselineSweep",500,3,218,0.962,0.945,0.000,0,0,0.037,0.925,,520,13
"BaselineSweep",500,3,219,1.353,1.358,0.000,0,0,0.045,1.308,,521,13
"BaselineSweep",500,3,220,0.976,0.971,0.000,0,0,0.043,0.934,,517,13
"BaselineSweep",500,3,221,1.673,1.682,0.000,0,0,0.047,1.626,,519,13
"BaselineSweep",500,3,222,1.344,1.347,0.000,0,0,0.036,1.307,,516,13
"BaselineSweep",500,3,223,0.943,0.934,0.000,0,0,0.037,0.906,,520,13
"BaselineSweep",500,3,224,0.466,0.469,0.000,0,0,0.034,0.432,,521,13
"BaselineSweep",500,3,225,1.434,1.428,0.000,0,0,0.040,1.394,,518,13
"BaselineSweep",500,3,226,0.771,0.773,0.000,0,0,0.074,0.698,,519,13
"BaselineSweep",500,3,227,1.219,1.227,0.000,0,0,0.039,1.180,,518,13
"BaselineSweep",500,3,228,3.533,3.523,2.111,1,0,0.035,1.387,,521,13
"BaselineSweep",500,3,229,1.428,1.429,0.000,0,0,0.037,1.391,,517,13
"BaselineSweep",500,3,230,1.350,1.354,0.000,0,0,0.036,1.314,,521,13
"BaselineSweep",500,3,231,1.070,1.055,0.000,0,0,0.035,1.035,,519,13
"BaselineSweep",500,3,232,1.217,1.236,0.000,0,0,0.032,1.185,,519,13
"BaselineSweep",500,3,233,1.163,1.159,0.000,0,0,0.033,1.131,,520,13
"BaselineSweep",500,3,234,1.330,1.322,0.000,0,0,0.031,1.299,,515,13
"BaselineSweep",500,3,235,1.173,1.171,0.000,0,0,0.041,1.132,,520,13
"BaselineSweep",500,3,236,0.807,0.809,0.000,0,0,0.065,0.742,,515,13
"BaselineSweep",500,3,237,1.250,1.253,0.000,0,0,0.040,1.210,,520,13
"BaselineSweep",500,3,238,0.947,0.946,0.000,0,0,0.035,0.912,,521,13
"BaselineSweep",500,3,239,1.125,1.130,0.000,0,0,0.034,1.091,,520,13
"BaselineSweep",500,3,240,3.046,3.037,1.736,1,0,0.052,1.258,,517,13
"BaselineSweep",500,3,241,1.715,1.713,0.000,0,0,0.034,1.681,,515,13
"BaselineSweep",500,3,242,1.276,1.278,0.000,0,0,0.037,1.240,,521,13
"BaselineSweep",500,3,243,1.286,1.287,0.000,0,0,0.034,1.253,,520,13
"BaselineSweep",500,3,244,1.692,1.676,0.000,0,0,0.034,1.658,,521,13
"BaselineSweep",500,3,245,1.385,1.399,0.000,0,0,0.042,1.344,,518,13
"BaselineSweep",500,3,246,0.936,0.922,0.000,0,0,0.035,0.900,,517,13
"BaselineSweep",500,3,247,1.267,1.280,0.000,0,0,0.037,1.230,,521,12
"BaselineSweep",500,3,248,0.939,0.939,0.000,0,0,0.033,0.905,,519,13
"BaselineSweep",500,3,249,0.730,0.729,0.000,0,0,0.035,0.695,,520,13
"BaselineSweep",500,3,250,1.367,1.357,0.000,0,0,0.035,1.332,,521,13
"BaselineSweep",500,3,251,1.037,1.037,0.000,0,0,0.044,0.993,,503,13
"BaselineSweep",500,3,252,3.169,3.177,1.576,1,0,0.038,1.555,,518,13
"BaselineSweep",500,3,253,1.067,1.063,0.000,0,0,0.035,1.032,,521,13
"BaselineSweep",500,3,254,0.562,0.564,0.000,0,0,0.034,0.528,,514,13
"BaselineSweep",500,3,255,1.796,1.787,0.000,0,0,0.034,1.762,,516,13
"BaselineSweep",500,3,256,0.773,0.771,0.000,0,0,0.045,0.728,,521,13
"BaselineSweep",500,3,257,1.249,1.257,0.000,0,0,0.045,1.204,,521,13
"BaselineSweep",500,3,258,0.858,0.852,0.000,0,0,0.035,0.823,,519,13
"BaselineSweep",500,3,259,0.459,0.462,0.000,0,0,0.037,0.422,,517,13
"BaselineSweep",500,3,260,0.858,0.860,0.000,0,0,0.036,0.822,,515,13
"BaselineSweep",500,3,261,0.453,0.456,0.000,0,0,0.035,0.418,,521,13
"BaselineSweep",500,3,262,0.792,0.775,0.000,0,0,0.035,0.758,,521,13
"BaselineSweep",500,3,263,1.410,1.411,0.000,0,0,0.072,1.338,,521,13
"BaselineSweep",500,3,264,0.750,0.745,0.000,0,0,0.103,0.647,,517,13
"BaselineSweep",500,3,265,1.291,1.305,0.000,0,0,0.037,1.253,,519,13
"BaselineSweep",500,3,266,0.909,0.903,0.000,0,0,0.035,0.874,,521,13
"BaselineSweep",500,3,267,3.499,3.500,2.171,1,0,0.037,1.292,,514,13
"BaselineSweep",500,3,268,1.393,1.394,0.000,0,0,0.037,1.356,,521,13
"BaselineSweep",500,3,269,1.111,1.118,0.000,0,0,0.036,1.075,,521,13
"BaselineSweep",500,3,270,1.313,1.308,0.000,0,0,0.032,1.282,,519,13
"BaselineSweep",500,3,271,0.879,0.880,0.000,0,0,0.033,0.846,,520,13
"BaselineSweep",500,3,272,0.500,0.495,0.000,0,0,0.033,0.467,,518,13
"BaselineSweep",500,3,273,0.937,0.928,0.000,0,0,0.036,0.901,,521,13
"BaselineSweep",500,3,274,1.366,1.369,0.000,0,0,0.069,1.296,,521,13
"BaselineSweep",500,3,275,1.807,1.808,0.000,0,0,0.100,1.707,,520,13
"BaselineSweep",500,3,276,1.164,1.172,0.000,0,0,0.035,1.128,,521,13
"BaselineSweep",500,3,277,1.224,1.217,0.000,0,0,0.033,1.191,,516,13
"BaselineSweep",500,3,278,1.315,1.314,0.000,0,0,0.033,1.282,,520,13
"BaselineSweep",500,3,279,3.427,3.410,1.717,1,0,0.046,1.663,,520,13
"BaselineSweep",500,3,280,1.161,1.183,0.000,0,0,0.034,1.127,,518,13
"BaselineSweep",500,3,281,1.122,1.123,0.000,0,0,0.033,1.089,,517,13
"BaselineSweep",500,3,282,0.855,0.839,0.000,0,0,0.034,0.821,,521,13
"BaselineSweep",500,3,283,1.498,1.498,0.000,0,0,0.086,1.412,,518,13
"BaselineSweep",500,3,284,0.425,0.436,0.000,0,0,0.040,0.385,,514,13
"BaselineSweep",500,3,285,1.232,1.226,0.000,0,0,0.036,1.196,,518,13
"BaselineSweep",500,3,286,0.868,0.864,0.000,0,0,0.035,0.832,,517,13
"BaselineSweep",500,3,287,0.518,0.523,0.000,0,0,0.036,0.482,,520,13
"BaselineSweep",500,3,288,1.177,1.181,0.000,0,0,0.037,1.140,,521,13
"BaselineSweep",500,3,289,0.856,0.848,0.000,0,0,0.034,0.821,,521,13
"BaselineSweep",500,3,290,0.559,0.554,0.000,0,0,0.036,0.523,,520,13
"BaselineSweep",500,3,291,0.988,0.982,0.000,0,0,0.039,0.949,,518,13
"BaselineSweep",500,3,292,0.923,0.934,0.000,0,0,0.066,0.857,,521,13
"BaselineSweep",500,3,293,1.577,1.575,0.000,0,0,0.036,1.541,,519,13
"BaselineSweep",500,3,294,2.761,2.766,1.541,1,0,0.036,1.184,,518,13
"BaselineSweep",500,3,295,1.764,1.619,0.000,0,0,0.031,1.734,,519,13
"BaselineSweep",500,3,296,1.606,1.744,0.000,0,0,0.046,1.560,,518,13
"BaselineSweep",500,3,297,1.253,1.258,0.000,0,0,0.036,1.217,,521,13
"BaselineSweep",500,3,298,1.271,1.267,0.000,0,0,0.031,1.240,,519,13
"BaselineSweep",500,3,299,1.202,1.207,0.000,0,0,0.034,1.168,,521,13
"BaselineSweep",2000,3,0,30.030,30.025,27.143,1,1,0.256,2.631,,1989,28
"BaselineSweep",2000,3,1,27.232,27.234,25.280,1,1,0.194,1.757,,1988,27
"BaselineSweep",2000,3,2,31.245,31.248,28.768,1,1,0.393,2.085,,2008,28
"BaselineSweep",2000,3,3,27.852,27.840,25.221,1,1,0.196,2.435,,2004,28
"BaselineSweep",2000,3,4,29.193,29.198,26.347,1,1,0.206,2.640,,1855,28
"BaselineSweep",2000,3,5,28.512,28.499,25.543,1,1,0.212,2.757,,2009,28
"BaselineSweep",2000,3,6,34.626,34.628,31.452,1,1,0.251,2.923,,2002,28
"BaselineSweep",2000,3,7,30.396,30.383,26.578,1,1,0.348,3.471,,2002,28
"BaselineSweep",2000,3,8,31.760,31.759,28.903,1,1,0.211,2.646,,1867,28
"BaselineSweep",2000,3,9,33.338,33.359,30.605,1,1,0.267,2.466,,1984,27
"BaselineSweep",2000,3,10,30.118,30.109,27.179,1,1,0.197,2.742,,2002,28
"BaselineSweep",2000,3,11,28.668,28.664,26.301,1,1,0.246,2.122,,1996,28
"BaselineSweep",2000,3,12,28.668,28.679,26.612,1,1,0.203,1.853,,1954,28
"BaselineSweep",2000,3,13,31.858,31.825,27.784,1,1,0.214,3.860,,2006,28
"BaselineSweep",2000,3,14,34.360,34.357,31.903,1,1,0.220,2.237,,1998,28
"BaselineSweep",2000,3,15,29.304,29.200,26.733,1,1,0.198,2.373,,1993,28
"BaselineSweep",2000,3,16,28.624,28.754,26.471,1,1,0.206,1.947,,1991,28
"BaselineSweep",2000,3,17,29.781,29.774,27.622,1,1,0.228,1.930,,1997,27
"BaselineSweep",2000,3,18,31.172,31.143,27.355,1,1,0.226,3.591,,2004,28
"BaselineSweep",2000,3,19,29.705,29.738,27.683,1,1,0.200,1.822,,1988,27
"BaselineSweep",2000,3,20,31.405,31.395,29.136,1,1,0.205,2.064,,2005,28
"BaselineSweep",2000,3,21,29.407,29.407,27.400,1,1,0.210,1.797,,2010,27
"BaselineSweep",2000,3,22,35.965,35.960,31.819,1,1,0.228,3.917,,1996,28
"BaselineSweep",2000,3,23,27.623,27.623,25.215,1,1,0.198,2.210,,1981,27
"BaselineSweep",2000,3,24,31.252,31.244,27.482,1,1,0.232,3.538,,1996,27
"BaselineSweep",2000,3,25,30.517,30.527,28.356,1,1,0.213,1.949,,2009,27
"BaselineSweep",2000,3,26,35.855,35.849,33.334,1,1,0.228,2.292,,2003,28
"BaselineSweep",2000,3,27,29.506,29.508,27.129,1,1,0.222,2.155,,2005,28
"BaselineSweep",2000,3,28,29.434,29.431,27.157,1,1,0.200,2.076,,2001,28
"BaselineSweep",2000,3,29,28.937,28.940,26.759,1,1,0.262,1.916,,2007,28
"BaselineSweep",2000,3,30,29.403,29.397,26.756,1,1,0.231,2.417,,2009,28
"BaselineSweep",2000,3,31,28.655,28.623,25.636,1,1,0.217,2.802,,1998,28
"BaselineSweep",2000,3,32,28.424,28.457,25.929,1,1,0.216,2.279,,1994,28
"BaselineSweep",2000,3,33,30.705,30.673,27.066,1,1,0.278,3.362,,2001,27
"BaselineSweep",2000,3,34,29.306,29.333,27.248,1,1,0.198,1.860,,2012,27
"BaselineSweep",2000,3,35,29.295,29.297,26.931,1,1,0.202,2.162,,2003,28
"BaselineSweep",2000,3,36,26.943,26.940,24.824,1,1,0.196,1.923,,2009,28
"BaselineSweep",2000,3,37,30.434,30.430,28.258,1,1,0.221,1.955,,2001,28
"BaselineSweep",2000,3,38,27.944,27.947,25.959,1,1,0.201,1.785,,2012,27
"BaselineSweep",2000,3,39,34.215,34.202,31.236,1,1,0.231,2.748,,2011,28
"BaselineSweep",2000,3,40,29.733,29.728,26.989,1,1,0.201,2.543,,1999,28
"BaselineSweep",2000,3,41,30.073,30.080,27.350,1,1,0.217,2.506,,2005,28
"BaselineSweep",2000,3,42,31.668,31.670,29.603,1,1,0.229,1.836,,2003,28
"BaselineSweep",2000,3,43,28.605,28.603,26.598,1,1,0.209,1.798,,2008,28
"BaselineSweep",2000,3,44,28.876,28.858,25.980,1,1,0.188,2.707,,2000,28
"BaselineSweep",2000,3,45,33.416,33.419,29.985,1,1,0.199,3.231,,2012,28
"BaselineSweep",2000,3,46,30.172,30.172,26.575,1,1,0.211,3.386,,2007,28
"BaselineSweep",2000,3,47,33.736,33.731,30.557,1,1,0.228,2.950,,1993,28
"BaselineSweep",2000,3,48,31.621,31.630,29.396,1,1,0.221,2.004,,2006,27
"BaselineSweep",2000,3,49,30.678,30.677,28.617,1,1,0.207,1.855,,2017,28
"BaselineSweep",2000,3,50,29.671,29.660,26.944,1,1,0.224,2.503,,2001,28
"BaselineSweep",2000,3,51,30.004,30.014,27.514,1,1,0.201,2.289,,2008,27
"BaselineSweep",2000,3,52,28.927,28.903,26.769,1,1,0.189,1.969,,2006,28
"BaselineSweep",2000,3,53,33.178,33.195,30.656,1,1,0.218,2.304,,2014,28
"BaselineSweep",2000,3,54,31.205,31.171,28.420,1,1,0.222,2.563,,2003,27
"BaselineSweep",2000,3,55,28.943,28.961,26.348,1,1,0.220,2.375,,2004,28
"BaselineSweep",2000,3,56,34.767,34.755,31.703,1,1,0.213,2.851,,2007,28
"BaselineSweep",2000,3,57,30.116,30.139,27.968,1,1,0.231,1.917,,1993,28
"BaselineSweep",2000,3,58,28.603,28.602,26.572,1,1,0.191,1.840,,1959,27
"BaselineSweep",2000,3,59,29.088,29.087,27.054,1,1,0.200,1.833,,2010,27
"BaselineSweep",2000,3,60,30.275,30.256,26.895,1,1,0.203,3.177,,2009,28
"BaselineSweep",2000,3,61,30.624,30.643,28.668,1,1,0.193,1.762,,1997,28
"BaselineSweep",2000,3,62,29.496,29.488,27.346,1,1,0.214,1.937,,2013,28
"BaselineSweep",2000,3,63,32.235,32.223,29.445,1,1,0.228,2.562,,2001,28
"BaselineSweep",2000,3,64,28.662,28.658,25.414,1,1,0.205,3.044,,2014,27
"BaselineSweep",2000,3,65,29.808,29.797,26.271,1,1,0.204,3.333,,2011,27
"BaselineSweep",2000,3,66,29.960,29.979,27.809,1,1,0.198,1.954,,2013,28
"BaselineSweep",2000,3,67,27.812,27.805,25.370,1,1,0.223,2.220,,1997,28
"BaselineSweep",2000,3,68,28.550,28.538,25.552,1,1,0.198,2.801,,2000,27
"BaselineSweep",2000,3,69,28.627,28.641,26.545,1,1,0.212,1.870,,2009,27
"BaselineSweep",2000,3,70,27.612,27.607,25.415,1,1,0.207,1.990,,2011,27
"BaselineSweep",2000,3,71,28.182,28.185,26.122,1,1,0.197,1.862,,2015,28
"BaselineSweep",2000,3,72,31.156,31.128,27.625,1,1,0.230,3.301,,1965,28
"BaselineSweep",2000,3,73,30.180,30.174,26.434,1,1,0.346,3.401,,2012,28
"BaselineSweep",2000,3,74,28.271,28.297,25.587,1,1,0.215,2.469,,2008,28
"BaselineSweep",2000,3,75,28.989,28.990,26.814,1,1,0.194,1.981,,2007,28
"BaselineSweep",2000,3,76,27.816,27.815,25.740,1,1,0.192,1.884,,2004,28
"BaselineSweep",2000,3,77,30.535,30.531,28.356,1,1,0.228,1.952,,2009,28
"BaselineSweep",2000,3,78,33.512,33.494,30.085,1,1,0.223,3.204,,1793,28
"BaselineSweep",2000,3,79,29.073,29.086,26.928,1,1,0.211,1.934,,2006,27
"BaselineSweep",2000,3,80,30.284,30.258,26.959,1,1,0.242,3.082,,1972,28
"BaselineSweep",2000,3,81,28.403,28.427,26.215,1,1,0.214,1.975,,2012,28
"BaselineSweep",2000,3,82,29.796,29.794,27.658,1,1,0.208,1.929,,1948,28
"BaselineSweep",2000,3,83,29.102,29.094,25.932,1,1,0.197,2.972,,2010,28
"BaselineSweep",2000,3,84,31.036,31.042,28.030,1,1,0.204,2.803,,2014,28
"BaselineSweep",2000,3,85,27.684,27.683,25.480,1,1,0.216,1.988,,2005,28
"BaselineSweep",2000,3,86,27.928,27.929,25.765,1,1,0.211,1.952,,1992,28
"BaselineSweep",2000,3,87,27.819,27.815,25.731,1,1,0.210,1.878,,2005,28
"BaselineSweep",2000,3,88,35.762,35.759,31.551,1,1,0.239,3.972,,2008,28
"BaselineSweep",2000,3,89,28.470,28.472,26.301,1,1,0.227,1.942,,2006,28
"BaselineSweep",2000,3,90,30.275,30.262,27.228,1,1,0.202,2.845,,1999,28
"BaselineSweep",2000,3,91,27.415,27.426,25.376,1,1,0.211,1.829,,2013,28
"BaselineSweep",2000,3,92,28.684,28.675,26.513,1,1,0.203,1.968,,2009,28
"BaselineSweep",2000,3,93,28.502,28.498,26.402,1,1,0.228,1.871,,2013,28
"BaselineSweep",2000,3,94,27.723,27.729,25.741,1,1,0.202,1.780,,2012,28
"BaselineSweep",2000,3,95,30.151,30.146,26.560,1,1,0.211,3.381,,2014,27
"BaselineSweep",2000,3,96,33.575,33.576,30.793,1,1,0.202,2.580,,2006,28
"BaselineSweep",2000,3,97,28.948,28.946,26.822,1,1,0.201,1.926,,2006,28
"BaselineSweep",2000,3,98,31.906,31.897,28.527,1,1,0.195,3.183,,2010,28
"BaselineSweep",2000,3,99,28.490,28.493,26.261,1,1,0.235,1.993,,2002,28
"BaselineSweep",2000,3,100,33.527,33.527,30.444,1,1,0.206,2.877,,2012,28
"BaselineSweep",2000,3,101,30.045,30.044,27.419,1,1,0.313,2.313,,2003,28
"BaselineSweep",2000,3,102,28.053,28.051,25.913,1,1,0.218,1.922,,917,28
"BaselineSweep",2000,3,103,29.984,29.962,26.443,1,1,0.212,3.329,,2009,28
"BaselineSweep",2000,3,104,30.231,30.238,27.652,1,1,0.205,2.374,,1935,28
"BaselineSweep",2000,3,105,31.155,31.164,28.481,1,1,0.248,2.426,,2011,28
"BaselineSweep",2000,3,106,29.102,29.090,26.183,1,1,0.212,2.707,,2007,27
"BaselineSweep",2000,3,107,28.862,28.871,26.707,1,1,0.220,1.936,,2014,27
"BaselineSweep",2000,3,108,28.156,28.157,26.124,1,1,0.200,1.832,,2014,27
"BaselineSweep",2000,3,109,29.937,29.912,26.680,1,1,0.196,3.061,,1995,27
"BaselineSweep",2000,3,110,28.592,28.597,26.067,1,1,0.201,2.324,,2016,28
"BaselineSweep",2000,3,111,34.216,34.231,32.056,1,1,0.211,1.948,,2010,28
"BaselineSweep",2000,3,112,28.311,28.310,26.191,1,1,0.221,1.899,,1995,28
"BaselineSweep",2000,3,113,29.143,29.141,27.067,1,1,0.199,1.876,,2007,28
"BaselineSweep",2000,3,114,29.202,29.203,27.178,1,1,0.198,1.826,,2005,28
"BaselineSweep",2000,3,115,30.025,29.977,26.891,1,1,0.248,2.885,,2015,28
"BaselineSweep",2000,3,116,29.060,29.087,26.588,1,1,0.211,2.262,,2009,28
"BaselineSweep",2000,3,117,28.809,28.822,26.256,1,1,0.209,2.345,,1970,28
"BaselineSweep",2000,3,118,29.638,29.635,27.549,1,1,0.209,1.880,,1998,28
"BaselineSweep",2000,3,119,28.313,28.312,26.098,1,1,0.212,2.003,,2012,27
"BaselineSweep",2000,3,120,30.269,30.262,27.678,1,1,0.203,2.388,,2001,28
"BaselineSweep",2000,3,121,29.043,29.041,26.157,1,1,0.228,2.658,,2016,28
"BaselineSweep",2000,3,122,30.761,30.768,28.666,1,1,0.214,1.882,,2014,28
"BaselineSweep",2000,3,123,30.709,30.691,27.979,1,1,0.209,2.520,,1919,27
"BaselineSweep",2000,3,124,27.906,27.902,25.394,1,1,0.219,2.293,,2010,28
"BaselineSweep",2000,3,125,28.801,28.816,26.421,1,1,0.233,2.147,,2014,28
"BaselineSweep",2000,3,126,28.680,28.677,26.455,1,1,0.224,2.000,,2006,28
"BaselineSweep",2000,3,127,27.674,27.672,25.566,1,1,0.206,1.903,,2010,26
"BaselineSweep",2000,3,128,28.641,28.643,26.189,1,1,0.199,2.253,,2016,28
"BaselineSweep",2000,3,129,29.077,29.073,26.653,1,1,0.285,2.139,,2006,28
"BaselineSweep",2000,3,130,31.257,31.250,28.224,1,1,0.226,2.808,,2009,28
"BaselineSweep",2000,3,131,31.892,31.868,28.281,1,1,0.222,3.389,,1906,28
"BaselineSweep",2000,3,132,31.090,31.111,28.626,1,1,0.200,2.264,,2005,28
"BaselineSweep",2000,3,133,28.383,28.388,26.248,1,1,0.211,1.924,,2006,28
"BaselineSweep",2000,3,134,36.010,36.002,33.624,1,1,0.245,2.141,,1996,28
"BaselineSweep",2000,3,135,30.642,30.638,28.039,1,1,0.209,2.394,,2012,28
"BaselineSweep",2000,3,136,30.885,30.891,27.141,1,1,0.386,3.358,,2010,28
"BaselineSweep",2000,3,137,28.504,28.502,26.083,1,1,0.203,2.218,,1512,28
"BaselineSweep",2000,3,138,27.857,27.856,25.725,1,1,0.216,1.916,,2004,28
"BaselineSweep",2000,3,139,29.865,29.839,27.605,1,1,0.216,2.044,,2002,28
"BaselineSweep",2000,3,140,34.678,34.702,32.650,1,1,0.199,1.829,,2011,28
"BaselineSweep",2000,3,141,30.821,30.803,28.073,1,1,0.240,2.508,,2009,28
"BaselineSweep",2000,3,142,27.434,27.450,25.359,1,1,0.200,1.876,,1916,28
"BaselineSweep",2000,3,143,28.197,28.197,25.703,1,1,0.270,2.224,,2003,27
"BaselineSweep",2000,3,144,30.093,30.089,27.518,1,1,0.202,2.373,,2004,28
"BaselineSweep",2000,3,145,28.708,28.696,25.957,1,1,0.210,2.541,,2006,27
"BaselineSweep",2000,3,146,30.164,30.173,27.907,1,1,0.226,2.031,,2010,28
"BaselineSweep",2000,3,147,29.028,29.026,26.825,1,1,0.208,1.995,,2004,28
"BaselineSweep",2000,3,148,29.322,29.322,27.245,1,1,0.197,1.880,,1677,28
"BaselineSweep",2000,3,149,31.351,31.339,27.436,1,1,0.221,3.694,,2005,28
"BaselineSweep",2000,3,150,30.442,30.451,28.184,1,1,0.217,2.040,,2003,28
"BaselineSweep",2000,3,151,28.762,28.757,26.607,1,1,0.207,1.949,,2008,27
"BaselineSweep",2000,3,152,28.645,28.645,26.546,1,1,0.204,1.895,,1976,28
"BaselineSweep",2000,3,153,29.801,29.796,26.714,1,1,0.219,2.868,,2007,28
"BaselineSweep",2000,3,154,28.772,28.766,26.248,1,1,0.216,2.309,,2008,27
"BaselineSweep",2000,3,155,29.992,29.999,27.838,1,1,0.220,1.934,,2015,28
"BaselineSweep",2000,3,156,29.928,29.927,27.125,1,1,0.209,2.594,,2016,28
"BaselineSweep",2000,3,157,30.538,30.540,28.404,1,1,0.217,1.918,,2009,28
"BaselineSweep",2000,3,158,35.843,35.825,32.464,1,1,0.244,3.134,,1992,28
"BaselineSweep",2000,3,159,28.761,28.768,26.532,1,1,0.213,2.016,,2002,28
"BaselineSweep",2000,3,160,27.692,27.691,25.606,1,1,0.208,1.877,,2010,28
"BaselineSweep",2000,3,161,28.889,28.886,26.426,1,1,0.202,2.262,,1982,28
"BaselineSweep",2000,3,162,28.945,28.939,26.322,1,1,0.215,2.408,,2008,28
"BaselineSweep",2000,3,163,28.662,28.668,26.493,1,1,0.213,1.956,,2006,28
"BaselineSweep",2000,3,164,29.714,29.714,27.554,1,1,0.200,1.960,,2003,28
"BaselineSweep",2000,3,165,28.834,28.833,26.540,1,1,0.199,2.096,,2010,28
"BaselineSweep",2000,3,166,29.153,29.150,26.434,1,1,0.223,2.496,,2010,28
"BaselineSweep",2000,3,167,29.598,29.601,27.313,1,1,0.210,2.076,,2008,28
"BaselineSweep",2000,3,168,28.413,28.388,26.093,1,1,0.198,2.122,,2018,26
"BaselineSweep",2000,3,169,31.182,31.194,28.598,1,1,0.217,2.367,,2004,27
"BaselineSweep",2000,3,170,28.885,28.888,26.479,1,1,0.206,2.200,,2009,28
"BaselineSweep",2000,3,171,29.658,29.647,26.277,1,1,0.199,3.183,,2015,28
"BaselineSweep",2000,3,172,28.613,28.620,26.456,1,1,0.215,1.941,,2016,28
"BaselineSweep",2000,3,173,36.322,36.320,33.033,1,1,0.222,3.068,,2000,28
"BaselineSweep",2000,3,174,30.866,30.858,27.945,1,1,0.203,2.718,,1983,28
"BaselineSweep",2000,3,175,30.071,30.080,28.000,1,1,0.204,1.867,,1996,27
"BaselineSweep",2000,3,176,29.981,29.978,26.785,1,1,0.215,2.981,,1994,28
"BaselineSweep",2000,3,177,28.157,28.159,25.842,1,1,0.253,2.062,,2005,26
"BaselineSweep",2000,3,178,33.121,33.115,30.904,1,1,0.219,1.998,,1994,27
"BaselineSweep",2000,3,179,32.401,32.391,29.814,1,1,0.213,2.374,,1934,28
"BaselineSweep",2000,3,180,33.161,33.164,29.852,1,1,0.202,3.107,,2003,27
"BaselineSweep",2000,3,181,29.984,29.995,26.482,1,1,0.205,3.296,,1895,28
"BaselineSweep",2000,3,182,29.219,29.208,27.016,1,1,0.199,2.005,,2007,28
"BaselineSweep",2000,3,183,27.685,27.681,25.631,1,1,0.208,1.846,,2001,27
"BaselineSweep",2000,3,184,30.017,30.021,27.111,1,1,0.292,2.615,,2008,28
"BaselineSweep",2000,3,185,30.312,30.308,27.249,1,1,0.220,2.843,,1993,28
"BaselineSweep",2000,3,186,29.325,29.321,27.192,1,1,0.205,1.927,,2012,28
"BaselineSweep",2000,3,187,28.810,28.805,26.000,1,1,0.212,2.598,,2010,27
"BaselineSweep",2000,3,188,28.088,28.089,25.875,1,1,0.204,2.009,,2008,28
"BaselineSweep",2000,3,189,27.923,27.929,25.840,1,1,0.204,1.879,,1999,28
"BaselineSweep",2000,3,190,30.768,30.767,28.689,1,1,0.204,1.876,,2005,28
"BaselineSweep",2000,3,191,30.634,30.608,27.070,1,1,0.217,3.347,,2009,28
"BaselineSweep",2000,3,192,30.674,30.680,27.510,1,1,0.214,2.950,,2014,28
"BaselineSweep",2000,3,193,31.143,31.137,27.952,1,1,0.215,2.975,,2011,28
"BaselineSweep",2000,3,194,28.535,28.547,26.411,1,1,0.201,1.923,,2010,28
"BaselineSweep",2000,3,195,28.798,28.792,25.986,1,1,0.206,2.605,,2004,28
"BaselineSweep",2000,3,196,29.645,29.652,26.943,1,1,0.229,2.474,,2002,28
"BaselineSweep",2000,3,197,31.452,31.440,29.062,1,1,0.202,2.188,,1993,27
"BaselineSweep",2000,3,198,31.183,31.183,28.270,1,1,0.243,2.670,,2007,27
"BaselineSweep",2000,3,199,28.010,28.015,25.796,1,1,0.222,1.992,,2006,28
"BaselineSweep",2000,3,200,29.044,29.047,26.947,1,1,0.200,1.896,,2011,28
"BaselineSweep",2000,3,201,29.935,29.927,27.407,1,1,0.206,2.322,,1994,28
"BaselineSweep",2000,3,202,27.838,27.838,25.442,1,1,0.207,2.189,,2008,28
"BaselineSweep",2000,3,203,29.639,29.637,27.217,1,1,0.227,2.195,,1997,28
"BaselineSweep",2000,3,204,29.162,29.163,27.046,1,1,0.209,1.907,,2006,28
"BaselineSweep",2000,3,205,30.525,30.504,27.578,1,1,0.202,2.745,,2004,28
"BaselineSweep",2000,3,206,29.053,29.066,26.803,1,1,0.200,2.051,,2012,28
"BaselineSweep",2000,3,207,29.908,29.912,27.592,1,1,0.223,2.092,,1990,28
"BaselineSweep",2000,3,208,27.972,27.974,25.576,1,1,0.271,2.126,,1993,28
"BaselineSweep",2000,3,209,29.741,29.737,26.503,1,1,0.203,3.035,,2006,28
"BaselineSweep",2000,3,210,30.119,30.119,28.006,1,1,0.202,1.911,,2000,28
"BaselineSweep",2000,3,211,30.342,30.341,27.897,1,1,0.215,2.230,,1998,28
"BaselineSweep",2000,3,212,32.811,32.797,29.783,1,1,0.236,2.793,,1997,28
"BaselineSweep",2000,3,213,32.587,32.601,29.406,1,1,0.218,2.964,,1995,28
"BaselineSweep",2000,3,214,30.975,30.948,27.462,1,1,0.206,3.307,,1992,28
"BaselineSweep",2000,3,215,29.142,29.162,27.009,1,1,0.228,1.905,,2002,28
"BaselineSweep",2000,3,216,31.539,31.541,29.369,1,1,0.201,1.969,,2013,28
"BaselineSweep",2000,3,217,31.483,31.481,28.944,1,1,0.222,2.318,,1996,28
"BaselineSweep",2000,3,218,31.617,31.608,29.399,1,1,0.216,2.001,,2004,28
"BaselineSweep",2000,3,219,31.959,31.960,29.387,1,1,0.229,2.343,,2000,28
"BaselineSweep",2000,3,220,30.402,30.397,26.821,1,1,0.209,3.372,,1998,28
"BaselineSweep",2000,3,221,29.534,29.540,27.385,1,1,0.210,1.938,,2014,28
"BaselineSweep",2000,3,222,30.447,30.436,27.267,1,1,0.260,2.921,,2009,27
"BaselineSweep",2000,3,223,33.354,33.365,31.228,1,1,0.203,1.922,,2001,28
"BaselineSweep",2000,3,224,29.579,29.563,26.548,1,1,0.201,2.830,,2019,28
"BaselineSweep",2000,3,225,30.674,30.677,28.474,1,1,0.218,1.983,,2014,28
"BaselineSweep",2000,3,226,30.143,30.146,27.986,1,1,0.225,1.932,,2002,28
"BaselineSweep",2000,3,227,28.634,28.631,26.018,1,1,0.222,2.393,,2004,28
"BaselineSweep",2000,3,228,27.662,27.667,25.187,1,1,0.204,2.270,,2014,28
"BaselineSweep",2000,3,229,29.060,29.059,27.029,1,1,0.195,1.836,,2005,28
"BaselineSweep",2000,3,230,29.739,29.726,27.340,1,1,0.232,2.167,,2001,27
"BaselineSweep",2000,3,231,30.018,30.017,27.186,1,1,0.202,2.631,,1994,27
"BaselineSweep",2000,3,232,29.394,29.402,27.310,1,1,0.211,1.873,,2010,28
"BaselineSweep",2000,3,233,31.301,31.297,29.035,1,1,0.209,2.057,,2002,28
"BaselineSweep",2000,3,234,30.329,30.324,27.717,1,1,0.233,2.379,,1985,28
"BaselineSweep",2000,3,235,29.148,29.139,26.329,1,1,0.230,2.589,,2008,28
"BaselineSweep",2000,3,236,29.160,29.166,26.449,1,1,0.220,2.491,,1995,28
"BaselineSweep",2000,3,237,30.370,30.373,28.041,1,1,0.234,2.095,,2015,28
"BaselineSweep",2000,3,238,30.043,30.040,27.622,1,1,0.247,2.175,,1997,28
"BaselineSweep",2000,3,239,29.063,29.066,26.953,1,1,0.207,1.904,,2013,26
"BaselineSweep",2000,3,240,29.571,29.566,27.411,1,1,0.222,1.938,,2002,28
"BaselineSweep",2000,3,241,31.052,31.032,28.103,1,1,0.243,2.705,,2016,28
"BaselineSweep",2000,3,242,33.544,33.557,31.406,1,1,0.213,1.924,,2004,27
"BaselineSweep",2000,3,243,30.872,30.869,28.527,1,1,0.234,2.111,,2007,28
"BaselineSweep",2000,3,244,32.741,32.736,30.030,1,1,0.281,2.429,,2000,28
"BaselineSweep",2000,3,245,33.264,33.265,30.582,1,1,0.239,2.443,,2011,28
"BaselineSweep",2000,3,246,32.492,32.489,29.364,1,1,0.219,2.910,,2010,28
"BaselineSweep",2000,3,247,30.237,30.238,28.093,1,1,0.213,1.931,,2003,28
"BaselineSweep",2000,3,248,29.487,29.489,27.302,1,1,0.218,1.968,,2001,28
"BaselineSweep",2000,3,249,28.416,28.413,26.259,1,1,0.218,1.939,,2009,28
"BaselineSweep",2000,3,250,29.800,29.797,27.454,1,1,0.235,2.111,,2015,28
"BaselineSweep",2000,3,251,29.771,29.762,27.149,1,1,0.234,2.388,,2015,28
"BaselineSweep",2000,3,252,29.783,29.791,26.241,1,1,0.215,3.327,,2011,28
"BaselineSweep",2000,3,253,29.922,29.919,27.541,1,1,0.241,2.139,,2005,27
"BaselineSweep",2000,3,254,29.980,29.962,27.406,1,1,0.214,2.360,,2002,28
"BaselineSweep",2000,3,255,29.677,29.683,26.970,1,1,0.222,2.484,,2013,28
"BaselineSweep",2000,3,256,28.934,28.938,26.309,1,1,0.228,2.396,,1999,25
"BaselineSweep",2000,3,257,34.315,34.312,31.649,1,1,0.250,2.416,,2017,28
"BaselineSweep",2000,3,258,29.102,29.098,26.457,1,1,0.233,2.413,,2008,28
"BaselineSweep",2000,3,259,30.235,30.223,27.407,1,1,0.236,2.593,,2015,28
"BaselineSweep",2000,3,260,30.171,30.183,27.522,1,1,0.219,2.429,,2012,27
"BaselineSweep",2000,3,261,30.762,30.760,28.049,1,1,0.238,2.475,,2018,28
"BaselineSweep",2000,3,262,29.375,29.357,26.487,1,1,0.223,2.665,,2012,28
"BaselineSweep",2000,3,263,29.478,29.478,26.702,1,1,0.227,2.550,,2009,27
"BaselineSweep",2000,3,264,30.340,30.336,26.439,1,1,0.236,3.664,,2012,27
"BaselineSweep",2000,3,265,29.809,29.807,26.332,1,1,0.221,3.256,,2009,28
"BaselineSweep",2000,3,266,30.804,30.803,27.968,1,1,0.218,2.618,,2008,27
"BaselineSweep",2000,3,267,30.268,30.274,26.899,1,1,0.228,3.141,,2005,28
"BaselineSweep",2000,3,268,30.198,30.190,27.509,1,1,0.224,2.465,,2007,28
"BaselineSweep",2000,3,269,29.312,29.311,26.648,1,1,0.251,2.413,,2004,28
"BaselineSweep",2000,3,270,31.605,31.606,27.717,1,1,0.217,3.671,,2010,27
"BaselineSweep",2000,3,271,28.690,28.683,26.054,1,1,0.232,2.404,,2014,27
"BaselineSweep",2000,3,272,30.077,30.085,27.045,1,1,0.228,2.804,,2007,28
"BaselineSweep",2000,3,273,29.878,29.874,27.312,1,1,0.206,2.360,,2010,28
"BaselineSweep",2000,3,274,29.684,29.681,27.260,1,1,0.205,2.219,,2011,28
"BaselineSweep",2000,3,275,31.125,31.119,26.866,1,1,0.245,4.014,,2011,28
"BaselineSweep",2000,3,276,30.000,29.989,26.573,1,1,0.237,3.189,,2012,28
"BaselineSweep",2000,3,277,31.160,31.135,27.716,1,1,0.231,3.213,,2009,27
"BaselineSweep",2000,3,278,35.447,35.468,32.740,1,1,0.225,2.482,,2007,28
"BaselineSweep",2000,3,279,28.868,28.881,26.079,1,1,0.265,2.524,,2012,28
"BaselineSweep",2000,3,280,31.193,31.185,28.338,1,1,0.241,2.614,,2015,28
"BaselineSweep",2000,3,281,30.821,30.825,28.122,1,1,0.230,2.469,,2013,28
"BaselineSweep",2000,3,282,29.855,29.853,27.269,1,1,0.224,2.362,,1810,28
"BaselineSweep",2000,3,283,29.486,29.466,26.288,1,1,0.221,2.976,,2016,27
"BaselineSweep",2000,3,284,31.087,31.104,28.113,1,1,0.231,2.744,,1941,25
"BaselineSweep",2000,3,285,29.738,29.738,27.097,1,1,0.226,2.416,,2000,28
"BaselineSweep",2000,3,286,29.462,29.424,26.393,1,1,0.225,2.844,,2014,28
"BaselineSweep",2000,3,287,29.911,29.927,27.132,1,1,0.237,2.542,,2010,28
"BaselineSweep",2000,3,288,34.556,34.570,31.880,1,1,0.222,2.454,,1961,28
"BaselineSweep",2000,3,289,29.416,29.413,26.787,1,1,0.232,2.397,,2012,27
"BaselineSweep",2000,3,290,29.780,29.778,27.109,1,1,0.233,2.438,,2008,26
"BaselineSweep",2000,3,291,29.290,29.280,26.352,1,1,0.222,2.717,,2014,28
"BaselineSweep",2000,3,292,30.101,30.107,27.468,1,1,0.235,2.399,,2004,28
"BaselineSweep",2000,3,293,29.519,29.519,26.771,1,1,0.231,2.518,,2012,27
"BaselineSweep",2000,3,294,32.192,32.181,28.894,1,1,0.229,3.069,,2018,27
"BaselineSweep",2000,3,295,30.312,30.290,27.394,1,1,0.236,2.682,,2007,27
"BaselineSweep",2000,3,296,30.096,30.099,27.149,1,1,0.222,2.725,,2012,28
"BaselineSweep",2000,3,297,30.856,30.871,27.557,1,1,0.229,3.070,,2013,28
"BaselineSweep",2000,3,298,30.060,30.067,26.852,1,1,0.235,2.972,,2015,25
"BaselineSweep",2000,3,299,29.753,29.741,27.038,1,1,0.228,2.486,,1952,28
"BaselineSweep",5000,3,0,173.694,173.693,169.871,1,1,0.486,3.338,,4989,57
"BaselineSweep",5000,3,1,172.422,172.419,169.054,1,1,0.509,2.860,,4940,57
"BaselineSweep",5000,3,2,173.833,173.834,170.612,1,1,0.477,2.745,,4995,57
"BaselineSweep",5000,3,3,172.192,172.187,168.662,1,1,0.487,3.043,,4992,57
"BaselineSweep",5000,3,4,176.807,176.802,173.359,1,1,0.504,2.944,,4992,58
"BaselineSweep",5000,3,5,170.595,170.598,167.345,1,1,0.486,2.765,,4999,58
"BaselineSweep",5000,3,6,181.611,181.601,177.372,1,1,0.516,3.723,,4983,58
"BaselineSweep",5000,3,7,172.038,172.044,168.031,1,1,0.502,3.505,,4994,58
"BaselineSweep",5000,3,8,172.559,172.555,169.280,1,1,0.481,2.799,,4972,57
"BaselineSweep",5000,3,9,177.062,177.065,173.750,1,1,0.473,2.839,,3086,58
"BaselineSweep",5000,3,10,170.255,170.201,166.754,1,1,0.471,3.030,,4986,58
"BaselineSweep",5000,3,11,172.862,172.910,169.310,1,1,0.483,3.069,,4989,58
"BaselineSweep",5000,3,12,171.828,171.827,168.618,1,1,0.492,2.718,,4996,58
"BaselineSweep",5000,3,13,171.315,171.309,167.672,1,1,0.501,3.142,,4977,58
"BaselineSweep",5000,3,14,171.118,171.067,166.096,1,1,0.498,4.523,,4957,58
"BaselineSweep",5000,3,15,170.606,170.660,166.983,1,1,0.495,3.128,,4972,58
"BaselineSweep",5000,3,16,172.991,172.979,168.502,1,1,0.527,3.962,,4987,57
"BaselineSweep",5000,3,17,170.795,170.795,166.951,1,1,0.486,3.358,,4983,58
"BaselineSweep",5000,3,18,171.396,171.393,167.349,1,1,0.486,3.562,,4983,58
"BaselineSweep",5000,3,19,171.443,171.440,167.056,1,1,0.493,3.895,,4931,57
"BaselineSweep",5000,3,20,172.509,172.514,167.666,1,1,0.497,4.346,,4983,58
"BaselineSweep",5000,3,21,175.180,175.184,171.666,1,1,0.476,3.037,,4989,57
"BaselineSweep",5000,3,22,170.994,170.990,167.603,1,1,0.486,2.906,,4992,58
"BaselineSweep",5000,3,23,172.153,172.137,168.124,1,1,0.509,3.520,,4990,58
"BaselineSweep",5000,3,24,176.942,176.956,173.566,1,1,0.505,2.871,,4986,57
"BaselineSweep",5000,3,25,173.182,173.174,167.782,1,1,0.495,4.904,,4984,58
"BaselineSweep",5000,3,26,175.405,175.409,171.993,1,1,0.513,2.900,,4991,58
"BaselineSweep",5000,3,27,175.511,175.495,171.668,1,1,0.498,3.345,,4983,58
"BaselineSweep",5000,3,28,184.448,184.459,181.061,1,1,0.494,2.893,,4991,57
"BaselineSweep",5000,3,29,177.777,177.776,174.332,1,1,0.492,2.953,,4995,58
"BaselineSweep",5000,3,30,182.536,182.519,177.475,1,1,0.681,4.379,,4979,58
"BaselineSweep",5000,3,31,186.536,186.546,180.957,1,1,0.499,5.080,,4982,58
"BaselineSweep",5000,3,32,173.721,173.725,170.386,1,1,0.483,2.853,,4999,58
"BaselineSweep",5000,3,33,174.956,174.955,171.530,1,1,0.559,2.866,,4996,58
"BaselineSweep",5000,3,34,172.675,172.673,168.908,1,1,0.629,3.139,,4999,58
"BaselineSweep",5000,3,35,173.691,173.686,169.045,1,1,0.498,4.148,,5004,58
"BaselineSweep",5000,3,36,174.237,174.235,170.540,1,1,0.489,3.209,,4982,58
"BaselineSweep",5000,3,37,173.362,173.366,169.941,1,1,0.480,2.941,,4999,58
"BaselineSweep",5000,3,38,173.092,173.082,169.060,1,1,0.645,3.386,,4998,58
"BaselineSweep",5000,3,39,180.987,180.992,176.705,1,1,0.469,3.813,,4999,58
"BaselineSweep",5000,3,40,172.725,172.724,168.668,1,1,0.505,3.552,,5008,58
"BaselineSweep",5000,3,41,172.565,172.562,169.075,1,1,0.491,2.999,,4991,58
"BaselineSweep",5000,3,42,176.281,176.282,172.817,1,1,0.483,2.981,,4997,58
"BaselineSweep",5000,3,43,178.190,178.185,174.645,1,1,0.550,2.994,,4996,58
"BaselineSweep",5000,3,44,175.618,175.613,170.796,1,1,0.490,4.332,,5003,58
"BaselineSweep",5000,3,45,180.055,180.054,174.817,1,1,0.480,4.758,,4993,58
"BaselineSweep",5000,3,46,172.452,172.452,169.081,1,1,0.500,2.871,,4982,58
"BaselineSweep",5000,3,47,176.396,176.397,171.588,1,1,0.488,4.320,,4978,58
"BaselineSweep",5000,3,48,171.928,171.924,167.017,1,1,0.483,4.428,,4334,57
"BaselineSweep",5000,3,49,173.292,173.286,168.067,1,1,0.629,4.596,,4997,58
"BaselineSweep",5000,3,50,174.927,174.929,168.871,1,1,0.474,5.583,,4988,58
"BaselineSweep",5000,3,51,174.017,174.016,168.372,1,1,0.640,5.005,,4996,58
"BaselineSweep",5000,3,52,180.877,180.876,175.940,1,1,0.677,4.260,,4994,58
"BaselineSweep",5000,3,53,177.648,177.644,172.159,1,1,0.470,5.019,,4994,58
"BaselineSweep",5000,3,54,174.445,174.448,171.076,1,1,0.481,2.888,,4977,58
"BaselineSweep",5000,3,55,170.916,170.435,166.951,1,1,0.502,3.463,,5005,58
"BaselineSweep",5000,3,56,177.951,178.422,172.903,1,1,0.498,4.550,,4991,58
"BaselineSweep",5000,3,57,176.512,176.515,172.934,1,1,0.477,3.101,,5006,58
"BaselineSweep",5000,3,58,175.371,175.364,169.821,1,1,0.516,5.034,,4988,58
"BaselineSweep",5000,3,59,175.062,175.065,171.527,1,1,0.499,3.036,,3641,58
"BaselineSweep",5000,3,60,175.565,175.567,171.854,1,1,0.544,3.167,,4986,58
"BaselineSweep",5000,3,61,174.343,174.341,170.950,1,1,0.493,2.900,,4992,58
"BaselineSweep",5000,3,62,170.362,170.362,166.927,1,1,0.528,2.907,,4995,58
"BaselineSweep",5000,3,63,171.596,171.592,168.226,1,1,0.469,2.901,,4994,58
"BaselineSweep",5000,3,64,173.419,173.413,168.991,1,1,0.500,3.928,,4970,58
"BaselineSweep",5000,3,65,170.933,170.930,166.537,1,1,0.516,3.879,,4998,57
"BaselineSweep",5000,3,66,169.030,169.035,165.570,1,1,0.489,2.972,,4929,57
"BaselineSweep",5000,3,67,175.460,175.457,170.773,1,1,0.493,4.195,,4989,58
"BaselineSweep",5000,3,68,182.808,182.811,179.466,1,1,0.476,2.866,,4981,58
"BaselineSweep",5000,3,69,177.129,177.123,173.153,1,1,0.624,3.353,,4905,58
"BaselineSweep",5000,3,70,174.654,174.656,171.187,1,1,0.469,2.998,,4996,58
"BaselineSweep",5000,3,71,174.018,174.016,170.610,1,1,0.473,2.934,,5007,58
"BaselineSweep",5000,3,72,175.001,175.002,171.767,1,1,0.478,2.757,,4985,58
"BaselineSweep",5000,3,73,173.004,172.998,169.654,1,1,0.548,2.803,,4996,57
"BaselineSweep",5000,3,74,180.265,180.261,174.082,1,1,0.617,5.566,,4991,58
"BaselineSweep",5000,3,75,168.606,168.605,164.568,1,1,0.467,3.572,,4976,56
"BaselineSweep",5000,3,76,174.040,174.036,170.614,1,1,0.459,2.967,,4986,58
"BaselineSweep",5000,3,77,172.124,172.115,168.061,1,1,0.506,3.557,,4965,58
"BaselineSweep",5000,3,78,173.774,173.784,168.662,1,1,0.492,4.620,,4994,57
"BaselineSweep",5000,3,79,177.749,177.747,174.349,1,1,0.485,2.915,,4973,58
"BaselineSweep",5000,3,80,178.501,178.496,173.651,1,1,0.509,4.341,,4997,57
"BaselineSweep",5000,3,81,174.406,174.398,170.114,1,1,0.516,3.776,,4999,58
"BaselineSweep",5000,3,82,174.896,174.894,171.272,1,1,0.479,3.144,,4997,58
"BaselineSweep",5000,3,83,179.858,179.860,175.251,1,1,0.481,4.125,,4984,57
"BaselineSweep",5000,3,84,169.907,169.910,165.422,1,1,0.482,4.003,,4725,58
"BaselineSweep",5000,3,85,178.866,178.865,173.840,1,1,0.475,4.552,,4984,57
"BaselineSweep",5000,3,86,181.879,181.880,178.667,1,1,0.483,2.728,,4975,58
"BaselineSweep",5000,3,87,172.247,172.244,167.645,1,1,0.460,4.141,,4989,57
"BaselineSweep",5000,3,88,177.200,177.199,173.228,1,1,0.495,3.476,,4912,58
"BaselineSweep",5000,3,89,170.162,170.165,166.964,1,1,0.492,2.706,,5007,57
"BaselineSweep",5000,3,90,173.812,173.801,169.631,1,1,0.549,3.632,,4992,58
"BaselineSweep",5000,3,91,166.113,166.121,162.382,1,1,0.525,3.206,,4982,58
"BaselineSweep",5000,3,92,172.490,172.482,168.589,1,1,0.579,3.322,,4976,58
"BaselineSweep",5000,3,93,164.999,165.008,161.744,1,1,0.465,2.790,,4990,58
"BaselineSweep",5000,3,94,180.632,180.628,177.203,1,1,0.459,2.969,,4962,57
"BaselineSweep",5000,3,95,174.764,174.759,171.498,1,1,0.464,2.801,,4802,58
"BaselineSweep",5000,3,96,182.145,182.135,177.009,1,1,0.574,4.562,,4963,58
"BaselineSweep",5000,3,97,171.057,171.064,167.680,1,1,0.477,2.900,,4969,58
"BaselineSweep",5000,3,98,168.951,168.947,164.950,1,1,0.474,3.528,,4975,58
"BaselineSweep",5000,3,99,176.268,176.272,173.079,1,1,0.469,2.720,,4970,57
"BaselineSweep",5000,3,100,176.134,176.038,171.818,1,1,0.460,3.857,,4970,58
"BaselineSweep",5000,3,101,172.644,172.729,168.508,1,1,0.495,3.641,,4972,58
"BaselineSweep",5000,3,102,171.138,171.138,167.345,1,1,0.529,3.264,,4915,58
"BaselineSweep",5000,3,103,175.712,175.714,172.070,1,1,0.470,3.172,,4972,58
"BaselineSweep",5000,3,104,173.283,173.281,168.478,1,1,0.460,4.345,,4986,58
"BaselineSweep",5000,3,105,175.158,175.155,171.402,1,1,0.453,3.303,,4983,58
"BaselineSweep",5000,3,106,167.161,167.157,163.929,1,1,0.456,2.776,,4982,58
"BaselineSweep",5000,3,107,169.263,169.257,164.975,1,1,0.485,3.802,,4966,58
"BaselineSweep",5000,3,108,172.484,172.492,169.300,1,1,0.483,2.701,,4967,58
"BaselineSweep",5000,3,109,171.174,171.163,165.475,1,1,0.478,5.221,,4972,58
"BaselineSweep",5000,3,110,174.100,174.101,170.336,1,1,0.513,3.250,,4983,58
"BaselineSweep",5000,3,111,172.665,172.670,169.326,1,1,0.490,2.849,,4986,58
"BaselineSweep",5000,3,112,173.590,173.540,169.379,1,1,0.470,3.742,,4982,58
"BaselineSweep",5000,3,113,176.212,176.251,172.019,1,1,0.478,3.715,,4989,58
"BaselineSweep",5000,3,114,172.900,172.878,168.379,1,1,0.461,4.059,,4481,57
"BaselineSweep",5000,3,115,172.182,172.204,168.968,1,1,0.472,2.742,,4979,58
"BaselineSweep",5000,3,116,175.438,175.435,172.267,1,1,0.467,2.704,,4979,58
"BaselineSweep",5000,3,117,169.477,169.474,165.182,1,1,0.475,3.820,,4991,57
"BaselineSweep",5000,3,118,175.605,175.608,172.287,1,1,0.477,2.841,,4990,58
"BaselineSweep",5000,3,119,171.440,171.438,168.042,1,1,0.476,2.922,,4976,58
"BaselineSweep",5000,3,120,173.506,173.460,168.175,1,1,0.537,4.794,,4982,58
"BaselineSweep",5000,3,121,163.374,163.412,160.088,1,1,0.495,2.791,,4985,58
"BaselineSweep",5000,3,122,176.200,176.199,172.364,1,1,0.487,3.348,,4964,58
"BaselineSweep",5000,3,123,174.474,174.476,171.164,1,1,0.473,2.837,,4991,58
"BaselineSweep",5000,3,124,177.202,177.198,173.671,1,1,0.487,3.044,,4993,58
"BaselineSweep",5000,3,125,178.823,178.814,174.035,1,1,0.622,4.165,,4993,58
"BaselineSweep",5000,3,126,175.946,175.943,172.048,1,1,0.465,3.433,,4990,58
"BaselineSweep",5000,3,127,180.079,180.083,176.691,1,1,0.459,2.929,,4986,58
"BaselineSweep",5000,3,128,178.380,178.373,174.147,1,1,0.853,3.380,,4965,58
"BaselineSweep",5000,3,129,170.738,170.749,167.370,1,1,0.481,2.888,,4997,58
"BaselineSweep",5000,3,130,170.531,170.511,165.868,1,1,0.470,4.193,,4991,58
"BaselineSweep",5000,3,131,170.438,170.446,166.600,1,1,0.643,3.195,,4971,57
"BaselineSweep",5000,3,132,172.245,172.247,168.827,1,1,0.469,2.949,,4908,58
"BaselineSweep",5000,3,133,181.021,181.017,177.522,1,1,0.459,3.040,,4988,58
"BaselineSweep",5000,3,134,174.502,174.496,170.255,1,1,0.462,3.785,,4979,58
"BaselineSweep",5000,3,135,175.195,175.202,171.686,1,1,0.491,3.018,,4999,57
"BaselineSweep",5000,3,136,172.120,172.113,167.691,1,1,0.686,3.742,,4977,58
"BaselineSweep",5000,3,137,172.697,172.704,169.444,1,1,0.469,2.784,,4998,58
"BaselineSweep",5000,3,138,171.325,171.315,167.161,1,1,0.475,3.690,,4985,58
"BaselineSweep",5000,3,139,175.896,175.901,172.255,1,1,0.546,3.095,,4978,57
"BaselineSweep",5000,3,140,175.988,175.990,172.741,1,1,0.466,2.781,,4932,57
"BaselineSweep",5000,3,141,174.006,174.005,170.816,1,1,0.488,2.703,,4982,58
"BaselineSweep",5000,3,142,177.656,177.650,173.676,1,1,0.657,3.324,,4994,58
"BaselineSweep",5000,3,143,170.524,170.524,167.122,1,1,0.488,2.913,,4980,57
"BaselineSweep",5000,3,144,173.452,173.358,168.489,1,1,0.459,4.504,,4979,58
"BaselineSweep",5000,3,145,177.921,177.994,172.593,1,1,0.480,4.848,,4977,58
"BaselineSweep",5000,3,146,174.037,174.043,169.791,1,1,0.479,3.767,,4988,58
"BaselineSweep",5000,3,147,173.585,173.587,168.112,1,1,0.483,4.990,,4986,58
"BaselineSweep",5000,3,148,167.000,167.003,162.778,1,1,0.487,3.735,,4982,55
"BaselineSweep",5000,3,149,170.647,170.639,166.295,1,1,0.473,3.879,,4983,57
"BaselineSweep",5000,3,150,169.588,169.594,166.402,1,1,0.470,2.716,,4981,58
"BaselineSweep",5000,3,151,171.743,171.742,168.490,1,1,0.466,2.787,,4984,58
"BaselineSweep",5000,3,152,178.622,178.592,174.166,1,1,0.491,3.965,,4998,58
"BaselineSweep",5000,3,153,167.162,167.179,163.570,1,1,0.460,3.132,,4983,58
"BaselineSweep",5000,3,154,173.284,173.292,169.877,1,1,0.452,2.955,,4991,58
"BaselineSweep",5000,3,155,171.610,171.602,167.472,1,1,0.473,3.665,,4975,58
"BaselineSweep",5000,3,156,166.853,166.851,163.284,1,1,0.456,3.113,,4975,58
"BaselineSweep",5000,3,157,173.442,173.447,169.512,1,1,0.469,3.461,,4810,58
"BaselineSweep",5000,3,158,170.098,170.097,166.783,1,1,0.500,2.815,,4981,58
"BaselineSweep",5000,3,159,172.598,172.592,169.315,1,1,0.460,2.823,,4976,57
"BaselineSweep",5000,3,160,171.558,171.550,168.154,1,1,0.460,2.944,,4987,58
"BaselineSweep",5000,3,161,167.616,167.617,163.460,1,1,0.477,3.679,,4973,58
"BaselineSweep",5000,3,162,178.130,178.133,173.365,1,1,0.494,4.271,,4973,58
"BaselineSweep",5000,3,163,175.698,175.695,170.844,1,1,0.503,4.351,,4965,58
"BaselineSweep",5000,3,164,170.581,170.583,167.310,1,1,0.476,2.795,,4988,58
"BaselineSweep",5000,3,165,171.668,171.596,166.779,1,1,0.485,4.403,,4985,58
"BaselineSweep",5000,3,166,172.580,172.643,169.406,1,1,0.480,2.694,,4968,58
"BaselineSweep",5000,3,167,164.928,164.934,161.798,1,1,0.456,2.675,,4962,58
"BaselineSweep",5000,3,168,167.378,167.369,163.599,1,1,0.478,3.301,,4762,58
"BaselineSweep",5000,3,169,170.046,170.045,166.239,1,1,0.471,3.337,,4970,58
"BaselineSweep",5000,3,170,175.729,175.731,172.323,1,1,0.627,2.779,,4991,58
"BaselineSweep",5000,3,171,172.005,172.005,168.144,1,1,0.583,3.278,,4993,57
"BaselineSweep",5000,3,172,180.561,180.480,175.675,1,1,0.485,4.401,,4999,58
"BaselineSweep",5000,3,173,178.504,178.569,174.322,1,1,0.463,3.719,,4980,58
"BaselineSweep",5000,3,174,175.635,175.644,172.463,1,1,0.488,2.684,,4976,56
"BaselineSweep",5000,3,175,176.978,176.968,172.516,1,1,0.528,3.934,,4982,58
"BaselineSweep",5000,3,176,168.728,168.736,165.149,1,1,0.507,3.071,,4946,57
"BaselineSweep",5000,3,177,174.057,174.054,170.606,1,1,0.527,2.924,,4997,58
"BaselineSweep",5000,3,178,169.695,169.698,166.550,1,1,0.469,2.675,,4988,57
"BaselineSweep",5000,3,179,166.740,166.733,162.236,1,1,0.477,4.027,,4953,58
"BaselineSweep",5000,3,180,169.704,169.693,164.444,1,1,0.460,4.800,,4997,58
"BaselineSweep",5000,3,181,170.020,170.019,166.639,1,1,0.457,2.924,,4981,58
"BaselineSweep",5000,3,182,171.271,171.267,166.923,1,1,0.498,3.850,,4988,58
"BaselineSweep",5000,3,183,175.285,175.295,171.956,1,1,0.493,2.836,,4970,58
"BaselineSweep",5000,3,184,174.649,174.651,171.120,1,1,0.506,3.024,,4985,58
"BaselineSweep",5000,3,185,178.733,178.731,174.758,1,1,0.476,3.499,,4967,58
"BaselineSweep",5000,3,186,177.538,177.531,173.923,1,1,0.544,3.070,,4993,58
"BaselineSweep",5000,3,187,175.508,175.475,169.630,1,1,0.464,5.413,,4980,56
"BaselineSweep",5000,3,188,171.369,171.383,166.947,1,1,0.477,3.945,,4967,58
"BaselineSweep",5000,3,189,169.961,169.983,166.599,1,1,0.505,2.858,,4988,58
"BaselineSweep",5000,3,190,171.005,170.996,167.495,1,1,0.491,3.018,,4967,57
"BaselineSweep",5000,3,191,178.540,178.532,174.758,1,1,0.478,3.304,,4998,58
"BaselineSweep",5000,3,192,177.399,177.396,172.764,1,1,0.468,4.167,,4979,58
"BaselineSweep",5000,3,193,171.642,171.646,168.412,1,1,0.469,2.761,,4985,57
"BaselineSweep",5000,3,194,175.454,175.436,170.880,1,1,0.466,4.107,,4965,58
"BaselineSweep",5000,3,195,171.278,171.294,168.079,1,1,0.471,2.728,,4961,58
"BaselineSweep",5000,3,196,176.141,176.140,172.120,1,1,0.515,3.506,,4980,58
"BaselineSweep",5000,3,197,175.621,175.625,172.355,1,1,0.467,2.799,,4986,58
"BaselineSweep",5000,3,198,178.571,178.567,174.866,1,1,0.499,3.206,,4982,57
"BaselineSweep",5000,3,199,174.484,174.485,170.693,1,1,0.677,3.114,,4993,58
"BaselineSweep",5000,3,200,175.691,175.651,171.112,1,1,0.522,4.057,,4962,58
"BaselineSweep",5000,3,201,168.304,168.336,164.626,1,1,0.486,3.192,,4970,58
"BaselineSweep",5000,3,202,173.294,173.286,169.003,1,1,0.463,3.828,,4970,58
"BaselineSweep",5000,3,203,169.866,169.877,166.069,1,1,0.552,3.246,,4991,58
"BaselineSweep",5000,3,204,171.350,171.343,167.644,1,1,0.478,3.228,,4983,58
"BaselineSweep",5000,3,205,171.654,171.658,168.159,1,1,0.543,2.952,,4981,57
"BaselineSweep",5000,3,206,175.296,175.289,171.787,1,1,0.466,3.043,,4988,58
"BaselineSweep",5000,3,207,179.728,179.731,175.804,1,1,0.899,3.025,,4995,58
"BaselineSweep",5000,3,208,174.023,174.009,168.560,1,1,0.918,4.544,,4981,55
"BaselineSweep",5000,3,209,177.695,177.688,172.028,1,1,1.183,4.484,,4928,58
"BaselineSweep",5000,3,210,172.522,172.178,168.687,1,1,0.473,3.362,,4996,58
"BaselineSweep",5000,3,211,175.762,176.122,172.431,1,1,0.480,2.851,,4989,58
"BaselineSweep",5000,3,212,170.691,170.679,166.890,1,1,0.554,3.247,,4992,58
"BaselineSweep",5000,3,213,175.316,175.323,170.342,1,1,0.469,4.505,,4853,58
"BaselineSweep",5000,3,214,178.287,178.254,173.294,1,1,0.455,4.538,,4992,58
"BaselineSweep",5000,3,215,170.695,170.723,167.476,1,1,0.470,2.749,,4998,58
"BaselineSweep",5000,3,216,168.083,168.078,164.652,1,1,0.499,2.932,,4959,58
"BaselineSweep",5000,3,217,173.123,173.109,168.865,1,1,0.486,3.772,,4992,58
"BaselineSweep",5000,3,218,170.320,170.336,166.921,1,1,0.507,2.892,,4989,58
"BaselineSweep",5000,3,219,167.777,167.772,164.364,1,1,0.490,2.923,,4995,58
"BaselineSweep",5000,3,220,170.211,170.198,165.888,1,1,0.495,3.828,,4982,56
"BaselineSweep",5000,3,221,173.509,173.518,170.079,1,1,0.492,2.938,,4982,58
"BaselineSweep",5000,3,222,170.567,170.568,167.273,1,1,0.520,2.774,,4999,58
"BaselineSweep",5000,3,223,170.739,170.738,167.317,1,1,0.488,2.935,,5003,58
"BaselineSweep",5000,3,224,170.588,170.588,167.222,1,1,0.480,2.886,,4990,58
"BaselineSweep",5000,3,225,177.705,177.702,174.302,1,1,0.494,2.909,,4990,56
"BaselineSweep",5000,3,226,169.835,169.835,166.453,1,1,0.480,2.902,,4915,58
"BaselineSweep",5000,3,227,171.632,171.623,167.125,1,1,0.496,4.011,,4914,58
"BaselineSweep",5000,3,228,173.960,173.968,170.730,1,1,0.494,2.736,,4995,58
"BaselineSweep",5000,3,229,173.045,173.038,169.772,1,1,0.495,2.778,,4965,58
"BaselineSweep",5000,3,230,172.804,172.805,169.227,1,1,0.490,3.087,,4957,57
"BaselineSweep",5000,3,231,171.958,171.957,168.605,1,1,0.487,2.866,,4989,57
"BaselineSweep",5000,3,232,176.009,176.006,172.648,1,1,0.490,2.871,,4976,58
"BaselineSweep",5000,3,233,174.526,174.526,171.105,1,1,0.503,2.918,,4988,58
"BaselineSweep",5000,3,234,176.573,176.566,173.114,1,1,0.480,2.978,,4994,58
"BaselineSweep",5000,3,235,169.706,169.713,166.272,1,1,0.481,2.953,,5003,58
"BaselineSweep",5000,3,236,168.874,168.859,164.010,1,1,0.501,4.363,,4965,58
"BaselineSweep",5000,3,237,177.948,177.955,174.282,1,1,0.503,3.163,,4984,58
"BaselineSweep",5000,3,238,177.196,177.189,173.831,1,1,0.489,2.876,,4993,57
"BaselineSweep",5000,3,239,183.510,183.513,180.187,1,1,0.507,2.816,,4982,57
"BaselineSweep",5000,3,240,171.066,171.064,167.678,1,1,0.486,2.903,,4992,58
"BaselineSweep",5000,3,241,168.191,168.194,164.863,1,1,0.470,2.859,,4990,58
"BaselineSweep",5000,3,242,175.904,175.892,171.919,1,1,0.485,3.500,,4998,58
"BaselineSweep",5000,3,243,174.918,174.927,171.706,1,1,0.476,2.736,,4992,58
"BaselineSweep",5000,3,244,173.782,173.778,170.265,1,1,0.501,3.016,,5002,57
"BaselineSweep",5000,3,245,174.015,174.015,170.524,1,1,0.483,3.008,,4994,58
"BaselineSweep",5000,3,246,169.948,169.946,166.287,1,1,0.489,3.173,,4935,58
"BaselineSweep",5000,3,247,174.567,174.566,171.065,1,1,0.504,2.998,,4976,57
"BaselineSweep",5000,3,248,175.122,175.123,171.814,1,1,0.490,2.818,,4978,58
"BaselineSweep",5000,3,249,172.352,172.326,167.443,1,1,0.490,4.420,,4999,58
"BaselineSweep",5000,3,250,175.235,175.249,170.573,1,1,0.499,4.163,,4961,58
"BaselineSweep",5000,3,251,168.656,168.645,164.416,1,1,0.482,3.757,,4986,57
"BaselineSweep",5000,3,252,171.675,171.684,166.414,1,1,0.500,4.762,,4980,58
"BaselineSweep",5000,3,253,166.543,166.549,163.216,1,1,0.492,2.834,,4978,58
"BaselineSweep",5000,3,254,170.287,170.275,165.701,1,1,0.480,4.107,,4992,58
"BaselineSweep",5000,3,255,166.805,166.810,163.185,1,1,0.497,3.123,,4983,56
"BaselineSweep",5000,3,256,170.320,170.309,165.944,1,1,0.494,3.881,,4983,58
"BaselineSweep",5000,3,257,169.999,170.007,166.512,1,1,0.499,2.988,,4991,58
"BaselineSweep",5000,3,258,175.657,175.652,171.671,1,1,0.507,3.480,,4975,58
"BaselineSweep",5000,3,259,171.742,171.743,167.958,1,1,0.501,3.283,,4994,57
"BaselineSweep",5000,3,260,172.393,172.383,167.340,1,1,0.504,4.549,,5000,58
"BaselineSweep",5000,3,261,175.029,175.037,171.640,1,1,0.488,2.901,,4983,58
"BaselineSweep",5000,3,262,175.180,175.167,169.639,1,1,0.503,5.038,,4979,58
"BaselineSweep",5000,3,263,177.247,177.237,172.401,1,1,0.478,4.368,,4987,58
"BaselineSweep",5000,3,264,168.026,168.043,163.724,1,1,0.475,3.826,,4986,58
"BaselineSweep",5000,3,265,169.549,169.548,166.148,1,1,0.498,2.904,,5002,56
"BaselineSweep",5000,3,266,170.323,170.325,166.874,1,1,0.490,2.958,,4814,57
"BaselineSweep",5000,3,267,172.978,172.974,169.540,1,1,0.497,2.941,,5093,59
"BaselineSweep",5000,3,268,173.610,173.488,169.997,1,1,0.499,3.114,,4989,58
"BaselineSweep",5000,3,269,172.924,173.025,168.378,1,1,0.497,4.049,,4986,58
"BaselineSweep",5000,3,270,181.757,181.771,178.249,1,1,0.549,2.959,,4955,58
"BaselineSweep",5000,3,271,181.352,181.351,177.901,1,1,0.489,2.962,,5004,58
"BaselineSweep",5000,3,272,175.711,175.707,172.209,1,1,0.514,2.988,,4994,58
"BaselineSweep",5000,3,273,177.239,177.238,173.716,1,1,0.511,3.013,,4989,58
"BaselineSweep",5000,3,274,187.386,187.381,183.613,1,1,0.516,3.257,,4988,58
"BaselineSweep",5000,3,275,187.172,187.169,182.330,1,1,0.514,4.327,,5002,58
"BaselineSweep",5000,3,276,182.847,182.854,178.648,1,1,0.843,3.356,,4993,58
"BaselineSweep",5000,3,277,180.141,180.114,176.042,1,1,0.492,3.607,,4997,58
"BaselineSweep",5000,3,278,176.100,176.123,172.383,1,1,0.494,3.224,,4988,58
"BaselineSweep",5000,3,279,176.849,176.842,172.202,1,1,0.480,4.166,,4985,58
"BaselineSweep",5000,3,280,178.356,178.360,175.029,1,1,0.492,2.835,,4979,58
"BaselineSweep",5000,3,281,179.148,179.146,174.740,1,1,0.503,3.904,,4987,58
"BaselineSweep",5000,3,282,179.605,179.601,176.117,1,1,0.512,2.976,,4992,58
"BaselineSweep",5000,3,283,176.699,176.693,173.192,1,1,0.496,3.011,,4990,58
"BaselineSweep",5000,3,284,182.451,182.446,179.051,1,1,0.495,2.905,,4979,58
"BaselineSweep",5000,3,285,179.220,179.221,174.607,1,1,0.562,4.051,,4981,58
"BaselineSweep",5000,3,286,181.762,181.709,177.185,1,1,0.522,4.056,,4976,58
"BaselineSweep",5000,3,287,174.368,174.418,169.816,1,1,0.506,4.047,,5002,58
"BaselineSweep",5000,3,288,175.049,175.054,171.682,1,1,0.523,2.843,,4997,58
"BaselineSweep",5000,3,289,181.029,181.026,177.707,1,1,0.490,2.832,,4997,58
"BaselineSweep",5000,3,290,181.697,181.697,178.348,1,1,0.492,2.858,,5001,58
"BaselineSweep",5000,3,291,177.815,177.807,174.377,1,1,0.511,2.927,,5005,58
"BaselineSweep",5000,3,292,171.916,171.907,168.142,1,1,0.515,3.260,,4985,58
"BaselineSweep",5000,3,293,175.820,175.826,170.902,1,1,0.510,4.407,,4985,58
"BaselineSweep",5000,3,294,175.210,175.213,171.816,1,1,0.481,2.913,,4988,56
"BaselineSweep",5000,3,295,180.801,180.795,176.044,1,1,0.508,4.249,,4991,58
"BaselineSweep",5000,3,296,174.759,174.760,171.434,1,1,0.480,2.845,,5001,58
"BaselineSweep",5000,3,297,175.689,175.686,172.255,1,1,0.561,2.873,,4985,58
"BaselineSweep",5000,3,298,177.818,177.814,172.793,1,1,0.575,4.449,,4990,58
"BaselineSweep",5000,3,299,176.095,175.949,171.135,1,1,0.492,4.467,,4998,58
"BaselineSweep",10000,3,0,673.356,673.372,667.352,1,1,1.122,4.883,,9866,108
"BaselineSweep",10000,3,1,678.920,678.921,673.191,1,1,1.066,4.663,,9926,108
"BaselineSweep",10000,3,2,684.941,684.932,675.492,1,1,1.045,8.404,,9816,107
"BaselineSweep",10000,3,3,677.750,677.758,672.249,1,1,1.079,4.422,,9940,107
"BaselineSweep",10000,3,4,697.254,697.248,691.436,1,1,1.027,4.791,,9972,108
"BaselineSweep",10000,3,5,680.078,680.035,673.451,1,1,1.021,5.606,,9844,108
"BaselineSweep",10000,3,6,687.490,687.532,682.149,1,1,1.007,4.334,,9895,108
"BaselineSweep",10000,3,7,678.138,678.138,672.397,1,1,1.077,4.665,,9966,107
"BaselineSweep",10000,3,8,710.290,710.285,704.785,1,1,1.005,4.500,,9922,108
"BaselineSweep",10000,3,9,684.681,684.687,679.357,1,1,0.988,4.336,,9596,108
"BaselineSweep",10000,3,10,678.036,678.032,672.292,1,1,0.992,4.752,,9840,108
"BaselineSweep",10000,3,11,688.764,688.757,682.852,1,1,1.011,4.901,,9913,108
"BaselineSweep",10000,3,12,690.881,690.890,685.202,1,1,0.999,4.680,,9898,108
"BaselineSweep",10000,3,13,674.408,674.400,669.163,1,1,1.073,4.172,,9880,108
"BaselineSweep",10000,3,14,681.686,681.688,676.571,1,1,0.947,4.167,,9613,108
"BaselineSweep",10000,3,15,682.298,682.277,676.146,1,1,0.968,5.184,,9920,108
"BaselineSweep",10000,3,16,671.995,672.013,666.580,1,1,0.970,4.444,,9935,108
"BaselineSweep",10000,3,17,675.174,675.175,669.993,1,1,1.139,4.043,,9932,108
"BaselineSweep",10000,3,18,683.911,683.906,678.779,1,1,1.079,4.053,,9930,108
"BaselineSweep",10000,3,19,679.267,679.271,673.117,1,1,1.868,4.282,,9955,108
"BaselineSweep",10000,3,20,686.737,686.729,677.745,1,1,0.956,8.036,,9899,108
"BaselineSweep",10000,3,21,676.548,676.547,671.300,1,1,1.013,4.235,,9972,108
"BaselineSweep",10000,3,22,664.558,664.561,659.162,1,1,1.001,4.396,,9898,107
"BaselineSweep",10000,3,23,680.111,680.108,674.650,1,1,0.952,4.509,,9888,107
"BaselineSweep",10000,3,24,667.087,667.073,661.464,1,1,1.207,4.416,,9897,106
"BaselineSweep",10000,3,25,672.084,672.091,663.371,1,1,0.989,7.725,,9933,107
"BaselineSweep",10000,3,26,667.214,667.217,661.899,1,1,1.133,4.183,,9929,108
"BaselineSweep",10000,3,27,688.099,688.091,679.278,1,1,0.959,7.861,,9861,108
"BaselineSweep",10000,3,28,688.848,688.817,680.629,1,1,1.111,7.108,,9886,108
"BaselineSweep",10000,3,29,711.685,711.718,706.399,1,1,0.926,4.360,,9914,108
"BaselineSweep",10000,3,30,674.162,674.163,668.575,1,1,0.943,4.644,,9922,108
"BaselineSweep",10000,3,31,664.070,664.064,658.940,1,1,0.997,4.133,,9796,108
"BaselineSweep",10000,3,32,655.964,655.912,648.205,1,1,1.051,6.709,,9963,108
"BaselineSweep",10000,3,33,672.980,673.032,667.815,1,1,1.036,4.130,,9903,107
"BaselineSweep",10000,3,34,680.725,680.716,674.594,1,1,1.254,4.877,,9936,107
"BaselineSweep",10000,3,35,672.597,672.587,664.959,1,1,1.020,6.619,,9950,108
"BaselineSweep",10000,3,36,683.427,683.437,674.823,1,1,1.015,7.588,,9921,108
"BaselineSweep",10000,3,37,680.406,680.403,673.288,1,1,1.032,6.086,,9860,108
"BaselineSweep",10000,3,38,675.495,675.494,670.444,1,1,0.966,4.086,,9871,107
"BaselineSweep",10000,3,39,682.185,682.187,677.000,1,1,0.960,4.225,,9959,108
"BaselineSweep",10000,3,40,684.563,684.556,679.126,1,1,1.006,4.431,,9954,107
"BaselineSweep",10000,3,41,677.208,677.214,671.847,1,1,0.956,4.404,,9936,108
"BaselineSweep",10000,3,42,672.758,672.742,663.629,1,1,1.849,7.281,,9937,108
"BaselineSweep",10000,3,43,678.484,678.493,673.295,1,1,0.970,4.219,,9934,108
"BaselineSweep",10000,3,44,677.416,677.419,672.082,1,1,1.221,4.113,,9916,107
"BaselineSweep",10000,3,45,685.530,685.522,676.597,1,1,1.110,7.823,,9947,108
"BaselineSweep",10000,3,46,680.264,680.261,674.201,1,1,1.009,5.054,,9741,108
"BaselineSweep",10000,3,47,682.503,682.505,677.177,1,1,0.977,4.349,,9946,108
"BaselineSweep",10000,3,48,680.863,680.865,675.633,1,1,0.967,4.263,,9786,108
"BaselineSweep",10000,3,49,685.638,685.626,676.025,1,1,1.018,8.595,,9938,108
"BaselineSweep",10000,3,50,682.354,682.341,675.995,1,1,1.081,5.278,,9799,106
"BaselineSweep",10000,3,51,684.376,684.390,678.438,1,1,1.077,4.861,,9972,108
"BaselineSweep",10000,3,52,682.063,682.021,673.932,1,1,1.083,7.049,,9916,108
"BaselineSweep",10000,3,53,679.140,679.174,672.843,1,1,1.691,4.606,,9919,108
"BaselineSweep",10000,3,54,681.441,681.442,676.046,1,1,1.053,4.342,,9776,108
"BaselineSweep",10000,3,55,685.723,685.728,680.658,1,1,0.967,4.098,,9815,108
"BaselineSweep",10000,3,56,685.184,685.180,679.569,1,1,1.048,4.567,,9975,108
"BaselineSweep",10000,3,57,676.467,676.444,670.081,1,1,1.064,5.321,,9942,108
"BaselineSweep",10000,3,58,676.858,676.877,671.826,1,1,0.965,4.066,,9920,107
"BaselineSweep",10000,3,59,673.676,673.657,668.019,1,1,0.966,4.692,,9901,107
"BaselineSweep",10000,3,60,674.965,674.979,666.725,1,1,1.032,7.208,,9925,108
"BaselineSweep",10000,3,61,671.194,671.191,665.718,1,1,1.059,4.416,,9962,108
"BaselineSweep",10000,3,62,668.931,668.933,663.065,1,1,1.203,4.663,,9776,108
"BaselineSweep",10000,3,63,676.774,676.769,671.342,1,1,1.044,4.388,,9899,108
"BaselineSweep",10000,3,64,681.777,681.780,676.361,1,1,1.058,4.358,,9923,108
"BaselineSweep",10000,3,65,676.976,676.966,669.563,1,1,1.166,6.246,,9947,108
"BaselineSweep",10000,3,66,787.957,787.948,781.201,1,1,1.259,5.496,,9765,108
"BaselineSweep",10000,3,67,886.862,886.858,879.591,1,1,1.298,5.974,,9887,108
"BaselineSweep",10000,3,68,897.929,897.927,891.039,1,1,1.250,5.641,,9967,107
"BaselineSweep",10000,3,69,874.963,874.957,866.249,1,1,1.252,7.463,,9996,108
"BaselineSweep",10000,3,70,859.918,859.919,853.244,1,1,1.233,5.441,,9949,108
"BaselineSweep",10000,3,71,866.176,866.180,859.737,1,1,1.270,5.169,,9952,108
"BaselineSweep",10000,3,72,848.684,848.678,841.947,1,1,1.234,5.503,,9992,107
"BaselineSweep",10000,3,73,870.409,870.406,863.506,1,1,1.214,5.689,,3463,107
"BaselineSweep",10000,3,74,822.005,822.008,815.273,1,1,1.282,5.450,,9967,108
"BaselineSweep",10000,3,75,838.148,838.143,831.645,1,1,1.230,5.274,,9840,108
"BaselineSweep",10000,3,76,838.430,838.428,831.800,1,1,1.206,5.424,,9562,107
"BaselineSweep",10000,3,77,854.735,854.734,847.573,1,1,1.242,5.920,,9906,108
"BaselineSweep",10000,3,78,836.689,836.690,830.173,1,1,1.199,5.318,,9974,108
"BaselineSweep",10000,3,79,842.906,842.900,833.907,1,1,1.312,7.687,,9974,108
"BaselineSweep",10000,3,80,843.087,843.086,834.335,1,1,1.267,7.484,,9927,108
"BaselineSweep",10000,3,81,828.740,828.746,822.361,1,1,1.326,5.054,,9986,108
"BaselineSweep",10000,3,82,834.725,834.712,828.667,1,1,1.197,4.861,,9976,107
"BaselineSweep",10000,3,83,853.886,853.890,847.587,1,1,1.166,5.134,,9994,108
"BaselineSweep",10000,3,84,822.107,822.109,812.278,1,1,1.552,8.277,,9937,108
"BaselineSweep",10000,3,85,792.320,792.319,785.884,1,1,1.092,5.343,,9727,108
"BaselineSweep",10000,3,86,778.026,778.025,771.198,1,1,1.155,5.673,,9894,108
"BaselineSweep",10000,3,87,804.949,804.951,799.110,1,1,1.110,4.729,,9976,108
"BaselineSweep",10000,3,88,785.570,785.567,779.228,1,1,1.154,5.188,,9981,108
"BaselineSweep",10000,3,89,770.107,770.090,761.513,1,1,1.139,7.455,,9582,108
"BaselineSweep",10000,3,90,790.083,790.082,783.928,1,1,1.126,5.029,,9969,108
"BaselineSweep",10000,3,91,803.120,803.134,797.203,1,1,1.256,4.661,,9974,108
"BaselineSweep",10000,3,92,784.996,784.999,778.884,1,1,1.288,4.824,,9982,106
"BaselineSweep",10000,3,93,759.360,759.359,753.761,1,1,1.035,4.563,,9973,107
"BaselineSweep",10000,3,94,751.522,751.506,744.335,1,1,1.064,6.123,,9986,108
"BaselineSweep",10000,3,95,747.776,747.788,741.873,1,1,1.077,4.827,,9969,108
"BaselineSweep",10000,3,96,768.134,768.132,762.005,1,1,1.351,4.778,,9976,108
"BaselineSweep",10000,3,97,760.763,760.756,754.371,1,1,1.169,5.223,,9936,108
"BaselineSweep",10000,3,98,781.239,781.242,774.960,1,1,1.343,4.936,,9960,107
"BaselineSweep",10000,3,99,768.587,768.585,762.741,1,1,1.116,4.730,,9973,107
"BaselineSweep",10000,3,100,776.906,776.897,770.861,1,1,1.112,4.932,,9979,107
"BaselineSweep",10000,3,101,793.863,793.867,787.723,1,1,1.420,4.720,,9978,108
"BaselineSweep",10000,3,102,768.787,768.772,759.200,1,1,1.233,8.354,,9846,107
"BaselineSweep",10000,3,103,771.462,771.476,765.586,1,1,1.095,4.780,,9969,108
"BaselineSweep",10000,3,104,783.077,783.072,776.927,1,1,1.139,5.011,,9990,108
"BaselineSweep",10000,3,105,768.562,768.565,762.393,1,1,1.115,5.053,,9461,108
"BaselineSweep",10000,3,106,774.352,774.348,768.318,1,1,1.280,4.754,,9975,108
"BaselineSweep",10000,3,107,765.375,765.375,759.322,1,1,1.089,4.964,,9968,107
"BaselineSweep",10000,3,108,772.137,772.126,764.334,1,1,1.093,6.710,,9940,108
"BaselineSweep",10000,3,109,776.579,776.587,770.890,1,1,1.101,4.588,,9978,108
"BaselineSweep",10000,3,110,731.841,731.832,725.573,1,1,1.139,5.130,,9976,108
"BaselineSweep",10000,3,111,761.062,761.070,754.788,1,1,1.294,4.981,,9952,108
"BaselineSweep",10000,3,112,762.441,762.438,756.897,1,1,1.077,4.468,,9970,108
"BaselineSweep",10000,3,113,753.434,753.434,747.566,1,1,1.107,4.761,,9935,108
"BaselineSweep",10000,3,114,736.842,736.827,731.177,1,1,1.090,4.575,,9967,108
"BaselineSweep",10000,3,115,773.218,773.223,765.835,1,1,1.088,6.295,,9950,108
"BaselineSweep",10000,3,116,770.067,770.068,763.795,1,1,1.055,5.217,,9950,107
"BaselineSweep",10000,3,117,742.991,742.989,734.244,1,1,1.100,7.647,,9980,107
"BaselineSweep",10000,3,118,771.875,771.772,763.847,1,1,1.074,6.954,,9968,107
"BaselineSweep",10000,3,119,746.433,746.526,738.443,1,1,1.087,6.904,,9827,108
"BaselineSweep",10000,3,120,728.545,728.554,722.628,1,1,1.289,4.628,,9946,108
"BaselineSweep",10000,3,121,755.120,755.113,746.705,1,1,1.046,7.370,,9990,107
"BaselineSweep",10000,3,122,735.995,735.999,729.883,1,1,1.093,5.019,,9881,108
"BaselineSweep",10000,3,123,755.886,755.884,750.186,1,1,1.076,4.624,,9758,108
"BaselineSweep",10000,3,124,752.417,752.402,744.025,1,1,1.158,7.234,,9978,107
"BaselineSweep",10000,3,125,746.945,746.956,741.006,1,1,1.037,4.902,,9963,107
"BaselineSweep",10000,3,126,731.485,731.483,724.934,1,1,1.238,5.313,,9959,108
"BaselineSweep",10000,3,127,748.292,748.283,742.414,1,1,1.056,4.823,,9737,108
"BaselineSweep",10000,3,128,743.319,743.320,737.407,1,1,1.120,4.791,,9931,108
"BaselineSweep",10000,3,129,766.297,766.290,757.787,1,1,1.146,7.364,,9982,108
"BaselineSweep",10000,3,130,779.811,779.807,773.538,1,1,1.160,5.113,,9961,108
"BaselineSweep",10000,3,131,781.426,781.432,775.323,1,1,1.157,4.947,,9962,108
"BaselineSweep",10000,3,132,786.805,786.693,779.769,1,1,1.167,5.869,,9784,107
"BaselineSweep",10000,3,133,786.266,786.372,780.034,1,1,1.159,5.074,,9969,108
"BaselineSweep",10000,3,134,797.194,797.187,788.357,1,1,1.142,7.695,,9839,108
"BaselineSweep",10000,3,135,799.376,799.382,793.007,1,1,1.167,5.202,,9921,108
"BaselineSweep",10000,3,136,790.566,790.560,784.406,1,1,1.236,4.924,,9949,107
"BaselineSweep",10000,3,137,784.965,784.960,778.825,1,1,1.202,4.938,,9974,108
"BaselineSweep",10000,3,138,795.612,795.615,789.292,1,1,1.174,5.146,,9963,107
"BaselineSweep",10000,3,139,784.112,784.106,776.060,1,1,1.183,6.869,,9855,107
"BaselineSweep",10000,3,140,794.977,794.925,788.181,1,1,1.226,5.570,,9973,108
"BaselineSweep",10000,3,141,800.801,800.852,794.588,1,1,1.150,5.062,,9944,108
"BaselineSweep",10000,3,142,799.799,799.795,793.609,1,1,1.136,5.054,,9953,107
"BaselineSweep",10000,3,143,796.158,796.158,789.988,1,1,1.193,4.977,,9978,108
"BaselineSweep",10000,3,144,809.620,809.609,801.367,1,1,1.194,7.060,,9444,108
"BaselineSweep",10000,3,145,801.020,801.027,794.630,1,1,1.211,5.178,,9943,106
"BaselineSweep",10000,3,146,796.793,796.792,789.415,1,1,1.221,6.157,,9946,108
"BaselineSweep",10000,3,147,796.480,796.482,790.558,1,1,1.089,4.833,,9981,107
"BaselineSweep",10000,3,148,763.468,763.456,754.360,1,1,1.722,7.386,,9966,108
"BaselineSweep",10000,3,149,771.767,771.747,764.161,1,1,1.139,6.467,,9977,107
"BaselineSweep",10000,3,150,796.561,796.591,790.642,1,1,1.064,4.856,,9742,108
"BaselineSweep",10000,3,151,750.687,750.680,744.927,1,1,1.058,4.702,,9792,108
"BaselineSweep",10000,3,152,750.076,750.079,744.306,1,1,1.078,4.692,,9942,108
"BaselineSweep",10000,3,153,755.879,755.872,747.132,1,1,1.569,7.178,,9900,108
"BaselineSweep",10000,3,154,754.172,754.171,745.786,1,1,1.091,7.295,,9970,108
"BaselineSweep",10000,3,155,750.133,750.139,744.471,1,1,1.242,4.420,,9965,108
"BaselineSweep",10000,3,156,733.857,733.851,726.685,1,1,1.052,6.120,,9996,108
"BaselineSweep",10000,3,157,745.690,745.685,737.762,1,1,1.089,6.839,,9935,107
"BaselineSweep",10000,3,158,768.395,768.398,762.744,1,1,1.063,4.588,,9928,108
"BaselineSweep",10000,3,159,744.554,744.552,738.694,1,1,1.238,4.621,,9961,108
"BaselineSweep",10000,3,160,754.244,754.239,748.773,1,1,1.057,4.414,,9964,107
"BaselineSweep",10000,3,161,759.062,759.062,752.482,1,1,1.075,5.506,,9950,108
"BaselineSweep",10000,3,162,757.834,757.825,751.709,1,1,1.151,4.974,,9953,107
"BaselineSweep",10000,3,163,747.108,747.114,741.339,1,1,1.122,4.646,,9793,108
"BaselineSweep",10000,3,164,740.799,740.799,734.741,1,1,1.079,4.979,,9965,108
"BaselineSweep",10000,3,165,746.797,746.786,739.815,1,1,1.056,5.925,,9954,108
"BaselineSweep",10000,3,166,762.192,762.198,756.473,1,1,1.133,4.587,,9860,108
"BaselineSweep",10000,3,167,749.863,749.862,743.284,1,1,1.355,5.224,,9949,107
"BaselineSweep",10000,3,168,732.971,732.962,724.271,1,1,1.055,7.645,,9974,108
"BaselineSweep",10000,3,169,733.974,733.978,727.640,1,1,1.085,5.249,,9971,108
"BaselineSweep",10000,3,170,767.529,767.529,761.200,1,1,1.123,5.206,,9967,108
"BaselineSweep",10000,3,171,754.504,754.503,748.659,1,1,1.285,4.560,,9933,108
"BaselineSweep",10000,3,172,755.166,755.162,749.414,1,1,1.070,4.682,,9978,107
"BaselineSweep",10000,3,173,765.133,765.132,759.379,1,1,1.054,4.701,,9970,108
"BaselineSweep",10000,3,174,735.742,735.743,730.187,1,1,1.045,4.510,,9840,107
"BaselineSweep",10000,3,175,734.263,734.241,726.156,1,1,1.144,6.963,,9943,108
"BaselineSweep",10000,3,176,742.181,742.191,736.265,1,1,1.108,4.809,,9848,108
"BaselineSweep",10000,3,177,760.757,760.737,753.969,1,1,1.047,5.741,,9474,108
"BaselineSweep",10000,3,178,757.258,757.282,751.793,1,1,1.063,4.403,,9801,107
"BaselineSweep",10000,3,179,736.687,736.685,730.275,1,1,1.559,4.853,,9957,108
"BaselineSweep",10000,3,180,741.002,741.000,734.128,1,1,1.494,5.379,,9951,108
"BaselineSweep",10000,3,181,735.049,735.043,726.638,1,1,1.103,7.307,,9960,108
"BaselineSweep",10000,3,182,724.075,724.078,717.390,1,1,1.242,5.442,,9960,107
"BaselineSweep",10000,3,183,749.302,749.300,742.969,1,1,1.046,5.288,,9967,107
"BaselineSweep",10000,3,184,732.518,732.517,726.934,1,1,1.070,4.514,,9960,108
"BaselineSweep",10000,3,185,743.558,743.554,737.601,1,1,1.175,4.781,,9662,108
"BaselineSweep",10000,3,186,754.887,754.887,749.204,1,1,1.094,4.588,,9945,108
"BaselineSweep",10000,3,187,740.159,740.158,733.943,1,1,1.045,5.172,,9958,108
"BaselineSweep",10000,3,188,733.305,733.304,727.044,1,1,1.376,4.885,,9983,108
"BaselineSweep",10000,3,189,760.969,760.947,752.124,1,1,1.270,7.575,,9968,108
"BaselineSweep",10000,3,190,744.316,744.333,734.190,1,1,1.076,9.050,,9977,108
"BaselineSweep",10000,3,191,722.671,722.661,716.523,1,1,1.297,4.850,,9960,108
"BaselineSweep",10000,3,192,757.931,757.932,752.566,1,1,1.040,4.325,,9986,108
"BaselineSweep",10000,3,193,728.937,727.072,721.404,1,1,1.140,6.393,,9957,108
"BaselineSweep",10000,3,194,724.126,725.981,717.746,1,1,1.131,5.249,,9953,108
"BaselineSweep",10000,3,195,774.936,774.936,768.925,1,1,1.155,4.856,,9953,107
"BaselineSweep",10000,3,196,757.169,757.165,750.558,1,1,1.558,5.053,,9967,108
"BaselineSweep",10000,3,197,775.771,775.752,767.186,1,1,1.155,7.429,,9962,107
"BaselineSweep",10000,3,198,798.026,798.036,791.706,1,1,1.156,5.164,,9981,108
"BaselineSweep",10000,3,199,787.610,787.614,780.800,1,1,1.265,5.546,,9967,108
"BaselineSweep",10000,3,200,779.918,779.890,773.335,1,1,1.136,5.447,,9981,108
"BaselineSweep",10000,3,201,782.987,783.012,776.907,1,1,1.202,4.878,,9912,108
"BaselineSweep",10000,3,202,787.403,787.397,780.835,1,1,1.128,5.440,,9977,108
"BaselineSweep",10000,3,203,778.533,778.534,772.185,1,1,1.167,5.181,,9958,108
"BaselineSweep",10000,3,204,774.417,774.419,768.238,1,1,1.217,4.963,,9989,108
"BaselineSweep",10000,3,205,779.039,778.968,772.836,1,1,1.131,5.072,,9900,107
"BaselineSweep",10000,3,206,789.239,789.301,782.863,1,1,1.200,5.176,,9782,108
"BaselineSweep",10000,3,207,786.505,786.505,780.655,1,1,1.136,4.714,,9973,108
"BaselineSweep",10000,3,208,794.005,793.991,784.161,1,1,1.169,8.675,,9947,107
"BaselineSweep",10000,3,209,794.735,794.745,788.446,1,1,1.179,5.110,,9978,107
"BaselineSweep",10000,3,210,794.874,794.863,788.436,1,1,1.210,5.228,,9550,108
"BaselineSweep",10000,3,211,796.192,796.198,790.262,1,1,1.276,4.654,,9995,108
"BaselineSweep",10000,3,212,798.805,798.792,790.640,1,1,1.117,7.047,,9983,107
"BaselineSweep",10000,3,213,796.030,796.038,789.735,1,1,1.206,5.090,,9973,108
"BaselineSweep",10000,3,214,789.254,789.250,783.135,1,1,1.140,4.978,,9978,107
"BaselineSweep",10000,3,215,797.851,797.850,791.527,1,1,1.164,5.160,,9986,108
"BaselineSweep",10000,3,216,793.102,793.060,783.741,1,1,1.829,7.532,,9966,108
"BaselineSweep",10000,3,217,744.028,744.055,736.445,1,1,1.244,6.339,,9975,108
"BaselineSweep",10000,3,218,745.362,745.328,739.508,1,1,1.060,4.794,,9837,108
"BaselineSweep",10000,3,219,747.844,747.892,741.418,1,1,1.076,5.350,,9954,108
"BaselineSweep",10000,3,220,743.481,743.483,737.445,1,1,1.098,4.938,,9976,107
"BaselineSweep",10000,3,221,727.066,727.062,721.629,1,1,1.000,4.437,,9945,108
"BaselineSweep",10000,3,222,717.310,717.311,710.619,1,1,1.506,5.185,,9962,107
"BaselineSweep",10000,3,223,727.370,727.365,721.467,1,1,1.024,4.879,,9992,107
"BaselineSweep",10000,3,224,740.297,740.298,734.618,1,1,1.120,4.559,,9950,108
"BaselineSweep",10000,3,225,743.761,743.757,738.033,1,1,1.076,4.652,,9965,108
"BaselineSweep",10000,3,226,744.051,744.042,738.382,1,1,1.047,4.622,,9972,108
"BaselineSweep",10000,3,227,749.319,749.323,743.647,1,1,1.078,4.594,,9969,108
"BaselineSweep",10000,3,228,745.803,745.788,737.934,1,1,1.080,6.789,,9773,108
"BaselineSweep",10000,3,229,744.620,744.633,738.863,1,1,1.024,4.732,,9949,107
"BaselineSweep",10000,3,230,739.816,739.802,732.151,1,1,1.186,6.478,,9933,107
"BaselineSweep",10000,3,231,729.723,729.735,723.918,1,1,1.192,4.613,,9921,108
"BaselineSweep",10000,3,232,725.253,725.254,719.415,1,1,1.050,4.788,,9941,108
"BaselineSweep",10000,3,233,718.642,718.558,711.059,1,1,1.230,6.353,,9980,108
"BaselineSweep",10000,3,234,730.263,730.339,723.859,1,1,1.108,5.295,,9971,106
"BaselineSweep",10000,3,235,728.324,728.318,722.569,1,1,1.155,4.601,,9936,108
"BaselineSweep",10000,3,236,746.940,746.940,739.170,1,1,1.030,6.740,,9971,108
"BaselineSweep",10000,3,237,739.390,739.382,733.688,1,1,1.030,4.672,,9968,108
"BaselineSweep",10000,3,238,740.213,740.221,733.669,1,1,1.253,5.291,,9955,108
"BaselineSweep",10000,3,239,755.430,755.382,748.015,1,1,1.296,6.119,,9849,108
"BaselineSweep",10000,3,240,759.341,759.380,753.597,1,1,1.080,4.663,,9984,108
"BaselineSweep",10000,3,241,765.212,765.210,759.308,1,1,1.083,4.821,,9987,107
"BaselineSweep",10000,3,242,754.582,754.584,748.376,1,1,1.406,4.800,,9947,108
"BaselineSweep",10000,3,243,757.649,757.655,752.035,1,1,1.147,4.467,,9975,107
"BaselineSweep",10000,3,244,749.073,749.067,743.423,1,1,1.120,4.530,,9932,108
"BaselineSweep",10000,3,245,738.569,738.563,732.820,1,1,1.135,4.614,,9544,108
"BaselineSweep",10000,3,246,738.261,738.260,732.010,1,1,1.098,5.154,,9967,108
"BaselineSweep",10000,3,247,742.886,742.875,734.014,1,1,1.777,7.095,,9881,108
"BaselineSweep",10000,3,248,736.431,736.424,729.201,1,1,1.286,5.945,,9856,108
"BaselineSweep",10000,3,249,763.912,763.926,757.764,1,1,1.100,5.048,,9984,108
"BaselineSweep",10000,3,250,754.612,754.595,746.423,1,1,1.079,7.111,,9962,107
"BaselineSweep",10000,3,251,727.474,727.488,721.031,1,1,1.688,4.755,,9956,108
"BaselineSweep",10000,3,252,727.251,727.245,720.783,1,1,1.061,5.407,,9821,108
"BaselineSweep",10000,3,253,724.994,725.002,718.440,1,1,1.875,4.680,,9575,108
"BaselineSweep",10000,3,254,739.075,739.064,730.798,1,1,1.094,7.184,,9861,108
"BaselineSweep",10000,3,255,722.083,722.087,716.256,1,1,1.081,4.747,,1463,108
"BaselineSweep",10000,3,256,743.704,743.702,737.433,1,1,1.077,5.194,,9963,107
"BaselineSweep",10000,3,257,758.107,758.102,748.857,1,1,1.075,8.175,,9960,108
"BaselineSweep",10000,3,258,751.647,751.650,744.852,1,1,1.330,5.466,,9948,108
"BaselineSweep",10000,3,259,741.682,741.602,734.439,1,1,1.092,6.151,,9868,108
"BaselineSweep",10000,3,260,729.186,729.259,722.878,1,1,1.223,5.085,,9975,108
"BaselineSweep",10000,3,261,766.344,766.332,758.185,1,1,1.174,6.985,,7925,108
"BaselineSweep",10000,3,262,772.271,772.278,765.871,1,1,1.150,5.251,,9629,107
"BaselineSweep",10000,3,263,763.398,763.399,757.010,1,1,1.153,5.236,,9923,108
"BaselineSweep",10000,3,264,772.091,772.087,765.894,1,1,1.177,5.020,,9982,108
"BaselineSweep",10000,3,265,764.658,764.558,758.275,1,1,1.148,5.235,,9964,107
"BaselineSweep",10000,3,266,765.803,765.888,757.007,1,1,1.137,7.659,,9923,108
"BaselineSweep",10000,3,267,771.501,771.514,765.175,1,1,1.216,5.109,,9944,108
"BaselineSweep",10000,3,268,774.198,774.182,767.202,1,1,1.118,5.879,,9822,108
"BaselineSweep",10000,3,269,773.897,773.913,768.042,1,1,1.251,4.605,,9976,108
"BaselineSweep",10000,3,270,766.972,766.970,760.976,1,1,1.317,4.680,,9985,108
"BaselineSweep",10000,3,271,771.022,771.009,762.786,1,1,1.196,7.039,,9953,108
"BaselineSweep",10000,3,272,782.336,782.341,774.911,1,1,1.199,6.226,,9980,108
"BaselineSweep",10000,3,273,782.196,782.195,776.097,1,1,1.180,4.919,,9953,107
"BaselineSweep",10000,3,274,776.834,776.837,770.715,1,1,1.213,4.906,,9969,108
"BaselineSweep",10000,3,275,758.634,758.629,751.758,1,1,1.090,5.787,,9984,108
"BaselineSweep",10000,3,276,765.123,765.124,758.804,1,1,1.172,5.147,,9966,108
"BaselineSweep",10000,3,277,749.627,749.625,743.816,1,1,1.182,4.630,,9973,108
"BaselineSweep",10000,3,278,774.761,774.756,768.844,1,1,1.083,4.835,,9984,108
"BaselineSweep",10000,3,279,761.949,761.885,753.881,1,1,1.101,6.968,,9944,108
"BaselineSweep",10000,3,280,771.832,771.811,763.132,1,1,1.546,7.154,,9905,107
"BaselineSweep",10000,3,281,746.415,746.500,740.561,1,1,1.043,4.810,,9977,108
"BaselineSweep",10000,3,282,724.935,724.922,718.937,1,1,1.044,4.953,,9967,108
"BaselineSweep",10000,3,283,748.314,748.294,740.729,1,1,1.058,6.526,,9979,108
"BaselineSweep",10000,3,284,744.397,744.378,737.760,1,1,1.091,5.546,,9840,107
"BaselineSweep",10000,3,285,730.043,730.086,724.405,1,1,1.080,4.558,,9968,108
"BaselineSweep",10000,3,286,737.135,737.128,731.125,1,1,1.088,4.922,,9751,108
"BaselineSweep",10000,3,287,762.419,762.399,756.527,1,1,1.143,4.749,,9978,108
"BaselineSweep",10000,3,288,758.702,758.721,748.371,1,1,1.352,8.979,,9747,108
"BaselineSweep",10000,3,289,757.589,757.582,748.712,1,1,1.059,7.819,,9964,108
"BaselineSweep",10000,3,290,740.347,740.351,734.666,1,1,1.041,4.641,,9972,108
"BaselineSweep",10000,3,291,742.711,742.710,737.004,1,1,1.049,4.658,,9960,108
"BaselineSweep",10000,3,292,738.270,738.252,732.122,1,1,1.123,5.024,,9862,108
"BaselineSweep",10000,3,293,756.710,756.719,750.267,1,1,1.131,5.312,,9974,108
"BaselineSweep",10000,3,294,744.536,744.541,738.534,1,1,1.039,4.963,,9924,107
"BaselineSweep",10000,3,295,724.650,724.639,716.872,1,1,1.057,6.721,,9981,108
"BaselineSweep",10000,3,296,740.237,740.236,732.918,1,1,1.654,5.665,,9958,108
"BaselineSweep",10000,3,297,739.973,739.971,731.621,1,1,1.078,7.274,,9932,108
"BaselineSweep",10000,3,298,754.157,754.163,747.775,1,1,1.281,5.101,,9921,107
"BaselineSweep",10000,3,299,755.366,755.360,748.939,1,1,1.133,5.295,,9919,107
"BaselineSweep",500,4,0,1.366,1.374,0.000,0,0,0.040,1.326,,514,13
"BaselineSweep",500,4,1,2.115,2.087,0.000,0,0,0.038,2.077,,511,13
"BaselineSweep",500,4,2,0.530,0.532,0.000,0,0,0.053,0.477,,512,13
"BaselineSweep",500,4,3,3.365,3.380,1.858,1,0,0.052,1.455,,513,13
"BaselineSweep",500,4,4,1.736,1.738,0.000,0,0,0.040,1.695,,513,13
"BaselineSweep",500,4,5,1.999,1.986,0.000,0,0,0.039,1.959,,512,13
"BaselineSweep",500,4,6,1.297,1.311,0.000,0,0,0.052,1.245,,511,13
"BaselineSweep",500,4,7,0.496,0.490,0.000,0,0,0.039,0.457,,513,13
"BaselineSweep",500,4,8,1.172,1.172,0.000,0,0,0.042,1.130,,513,13
"BaselineSweep",500,4,9,0.495,0.496,0.000,0,0,0.040,0.456,,514,13
"BaselineSweep",500,4,10,2.047,2.042,0.000,0,0,0.039,2.008,,466,13
"BaselineSweep",500,4,11,0.501,0.504,0.000,0,0,0.041,0.460,,1029,13
"BaselineSweep",500,4,12,1.294,1.294,0.000,0,0,0.039,1.255,,513,13
"BaselineSweep",500,4,13,1.374,1.371,0.000,0,0,0.047,1.327,,514,13
"BaselineSweep",500,4,14,1.276,1.285,0.000,0,0,0.046,1.230,,515,13
"BaselineSweep",500,4,15,3.582,3.566,2.183,1,0,0.044,1.355,,513,13
"BaselineSweep",500,4,16,1.291,1.289,0.000,0,0,0.038,1.253,,516,13
"BaselineSweep",500,4,17,0.447,0.464,0.000,0,0,0.046,0.401,,510,13
"BaselineSweep",500,4,18,1.217,1.216,0.000,0,0,0.036,1.181,,510,13
"BaselineSweep",500,4,19,0.882,0.875,0.000,0,0,0.036,0.846,,511,13
"BaselineSweep",500,4,20,1.257,1.256,0.000,0,0,0.039,1.218,,515,13
"BaselineSweep",500,4,21,0.954,0.929,0.000,0,0,0.038,0.916,,517,13
"BaselineSweep",500,4,22,1.693,1.710,0.000,0,0,0.037,1.655,,515,13
"BaselineSweep",500,4,23,0.911,0.909,0.000,0,0,0.047,0.864,,514,13
"BaselineSweep",500,4,24,0.543,0.533,0.000,0,0,0.041,0.502,,515,13
"BaselineSweep",500,4,25,0.729,0.739,0.000,0,0,0.038,0.691,,517,13
"BaselineSweep",500,4,26,1.289,1.296,0.000,0,0,0.038,1.251,,516,13
"BaselineSweep",500,4,27,0.889,0.880,0.000,0,0,0.037,0.852,,517,13
"BaselineSweep",500,4,28,1.286,1.291,0.000,0,0,0.039,1.247,,516,13
"BaselineSweep",500,4,29,3.169,3.164,1.804,1,0,0.050,1.314,,516,13
"BaselineSweep",500,4,30,1.729,1.719,0.000,0,0,0.037,1.692,,518,13
"BaselineSweep",500,4,31,1.328,1.330,0.000,0,0,0.046,1.282,,518,13
"BaselineSweep",500,4,32,1.348,1.355,0.000,0,0,0.042,1.306,,516,13
"BaselineSweep",500,4,33,1.329,1.327,0.000,0,0,0.043,1.286,,518,13
"BaselineSweep",500,4,34,0.922,0.919,0.000,0,0,0.042,0.880,,513,13
"BaselineSweep",500,4,35,1.301,1.305,0.000,0,0,0.039,1.262,,515,13
"BaselineSweep",500,4,36,1.219,1.224,0.000,0,0,0.041,1.178,,518,13
"BaselineSweep",500,4,37,0.883,0.872,0.000,0,0,0.037,0.846,,517,13
"BaselineSweep",500,4,38,1.310,1.316,0.000,0,0,0.039,1.271,,518,13
"BaselineSweep",500,4,39,1.103,1.092,0.000,0,0,0.039,1.064,,513,13
"BaselineSweep",500,4,40,1.660,1.665,0.000,0,0,0.044,1.616,,518,13
"BaselineSweep",500,4,41,3.236,3.237,1.815,1,0,0.044,1.378,,518,13
"BaselineSweep",500,4,42,1.497,1.465,0.000,0,0,0.039,1.458,,514,13
"BaselineSweep",500,4,43,1.369,1.396,0.000,0,0,0.054,1.315,,516,13
"BaselineSweep",500,4,44,1.142,1.138,0.000,0,0,0.042,1.100,,519,13
"BaselineSweep",500,4,45,0.522,0.528,0.000,0,0,0.039,0.483,,518,13
"BaselineSweep",500,4,46,0.894,0.876,0.000,0,0,0.037,0.856,,517,13
"BaselineSweep",500,4,47,0.515,0.535,0.000,0,0,0.039,0.476,,518,13
"BaselineSweep",500,4,48,0.777,0.773,0.000,0,0,0.036,0.741,,517,13
"BaselineSweep",500,4,49,0.494,0.488,0.000,0,0,0.036,0.457,,518,13
"BaselineSweep",500,4,50,1.970,1.955,0.000,0,0,0.038,1.932,,517,13
"BaselineSweep",500,4,51,0.562,0.577,0.000,0,0,0.052,0.510,,518,13
"BaselineSweep",500,4,52,0.895,0.892,0.000,0,0,0.045,0.850,,519,13
"BaselineSweep",500,4,53,1.246,1.250,0.000,0,0,0.039,1.208,,519,13
"BaselineSweep",500,4,54,1.189,1.191,0.000,0,0,0.038,1.151,,519,13
"BaselineSweep",500,4,55,3.509,3.486,1.806,1,0,0.043,1.660,,520,13
"BaselineSweep",500,4,56,1.418,1.428,0.000,0,0,0.045,1.373,,519,13
"BaselineSweep",500,4,57,1.320,1.326,0.000,0,0,0.045,1.275,,519,13
"BaselineSweep",500,4,58,0.932,0.916,0.000,0,0,0.038,0.895,,521,13
"BaselineSweep",500,4,59,1.366,1.379,0.000,0,0,0.037,1.329,,519,13
"BaselineSweep",500,4,60,1.270,1.271,0.000,0,0,0.039,1.231,,515,13
"BaselineSweep",500,4,61,1.350,1.347,0.000,0,0,0.043,1.308,,520,13
"BaselineSweep",500,4,62,1.734,1.725,0.000,0,0,0.041,1.693,,519,13
"BaselineSweep",500,4,63,1.299,1.313,0.000,0,0,0.039,1.261,,520,13
"BaselineSweep",500,4,64,1.291,1.284,0.000,0,0,0.036,1.255,,519,13
"BaselineSweep",500,4,65,1.311,1.310,0.000,0,0,0.044,1.267,,521,13
"BaselineSweep",500,4,66,3.936,3.940,1.930,1,0,0.048,1.959,,520,13
"BaselineSweep",500,4,67,1.242,1.244,0.000,0,0,0.040,1.201,,516,13
"BaselineSweep",500,4,68,1.997,1.955,0.000,0,0,0.036,1.960,,519,13
"BaselineSweep",500,4,69,1.392,1.430,0.000,0,0,0.053,1.339,,520,13
"BaselineSweep",500,4,70,1.325,1.320,0.000,0,0,0.039,1.287,,519,13
"BaselineSweep",500,4,71,1.047,1.027,0.000,0,0,0.039,1.009,,521,13
"BaselineSweep",500,4,72,0.541,0.561,0.000,0,0,0.043,0.498,,521,13
"BaselineSweep",500,4,73,1.743,1.722,0.000,0,0,0.042,1.701,,518,13
"BaselineSweep",500,4,74,1.409,1.426,0.000,0,0,0.049,1.361,,523,13
"BaselineSweep",500,4,75,1.416,1.406,0.000,0,0,0.042,1.374,,517,13
"BaselineSweep",500,4,76,3.316,3.324,1.805,1,0,0.044,1.467,,521,13
"BaselineSweep",500,4,77,1.821,1.813,0.000,0,0,0.040,1.781,,516,13
"BaselineSweep",500,4,78,1.021,1.014,0.000,0,0,0.047,0.974,,521,13
"BaselineSweep",500,4,79,0.583,0.597,0.000,0,0,0.061,0.522,,521,13
"BaselineSweep",500,4,80,1.255,1.261,0.000,0,0,0.039,1.216,,520,13
"BaselineSweep",500,4,81,1.307,1.306,0.000,0,0,0.036,1.271,,520,13
"BaselineSweep",500,4,82,0.889,0.874,0.000,0,0,0.037,0.853,,520,13
"BaselineSweep",500,4,83,1.319,1.322,0.000,0,0,0.040,1.279,,520,13
"BaselineSweep",500,4,84,0.990,0.980,0.000,0,0,0.046,0.944,,521,13
"BaselineSweep",500,4,85,0.527,0.546,0.000,0,0,0.053,0.473,,518,13
"BaselineSweep",500,4,86,1.806,1.795,0.000,0,0,0.037,1.769,,519,13
"BaselineSweep",500,4,87,1.293,1.301,0.000,0,0,0.040,1.253,,520,13
"BaselineSweep",500,4,88,3.416,3.391,1.850,1,0,0.055,1.512,,517,13
"BaselineSweep",500,4,89,1.351,1.367,0.000,0,0,0.046,1.305,,519,13
"BaselineSweep",500,4,90,1.948,1.949,0.000,0,0,0.039,1.909,,520,13
"BaselineSweep",500,4,91,0.953,0.937,0.000,0,0,0.038,0.915,,518,13
"BaselineSweep",500,4,92,1.341,1.349,0.000,0,0,0.045,1.296,,520,13
"BaselineSweep",500,4,93,1.310,1.309,0.000,0,0,0.041,1.269,,518,13
"BaselineSweep",500,4,94,1.350,1.347,0.000,0,0,0.039,1.311,,521,13
"BaselineSweep",500,4,95,1.400,1.406,0.000,0,0,0.039,1.361,,520,13
"BaselineSweep",500,4,96,0.918,0.904,0.000,0,0,0.036,0.882,,519,13
"BaselineSweep",500,4,97,0.542,0.555,0.000,0,0,0.040,0.502,,521,13
"BaselineSweep",500,4,98,2.004,1.981,0.000,0,0,0.036,1.968,,519,13
"BaselineSweep",500,4,99,1.916,1.927,0.000,0,0,0.048,1.869,,519,13
"BaselineSweep",500,4,100,3.457,3.459,1.946,1,0,0.047,1.463,,515,13
"BaselineSweep",500,4,101,1.527,1.506,0.000,0,0,0.051,1.476,,517,13
"BaselineSweep",500,4,102,1.773,1.784,0.000,0,0,0.045,1.729,,514,13
"BaselineSweep",500,4,103,1.372,1.379,0.000,0,0,0.046,1.326,,518,13
"BaselineSweep",500,4,104,0.954,0.933,0.000,0,0,0.039,0.915,,519,13
"BaselineSweep",500,4,105,0.484,0.505,0.000,0,0,0.044,0.440,,521,13
"BaselineSweep",500,4,106,0.942,0.934,0.000,0,0,0.038,0.904,,514,13
"BaselineSweep",500,4,107,1.443,1.444,0.000,0,0,0.038,1.405,,516,13
"BaselineSweep",500,4,108,1.007,0.985,0.000,0,0,0.042,0.965,,458,13
"BaselineSweep",500,4,109,0.518,0.541,0.000,0,0,0.043,0.474,,520,13
"BaselineSweep",500,4,110,0.855,0.852,0.000,0,0,0.037,0.818,,521,13
"BaselineSweep",500,4,111,1.300,1.301,0.000,0,0,0.038,1.262,,519,13
"BaselineSweep",500,4,112,3.717,3.707,2.178,1,0,0.052,1.487,,521,13
"BaselineSweep",500,4,113,1.346,1.354,0.000,0,0,0.041,1.305,,520,13
"BaselineSweep",500,4,114,1.335,1.335,0.000,0,0,0.038,1.298,,521,13
"BaselineSweep",500,4,115,0.922,0.896,0.000,0,0,0.038,0.883,,521,13
"BaselineSweep",500,4,116,0.446,0.475,0.000,0,0,0.049,0.397,,520,13
"BaselineSweep",500,4,117,0.886,0.872,0.000,0,0,0.036,0.850,,517,13
"BaselineSweep",500,4,118,2.109,2.087,0.000,0,0,0.039,2.069,,520,13
"BaselineSweep",500,4,119,0.574,0.594,0.000,0,0,0.052,0.522,,518,13
"BaselineSweep",500,4,120,1.015,1.003,0.000,0,0,0.041,0.973,,519,13
"BaselineSweep",500,4,121,1.291,1.309,0.000,0,0,0.064,1.227,,521,13
"BaselineSweep",500,4,122,1.044,1.025,0.000,0,0,0.038,1.006,,520,13
"BaselineSweep",500,4,123,0.535,0.556,0.000,0,0,0.038,0.497,,519,13
"BaselineSweep",500,4,124,1.225,1.222,0.000,0,0,0.036,1.189,,520,13
"BaselineSweep",500,4,125,3.821,3.814,1.853,1,0,0.051,1.917,,518,13
"BaselineSweep",500,4,126,1.266,1.273,0.000,0,0,0.039,1.227,,518,13
"BaselineSweep",500,4,127,0.914,0.901,0.000,0,0,0.036,0.878,,519,12
"BaselineSweep",500,4,128,0.508,0.512,0.000,0,0,0.039,0.469,,520,13
"BaselineSweep",500,4,129,1.404,1.398,0.000,0,0,0.044,1.360,,513,13
"BaselineSweep",500,4,130,0.454,0.467,0.000,0,0,0.040,0.414,,520,13
"BaselineSweep",500,4,131,1.273,1.266,0.000,0,0,0.036,1.238,,521,12
"BaselineSweep",500,4,132,0.912,0.891,0.000,0,0,0.038,0.874,,520,13
"BaselineSweep",500,4,133,1.319,1.340,0.000,0,0,0.060,1.259,,519,13
"BaselineSweep",500,4,134,0.921,0.902,0.000,0,0,0.038,0.884,,517,13
"BaselineSweep",500,4,135,0.464,0.484,0.000,0,0,0.039,0.425,,518,13
"BaselineSweep",500,4,136,1.696,1.675,0.000,0,0,0.038,1.658,,516,13
"BaselineSweep",500,4,137,0.514,0.533,0.000,0,0,0.049,0.465,,518,13
"BaselineSweep",500,4,138,0.772,0.763,0.000,0,0,0.038,0.734,,518,13
"BaselineSweep",500,4,139,3.132,3.140,1.804,1,0,0.043,1.285,,516,13
"BaselineSweep",500,4,140,1.268,1.265,0.000,0,0,0.036,1.232,,519,13
"BaselineSweep",500,4,141,1.243,1.229,0.000,0,0,0.042,1.201,,520,13
"BaselineSweep",500,4,142,0.505,0.521,0.000,0,0,0.044,0.461,,516,13
"BaselineSweep",500,4,143,0.774,0.765,0.000,0,0,0.036,0.739,,518,13
"BaselineSweep",500,4,144,0.761,0.758,0.000,0,0,0.040,0.722,,518,13
"BaselineSweep",500,4,145,0.597,0.600,0.000,0,0,0.039,0.558,,516,13
"BaselineSweep",500,4,146,0.579,0.583,0.000,0,0,0.039,0.540,,514,13
"BaselineSweep",500,4,147,1.208,1.210,0.000,0,0,0.036,1.172,,517,13
"BaselineSweep",500,4,148,0.889,0.874,0.000,0,0,0.035,0.854,,521,13
"BaselineSweep",500,4,149,1.310,1.309,0.000,0,0,0.075,1.235,,518,13
"BaselineSweep",500,4,150,0.809,0.811,0.000,0,0,0.043,0.765,,515,12
"BaselineSweep",500,4,151,0.784,0.782,0.000,0,0,0.039,0.745,,517,13
"BaselineSweep",500,4,152,1.336,1.340,0.000,0,0,0.038,1.298,,521,13
"BaselineSweep",500,4,153,0.868,0.863,0.000,0,0,0.038,0.830,,519,13
"BaselineSweep",500,4,154,1.279,1.277,0.000,0,0,0.039,1.240,,519,13
"BaselineSweep",500,4,155,3.704,3.700,2.222,1,0,0.056,1.426,,517,13
"BaselineSweep",500,4,156,1.265,1.276,0.000,0,0,0.040,1.225,,521,13
"BaselineSweep",500,4,157,1.313,1.313,0.000,0,0,0.036,1.276,,521,13
"BaselineSweep",500,4,158,0.958,0.946,0.000,0,0,0.037,0.922,,520,13
"BaselineSweep",500,4,159,0.720,0.671,0.000,0,0,0.039,0.681,,520,13
"BaselineSweep",500,4,160,1.510,1.557,0.000,0,0,0.040,1.470,,518,13
"BaselineSweep",500,4,161,0.436,0.447,0.000,0,0,0.040,0.396,,520,13
"BaselineSweep",500,4,162,0.890,0.878,0.000,0,0,0.036,0.854,,520,13
"BaselineSweep",500,4,163,1.255,1.263,0.000,0,0,0.039,1.216,,520,13
"BaselineSweep",500,4,164,0.861,0.852,0.000,0,0,0.036,0.826,,520,13
"BaselineSweep",500,4,165,0.475,0.476,0.000,0,0,0.039,0.436,,521,13
"BaselineSweep",500,4,166,0.785,0.781,0.000,0,0,0.038,0.747,,516,13
"BaselineSweep",500,4,167,0.521,0.523,0.000,0,0,0.040,0.481,,521,13
"BaselineSweep",500,4,168,1.527,1.522,0.000,0,0,0.043,1.484,,513,13
"BaselineSweep",500,4,169,3.587,3.584,1.835,1,0,0.050,1.702,,513,13
"BaselineSweep",500,4,170,1.252,1.266,0.000,0,0,0.039,1.213,,520,13
"BaselineSweep",500,4,171,1.605,1.590,0.000,0,0,0.037,1.568,,518,13
"BaselineSweep",500,4,172,1.351,1.363,0.000,0,0,0.045,1.306,,520,13
"BaselineSweep",500,4,173,0.889,0.879,0.000,0,0,0.037,0.852,,516,13
"BaselineSweep",500,4,174,0.482,0.485,0.000,0,0,0.039,0.443,,520,13
"BaselineSweep",500,4,175,0.779,0.776,0.000,0,0,0.038,0.741,,521,13
"BaselineSweep",500,4,176,1.249,1.258,0.000,0,0,0.037,1.212,,517,13
"BaselineSweep",500,4,177,1.169,1.169,0.000,0,0,0.035,1.134,,521,13
"BaselineSweep",500,4,178,1.372,1.341,0.000,0,0,0.037,1.336,,520,13
"BaselineSweep",500,4,179,0.724,0.744,0.000,0,0,0.045,0.679,,517,13
"BaselineSweep",500,4,180,0.792,0.796,0.000,0,0,0.038,0.754,,517,13
"BaselineSweep",500,4,181,1.253,1.254,0.000,0,0,0.038,1.215,,518,13
"BaselineSweep",500,4,182,3.500,3.489,1.811,1,0,0.043,1.647,,521,13
"BaselineSweep",500,4,183,1.418,1.420,0.000,0,0,0.046,1.372,,521,13
"BaselineSweep",500,4,184,0.919,0.921,0.000,0,0,0.040,0.879,,520,13
"BaselineSweep",500,4,185,1.288,1.280,0.000,0,0,0.038,1.250,,515,13
"BaselineSweep",500,4,186,0.970,0.957,0.000,0,0,0.038,0.933,,519,13
"BaselineSweep",500,4,187,1.360,1.382,0.000,0,0,0.051,1.309,,520,13
"BaselineSweep",500,4,188,1.328,1.320,0.000,0,0,0.037,1.290,,520,13
"BaselineSweep",500,4,189,1.208,1.216,0.000,0,0,0.041,1.167,,520,13
"BaselineSweep",500,4,190,1.263,1.258,0.000,0,0,0.035,1.228,,519,13
"BaselineSweep",500,4,191,0.953,0.955,0.000,0,0,0.037,0.916,,519,13
"BaselineSweep",500,4,192,0.462,0.458,0.000,0,0,0.036,0.427,,521,13
"BaselineSweep",500,4,193,0.867,0.865,0.000,0,0,0.037,0.830,,366,13
"BaselineSweep",500,4,194,1.895,1.878,0.000,0,0,0.037,1.858,,669,13
"BaselineSweep",500,4,195,3.196,3.217,1.787,1,0,0.058,1.351,,518,13
"BaselineSweep",500,4,196,1.175,1.178,0.000,0,0,0.040,1.134,,519,13
"BaselineSweep",500,4,197,1.268,1.260,0.000,0,0,0.035,1.233,,518,13
"BaselineSweep",500,4,198,1.920,1.913,0.000,0,0,0.038,1.881,,518,13
"BaselineSweep",500,4,199,1.226,1.236,0.000,0,0,0.046,1.180,,517,13
"BaselineSweep",500,4,200,1.173,1.165,0.000,0,0,0.037,1.136,,518,13
"BaselineSweep",500,4,201,1.249,1.258,0.000,0,0,0.035,1.215,,520,13
"BaselineSweep",500,4,202,0.864,0.850,0.000,0,0,0.036,0.828,,520,13
"BaselineSweep",500,4,203,0.561,0.569,0.000,0,0,0.038,0.524,,515,13
"BaselineSweep",500,4,204,1.281,1.278,0.000,0,0,0.037,1.244,,513,13
"BaselineSweep",500,4,205,0.981,0.972,0.000,0,0,0.040,0.940,,518,13
"BaselineSweep",500,4,206,0.425,0.438,0.000,0,0,0.042,0.383,,518,13
"BaselineSweep",500,4,207,0.838,0.827,0.000,0,0,0.035,0.803,,517,13
"BaselineSweep",500,4,208,3.597,3.599,2.121,1,0,0.091,1.385,,521,13
"BaselineSweep",500,4,209,1.438,1.428,0.000,0,0,0.040,1.397,,519,13
"BaselineSweep",500,4,210,0.748,0.756,0.000,0,0,0.044,0.704,,515,13
"BaselineSweep",500,4,211,1.218,1.224,0.000,0,0,0.039,1.179,,521,13
"BaselineSweep",500,4,212,1.210,1.211,0.000,0,0,0.036,1.173,,521,13
"BaselineSweep",500,4,213,0.856,0.846,0.000,0,0,0.035,0.820,,519,13
"BaselineSweep",500,4,214,0.702,0.700,0.000,0,0,0.037,0.664,,518,13
"BaselineSweep",500,4,215,1.187,1.192,0.000,0,0,0.037,1.150,,517,13
"BaselineSweep",500,4,216,0.984,0.974,0.000,0,0,0.037,0.947,,520,13
"BaselineSweep",500,4,217,0.495,0.497,0.000,0,0,0.042,0.454,,521,13
"BaselineSweep",500,4,218,0.788,0.778,0.000,0,0,0.038,0.751,,519,13
"BaselineSweep",500,4,219,1.216,1.233,0.000,0,0,0.039,1.177,,521,13
"BaselineSweep",500,4,220,1.151,1.153,0.000,0,0,0.036,1.116,,517,13
"BaselineSweep",500,4,221,1.172,1.171,0.000,0,0,0.036,1.136,,518,13
"BaselineSweep",500,4,222,3.641,3.624,2.174,1,0,0.054,1.413,,519,13
"BaselineSweep",500,4,223,1.251,1.264,0.000,0,0,0.040,1.211,,519,13
"BaselineSweep",500,4,224,0.904,0.892,0.000,0,0,0.036,0.869,,518,13
"BaselineSweep",500,4,225,0.542,0.545,0.000,0,0,0.039,0.503,,519,13
"BaselineSweep",500,4,226,0.907,0.910,0.000,0,0,0.037,0.870,,501,13
"BaselineSweep",500,4,227,0.471,0.467,0.000,0,0,0.036,0.436,,532,13
"BaselineSweep",500,4,228,1.374,1.368,0.000,0,0,0.042,1.332,,518,13
"BaselineSweep",500,4,229,0.768,0.770,0.000,0,0,0.042,0.726,,521,13
"BaselineSweep",500,4,230,0.878,0.885,0.000,0,0,0.038,0.841,,521,13
"BaselineSweep",500,4,231,0.686,0.685,0.000,0,0,0.036,0.649,,515,13
"BaselineSweep",500,4,232,0.576,0.570,0.000,0,0,0.036,0.540,,521,13
"BaselineSweep",500,4,233,1.221,1.227,0.000,0,0,0.037,1.184,,520,13
"BaselineSweep",500,4,234,0.873,0.866,0.000,0,0,0.035,0.837,,519,13
"BaselineSweep",500,4,235,1.232,1.231,0.000,0,0,0.038,1.194,,518,13
"BaselineSweep",500,4,236,0.917,0.897,0.000,0,0,0.045,0.872,,518,13
"BaselineSweep",500,4,237,3.452,3.472,1.777,1,0,0.049,1.627,,520,13
"BaselineSweep",500,4,238,1.333,1.331,0.000,0,0,0.038,1.295,,517,13
"BaselineSweep",500,4,239,1.328,1.324,0.000,0,0,0.038,1.291,,520,13
"BaselineSweep",500,4,240,1.292,1.290,0.000,0,0,0.042,1.250,,515,13
"BaselineSweep",500,4,241,1.191,1.198,0.000,0,0,0.039,1.153,,517,13
"BaselineSweep",500,4,242,0.914,0.907,0.000,0,0,0.037,0.878,,518,13
"BaselineSweep",500,4,243,0.449,0.451,0.000,0,0,0.037,0.412,,519,13
"BaselineSweep",500,4,244,0.939,0.936,0.000,0,0,0.037,0.902,,519,13
"BaselineSweep",500,4,245,0.548,0.549,0.000,0,0,0.038,0.510,,521,13
"BaselineSweep",500,4,246,1.702,1.693,0.000,0,0,0.037,1.665,,518,13
"BaselineSweep",500,4,247,1.370,1.377,0.000,0,0,0.049,1.321,,518,13
"BaselineSweep",500,4,248,1.195,1.200,0.000,0,0,0.041,1.154,,519,13
"BaselineSweep",500,4,249,1.207,1.208,0.000,0,0,0.035,1.172,,519,13
"BaselineSweep",500,4,250,3.552,3.517,1.768,1,0,0.040,1.744,,520,13
"BaselineSweep",500,4,251,1.265,1.297,0.000,0,0,0.049,1.216,,518,13
"BaselineSweep",500,4,252,0.930,0.919,0.000,0,0,0.036,0.894,,521,13
"BaselineSweep",500,4,253,0.450,0.460,0.000,0,0,0.038,0.412,,519,13
"BaselineSweep",500,4,254,1.159,1.161,0.000,0,0,0.035,1.124,,516,13
"BaselineSweep",500,4,255,0.860,0.856,0.000,0,0,0.034,0.826,,521,13
"BaselineSweep",500,4,256,0.481,0.473,0.000,0,0,0.035,0.446,,518,13
"BaselineSweep",500,4,257,1.270,1.271,0.000,0,0,0.038,1.232,,448,13
"BaselineSweep",500,4,258,1.240,1.227,0.000,0,0,0.046,1.194,,590,13
"BaselineSweep",500,4,259,1.328,1.344,0.000,0,0,0.048,1.280,,520,13
"BaselineSweep",500,4,260,0.897,0.886,0.000,0,0,0.035,0.862,,520,13
"BaselineSweep",500,4,261,0.479,0.483,0.000,0,0,0.038,0.441,,518,13
"BaselineSweep",500,4,262,0.786,0.781,0.000,0,0,0.036,0.749,,514,13
"BaselineSweep",500,4,263,0.749,0.753,0.000,0,0,0.037,0.711,,525,13
"BaselineSweep",500,4,264,0.493,0.489,0.000,0,0,0.036,0.457,,518,13
"BaselineSweep",500,4,265,1.638,1.627,0.000,0,0,0.037,1.601,,518,13
"BaselineSweep",500,4,266,3.125,3.141,1.766,1,0,0.047,1.312,,517,13
"BaselineSweep",500,4,267,1.210,1.211,0.000,0,0,0.035,1.174,,521,13
"BaselineSweep",500,4,268,0.959,0.940,0.000,0,0,0.035,0.924,,519,13
"BaselineSweep",500,4,269,0.450,0.465,0.000,0,0,0.037,0.413,,516,13
"BaselineSweep",500,4,270,1.604,1.591,0.000,0,0,0.039,1.566,,520,13
"BaselineSweep",500,4,271,0.776,0.779,0.000,0,0,0.049,0.726,,520,13
"BaselineSweep",500,4,272,0.530,0.535,0.000,0,0,0.039,0.491,,516,13
"BaselineSweep",500,4,273,0.780,0.771,0.000,0,0,0.037,0.743,,518,13
"BaselineSweep",500,4,274,0.493,0.497,0.000,0,0,0.038,0.456,,511,13
"BaselineSweep",500,4,275,1.231,1.236,0.000,0,0,0.037,1.194,,520,13
"BaselineSweep",500,4,276,1.341,1.335,0.000,0,0,0.035,1.305,,520,13
"BaselineSweep",500,4,277,1.385,1.352,0.000,0,0,0.038,1.347,,518,13
"BaselineSweep",500,4,278,0.493,0.528,0.000,0,0,0.050,0.442,,518,12
"BaselineSweep",500,4,279,0.829,0.823,0.000,0,0,0.037,0.792,,517,13
"BaselineSweep",500,4,280,0.477,0.473,0.000,0,0,0.037,0.440,,520,13
"BaselineSweep",500,4,281,3.563,3.565,2.160,1,0,0.042,1.361,,516,13
"BaselineSweep",500,4,282,1.478,1.462,0.000,0,0,0.036,1.441,,518,13
"BaselineSweep",500,4,283,0.486,0.505,0.000,0,0,0.045,0.441,,517,13
"BaselineSweep",500,4,284,0.832,0.820,0.000,0,0,0.038,0.794,,520,13
"BaselineSweep",500,4,285,0.469,0.470,0.000,0,0,0.038,0.431,,521,13
"BaselineSweep",500,4,286,0.734,0.731,0.000,0,0,0.038,0.696,,519,13
"BaselineSweep",500,4,287,0.484,0.488,0.000,0,0,0.038,0.446,,518,13
"BaselineSweep",500,4,288,0.671,0.672,0.000,0,0,0.037,0.634,,350,13
"BaselineSweep",500,4,289,0.553,0.555,0.000,0,0,0.036,0.517,,518,13
"BaselineSweep",500,4,290,1.192,1.185,0.000,0,0,0.035,1.156,,521,13
"BaselineSweep",500,4,291,1.531,1.514,0.000,0,0,0.036,1.495,,521,13
"BaselineSweep",500,4,292,0.488,0.510,0.000,0,0,0.051,0.437,,519,13
"BaselineSweep",500,4,293,1.607,1.596,0.000,0,0,0.037,1.570,,518,13
"BaselineSweep",500,4,294,0.587,0.590,0.000,0,0,0.038,0.549,,518,13
"BaselineSweep",500,4,295,0.802,0.799,0.000,0,0,0.039,0.763,,520,13
"BaselineSweep",500,4,296,0.485,0.486,0.000,0,0,0.037,0.447,,521,13
"BaselineSweep",500,4,297,0.726,0.728,0.000,0,0,0.038,0.688,,519,13
"BaselineSweep",500,4,298,3.253,3.250,1.885,1,0,0.044,1.324,,519,13
"BaselineSweep",500,4,299,1.196,1.200,0.000,0,0,0.037,1.158,,520,13
"BaselineSweep",2000,4,0,31.816,31.817,29.433,1,1,0.220,2.163,,2006,27
"BaselineSweep",2000,4,1,31.554,31.551,29.155,1,1,0.219,2.180,,1998,28
"BaselineSweep",2000,4,2,32.441,32.441,29.472,1,1,0.215,2.754,,1996,28
"BaselineSweep",2000,4,3,33.289,33.290,30.848,1,1,0.233,2.208,,2001,28
"BaselineSweep",2000,4,4,32.870,32.864,30.604,1,1,0.232,2.035,,2006,28
"BaselineSweep",2000,4,5,31.398,31.401,29.114,1,1,0.221,2.063,,2004,28
"BaselineSweep",2000,4,6,32.828,32.818,30.038,1,1,0.220,2.570,,1980,27
"BaselineSweep",2000,4,7,31.562,31.568,29.195,1,1,0.220,2.147,,2001,28
"BaselineSweep",2000,4,8,33.780,33.780,31.477,1,1,0.228,2.074,,2003,28
"BaselineSweep",2000,4,9,36.900,36.877,33.278,1,1,0.295,3.327,,2001,27
"BaselineSweep",2000,4,10,31.886,31.863,29.420,1,1,0.222,2.245,,2011,28
"BaselineSweep",2000,4,11,32.789,32.820,29.639,1,1,0.220,2.929,,2009,28
"BaselineSweep",2000,4,12,33.786,33.784,30.921,1,1,0.222,2.643,,1989,26
"BaselineSweep",2000,4,13,32.192,32.187,29.241,1,1,0.227,2.725,,2008,25
"BaselineSweep",2000,4,14,33.582,33.590,30.366,1,1,0.215,3.002,,2006,27
"BaselineSweep",2000,4,15,32.827,32.821,29.448,1,1,0.230,3.149,,2002,27
"BaselineSweep",2000,4,16,31.592,31.595,29.250,1,1,0.223,2.119,,2004,28
"BaselineSweep",2000,4,17,31.386,31.336,28.856,1,1,0.217,2.313,,2006,28
"BaselineSweep",2000,4,18,35.655,35.702,33.350,1,1,0.224,2.081,,2005,28
"BaselineSweep",2000,4,19,31.466,31.469,28.653,1,1,0.216,2.597,,2004,28
"BaselineSweep",2000,4,20,31.904,31.889,29.602,1,1,0.216,2.086,,2005,28
"BaselineSweep",2000,4,21,32.412,32.408,29.371,1,1,0.218,2.822,,2009,28
"BaselineSweep",2000,4,22,32.750,32.759,30.318,1,1,0.222,2.210,,2010,28
"BaselineSweep",2000,4,23,33.476,33.482,31.171,1,1,0.282,2.024,,2007,28
"BaselineSweep",2000,4,24,35.227,35.223,32.162,1,1,0.351,2.714,,1984,28
"BaselineSweep",2000,4,25,33.040,33.028,29.433,1,1,0.210,3.396,,2006,27
"BaselineSweep",2000,4,26,30.711,30.715,28.029,1,1,0.218,2.464,,2013,28
"BaselineSweep",2000,4,27,32.599,32.592,29.577,1,1,0.317,2.705,,2010,26
"BaselineSweep",2000,4,28,31.482,31.486,27.957,1,1,0.215,3.310,,2006,28
"BaselineSweep",2000,4,29,30.971,30.971,28.603,1,1,0.221,2.148,,2009,27
"BaselineSweep",2000,4,30,30.321,30.322,28.016,1,1,0.212,2.093,,2009,28
"BaselineSweep",2000,4,31,31.368,31.366,28.976,1,1,0.209,2.184,,2006,28
"BaselineSweep",2000,4,32,30.335,30.339,28.085,1,1,0.213,2.038,,1993,27
"BaselineSweep",2000,4,33,31.703,31.695,29.480,1,1,0.210,2.014,,2008,28
"BaselineSweep",2000,4,34,32.631,32.634,30.380,1,1,0.212,2.040,,2003,28
"BaselineSweep",2000,4,35,32.527,32.525,30.279,1,1,0.228,2.020,,2007,28
"BaselineSweep",2000,4,36,30.854,30.852,28.598,1,1,0.212,2.044,,2011,28
"BaselineSweep",2000,4,37,32.370,32.346,29.508,1,1,0.218,2.644,,2011,28
"BaselineSweep",2000,4,38,31.053,31.068,28.455,1,1,0.208,2.391,,2004,28
"BaselineSweep",2000,4,39,31.487,31.478,28.153,1,1,0.213,3.121,,2015,28
"BaselineSweep",2000,4,40,31.150,31.159,28.818,1,1,0.214,2.118,,2006,28
"BaselineSweep",2000,4,41,30.373,30.373,27.965,1,1,0.220,2.189,,2004,28
"BaselineSweep",2000,4,42,30.634,30.631,28.302,1,1,0.215,2.117,,2012,28
"BaselineSweep",2000,4,43,31.659,31.656,29.379,1,1,0.233,2.048,,2005,28
"BaselineSweep",2000,4,44,30.882,30.805,27.953,1,1,0.209,2.719,,2011,27
"BaselineSweep",2000,4,45,32.176,32.251,29.831,1,1,0.213,2.132,,2011,28
"BaselineSweep",2000,4,46,32.597,32.574,28.984,1,1,0.214,3.399,,1993,27
"BaselineSweep",2000,4,47,31.714,31.725,29.101,1,1,0.217,2.397,,1997,27
"BaselineSweep",2000,4,48,29.856,29.864,27.312,1,1,0.207,2.338,,2014,28
"BaselineSweep",2000,4,49,31.492,31.487,28.856,1,1,0.204,2.432,,2004,28
"BaselineSweep",2000,4,50,29.763,29.742,27.380,1,1,0.215,2.168,,2010,28
"BaselineSweep",2000,4,51,31.792,31.816,29.404,1,1,0.329,2.058,,2015,28
"BaselineSweep",2000,4,52,30.590,30.562,27.903,1,1,0.212,2.475,,2007,27
"BaselineSweep",2000,4,53,30.862,30.887,28.564,1,1,0.256,2.042,,2007,28
"BaselineSweep",2000,4,54,30.384,30.383,28.159,1,1,0.211,2.014,,2007,28
"BaselineSweep",2000,4,55,32.610,32.610,30.387,1,1,0.215,2.008,,2016,28
"BaselineSweep",2000,4,56,29.940,29.924,27.368,1,1,0.201,2.371,,2013,26
"BaselineSweep",2000,4,57,31.304,31.317,28.179,1,1,0.212,2.913,,2007,27
"BaselineSweep",2000,4,58,31.097,31.088,28.198,1,1,0.223,2.676,,2006,28
"BaselineSweep",2000,4,59,31.247,31.246,28.264,1,1,0.214,2.769,,2013,26
"BaselineSweep",2000,4,60,30.715,30.719,28.432,1,1,0.210,2.074,,2005,28
"BaselineSweep",2000,4,61,30.735,30.729,28.497,1,1,0.213,2.025,,2013,28
"BaselineSweep",2000,4,62,32.609,32.595,29.135,1,1,0.214,3.260,,2017,28
"BaselineSweep",2000,4,63,31.002,31.016,28.347,1,1,0.208,2.446,,2016,28
"BaselineSweep",2000,4,64,31.497,31.478,28.669,1,1,0.213,2.615,,2005,28
"BaselineSweep",2000,4,65,30.949,30.964,28.372,1,1,0.213,2.364,,2009,27
"BaselineSweep",2000,4,66,31.778,31.772,29.398,1,1,0.211,2.169,,1999,27
"BaselineSweep",2000,4,67,30.539,30.537,28.142,1,1,0.217,2.180,,2013,27
"BaselineSweep",2000,4,68,30.556,30.560,28.271,1,1,0.213,2.072,,1496,28
"BaselineSweep",2000,4,69,30.367,30.366,28.121,1,1,0.210,2.037,,2009,27
"BaselineSweep",2000,4,70,32.236,32.233,29.994,1,1,0.225,2.017,,2005,28
"BaselineSweep",2000,4,71,30.975,30.977,28.321,1,1,0.208,2.447,,2018,28
"BaselineSweep",2000,4,72,33.370,33.367,28.964,1,1,0.215,4.192,,2004,28
"BaselineSweep",2000,4,73,31.473,31.458,28.744,1,1,0.220,2.510,,2009,27
"BaselineSweep",2000,4,74,30.159,30.174,27.866,1,1,0.220,2.073,,2015,28
"BaselineSweep",2000,4,75,34.073,34.067,31.619,1,1,0.242,2.212,,2009,28
"BaselineSweep",2000,4,76,31.415,31.413,28.486,1,1,0.209,2.721,,2011,28
"BaselineSweep",2000,4,77,33.672,33.672,31.225,1,1,0.217,2.230,,2014,28
"BaselineSweep",2000,4,78,30.850,30.853,28.638,1,1,0.211,2.001,,1946,26
"BaselineSweep",2000,4,79,31.593,31.572,27.690,1,1,0.228,3.675,,2018,28
"BaselineSweep",2000,4,80,31.154,31.167,28.633,1,1,0.211,2.311,,2012,28
"BaselineSweep",2000,4,81,32.987,32.991,30.510,1,1,0.209,2.268,,1958,28
"BaselineSweep",2000,4,82,31.428,31.420,28.364,1,1,0.209,2.855,,1989,28
"BaselineSweep",2000,4,83,32.319,32.303,28.645,1,1,0.347,3.328,,2009,28
"BaselineSweep",2000,4,84,30.697,30.715,28.350,1,1,0.220,2.127,,2014,28
"BaselineSweep",2000,4,85,30.863,30.861,28.075,1,1,0.291,2.497,,2007,27
"BaselineSweep",2000,4,86,31.559,31.559,29.307,1,1,0.212,2.040,,1924,28
"BaselineSweep",2000,4,87,32.236,32.226,28.180,1,1,0.211,3.845,,2014,27
"BaselineSweep",2000,4,88,32.783,32.771,28.899,1,1,0.212,3.672,,2010,28
"BaselineSweep",2000,4,89,32.140,32.160,29.823,1,1,0.217,2.101,,2010,28
"BaselineSweep",2000,4,90,31.270,31.267,28.591,1,1,0.215,2.464,,2007,28
"BaselineSweep",2000,4,91,31.130,31.128,28.725,1,1,0.222,2.184,,2014,28
"BaselineSweep",2000,4,92,30.673,30.674,28.374,1,1,0.224,2.075,,2011,28
"BaselineSweep",2000,4,93,32.878,32.877,30.627,1,1,0.217,2.033,,2000,28
"BaselineSweep",2000,4,94,30.681,30.674,28.364,1,1,0.212,2.105,,1935,26
"BaselineSweep",2000,4,95,32.584,32.574,29.374,1,1,0.223,2.987,,2012,27
"BaselineSweep",2000,4,96,32.355,32.362,29.799,1,1,0.213,2.343,,2007,28
"BaselineSweep",2000,4,97,32.349,32.348,29.776,1,1,0.231,2.342,,2009,28
"BaselineSweep",2000,4,98,32.916,32.914,30.550,1,1,0.215,2.151,,2004,28
"BaselineSweep",2000,4,99,31.832,31.833,29.581,1,1,0.211,2.040,,1990,28
"BaselineSweep",2000,4,100,31.596,31.592,28.830,1,1,0.224,2.542,,2008,28
"BaselineSweep",2000,4,101,34.343,34.325,31.072,1,1,0.221,3.050,,2007,28
"BaselineSweep",2000,4,102,32.002,32.015,29.666,1,1,0.223,2.113,,2015,28
"BaselineSweep",2000,4,103,31.666,31.667,29.248,1,1,0.344,2.073,,2012,26
"BaselineSweep",2000,4,104,31.563,31.559,29.220,1,1,0.221,2.123,,2004,28
"BaselineSweep",2000,4,105,31.291,31.289,28.978,1,1,0.225,2.088,,2016,27
"BaselineSweep",2000,4,106,31.839,31.810,29.387,1,1,0.217,2.235,,1999,28
"BaselineSweep",2000,4,107,31.451,31.478,29.173,1,1,0.221,2.057,,2012,28
"BaselineSweep",2000,4,108,31.435,31.400,28.930,1,1,0.221,2.285,,2010,28
"BaselineSweep",2000,4,109,32.222,32.253,29.713,1,1,0.214,2.295,,2002,28
"BaselineSweep",2000,4,110,31.893,31.892,29.576,1,1,0.242,2.075,,2004,27
"BaselineSweep",2000,4,111,32.153,32.123,29.237,1,1,0.242,2.674,,2010,27
"BaselineSweep",2000,4,112,33.797,33.827,31.451,1,1,0.220,2.126,,2007,28
"BaselineSweep",2000,4,113,32.670,32.653,29.616,1,1,0.233,2.820,,2014,27
"BaselineSweep",2000,4,114,31.988,32.001,29.759,1,1,0.217,2.013,,2017,28
"BaselineSweep",2000,4,115,32.339,32.324,29.302,1,1,0.219,2.817,,2009,28
"BaselineSweep",2000,4,116,33.430,33.440,30.929,1,1,0.241,2.260,,2003,28
"BaselineSweep",2000,4,117,32.751,32.749,30.241,1,1,0.221,2.290,,2016,27
"BaselineSweep",2000,4,118,32.458,32.446,29.835,1,1,0.215,2.408,,2014,28
"BaselineSweep",2000,4,119,31.965,31.978,29.678,1,1,0.220,2.067,,2012,27
"BaselineSweep",2000,4,120,33.309,33.303,30.820,1,1,0.236,2.253,,2013,28
"BaselineSweep",2000,4,121,33.490,33.487,30.610,1,1,0.250,2.630,,2011,28
"BaselineSweep",2000,4,122,33.082,33.081,30.748,1,1,0.219,2.114,,2005,27
"BaselineSweep",2000,4,123,32.450,32.432,29.013,1,1,0.222,3.215,,1983,28
"BaselineSweep",2000,4,124,32.097,32.113,28.776,1,1,0.365,2.956,,2011,28
"BaselineSweep",2000,4,125,31.457,31.457,29.158,1,1,0.218,2.082,,2006,27
"BaselineSweep",2000,4,126,33.207,33.200,30.499,1,1,0.216,2.492,,2011,27
"BaselineSweep",2000,4,127,31.916,31.915,29.482,1,1,0.229,2.204,,2013,28
"BaselineSweep",2000,4,128,32.055,32.055,29.665,1,1,0.232,2.159,,2012,27
"BaselineSweep",2000,4,129,33.480,33.480,31.162,1,1,0.223,2.095,,1999,27
"BaselineSweep",2000,4,130,32.902,32.892,29.950,1,1,0.216,2.736,,2009,28
"BaselineSweep",2000,4,131,32.231,32.236,29.920,1,1,0.219,2.092,,2011,28
"BaselineSweep",2000,4,132,31.175,31.178,28.263,1,1,0.221,2.691,,2013,28
"BaselineSweep",2000,4,133,32.021,32.013,29.562,1,1,0.222,2.237,,2005,28
"BaselineSweep",2000,4,134,32.332,32.331,29.034,1,1,0.217,3.081,,2009,28
"BaselineSweep",2000,4,135,32.196,32.194,28.795,1,1,0.215,3.186,,2012,28
"BaselineSweep",2000,4,136,31.167,31.169,28.620,1,1,0.220,2.328,,2009,28
"BaselineSweep",2000,4,137,33.127,33.111,29.444,1,1,0.344,3.340,,2014,28
"BaselineSweep",2000,4,138,31.540,31.556,29.315,1,1,0.211,2.014,,1954,28
"BaselineSweep",2000,4,139,32.043,32.046,29.693,1,1,0.228,2.123,,2006,28
"BaselineSweep",2000,4,140,32.387,32.359,28.388,1,1,0.223,3.777,,1897,28
"BaselineSweep",2000,4,141,33.066,33.086,30.506,1,1,0.207,2.353,,2010,28
"BaselineSweep",2000,4,142,32.397,32.382,29.671,1,1,0.219,2.508,,1999,28
"BaselineSweep",2000,4,143,32.492,32.504,28.733,1,1,0.292,3.467,,2004,27
"BaselineSweep",2000,4,144,31.971,31.972,29.453,1,1,0.242,2.277,,2015,26
"BaselineSweep",2000,4,145,30.678,30.669,27.928,1,1,0.237,2.514,,1987,28
"BaselineSweep",2000,4,146,30.187,30.186,27.717,1,1,0.222,2.249,,2011,28
"BaselineSweep",2000,4,147,31.039,31.043,28.658,1,1,0.226,2.156,,2018,27
"BaselineSweep",2000,4,148,33.119,33.115,30.401,1,1,0.216,2.503,,2008,27
"BaselineSweep",2000,4,149,31.616,31.620,29.329,1,1,0.212,2.075,,2013,27
"BaselineSweep",2000,4,150,30.448,30.442,28.001,1,1,0.209,2.238,,1988,28
"BaselineSweep",2000,4,151,32.292,32.294,29.921,1,1,0.216,2.154,,2010,28
"BaselineSweep",2000,4,152,34.228,34.213,30.693,1,1,0.247,3.288,,2012,28
"BaselineSweep",2000,4,153,32.113,32.124,29.793,1,1,0.224,2.096,,2009,27
"BaselineSweep",2000,4,154,30.385,30.366,27.528,1,1,0.209,2.649,,2013,28
"BaselineSweep",2000,4,155,31.674,31.682,28.451,1,1,0.214,3.008,,2012,28
"BaselineSweep",2000,4,156,32.617,32.611,29.665,1,1,0.226,2.726,,2018,28
"BaselineSweep",2000,4,157,31.490,31.501,28.425,1,1,0.270,2.796,,2004,28
"BaselineSweep",2000,4,158,32.572,32.570,30.196,1,1,0.231,2.146,,2009,26
"BaselineSweep",2000,4,159,31.297,31.301,28.424,1,1,0.215,2.658,,2008,27
"BaselineSweep",2000,4,160,35.092,35.081,31.317,1,1,0.218,3.557,,2012,28
"BaselineSweep",2000,4,161,33.055,33.050,30.208,1,1,0.220,2.627,,2011,28
"BaselineSweep",2000,4,162,32.886,32.888,30.249,1,1,0.216,2.421,,2011,28
"BaselineSweep",2000,4,163,33.669,33.640,29.090,1,1,0.249,4.330,,2007,28
"BaselineSweep",2000,4,164,32.425,32.439,29.070,1,1,0.221,3.134,,2007,28
"BaselineSweep",2000,4,165,32.393,32.411,29.994,1,1,0.322,2.078,,2010,27
"BaselineSweep",2000,4,166,31.521,31.504,28.739,1,1,0.208,2.574,,1942,28
"BaselineSweep",2000,4,167,30.751,30.760,28.379,1,1,0.249,2.122,,2011,28
"BaselineSweep",2000,4,168,30.404,30.399,27.755,1,1,0.222,2.427,,2009,28
"BaselineSweep",2000,4,169,31.012,31.012,28.731,1,1,0.218,2.063,,2019,28
"BaselineSweep",2000,4,170,32.960,32.958,30.663,1,1,0.215,2.083,,2007,27
"BaselineSweep",2000,4,171,31.868,31.871,29.481,1,1,0.304,2.083,,2012,27
"BaselineSweep",2000,4,172,30.668,30.656,27.828,1,1,0.208,2.632,,2017,28
"BaselineSweep",2000,4,173,30.461,30.464,27.820,1,1,0.228,2.413,,2014,28
"BaselineSweep",2000,4,174,30.760,30.763,28.307,1,1,0.212,2.241,,2010,28
"BaselineSweep",2000,4,175,30.410,30.408,28.211,1,1,0.209,1.991,,2015,28
"BaselineSweep",2000,4,176,31.537,31.526,28.664,1,1,0.218,2.654,,2013,28
"BaselineSweep",2000,4,177,31.088,31.094,28.743,1,1,0.217,2.128,,1988,28
"BaselineSweep",2000,4,178,31.352,31.350,28.897,1,1,0.219,2.236,,2014,27
"BaselineSweep",2000,4,179,31.202,31.202,28.796,1,1,0.234,2.172,,2009,26
"BaselineSweep",2000,4,180,31.293,31.292,28.937,1,1,0.223,2.132,,2015,28
"BaselineSweep",2000,4,181,33.192,33.188,30.041,1,1,0.474,2.677,,2009,27
"BaselineSweep",2000,4,182,31.249,31.232,28.542,1,1,0.210,2.497,,2002,27
"BaselineSweep",2000,4,183,31.122,31.142,28.897,1,1,0.206,2.019,,2009,28
"BaselineSweep",2000,4,184,31.867,31.824,29.549,1,1,0.208,2.110,,2003,28
"BaselineSweep",2000,4,185,31.085,31.113,27.561,1,1,0.254,3.270,,2011,28
"BaselineSweep",2000,4,186,30.682,30.697,28.371,1,1,0.217,2.093,,1997,28
"BaselineSweep",2000,4,187,31.705,31.693,29.112,1,1,0.221,2.373,,2013,27
"BaselineSweep",2000,4,188,31.955,31.954,29.408,1,1,0.218,2.329,,2008,26
"BaselineSweep",2000,4,189,32.710,32.707,28.906,1,1,0.212,3.592,,2013,28
"BaselineSweep",2000,4,190,31.422,31.423,28.296,1,1,0.216,2.911,,2000,27
"BaselineSweep",2000,4,191,32.115,32.116,29.704,1,1,0.222,2.189,,2015,26
"BaselineSweep",2000,4,192,34.697,34.691,31.419,1,1,0.217,3.061,,1981,28
"BaselineSweep",2000,4,193,31.687,31.684,28.726,1,1,0.275,2.686,,2009,27
"BaselineSweep",2000,4,194,31.692,31.628,28.606,1,1,0.214,2.872,,2012,28
"BaselineSweep",2000,4,195,33.429,33.488,30.890,1,1,0.216,2.323,,2018,27
"BaselineSweep",2000,4,196,31.925,31.931,29.630,1,1,0.216,2.078,,2013,28
"BaselineSweep",2000,4,197,33.530,33.515,30.351,1,1,0.219,2.960,,2013,27
"BaselineSweep",2000,4,198,32.535,32.521,29.568,1,1,0.222,2.745,,2003,28
"BaselineSweep",2000,4,199,32.973,32.988,30.391,1,1,0.224,2.358,,2013,28
"BaselineSweep",2000,4,200,31.533,31.537,29.177,1,1,0.218,2.138,,2017,27
"BaselineSweep",2000,4,201,32.135,32.128,28.586,1,1,0.210,3.339,,2016,28
"BaselineSweep",2000,4,202,31.727,31.733,28.881,1,1,0.225,2.621,,2008,28
"BaselineSweep",2000,4,203,32.804,32.798,29.292,1,1,0.218,3.294,,2012,25
"BaselineSweep",2000,4,204,31.931,31.937,29.624,1,1,0.214,2.094,,2009,28
"BaselineSweep",2000,4,205,31.825,31.817,28.894,1,1,0.220,2.710,,2007,28
"BaselineSweep",2000,4,206,32.555,32.556,29.673,1,1,0.215,2.666,,1993,28
"BaselineSweep",2000,4,207,31.638,31.640,29.295,1,1,0.276,2.067,,2007,28
"BaselineSweep",2000,4,208,32.966,32.960,30.597,1,1,0.233,2.136,,1945,25
"BaselineSweep",2000,4,209,31.951,31.950,28.743,1,1,0.211,2.997,,2006,26
"BaselineSweep",2000,4,210,34.143,34.133,30.713,1,1,0.213,3.217,,2012,26
"BaselineSweep",2000,4,211,33.901,33.907,30.634,1,1,0.219,3.048,,2014,28
"BaselineSweep",2000,4,212,31.744,31.750,29.014,1,1,0.213,2.516,,1992,28
"BaselineSweep",2000,4,213,31.841,31.836,28.995,1,1,0.213,2.633,,2007,28
"BaselineSweep",2000,4,214,32.561,32.552,29.369,1,1,0.216,2.976,,2006,27
"BaselineSweep",2000,4,215,34.149,34.158,31.707,1,1,0.219,2.223,,2011,28
"BaselineSweep",2000,4,216,32.565,32.554,30.138,1,1,0.225,2.202,,2012,26
"BaselineSweep",2000,4,217,34.384,34.383,31.743,1,1,0.353,2.288,,2002,28
"BaselineSweep",2000,4,218,32.163,32.168,29.062,1,1,0.223,2.878,,2010,28
"BaselineSweep",2000,4,219,31.064,31.064,28.740,1,1,0.214,2.110,,2016,28
"BaselineSweep",2000,4,220,31.895,31.875,28.801,1,1,0.244,2.851,,2012,28
"BaselineSweep",2000,4,221,33.108,33.125,29.694,1,1,0.210,3.203,,2005,28
"BaselineSweep",2000,4,222,32.010,32.001,29.343,1,1,0.212,2.455,,2007,28
"BaselineSweep",2000,4,223,31.394,31.399,29.004,1,1,0.223,2.166,,2009,28
"BaselineSweep",2000,4,224,31.343,31.327,27.963,1,1,0.216,3.164,,2018,28
"BaselineSweep",2000,4,225,32.304,32.304,29.207,1,1,0.222,2.875,,2003,28
"BaselineSweep",2000,4,226,33.041,33.037,30.595,1,1,0.222,2.224,,2008,28
"BaselineSweep",2000,4,227,33.510,33.512,29.787,1,1,0.390,3.332,,2011,28
"BaselineSweep",2000,4,228,32.406,32.413,29.111,1,1,0.220,3.075,,2009,28
"BaselineSweep",2000,4,229,33.619,33.586,29.484,1,1,0.213,3.921,,1997,28
"BaselineSweep",2000,4,230,32.656,32.686,30.223,1,1,0.236,2.197,,1997,27
"BaselineSweep",2000,4,231,34.727,34.721,30.688,1,1,0.255,3.784,,2010,28
"BaselineSweep",2000,4,232,32.323,32.304,28.724,1,1,0.215,3.385,,2018,28
"BaselineSweep",2000,4,233,34.319,34.341,31.968,1,1,0.249,2.101,,2011,28
"BaselineSweep",2000,4,234,33.265,33.250,30.068,1,1,0.219,2.978,,1999,28
"BaselineSweep",2000,4,235,30.912,30.926,28.083,1,1,0.214,2.615,,2001,27
"BaselineSweep",2000,4,236,32.497,32.489,29.618,1,1,0.211,2.668,,2014,28
"BaselineSweep",2000,4,237,32.124,32.128,29.456,1,1,0.216,2.452,,2014,27
"BaselineSweep",2000,4,238,31.266,31.256,28.115,1,1,0.246,2.904,,2018,28
"BaselineSweep",2000,4,239,30.408,30.415,27.992,1,1,0.222,2.194,,2014,28
"BaselineSweep",2000,4,240,30.997,30.991,28.534,1,1,0.220,2.243,,2012,28
"BaselineSweep",2000,4,241,31.726,31.729,29.406,1,1,0.214,2.106,,2008,28
"BaselineSweep",2000,4,242,31.779,31.774,28.673,1,1,0.217,2.890,,2006,28
"BaselineSweep",2000,4,243,32.140,32.129,29.541,1,1,0.211,2.389,,1999,28
"BaselineSweep",2000,4,244,35.327,35.322,32.415,1,1,0.215,2.697,,2011,28
"BaselineSweep",2000,4,245,32.321,32.312,28.707,1,1,0.212,3.402,,2003,27
"BaselineSweep",2000,4,246,32.809,32.830,30.443,1,1,0.234,2.132,,1901,28
"BaselineSweep",2000,4,247,33.207,33.197,29.750,1,1,0.212,3.245,,2014,28
"BaselineSweep",2000,4,248,31.640,31.641,29.051,1,1,0.213,2.375,,1943,28
"BaselineSweep",2000,4,249,32.034,32.032,29.051,1,1,0.223,2.761,,2016,28
"BaselineSweep",2000,4,250,31.743,31.730,28.858,1,1,0.216,2.670,,2010,28
"BaselineSweep",2000,4,251,31.520,31.535,29.022,1,1,0.235,2.264,,2014,28
"BaselineSweep",2000,4,252,32.034,32.033,29.600,1,1,0.214,2.220,,2014,28
"BaselineSweep",2000,4,253,32.053,32.053,29.798,1,1,0.215,2.040,,2002,28
"BaselineSweep",2000,4,254,31.761,31.757,29.374,1,1,0.231,2.155,,1992,28
"BaselineSweep",2000,4,255,31.415,31.415,29.142,1,1,0.221,2.053,,2005,28
"BaselineSweep",2000,4,256,34.244,34.239,31.475,1,1,0.221,2.548,,2004,28
"BaselineSweep",2000,4,257,31.547,31.548,29.218,1,1,0.257,2.072,,2012,28
"BaselineSweep",2000,4,258,31.515,31.505,29.117,1,1,0.213,2.186,,2010,28
"BaselineSweep",2000,4,259,32.150,32.164,29.918,1,1,0.215,2.017,,2004,28
"BaselineSweep",2000,4,260,31.938,31.900,29.040,1,1,0.244,2.654,,2006,27
"BaselineSweep",2000,4,261,32.275,32.288,29.190,1,1,0.220,2.865,,2011,28
"BaselineSweep",2000,4,262,32.020,32.034,29.547,1,1,0.301,2.173,,2008,28
"BaselineSweep",2000,4,263,32.653,32.631,29.851,1,1,0.216,2.585,,2011,28
"BaselineSweep",2000,4,264,31.600,31.622,28.863,1,1,0.222,2.515,,2015,28
"BaselineSweep",2000,4,265,31.383,31.370,29.053,1,1,0.218,2.112,,2005,28
"BaselineSweep",2000,4,266,31.748,31.753,29.368,1,1,0.214,2.165,,1998,28
"BaselineSweep",2000,4,267,32.680,32.682,29.837,1,1,0.404,2.438,,2002,28
"BaselineSweep",2000,4,268,32.410,32.406,29.958,1,1,0.220,2.232,,2008,28
"BaselineSweep",2000,4,269,32.421,32.423,30.060,1,1,0.215,2.147,,2015,28
"BaselineSweep",2000,4,270,31.639,31.634,29.253,1,1,0.221,2.165,,2018,28
"BaselineSweep",2000,4,271,31.594,31.593,29.222,1,1,0.223,2.150,,1969,28
"BaselineSweep",2000,4,272,34.819,34.814,31.851,1,1,0.223,2.745,,2003,28
"BaselineSweep",2000,4,273,30.663,30.666,27.847,1,1,0.213,2.603,,2017,28
"BaselineSweep",2000,4,274,33.568,33.565,30.534,1,1,0.216,2.818,,2014,28
"BaselineSweep",2000,4,275,30.528,30.511,28.334,1,1,0.211,1.983,,2001,28
"BaselineSweep",2000,4,276,31.785,31.764,28.161,1,1,0.225,3.399,,2011,28
"BaselineSweep",2000,4,277,31.271,31.306,28.943,1,1,0.217,2.111,,2015,28
"BaselineSweep",2000,4,278,32.947,32.943,30.597,1,1,0.235,2.115,,2018,28
"BaselineSweep",2000,4,279,32.179,32.169,29.662,1,1,0.220,2.297,,2013,28
"BaselineSweep",2000,4,280,31.106,31.113,28.782,1,1,0.212,2.112,,2005,28
"BaselineSweep",2000,4,281,31.633,31.629,28.968,1,1,0.217,2.448,,2014,28
"BaselineSweep",2000,4,282,32.495,32.470,29.548,1,1,0.221,2.726,,1970,28
"BaselineSweep",2000,4,283,32.627,32.644,29.104,1,1,0.218,3.306,,2009,28
"BaselineSweep",2000,4,284,31.170,31.177,28.558,1,1,0.213,2.399,,2013,28
"BaselineSweep",2000,4,285,32.564,32.558,30.079,1,1,0.222,2.263,,2006,28
"BaselineSweep",2000,4,286,31.923,31.920,29.140,1,1,0.248,2.535,,2015,28
"BaselineSweep",2000,4,287,31.661,31.660,28.963,1,1,0.220,2.478,,2002,28
"BaselineSweep",2000,4,288,31.019,31.020,28.701,1,1,0.236,2.082,,2011,28
"BaselineSweep",2000,4,289,32.510,32.492,28.872,1,1,0.230,3.409,,2012,28
"BaselineSweep",2000,4,290,32.969,32.984,29.781,1,1,0.326,2.862,,2011,28
"BaselineSweep",2000,4,291,31.573,31.567,29.179,1,1,0.217,2.178,,2005,28
"BaselineSweep",2000,4,292,33.230,33.218,29.370,1,1,0.237,3.623,,2013,28
"BaselineSweep",2000,4,293,32.053,32.063,29.762,1,1,0.229,2.062,,2009,27
"BaselineSweep",2000,4,294,32.168,32.148,28.996,1,1,0.242,2.930,,2013,28
"BaselineSweep",2000,4,295,31.256,31.272,28.375,1,1,0.233,2.648,,2013,25
"BaselineSweep",2000,4,296,31.282,31.276,28.237,1,1,0.226,2.818,,2011,28
"BaselineSweep",2000,4,297,33.480,33.482,30.118,1,1,0.222,3.140,,2007,28
"BaselineSweep",2000,4,298,34.104,34.101,30.857,1,1,0.221,3.026,,2007,28
"BaselineSweep",2000,4,299,32.416,32.419,29.715,1,1,0.231,2.470,,2012,28
"BaselineSweep",5000,4,0,196.585,196.587,192.505,1,1,0.771,3.310,,5009,58
"BaselineSweep",5000,4,1,194.933,194.931,190.491,1,1,0.619,3.823,,4984,58
"BaselineSweep",5000,4,2,194.285,194.282,190.113,1,1,0.649,3.524,,4989,57
"BaselineSweep",5000,4,3,200.791,200.791,197.001,1,1,0.629,3.160,,4988,58
"BaselineSweep",5000,4,4,196.652,196.652,192.919,1,1,0.559,3.174,,4991,58
"BaselineSweep",5000,4,5,197.525,197.504,193.665,1,1,0.580,3.281,,4987,58
"BaselineSweep",5000,4,6,198.110,198.126,194.052,1,1,0.628,3.431,,4931,58
"BaselineSweep",5000,4,7,204.764,204.760,200.266,1,1,0.568,3.930,,5001,58
"BaselineSweep",5000,4,8,194.470,194.468,189.773,1,1,0.565,4.132,,4998,58
"BaselineSweep",5000,4,9,194.484,194.482,190.250,1,1,0.572,3.662,,4989,58
"BaselineSweep",5000,4,10,194.582,194.585,189.999,1,1,0.557,4.027,,4994,58
"BaselineSweep",5000,4,11,191.253,191.255,187.753,1,1,0.558,2.942,,4976,58
"BaselineSweep",5000,4,12,190.002,189.960,185.426,1,1,0.574,4.002,,4994,58
"BaselineSweep",5000,4,13,192.865,192.894,187.999,1,1,0.561,4.305,,4985,58
"BaselineSweep",5000,4,14,194.070,194.035,190.174,1,1,0.585,3.311,,4991,58
"BaselineSweep",5000,4,15,195.858,195.876,191.961,1,1,0.561,3.336,,4942,58
"BaselineSweep",5000,4,16,191.095,191.107,186.112,1,1,0.602,4.381,,4982,58
"BaselineSweep",5000,4,17,190.751,190.749,186.513,1,1,0.585,3.652,,4994,58
"BaselineSweep",5000,4,18,198.207,198.214,194.490,1,1,0.583,3.134,,4980,58
"BaselineSweep",5000,4,19,196.488,196.486,192.807,1,1,0.586,3.095,,4992,56
"BaselineSweep",5000,4,20,193.080,193.077,189.350,1,1,0.569,3.160,,4997,58
"BaselineSweep",5000,4,21,196.070,196.067,192.288,1,1,0.583,3.199,,4996,58
"BaselineSweep",5000,4,22,197.873,197.864,192.347,1,1,0.576,4.950,,4989,57
"BaselineSweep",5000,4,23,199.105,199.091,194.408,1,1,0.580,4.117,,4958,58
"BaselineSweep",5000,4,24,198.588,198.604,194.797,1,1,0.593,3.198,,4991,58
"BaselineSweep",5000,4,25,197.226,197.223,193.377,1,1,0.584,3.265,,4842,58
"BaselineSweep",5000,4,26,199.650,199.624,194.968,1,1,0.585,4.097,,4995,58
"BaselineSweep",5000,4,27,204.958,204.973,198.078,1,1,0.588,6.293,,4997,56
"BaselineSweep",5000,4,28,198.559,198.566,194.531,1,1,0.589,3.439,,4989,58
"BaselineSweep",5000,4,29,200.293,200.293,196.417,1,1,0.602,3.274,,4997,58
"BaselineSweep",5000,4,30,205.416,205.341,198.922,1,1,0.595,5.899,,4979,58
"BaselineSweep",5000,4,31,198.661,198.723,194.806,1,1,0.590,3.265,,4992,58
"BaselineSweep",5000,4,32,204.919,204.923,201.064,1,1,0.670,3.185,,4511,58
"BaselineSweep",5000,4,33,204.889,204.858,199.801,1,1,0.590,4.498,,4997,58
"BaselineSweep",5000,4,34,204.709,204.739,200.902,1,1,0.633,3.174,,5000,58
"BaselineSweep",5000,4,35,205.557,205.555,201.659,1,1,0.592,3.306,,4990,58
"BaselineSweep",5000,4,36,207.478,207.467,201.879,1,1,0.605,4.995,,4998,58
"BaselineSweep",5000,4,37,204.281,204.284,198.537,1,1,0.680,5.063,,5005,58
"BaselineSweep",5000,4,38,202.254,202.259,198.524,1,1,0.591,3.138,,4997,57
"BaselineSweep",5000,4,39,205.286,205.276,200.210,1,1,0.588,4.487,,4937,58
"BaselineSweep",5000,4,40,197.269,197.274,193.348,1,1,0.614,3.308,,4995,58
"BaselineSweep",5000,4,41,200.455,200.451,196.460,1,1,0.602,3.393,,5005,58
"BaselineSweep",5000,4,42,199.994,199.994,196.235,1,1,0.581,3.179,,5001,58
"BaselineSweep",5000,4,43,200.110,200.099,196.358,1,1,0.585,3.167,,4989,58
"BaselineSweep",5000,4,44,204.110,204.120,200.359,1,1,0.577,3.174,,4980,58
"BaselineSweep",5000,4,45,206.441,206.432,200.163,1,1,0.574,5.705,,4987,57
"BaselineSweep",5000,4,46,199.370,199.378,195.566,1,1,0.588,3.215,,4990,57
"BaselineSweep",5000,4,47,204.790,204.784,200.929,1,1,0.574,3.287,,5000,56
"BaselineSweep",5000,4,48,202.250,202.249,198.313,1,1,0.588,3.349,,4998,58
"BaselineSweep",5000,4,49,206.652,206.635,201.584,1,1,0.602,4.466,,4999,58
"BaselineSweep",5000,4,50,198.106,198.115,193.882,1,1,0.593,3.631,,4993,58
"BaselineSweep",5000,4,51,203.301,203.303,199.570,1,1,0.569,3.163,,4995,58
"BaselineSweep",5000,4,52,198.972,198.974,195.186,1,1,0.602,3.184,,4995,58
"BaselineSweep",5000,4,53,206.004,205.995,200.520,1,1,0.574,4.910,,4997,58
"BaselineSweep",5000,4,54,201.510,201.512,197.766,1,1,0.581,3.162,,4989,58
"BaselineSweep",5000,4,55,205.552,205.550,201.620,1,1,0.585,3.347,,4993,58
"BaselineSweep",5000,4,56,210.184,210.178,204.739,1,1,0.576,4.869,,4946,58
"BaselineSweep",5000,4,57,203.414,203.408,198.160,1,1,0.590,4.663,,4999,58
"BaselineSweep",5000,4,58,199.462,199.464,194.002,1,1,0.580,4.881,,4987,58
"BaselineSweep",5000,4,59,205.794,205.762,201.341,1,1,0.591,3.862,,5000,58
"BaselineSweep",5000,4,60,203.029,203.059,199.175,1,1,0.582,3.272,,4993,57
"BaselineSweep",5000,4,61,203.919,203.910,199.010,1,1,0.580,4.328,,4989,58
"BaselineSweep",5000,4,62,204.029,204.032,199.425,1,1,0.593,4.011,,5003,58
"BaselineSweep",5000,4,63,206.319,206.324,202.347,1,1,0.682,3.289,,4998,58
"BaselineSweep",5000,4,64,207.105,207.098,202.750,1,1,0.583,3.771,,4917,58
"BaselineSweep",5000,4,65,203.202,203.205,199.311,1,1,0.601,3.290,,4991,58
"BaselineSweep",5000,4,66,207.449,207.446,203.654,1,1,0.616,3.179,,5003,58
"BaselineSweep",5000,4,67,202.660,202.658,198.906,1,1,0.579,3.175,,4989,57
"BaselineSweep",5000,4,68,206.307,206.299,201.261,1,1,0.589,4.457,,4998,58
"BaselineSweep",5000,4,69,202.124,202.123,196.494,1,1,0.574,5.056,,4999,58
"BaselineSweep",5000,4,70,202.669,202.667,197.968,1,1,0.588,4.113,,4987,58
"BaselineSweep",5000,4,71,209.253,209.258,205.480,1,1,0.577,3.196,,5000,57
"BaselineSweep",5000,4,72,204.444,204.438,199.744,1,1,1.041,3.659,,5004,58
"BaselineSweep",5000,4,73,201.605,201.603,196.191,1,1,0.564,4.850,,5002,56
"BaselineSweep",5000,4,74,201.622,201.575,196.240,1,1,0.569,4.813,,4987,58
"BaselineSweep",5000,4,75,203.821,203.862,200.189,1,1,0.554,3.078,,4980,58
"BaselineSweep",5000,4,76,194.187,194.198,190.223,1,1,0.812,3.152,,4985,58
"BaselineSweep",5000,4,77,192.006,191.999,187.825,1,1,0.563,3.619,,4988,57
"BaselineSweep",5000,4,78,201.103,201.102,197.113,1,1,0.574,3.416,,5001,58
"BaselineSweep",5000,4,79,201.419,201.411,195.598,1,1,0.569,5.251,,4974,58
"BaselineSweep",5000,4,80,194.984,194.986,189.823,1,1,0.563,4.599,,4875,57
"BaselineSweep",5000,4,81,198.674,198.679,194.760,1,1,0.588,3.326,,4976,57
"BaselineSweep",5000,4,82,200.006,199.998,193.998,1,1,0.636,5.372,,4922,58
"BaselineSweep",5000,4,83,201.162,201.159,195.780,1,1,0.599,4.783,,4997,58
"BaselineSweep",5000,4,84,201.056,201.060,197.330,1,1,0.592,3.134,,4997,58
"BaselineSweep",5000,4,85,193.702,193.699,189.940,1,1,0.612,3.150,,4996,58
"BaselineSweep",5000,4,86,195.894,195.896,192.218,1,1,0.561,3.116,,4981,58
"BaselineSweep",5000,4,87,197.532,197.528,193.649,1,1,0.592,3.292,,5013,58
"BaselineSweep",5000,4,88,195.118,195.115,190.900,1,1,0.579,3.639,,4993,57
"BaselineSweep",5000,4,89,204.891,204.893,201.060,1,1,0.555,3.277,,5001,58
"BaselineSweep",5000,4,90,200.105,200.099,194.178,1,1,0.568,5.360,,4998,57
"BaselineSweep",5000,4,91,195.574,195.572,191.949,1,1,0.555,3.071,,5000,58
"BaselineSweep",5000,4,92,194.431,194.437,190.838,1,1,0.544,3.049,,4990,58
"BaselineSweep",5000,4,93,194.390,194.387,190.543,1,1,0.636,3.211,,4986,58
"BaselineSweep",5000,4,94,202.133,202.133,198.375,1,1,0.631,3.128,,5002,58
"BaselineSweep",5000,4,95,195.718,195.700,191.928,1,1,0.550,3.240,,4995,57
"BaselineSweep",5000,4,96,191.016,191.026,187.368,1,1,0.594,3.053,,4986,58
"BaselineSweep",5000,4,97,196.795,196.795,192.961,1,1,0.561,3.273,,4991,58
"BaselineSweep",5000,4,98,196.702,196.686,192.805,1,1,0.573,3.325,,4990,58
"BaselineSweep",5000,4,99,198.977,198.980,195.309,1,1,0.549,3.119,,4999,58
"BaselineSweep",5000,4,100,199.940,199.945,193.779,1,1,0.572,5.590,,4950,58
"BaselineSweep",5000,4,101,196.258,196.249,191.527,1,1,0.596,4.135,,4987,58
"BaselineSweep",5000,4,102,196.644,196.642,192.691,1,1,0.565,3.387,,5000,58
"BaselineSweep",5000,4,103,194.546,194.538,189.723,1,1,0.589,4.234,,4989,58
"BaselineSweep",5000,4,104,199.195,199.209,194.944,1,1,0.563,3.688,,4997,58
"BaselineSweep",5000,4,105,194.640,194.638,190.717,1,1,0.566,3.357,,5008,58
"BaselineSweep",5000,4,106,195.623,195.620,191.733,1,1,0.560,3.330,,4969,58
"BaselineSweep",5000,4,107,201.287,201.287,197.429,1,1,0.559,3.298,,4993,58
"BaselineSweep",5000,4,108,201.731,201.729,197.584,1,1,0.575,3.572,,4982,58
"BaselineSweep",5000,4,109,192.337,192.341,188.567,1,1,0.596,3.174,,5000,57
"BaselineSweep",5000,4,110,194.334,194.328,190.600,1,1,0.554,3.181,,4986,58
"BaselineSweep",5000,4,111,197.338,197.335,193.666,1,1,0.559,3.113,,4989,58
"BaselineSweep",5000,4,112,197.497,197.492,191.965,1,1,0.584,4.947,,4981,58
"BaselineSweep",5000,4,113,199.830,199.822,194.412,1,1,0.558,4.860,,4959,58
"BaselineSweep",5000,4,114,192.723,192.731,188.953,1,1,0.561,3.209,,5001,58
"BaselineSweep",5000,4,115,192.769,192.769,188.523,1,1,0.593,3.653,,5001,58
"BaselineSweep",5000,4,116,195.214,195.210,191.401,1,1,0.571,3.241,,5003,58
"BaselineSweep",5000,4,117,198.787,198.780,195.011,1,1,0.560,3.216,,4991,58
"BaselineSweep",5000,4,118,194.137,194.143,190.281,1,1,0.566,3.289,,4990,58
"BaselineSweep",5000,4,119,197.778,197.769,193.888,1,1,0.569,3.321,,4993,57
"BaselineSweep",5000,4,120,198.941,198.944,193.201,1,1,0.602,5.138,,4970,58
"BaselineSweep",5000,4,121,196.415,196.412,191.517,1,1,0.583,4.316,,4989,58
"BaselineSweep",5000,4,122,199.510,199.505,194.647,1,1,0.568,4.295,,4994,58
"BaselineSweep",5000,4,123,201.386,201.391,196.058,1,1,1.082,4.246,,5000,58
"BaselineSweep",5000,4,124,205.315,205.306,200.369,1,1,0.574,4.373,,5008,57
"BaselineSweep",5000,4,125,198.605,198.606,194.264,1,1,0.568,3.772,,4989,58
"BaselineSweep",5000,4,126,197.727,197.731,193.600,1,1,0.591,3.536,,4996,58
"BaselineSweep",5000,4,127,197.677,197.677,193.712,1,1,0.571,3.394,,5002,58
"BaselineSweep",5000,4,128,197.023,197.020,193.149,1,1,0.567,3.308,,4999,58
"BaselineSweep",5000,4,129,195.811,195.809,191.973,1,1,0.652,3.185,,4911,57
"BaselineSweep",5000,4,130,194.528,194.503,188.103,1,1,0.572,5.853,,5006,58
"BaselineSweep",5000,4,131,198.832,198.847,193.325,1,1,0.563,4.944,,5009,58
"BaselineSweep",5000,4,132,207.585,207.580,203.661,1,1,0.561,3.363,,4993,58
"BaselineSweep",5000,4,133,194.970,194.969,189.719,1,1,0.592,4.659,,4986,58
"BaselineSweep",5000,4,134,191.772,191.779,188.072,1,1,0.558,3.142,,4757,58
"BaselineSweep",5000,4,135,195.052,195.052,191.240,1,1,0.576,3.236,,4985,58
"BaselineSweep",5000,4,136,199.169,199.161,193.684,1,1,0.562,4.923,,4985,57
"BaselineSweep",5000,4,137,201.277,201.277,195.012,1,1,0.567,5.699,,5001,58
"BaselineSweep",5000,4,138,194.736,194.741,190.930,1,1,0.571,3.235,,4962,58
"BaselineSweep",5000,4,139,195.984,195.980,191.437,1,1,0.549,3.999,,4994,58
"BaselineSweep",5000,4,140,193.760,193.760,189.856,1,1,0.593,3.312,,5010,58
"BaselineSweep",5000,4,141,199.503,199.461,194.591,1,1,0.570,4.342,,4988,58
"BaselineSweep",5000,4,142,205.274,205.313,201.261,1,1,0.549,3.464,,5001,58
"BaselineSweep",5000,4,143,193.802,193.784,187.645,1,1,0.599,5.559,,4993,58
"BaselineSweep",5000,4,144,195.169,195.183,191.082,1,1,0.608,3.479,,4997,57
"BaselineSweep",5000,4,145,190.169,190.155,186.455,1,1,0.556,3.159,,4996,58
"BaselineSweep",5000,4,146,194.850,194.852,188.429,1,1,0.556,5.865,,4984,58
"BaselineSweep",5000,4,147,191.368,191.368,185.944,1,1,0.553,4.871,,4603,57
"BaselineSweep",5000,4,148,198.340,198.334,193.771,1,1,0.555,4.014,,4990,58
"BaselineSweep",5000,4,149,192.286,192.287,186.801,1,1,0.566,4.918,,5000,58
"BaselineSweep",5000,4,150,195.258,195.261,191.207,1,1,0.629,3.422,,5004,58
"BaselineSweep",5000,4,151,193.753,193.748,188.404,1,1,0.559,4.790,,4950,58
"BaselineSweep",5000,4,152,193.170,193.077,188.033,1,1,0.546,4.591,,4996,57
"BaselineSweep",5000,4,153,194.271,194.365,190.395,1,1,0.560,3.316,,4734,58
"BaselineSweep",5000,4,154,200.261,200.253,194.790,1,1,0.608,4.862,,5002,58
"BaselineSweep",5000,4,155,196.360,196.364,192.631,1,1,0.641,3.088,,4987,58
"BaselineSweep",5000,4,156,192.417,192.414,186.274,1,1,0.575,5.567,,4992,57
"BaselineSweep",5000,4,157,194.459,194.463,190.739,1,1,0.551,3.170,,4996,57
"BaselineSweep",5000,4,158,199.062,199.059,194.860,1,1,0.790,3.412,,4998,58
"BaselineSweep",5000,4,159,192.997,192.990,187.471,1,1,0.577,4.948,,4993,58
"BaselineSweep",5000,4,160,192.036,192.043,188.253,1,1,0.556,3.227,,4991,58
"BaselineSweep",5000,4,161,204.723,204.709,199.887,1,1,0.561,4.275,,4900,58
"BaselineSweep",5000,4,162,197.446,197.455,193.755,1,1,0.545,3.146,,4979,57
"BaselineSweep",5000,4,163,193.555,193.547,187.738,1,1,0.561,5.257,,5000,58
"BaselineSweep",5000,4,164,194.911,194.916,190.823,1,1,0.625,3.463,,4985,58
"BaselineSweep",5000,4,165,197.717,197.709,193.123,1,1,1.070,3.524,,4987,58
"BaselineSweep",5000,4,166,192.876,192.868,189.247,1,1,0.550,3.079,,5004,58
"BaselineSweep",5000,4,167,189.935,189.942,185.684,1,1,0.580,3.671,,4981,58
"BaselineSweep",5000,4,168,189.632,189.633,185.840,1,1,0.582,3.210,,4989,57
"BaselineSweep",5000,4,169,191.169,191.154,187.508,1,1,0.556,3.105,,4993,58
"BaselineSweep",5000,4,170,198.129,198.127,194.406,1,1,0.580,3.143,,4982,58
"BaselineSweep",5000,4,171,199.628,199.630,193.533,1,1,0.561,5.533,,4990,58
"BaselineSweep",5000,4,172,190.040,189.995,185.800,1,1,0.567,3.673,,4976,58
"BaselineSweep",5000,4,173,206.356,206.399,202.670,1,1,0.598,3.089,,4999,58
"BaselineSweep",5000,4,174,192.399,192.406,188.396,1,1,0.552,3.450,,4997,57
"BaselineSweep",5000,4,175,190.756,190.743,185.958,1,1,0.623,4.175,,5009,58
"BaselineSweep",5000,4,176,194.566,194.571,188.566,1,1,0.626,5.374,,4995,58
"BaselineSweep",5000,4,177,202.488,202.489,198.379,1,1,0.571,3.538,,5003,58
"BaselineSweep",5000,4,178,200.283,200.282,196.215,1,1,0.561,3.508,,4994,58
"BaselineSweep",5000,4,179,200.247,200.247,195.588,1,1,1.073,3.586,,4990,58
"BaselineSweep",5000,4,180,190.405,190.389,186.681,1,1,0.560,3.165,,4993,58
"BaselineSweep",5000,4,181,201.516,201.524,197.789,1,1,0.548,3.179,,4989,58
"BaselineSweep",5000,4,182,191.603,191.594,186.940,1,1,0.622,4.041,,4507,58
"BaselineSweep",5000,4,183,200.102,200.108,196.158,1,1,0.567,3.376,,4991,58
"BaselineSweep",5000,4,184,196.379,196.380,192.729,1,1,0.547,3.103,,5000,58
"BaselineSweep",5000,4,185,195.058,195.053,189.420,1,1,0.560,5.078,,4993,58
"BaselineSweep",5000,4,186,191.209,191.213,187.281,1,1,0.553,3.376,,4989,58
"BaselineSweep",5000,4,187,197.794,197.788,192.677,1,1,0.564,4.553,,4993,58
"BaselineSweep",5000,4,188,198.230,198.229,194.068,1,1,0.548,3.614,,4998,58
"BaselineSweep",5000,4,189,190.104,190.100,184.662,1,1,0.675,4.767,,4991,57
"BaselineSweep",5000,4,190,197.240,197.236,191.783,1,1,0.568,4.889,,5002,58
"BaselineSweep",5000,4,191,198.696,198.670,192.828,1,1,0.942,4.926,,5002,58
"BaselineSweep",5000,4,192,193.721,193.745,188.997,1,1,0.616,4.108,,4987,58
"BaselineSweep",5000,4,193,194.823,194.645,190.207,1,1,0.569,4.047,,4998,58
"BaselineSweep",5000,4,194,191.238,191.412,185.421,1,1,0.558,5.259,,4996,58
"BaselineSweep",5000,4,195,195.828,195.815,190.932,1,1,0.621,4.274,,4594,58
"BaselineSweep",5000,4,196,190.827,190.820,185.562,1,1,0.553,4.712,,4986,58
"BaselineSweep",5000,4,197,197.172,197.172,193.298,1,1,0.547,3.328,,5003,58
"BaselineSweep",5000,4,198,194.451,194.467,190.161,1,1,0.586,3.705,,4987,57
"BaselineSweep",5000,4,199,200.563,200.557,195.545,1,1,0.558,4.459,,4999,58
"BaselineSweep",5000,4,200,200.487,200.462,196.598,1,1,0.584,3.304,,4987,58
"BaselineSweep",5000,4,201,192.595,192.621,188.810,1,1,0.566,3.219,,4983,58
"BaselineSweep",5000,4,202,197.792,197.787,193.904,1,1,0.569,3.319,,4994,57
"BaselineSweep",5000,4,203,198.773,198.777,195.013,1,1,0.573,3.188,,4534,58
"BaselineSweep",5000,4,204,195.481,195.464,191.837,1,1,0.559,3.085,,4995,57
"BaselineSweep",5000,4,205,192.781,192.780,187.952,1,1,0.625,4.204,,4978,58
"BaselineSweep",5000,4,206,194.852,194.861,191.182,1,1,0.561,3.108,,4999,58
"BaselineSweep",5000,4,207,193.648,193.645,186.933,1,1,0.556,6.159,,4996,58
"BaselineSweep",5000,4,208,199.015,199.017,194.958,1,1,0.560,3.498,,4978,58
"BaselineSweep",5000,4,209,188.998,188.983,185.317,1,1,0.557,3.124,,4986,58
"BaselineSweep",5000,4,210,199.636,199.644,195.583,1,1,0.624,3.428,,4891,58
"BaselineSweep",5000,4,211,194.072,194.072,190.354,1,1,0.565,3.153,,4994,58
"BaselineSweep",5000,4,212,194.797,194.794,190.542,1,1,0.586,3.669,,4987,58
"BaselineSweep",5000,4,213,197.840,197.844,193.896,1,1,0.561,3.383,,4988,58
"BaselineSweep",5000,4,214,200.411,200.402,194.711,1,1,0.564,5.136,,5001,57
"BaselineSweep",5000,4,215,198.529,198.532,194.175,1,1,0.600,3.754,,4985,58
"BaselineSweep",5000,4,216,191.877,191.423,187.577,1,1,0.560,3.740,,4980,58
"BaselineSweep",5000,4,217,197.655,198.102,191.647,1,1,0.587,5.421,,4988,58
"BaselineSweep",5000,4,218,194.746,194.745,189.260,1,1,0.561,4.925,,4991,58
"BaselineSweep",5000,4,219,193.864,193.860,188.565,1,1,0.548,4.750,,4998,58
"BaselineSweep",5000,4,220,193.070,192.785,189.045,1,1,0.564,3.461,,4921,58
"BaselineSweep",5000,4,221,196.474,196.754,190.901,1,1,0.585,4.988,,4997,58
"BaselineSweep",5000,4,222,192.343,192.347,188.289,1,1,0.547,3.507,,4998,58
"BaselineSweep",5000,4,223,191.586,191.584,187.875,1,1,0.563,3.148,,4985,58
"BaselineSweep",5000,4,224,207.399,207.400,203.283,1,1,0.678,3.439,,5000,58
"BaselineSweep",5000,4,225,194.353,194.330,188.844,1,1,0.771,4.738,,4997,58
"BaselineSweep",5000,4,226,196.987,196.996,191.588,1,1,0.688,4.711,,4994,57
"BaselineSweep",5000,4,227,195.719,195.723,191.992,1,1,0.563,3.164,,5000,57
"BaselineSweep",5000,4,228,194.087,194.086,190.080,1,1,0.551,3.457,,4990,58
"BaselineSweep",5000,4,229,195.597,195.597,191.748,1,1,0.571,3.278,,4980,58
"BaselineSweep",5000,4,230,191.045,191.043,185.361,1,1,0.597,5.087,,4995,58
"BaselineSweep",5000,4,231,187.922,187.918,183.490,1,1,0.560,3.872,,4996,56
"BaselineSweep",5000,4,232,198.151,198.148,193.705,1,1,0.559,3.887,,4982,58
"BaselineSweep",5000,4,233,201.697,201.689,195.645,1,1,0.571,5.481,,4982,58
"BaselineSweep",5000,4,234,196.250,196.254,190.438,1,1,0.560,5.252,,5009,58
"BaselineSweep",5000,4,235,189.612,189.613,185.791,1,1,0.575,3.245,,4989,58
"BaselineSweep",5000,4,236,194.725,194.674,189.484,1,1,0.574,4.667,,4988,58
"BaselineSweep",5000,4,237,194.077,194.111,190.086,1,1,0.574,3.417,,5005,58
"BaselineSweep",5000,4,238,196.500,196.503,190.361,1,1,0.576,5.564,,4997,58
"BaselineSweep",5000,4,239,194.186,194.191,190.073,1,1,0.566,3.547,,5001,57
"BaselineSweep",5000,4,240,194.224,194.219,190.403,1,1,0.596,3.226,,4999,58
"BaselineSweep",5000,4,241,194.470,194.472,190.646,1,1,0.578,3.247,,4987,57
"BaselineSweep",5000,4,242,202.262,202.255,196.989,1,1,0.578,4.695,,4997,58
"BaselineSweep",5000,4,243,198.929,198.931,195.128,1,1,0.594,3.208,,5006,58
"BaselineSweep",5000,4,244,197.191,197.190,193.006,1,1,0.591,3.594,,5000,58
"BaselineSweep",5000,4,245,195.853,195.855,191.996,1,1,0.628,3.230,,5005,58
"BaselineSweep",5000,4,246,196.730,196.727,192.915,1,1,0.614,3.201,,5004,58
"BaselineSweep",5000,4,247,200.970,200.966,195.598,1,1,0.579,4.794,,4999,58
"BaselineSweep",5000,4,248,202.966,202.935,196.961,1,1,0.581,5.425,,4986,58
"BaselineSweep",5000,4,249,198.110,198.130,194.277,1,1,0.600,3.233,,4999,58
"BaselineSweep",5000,4,250,197.422,197.434,193.376,1,1,0.575,3.471,,5002,58
"BaselineSweep",5000,4,251,192.962,192.959,189.249,1,1,0.572,3.141,,5004,58
"BaselineSweep",5000,4,252,195.323,195.318,189.844,1,1,0.574,4.905,,4993,58
"BaselineSweep",5000,4,253,196.436,196.431,192.148,1,1,0.578,3.709,,4998,58
"BaselineSweep",5000,4,254,196.520,196.521,192.619,1,1,0.589,3.312,,5008,58
"BaselineSweep",5000,4,255,200.896,200.893,196.908,1,1,0.576,3.412,,5009,57
"BaselineSweep",5000,4,256,197.222,197.211,192.988,1,1,0.583,3.651,,5006,56
"BaselineSweep",5000,4,257,195.377,195.385,191.423,1,1,0.586,3.368,,5004,58
"BaselineSweep",5000,4,258,198.169,198.161,192.947,1,1,0.567,4.655,,4947,58
"BaselineSweep",5000,4,259,198.232,198.225,192.591,1,1,0.582,5.059,,5000,58
"BaselineSweep",5000,4,260,197.755,197.770,193.724,1,1,0.770,3.261,,4993,58
"BaselineSweep",5000,4,261,197.181,197.178,192.832,1,1,0.565,3.784,,4998,58
"BaselineSweep",5000,4,262,195.693,195.681,191.152,1,1,0.581,3.959,,4995,58
"BaselineSweep",5000,4,263,193.490,193.497,189.648,1,1,0.609,3.233,,4996,58
"BaselineSweep",5000,4,264,197.568,197.568,193.276,1,1,0.801,3.491,,4987,58
"BaselineSweep",5000,4,265,199.299,199.291,193.940,1,1,0.580,4.779,,5002,58
"BaselineSweep",5000,4,266,199.207,199.208,193.639,1,1,0.632,4.936,,4843,58
"BaselineSweep",5000,4,267,203.791,203.759,198.817,1,1,0.586,4.388,,5004,58
"BaselineSweep",5000,4,268,200.355,200.347,194.542,1,1,0.581,5.232,,4972,57
"BaselineSweep",5000,4,269,199.472,199.509,195.497,1,1,0.589,3.386,,5008,58
"BaselineSweep",5000,4,270,199.097,199.089,193.628,1,1,0.589,4.879,,5004,56
"BaselineSweep",5000,4,271,198.222,198.226,194.084,1,1,0.589,3.548,,4997,58
"BaselineSweep",5000,4,272,201.091,201.088,196.408,1,1,0.585,4.099,,2249,58
"BaselineSweep",5000,4,273,199.419,199.423,194.950,1,1,0.644,3.826,,5008,58
"BaselineSweep",5000,4,274,197.482,197.466,193.046,1,1,0.587,3.848,,4970,58
"BaselineSweep",5000,4,275,195.841,195.852,191.925,1,1,0.591,3.325,,4986,58
"BaselineSweep",5000,4,276,203.079,203.075,198.576,1,1,0.962,3.541,,5003,58
"BaselineSweep",5000,4,277,199.683,199.677,194.123,1,1,0.587,4.973,,5000,57
"BaselineSweep",5000,4,278,201.393,201.394,197.418,1,1,0.591,3.383,,4983,57
"BaselineSweep",5000,4,279,199.493,199.495,195.097,1,1,0.572,3.825,,5001,58
"BaselineSweep",5000,4,280,192.868,192.870,189.110,1,1,0.578,3.180,,4999,58
"BaselineSweep",5000,4,281,195.472,195.471,191.749,1,1,0.575,3.148,,5013,58
"BaselineSweep",5000,4,282,196.872,196.866,193.064,1,1,0.575,3.232,,4995,58
"BaselineSweep",5000,4,283,197.128,197.130,192.723,1,1,0.959,3.446,,4984,58
"BaselineSweep",5000,4,284,194.478,194.472,190.625,1,1,0.576,3.277,,5005,57
"BaselineSweep",5000,4,285,199.692,199.674,194.900,1,1,0.580,4.212,,4991,58
"BaselineSweep",5000,4,286,193.068,193.083,188.930,1,1,0.564,3.573,,4954,58
"BaselineSweep",5000,4,287,197.806,197.808,194.066,1,1,0.564,3.177,,4994,58
"BaselineSweep",5000,4,288,198.835,198.826,194.515,1,1,0.568,3.751,,5006,58
"BaselineSweep",5000,4,289,198.924,198.924,193.403,1,1,0.689,4.833,,4997,58
"BaselineSweep",5000,4,290,196.279,196.279,192.191,1,1,0.579,3.509,,4996,58
"BaselineSweep",5000,4,291,200.746,200.739,194.334,1,1,0.591,5.821,,4991,58
"BaselineSweep",5000,4,292,195.474,195.468,191.284,1,1,0.563,3.626,,4988,58
"BaselineSweep",5000,4,293,196.688,196.700,192.684,1,1,0.587,3.417,,4995,58
"BaselineSweep",5000,4,294,196.182,196.139,190.251,1,1,0.615,5.316,,4986,58
"BaselineSweep",5000,4,295,195.697,195.734,191.465,1,1,0.556,3.675,,5007,57
"BaselineSweep",5000,4,296,197.319,197.319,193.416,1,1,0.580,3.323,,4996,58
"BaselineSweep",5000,4,297,197.129,197.130,193.421,1,1,0.559,3.149,,4978,58
"BaselineSweep",5000,4,298,197.728,197.721,193.667,1,1,0.578,3.484,,4988,58
"BaselineSweep",5000,4,299,194.038,194.032,189.219,1,1,0.562,4.257,,4989,58
"BaselineSweep",10000,4,0,778.499,778.492,771.896,1,1,1.227,5.376,,9969,108
"BaselineSweep",10000,4,1,781.309,781.311,775.044,1,1,1.202,5.063,,9846,106
"BaselineSweep",10000,4,2,801.470,801.468,795.245,1,1,1.188,5.037,,9975,108
"BaselineSweep",10000,4,3,794.883,794.877,788.138,1,1,1.192,5.553,,9985,108
"BaselineSweep",10000,4,4,803.490,803.492,797.294,1,1,1.257,4.939,,9981,107
"BaselineSweep",10000,4,5,796.945,796.914,789.105,1,1,1.265,6.575,,9806,107
"BaselineSweep",10000,4,6,789.677,789.702,782.935,1,1,1.233,5.509,,9952,107
"BaselineSweep",10000,4,7,784.304,784.302,778.243,1,1,1.188,4.874,,9959,108
"BaselineSweep",10000,4,8,789.915,789.914,783.571,1,1,1.189,5.155,,9984,107
"BaselineSweep",10000,4,9,792.202,792.196,784.491,1,1,1.145,6.566,,9938,107
"BaselineSweep",10000,4,10,798.836,798.837,792.517,1,1,1.236,5.083,,9988,108
"BaselineSweep",10000,4,11,812.131,812.135,806.045,1,1,1.134,4.951,,9983,108
"BaselineSweep",10000,4,12,771.978,771.977,765.880,1,1,1.288,4.810,,9984,106
"BaselineSweep",10000,4,13,751.909,751.909,746.102,1,1,1.127,4.681,,9960,108
"BaselineSweep",10000,4,14,763.921,763.917,758.005,1,1,1.104,4.813,,9949,107
"BaselineSweep",10000,4,15,741.357,741.347,733.212,1,1,1.139,7.006,,9938,108
"BaselineSweep",10000,4,16,774.017,774.017,768.095,1,1,1.172,4.750,,9934,107
"BaselineSweep",10000,4,17,786.427,786.428,779.904,1,1,1.235,5.288,,9979,108
"BaselineSweep",10000,4,18,809.691,809.641,800.658,1,1,1.191,7.841,,9982,107
"BaselineSweep",10000,4,19,792.479,792.498,786.100,1,1,1.153,5.226,,9970,108
"BaselineSweep",10000,4,20,791.304,791.328,785.151,1,1,1.393,4.760,,9832,108
"BaselineSweep",10000,4,21,771.948,771.943,762.915,1,1,1.267,7.765,,9962,108
"BaselineSweep",10000,4,22,768.378,768.390,762.790,1,1,1.075,4.514,,9956,107
"BaselineSweep",10000,4,23,712.107,712.103,706.099,1,1,1.128,4.880,,9940,108
"BaselineSweep",10000,4,24,731.627,731.628,726.201,1,1,1.086,4.339,,9937,107
"BaselineSweep",10000,4,25,722.931,722.868,715.591,1,1,1.031,6.309,,9961,108
"BaselineSweep",10000,4,26,735.361,735.416,729.012,1,1,1.172,5.178,,9970,106
"BaselineSweep",10000,4,27,742.746,742.747,736.894,1,1,1.037,4.815,,9770,107
"BaselineSweep",10000,4,28,715.595,715.593,709.705,1,1,1.249,4.640,,9637,107
"BaselineSweep",10000,4,29,719.618,719.608,711.611,1,1,1.121,6.886,,9966,108
"BaselineSweep",10000,4,30,722.699,722.702,716.899,1,1,1.074,4.725,,9961,108
"BaselineSweep",10000,4,31,728.939,728.937,722.745,1,1,1.090,5.103,,9984,108
"BaselineSweep",10000,4,32,749.726,749.726,743.482,1,1,1.242,5.002,,9966,108
"BaselineSweep",10000,4,33,732.614,732.604,725.523,1,1,1.075,6.016,,9975,108
"BaselineSweep",10000,4,34,752.052,752.054,744.210,1,1,1.454,6.389,,9919,108
"BaselineSweep",10000,4,35,739.708,739.713,734.134,1,1,1.085,4.488,,9588,108
"BaselineSweep",10000,4,36,725.656,725.654,719.793,1,1,1.016,4.848,,9796,108
"BaselineSweep",10000,4,37,708.282,708.276,702.757,1,1,1.029,4.496,,9972,107
"BaselineSweep",10000,4,38,716.065,716.064,710.125,1,1,1.125,4.814,,9766,108
"BaselineSweep",10000,4,39,738.482,738.478,732.053,1,1,1.155,5.275,,9976,107
"BaselineSweep",10000,4,40,770.254,770.252,764.023,1,1,1.113,5.118,,9961,108
"BaselineSweep",10000,4,41,744.651,744.634,738.031,1,1,1.103,5.517,,9952,108
"BaselineSweep",10000,4,42,765.217,765.227,756.470,1,1,1.110,7.637,,9791,108
"BaselineSweep",10000,4,43,770.850,770.853,764.903,1,1,1.174,4.772,,9993,108
"BaselineSweep",10000,4,44,750.646,750.629,744.789,1,1,1.114,4.743,,9934,108
"BaselineSweep",10000,4,45,762.976,762.983,756.819,1,1,1.168,4.988,,9972,108
"BaselineSweep",10000,4,46,750.939,750.931,744.859,1,1,1.132,4.948,,9963,107
"BaselineSweep",10000,4,47,750.147,750.132,741.730,1,1,1.206,7.211,,9949,107
"BaselineSweep",10000,4,48,772.227,772.247,766.564,1,1,1.122,4.541,,9975,107
"BaselineSweep",10000,4,49,749.846,749.845,743.360,1,1,1.123,5.363,,9958,108
"BaselineSweep",10000,4,50,754.507,754.508,748.474,1,1,1.187,4.845,,9874,108
"BaselineSweep",10000,4,51,775.766,775.756,766.618,1,1,1.160,7.988,,9962,107
"BaselineSweep",10000,4,52,771.449,771.454,765.134,1,1,1.128,5.186,,9978,108
"BaselineSweep",10000,4,53,771.600,771.586,762.795,1,1,1.138,7.667,,9977,108
"BaselineSweep",10000,4,54,774.452,774.448,766.567,1,1,1.118,6.768,,9976,108
"BaselineSweep",10000,4,55,759.145,759.153,752.661,1,1,1.139,5.346,,9972,108
"BaselineSweep",10000,4,56,780.848,780.669,771.149,1,1,1.190,8.509,,9991,108
"BaselineSweep",10000,4,57,781.722,781.897,775.307,1,1,1.196,5.219,,9977,107
"BaselineSweep",10000,4,58,778.614,778.610,771.021,1,1,1.095,6.498,,9897,108
"BaselineSweep",10000,4,59,767.903,767.894,761.781,1,1,1.105,5.017,,9974,108
"BaselineSweep",10000,4,60,760.788,760.797,754.810,1,1,1.109,4.869,,9993,108
"BaselineSweep",10000,4,61,736.072,736.065,729.532,1,1,1.184,5.356,,9972,108
"BaselineSweep",10000,4,62,708.139,708.147,702.093,1,1,1.092,4.954,,9901,108
"BaselineSweep",10000,4,63,734.560,734.556,728.923,1,1,1.077,4.560,,9984,107
"BaselineSweep",10000,4,64,724.006,724.000,717.510,1,1,1.368,5.128,,9973,108
"BaselineSweep",10000,4,65,726.965,726.969,721.123,1,1,1.056,4.786,,9970,108
"BaselineSweep",10000,4,66,744.144,744.130,736.228,1,1,1.079,6.838,,9974,108
"BaselineSweep",10000,4,67,758.308,758.304,750.266,1,1,1.336,6.706,,9836,108
"BaselineSweep",10000,4,68,752.056,752.054,744.472,1,1,1.079,6.505,,9862,108
"BaselineSweep",10000,4,69,737.748,737.746,727.859,1,1,1.626,8.263,,9972,107
"BaselineSweep",10000,4,70,742.691,742.682,734.667,1,1,1.071,6.952,,9968,107
"BaselineSweep",10000,4,71,747.036,747.037,739.159,1,1,1.209,6.668,,9945,107
"BaselineSweep",10000,4,72,753.970,753.973,745.645,1,1,1.160,7.165,,9913,108
"BaselineSweep",10000,4,73,734.614,734.597,725.849,1,1,1.099,7.665,,9960,106
"BaselineSweep",10000,4,74,723.156,723.182,717.129,1,1,1.086,4.941,,9929,108
"BaselineSweep",10000,4,75,724.085,724.059,717.664,1,1,1.051,5.370,,9970,108
"BaselineSweep",10000,4,76,731.314,731.314,723.169,1,1,1.336,6.808,,9885,108
"BaselineSweep",10000,4,77,727.534,727.522,720.832,1,1,1.132,5.570,,9942,108
"BaselineSweep",10000,4,78,722.592,722.623,716.883,1,1,1.230,4.480,,9876,108
"BaselineSweep",10000,4,79,723.483,723.471,717.738,1,1,1.163,4.583,,9927,106
"BaselineSweep",10000,4,80,743.308,743.310,735.295,1,1,1.128,6.885,,9961,107
"BaselineSweep",10000,4,81,735.136,735.138,729.524,1,1,1.045,4.566,,9910,108
"BaselineSweep",10000,4,82,738.943,738.942,732.351,1,1,1.098,5.494,,9984,108
"BaselineSweep",10000,4,83,724.770,724.769,715.984,1,1,1.050,7.737,,9977,108
"BaselineSweep",10000,4,84,713.532,713.501,707.443,1,1,1.176,4.913,,9975,108
"BaselineSweep",10000,4,85,731.123,731.128,724.971,1,1,1.112,5.040,,9838,108
"BaselineSweep",10000,4,86,726.304,726.300,720.890,1,1,1.055,4.359,,9849,108
"BaselineSweep",10000,4,87,722.138,722.133,713.294,1,1,1.889,6.955,,9977,107
"BaselineSweep",10000,4,88,712.663,712.665,706.899,1,1,1.344,4.421,,9954,108
"BaselineSweep",10000,4,89,725.594,725.589,717.394,1,1,1.239,6.962,,9951,107
"BaselineSweep",10000,4,90,723.116,723.119,717.397,1,1,1.269,4.450,,9534,108
"BaselineSweep",10000,4,91,722.135,722.132,715.660,1,1,1.082,5.394,,9977,107
"BaselineSweep",10000,4,92,766.364,766.294,757.510,1,1,1.096,7.759,,9979,108
"BaselineSweep",10000,4,93,752.618,752.684,747.156,1,1,1.039,4.423,,9960,108
"BaselineSweep",10000,4,94,736.442,736.441,730.756,1,1,1.068,4.617,,9963,107
"BaselineSweep",10000,4,95,724.552,724.530,716.159,1,1,1.093,7.300,,9922,108
"BaselineSweep",10000,4,96,729.764,729.783,724.210,1,1,1.124,4.430,,9836,108
"BaselineSweep",10000,4,97,716.503,716.502,710.989,1,1,1.053,4.461,,9797,108
"BaselineSweep",10000,4,98,725.365,725.364,719.945,1,1,1.055,4.365,,9974,108
"BaselineSweep",10000,4,99,734.083,734.068,728.606,1,1,1.025,4.452,,9975,106
"BaselineSweep",10000,4,100,729.951,729.799,722.414,1,1,1.017,6.520,,9975,108
"BaselineSweep",10000,4,101,704.350,704.513,698.515,1,1,1.105,4.730,,9970,107
"BaselineSweep",10000,4,102,714.304,714.299,708.058,1,1,1.286,4.959,,9958,108
"BaselineSweep",10000,4,103,741.406,741.405,735.820,1,1,1.079,4.507,,9988,107
"BaselineSweep",10000,4,104,716.485,716.484,710.449,1,1,1.316,4.720,,9984,105
"BaselineSweep",10000,4,105,726.491,726.478,720.734,1,1,1.043,4.715,,9933,108
"BaselineSweep",10000,4,106,723.587,723.593,714.445,1,1,1.726,7.416,,9721,108
"BaselineSweep",10000,4,107,717.170,717.172,710.667,1,1,1.144,5.359,,6493,108
"BaselineSweep",10000,4,108,715.422,715.419,707.384,1,1,1.025,7.014,,9977,108
"BaselineSweep",10000,4,109,703.361,703.359,697.219,1,1,1.155,4.987,,9065,108
"BaselineSweep",10000,4,110,753.286,753.277,746.732,1,1,1.164,5.389,,9964,107
"BaselineSweep",10000,4,111,768.318,768.325,761.924,1,1,1.196,5.199,,9979,108
"BaselineSweep",10000,4,112,739.676,739.668,731.451,1,1,1.141,7.084,,9870,108
"BaselineSweep",10000,4,113,771.709,771.711,765.800,1,1,1.138,4.771,,9965,108
"BaselineSweep",10000,4,114,768.540,768.536,762.033,1,1,1.157,5.351,,9936,108
"BaselineSweep",10000,4,115,770.420,770.420,763.546,1,1,1.674,5.199,,9975,107
"BaselineSweep",10000,4,116,773.983,773.982,767.642,1,1,1.209,5.132,,9908,108
"BaselineSweep",10000,4,117,774.119,774.115,767.965,1,1,1.163,4.991,,9997,108
"BaselineSweep",10000,4,118,763.744,763.736,757.652,1,1,1.157,4.934,,9766,108
"BaselineSweep",10000,4,119,768.947,768.957,762.566,1,1,1.190,5.191,,9972,108
"BaselineSweep",10000,4,120,759.721,759.701,751.484,1,1,1.170,7.067,,9942,108
"BaselineSweep",10000,4,121,785.124,785.128,775.551,1,1,1.152,8.421,,9969,107
"BaselineSweep",10000,4,122,778.825,778.834,773.053,1,1,1.090,4.682,,9994,108
"BaselineSweep",10000,4,123,774.388,774.383,767.991,1,1,1.262,5.136,,9970,108
"BaselineSweep",10000,4,124,784.620,784.615,778.867,1,1,1.150,4.603,,9959,107
"BaselineSweep",10000,4,125,759.128,759.062,751.967,1,1,1.124,6.037,,9970,108
"BaselineSweep",10000,4,126,772.238,772.302,766.222,1,1,1.104,4.912,,9949,107
"BaselineSweep",10000,4,127,778.126,778.121,769.166,1,1,1.122,7.838,,9984,108
"BaselineSweep",10000,4,128,773.968,773.974,767.955,1,1,1.288,4.725,,9640,107
"BaselineSweep",10000,4,129,781.312,781.239,770.658,1,1,1.532,9.122,,9940,108
"BaselineSweep",10000,4,130,782.419,782.486,773.249,1,1,1.293,7.877,,9971,108
"BaselineSweep",10000,4,131,753.697,753.687,745.570,1,1,1.149,6.978,,9956,106
"BaselineSweep",10000,4,132,722.432,722.433,713.936,1,1,1.049,7.446,,9961,107
"BaselineSweep",10000,4,133,730.202,730.193,722.208,1,1,1.122,6.873,,9953,108
"BaselineSweep",10000,4,134,730.098,730.113,724.178,1,1,1.082,4.839,,9982,108
"BaselineSweep",10000,4,135,744.226,744.209,736.223,1,1,1.106,6.897,,9948,107
"BaselineSweep",10000,4,136,725.397,725.412,719.739,1,1,1.097,4.561,,9944,107
"BaselineSweep",10000,4,137,726.099,726.086,718.595,1,1,1.118,6.386,,9991,108
"BaselineSweep",10000,4,138,748.267,748.273,742.793,1,1,1.057,4.416,,9979,108
"BaselineSweep",10000,4,139,712.964,712.950,704.029,1,1,1.998,6.937,,9425,108
"BaselineSweep",10000,4,140,715.165,715.177,706.817,1,1,1.076,7.272,,9899,108
"BaselineSweep",10000,4,141,724.264,724.260,716.063,1,1,1.044,7.157,,9940,108
"BaselineSweep",10000,4,142,713.026,713.028,707.291,1,1,1.106,4.629,,9725,108
"BaselineSweep",10000,4,143,728.816,728.811,720.355,1,1,1.054,7.407,,9926,108
"BaselineSweep",10000,4,144,714.713,714.713,708.505,1,1,1.215,4.993,,9958,108
"BaselineSweep",10000,4,145,730.508,730.429,723.744,1,1,1.061,5.703,,9977,108
"BaselineSweep",10000,4,146,737.343,737.416,730.720,1,1,1.048,5.575,,9910,108
"BaselineSweep",10000,4,147,728.867,728.868,722.989,1,1,1.260,4.618,,9981,108
"BaselineSweep",10000,4,148,719.943,719.938,713.830,1,1,1.111,5.001,,9776,108
"BaselineSweep",10000,4,149,731.229,731.227,722.746,1,1,1.032,7.451,,9787,107
"BaselineSweep",10000,4,150,728.932,728.931,722.874,1,1,1.062,4.995,,9941,108
"BaselineSweep",10000,4,151,736.131,736.133,730.333,1,1,1.034,4.765,,9984,107
"BaselineSweep",10000,4,152,729.515,729.515,723.288,1,1,1.133,5.095,,9899,108
"BaselineSweep",10000,4,153,725.077,725.076,719.391,1,1,1.029,4.657,,9942,108
"BaselineSweep",10000,4,154,728.679,728.670,722.866,1,1,1.119,4.693,,9835,108
"BaselineSweep",10000,4,155,736.321,736.262,729.276,1,1,1.058,5.986,,9974,108
"BaselineSweep",10000,4,156,718.478,718.535,711.169,1,1,1.042,6.267,,9982,107
"BaselineSweep",10000,4,157,729.839,729.839,722.639,1,1,1.032,6.168,,9953,108
"BaselineSweep",10000,4,158,711.531,711.527,703.179,1,1,1.264,7.088,,9781,107
"BaselineSweep",10000,4,159,704.630,704.618,697.097,1,1,1.110,6.424,,9491,107
"BaselineSweep",10000,4,160,730.158,730.167,722.021,1,1,1.124,7.013,,9954,108
"BaselineSweep",10000,4,161,711.148,711.120,705.472,1,1,1.024,4.653,,9952,108
"BaselineSweep",10000,4,162,725.462,725.489,719.548,1,1,1.097,4.816,,9922,108
"BaselineSweep",10000,4,163,727.994,727.992,721.846,1,1,1.029,5.119,,9972,108
"BaselineSweep",10000,4,164,720.715,720.716,714.900,1,1,1.043,4.772,,9835,108
"BaselineSweep",10000,4,165,710.538,710.537,703.660,1,1,1.087,5.791,,9762,108
"BaselineSweep",10000,4,166,710.374,710.373,704.777,1,1,1.091,4.506,,9973,108
"BaselineSweep",10000,4,167,721.851,721.834,715.926,1,1,1.229,4.696,,9343,107
"BaselineSweep",10000,4,168,718.708,718.720,713.100,1,1,1.047,4.562,,9975,108
"BaselineSweep",10000,4,169,707.453,707.449,700.985,1,1,1.063,5.405,,9902,107
"BaselineSweep",10000,4,170,727.182,727.175,718.994,1,1,1.264,6.923,,9954,108
"BaselineSweep",10000,4,171,727.807,727.811,720.268,1,1,1.100,6.439,,9959,108
"BaselineSweep",10000,4,172,719.633,719.629,713.832,1,1,1.160,4.641,,9969,108
"BaselineSweep",10000,4,173,758.520,758.518,752.622,1,1,1.118,4.780,,9908,108
"BaselineSweep",10000,4,174,744.877,744.879,738.439,1,1,1.354,5.084,,9931,108
"BaselineSweep",10000,4,175,718.755,718.749,712.347,1,1,1.107,5.301,,9949,108
"BaselineSweep",10000,4,176,766.541,766.539,760.400,1,1,1.083,5.057,,9966,107
"BaselineSweep",10000,4,177,736.751,736.751,730.928,1,1,1.154,4.669,,9974,108
"BaselineSweep",10000,4,178,763.875,763.871,758.011,1,1,1.215,4.649,,9919,108
"BaselineSweep",10000,4,179,771.197,771.179,763.071,1,1,1.166,6.961,,9937,107
"BaselineSweep",10000,4,180,790.400,790.412,783.985,1,1,1.165,5.250,,9964,108
"BaselineSweep",10000,4,181,786.194,786.191,776.814,1,1,1.162,8.218,,9976,108
"BaselineSweep",10000,4,182,789.056,789.043,782.585,1,1,1.173,5.299,,9983,108
"BaselineSweep",10000,4,183,784.156,784.172,777.994,1,1,1.158,5.004,,9974,108
"BaselineSweep",10000,4,184,751.265,751.265,745.256,1,1,1.105,4.904,,9980,108
"BaselineSweep",10000,4,185,757.051,757.034,748.440,1,1,1.173,7.438,,9974,108
"BaselineSweep",10000,4,186,761.586,761.592,755.432,1,1,1.175,4.979,,9924,107
"BaselineSweep",10000,4,187,767.691,767.693,758.891,1,1,1.126,7.674,,9905,107
"BaselineSweep",10000,4,188,748.631,747.461,741.239,1,1,1.231,6.161,,9974,107
"BaselineSweep",10000,4,189,779.432,780.597,771.713,1,1,1.150,6.569,,9957,108
"BaselineSweep",10000,4,190,787.640,787.639,780.854,1,1,1.156,5.630,,9960,108
"BaselineSweep",10000,4,191,773.592,773.594,767.312,1,1,1.138,5.143,,9703,108
"BaselineSweep",10000,4,192,778.571,778.565,769.120,1,1,1.158,8.293,,9970,108
"BaselineSweep",10000,4,193,775.561,775.561,769.624,1,1,1.128,4.809,,9987,107
"BaselineSweep",10000,4,194,791.341,791.337,784.819,1,1,1.157,5.365,,9942,107
"BaselineSweep",10000,4,195,806.505,806.502,798.878,1,1,1.172,6.455,,9954,107
"BaselineSweep",10000,4,196,796.696,796.695,790.718,1,1,1.305,4.674,,9973,108
"BaselineSweep",10000,4,197,775.295,775.288,767.998,1,1,1.297,6.000,,9942,107
"BaselineSweep",10000,4,198,806.585,806.585,799.522,1,1,1.148,5.915,,9970,108
"BaselineSweep",10000,4,199,747.400,747.409,741.571,1,1,1.083,4.746,,9843,108
"BaselineSweep",10000,4,200,733.572,733.569,727.197,1,1,1.379,4.996,,9836,108
"BaselineSweep",10000,4,201,743.727,743.725,737.988,1,1,1.074,4.665,,9794,106
"BaselineSweep",10000,4,202,756.529,756.511,747.847,1,1,1.109,7.572,,9963,106
"BaselineSweep",10000,4,203,724.638,724.648,715.307,1,1,1.130,8.201,,9978,108
"BaselineSweep",10000,4,204,746.724,746.729,741.225,1,1,1.052,4.446,,9936,108
"BaselineSweep",10000,4,205,741.152,741.149,735.518,1,1,1.126,4.508,,9906,107
"BaselineSweep",10000,4,206,749.736,749.736,743.810,1,1,1.114,4.812,,9898,108
"BaselineSweep",10000,4,207,758.487,758.461,750.581,1,1,1.416,6.489,,9967,108
"BaselineSweep",10000,4,208,724.936,724.959,719.229,1,1,1.022,4.685,,9987,108
"BaselineSweep",10000,4,209,710.835,710.833,704.440,1,1,1.740,4.654,,9981,108
"BaselineSweep",10000,4,210,743.188,743.186,737.266,1,1,1.189,4.733,,9841,108
"BaselineSweep",10000,4,211,739.172,739.153,730.964,1,1,1.073,7.136,,9901,108
"BaselineSweep",10000,4,212,748.670,748.641,742.104,1,1,1.078,5.489,,9971,108
"BaselineSweep",10000,4,213,727.204,727.250,721.734,1,1,1.087,4.383,,9931,108
"BaselineSweep",10000,4,214,737.901,737.891,729.576,1,1,1.113,7.212,,9935,108
"BaselineSweep",10000,4,215,712.045,712.035,705.213,1,1,1.005,5.827,,9978,108
"BaselineSweep",10000,4,216,724.014,724.023,715.251,1,1,1.043,7.720,,9885,108
"BaselineSweep",10000,4,217,739.477,739.478,734.101,1,1,1.014,4.362,,9978,108
"BaselineSweep",10000,4,218,707.581,707.580,701.709,1,1,1.028,4.844,,9984,108
"BaselineSweep",10000,4,219,723.530,723.530,717.665,1,1,1.102,4.763,,9861,107
"BaselineSweep",10000,4,220,711.710,711.703,703.099,1,1,1.047,7.563,,9936,108
"BaselineSweep",10000,4,221,737.684,737.641,729.824,1,1,1.083,6.776,,9971,108
"BaselineSweep",10000,4,222,726.893,726.937,720.321,1,1,1.803,4.770,,9968,107
"BaselineSweep",10000,4,223,732.955,732.953,727.251,1,1,1.024,4.680,,9296,107
"BaselineSweep",10000,4,224,736.357,736.312,729.212,1,1,1.097,6.047,,9965,107
"BaselineSweep",10000,4,225,744.801,744.841,738.810,1,1,1.085,4.906,,9970,106
"BaselineSweep",10000,4,226,750.049,750.053,744.149,1,1,1.212,4.688,,9798,108
"BaselineSweep",10000,4,227,714.004,714.000,708.360,1,1,1.026,4.618,,9912,107
"BaselineSweep",10000,4,228,714.368,714.330,707.886,1,1,1.004,5.477,,9968,107
"BaselineSweep",10000,4,229,717.339,717.373,711.480,1,1,1.385,4.473,,9971,108
"BaselineSweep",10000,4,230,712.996,712.921,706.482,1,1,1.052,5.462,,9768,108
"BaselineSweep",10000,4,231,724.659,724.718,716.617,1,1,1.015,7.028,,9978,107
"BaselineSweep",10000,4,232,722.198,722.189,715.580,1,1,1.023,5.595,,9785,108
"BaselineSweep",10000,4,233,709.117,709.134,703.395,1,1,1.162,4.560,,10004,107
"BaselineSweep",10000,4,234,726.645,726.637,720.422,1,1,1.088,5.134,,9979,108
"BaselineSweep",10000,4,235,740.248,740.246,733.437,1,1,1.721,5.090,,9985,106
"BaselineSweep",10000,4,236,739.326,739.325,733.629,1,1,1.067,4.630,,9479,108
"BaselineSweep",10000,4,237,737.586,737.585,731.363,1,1,1.136,5.088,,9966,108
"BaselineSweep",10000,4,238,738.908,738.904,732.844,1,1,1.100,4.964,,9980,108
"BaselineSweep",10000,4,239,736.943,736.948,731.413,1,1,1.037,4.493,,9955,108
"BaselineSweep",10000,4,240,717.122,717.115,707.752,1,1,1.047,8.323,,9921,108
"BaselineSweep",10000,4,241,717.822,717.823,711.939,1,1,1.131,4.752,,9950,108
"BaselineSweep",10000,4,242,717.458,717.448,711.796,1,1,1.044,4.618,,9289,108
"BaselineSweep",10000,4,243,736.118,736.123,730.058,1,1,1.036,5.023,,9877,108
"BaselineSweep",10000,4,244,705.588,705.586,699.615,1,1,1.165,4.808,,9980,108
"BaselineSweep",10000,4,245,743.049,743.046,736.758,1,1,1.245,5.046,,9954,107
"BaselineSweep",10000,4,246,771.096,771.096,765.140,1,1,1.230,4.726,,9974,108
"BaselineSweep",10000,4,247,774.459,774.436,765.492,1,1,1.164,7.803,,9808,108
"BaselineSweep",10000,4,248,778.183,778.196,772.096,1,1,1.171,4.916,,9959,108
"BaselineSweep",10000,4,249,771.778,771.778,765.762,1,1,1.132,4.883,,9979,108
"BaselineSweep",10000,4,250,770.048,770.047,764.140,1,1,1.147,4.761,,9978,107
"BaselineSweep",10000,4,251,770.797,770.795,764.128,1,1,1.191,5.478,,9970,108
"BaselineSweep",10000,4,252,764.983,764.984,758.668,1,1,1.194,5.122,,9931,107
"BaselineSweep",10000,4,253,769.097,769.092,762.940,1,1,1.162,4.995,,9984,108
"BaselineSweep",10000,4,254,769.357,769.338,761.382,1,1,1.230,6.745,,9949,108
"BaselineSweep",10000,4,255,780.302,780.317,773.925,1,1,1.160,5.218,,9846,108
"BaselineSweep",10000,4,256,793.608,793.591,787.069,1,1,1.166,5.372,,9948,108
"BaselineSweep",10000,4,257,782.860,782.876,776.775,1,1,1.197,4.888,,9878,108
"BaselineSweep",10000,4,258,787.526,787.528,781.464,1,1,1.318,4.744,,9959,108
"BaselineSweep",10000,4,259,770.764,770.758,764.630,1,1,1.233,4.900,,9967,108
"BaselineSweep",10000,4,260,781.160,781.159,774.669,1,1,1.125,5.366,,9893,108
"BaselineSweep",10000,4,261,784.319,784.311,774.887,1,1,1.251,8.181,,9977,108
"BaselineSweep",10000,4,262,793.273,793.275,786.822,1,1,1.128,5.323,,9984,108
"BaselineSweep",10000,4,263,775.167,775.169,768.985,1,1,1.124,5.058,,9961,108
"BaselineSweep",10000,4,264,763.048,763.030,755.639,1,1,2.031,5.379,,9881,108
"BaselineSweep",10000,4,265,738.851,738.868,733.177,1,1,1.073,4.602,,9956,107
"BaselineSweep",10000,4,266,743.708,743.706,737.571,1,1,1.271,4.866,,9972,108
"BaselineSweep",10000,4,267,744.979,744.977,738.628,1,1,1.368,4.982,,9797,108
"BaselineSweep",10000,4,268,754.754,754.747,745.989,1,1,1.824,6.941,,9973,107
"BaselineSweep",10000,4,269,745.795,745.801,737.146,1,1,1.994,6.655,,10002,108
"BaselineSweep",10000,4,270,737.522,737.521,731.561,1,1,1.050,4.911,,9961,108
"BaselineSweep",10000,4,271,748.521,748.522,743.206,1,1,1.039,4.277,,9957,108
"BaselineSweep",10000,4,272,726.798,726.793,720.297,1,1,1.122,5.379,,9959,108
"BaselineSweep",10000,4,273,728.657,728.654,722.924,1,1,1.123,4.610,,9757,108
"BaselineSweep",10000,4,274,764.016,764.015,757.813,1,1,1.092,5.111,,9908,107
"BaselineSweep",10000,4,275,732.021,732.024,726.418,1,1,1.049,4.554,,9974,108
"BaselineSweep",10000,4,276,721.492,721.489,715.619,1,1,1.313,4.560,,9974,108
"BaselineSweep",10000,4,277,731.395,731.390,725.493,1,1,1.102,4.800,,9980,108
"BaselineSweep",10000,4,278,738.357,738.351,730.298,1,1,1.079,6.981,,9946,108
"BaselineSweep",10000,4,279,737.523,737.519,731.213,1,1,1.079,5.231,,9994,107
"BaselineSweep",10000,4,280,743.895,743.899,737.604,1,1,1.367,4.923,,9970,108
"BaselineSweep",10000,4,281,747.717,747.714,741.720,1,1,1.084,4.913,,9963,108
"BaselineSweep",10000,4,282,746.917,746.918,740.656,1,1,1.439,4.822,,9927,108
"BaselineSweep",10000,4,283,731.117,731.114,725.195,1,1,1.055,4.867,,9983,108
"BaselineSweep",10000,4,284,734.530,734.529,728.885,1,1,1.083,4.562,,9974,107
"BaselineSweep",10000,4,285,740.414,740.410,732.080,1,1,1.065,7.269,,9971,108
"BaselineSweep",10000,4,286,725.329,725.328,719.694,1,1,1.070,4.566,,9979,108
"BaselineSweep",10000,4,287,730.005,730.007,724.099,1,1,1.242,4.664,,9708,108
"BaselineSweep",10000,4,288,731.401,731.395,723.461,1,1,1.086,6.854,,9964,108
"BaselineSweep",10000,4,289,716.753,716.760,711.190,1,1,1.099,4.465,,9959,108
"BaselineSweep",10000,4,290,728.909,728.908,723.265,1,1,1.112,4.532,,9785,107
"BaselineSweep",10000,4,291,729.889,729.883,722.560,1,1,1.027,6.302,,9967,108
"BaselineSweep",10000,4,292,723.663,723.648,715.553,1,1,1.138,6.972,,9981,108
"BaselineSweep",10000,4,293,739.634,739.577,732.663,1,1,1.058,5.913,,9978,107
"BaselineSweep",10000,4,294,735.234,735.297,726.383,1,1,1.114,7.737,,9993,108
"BaselineSweep",10000,4,295,724.046,724.051,718.483,1,1,1.030,4.532,,9958,107
"BaselineSweep",10000,4,296,711.255,711.116,705.696,1,1,1.023,4.537,,9965,108
"BaselineSweep",10000,4,297,709.211,709.344,702.945,1,1,1.052,5.214,,9952,108
"BaselineSweep",10000,4,298,736.211,736.192,728.345,1,1,1.102,6.765,,9952,108
"BaselineSweep",10000,4,299,747.041,747.060,741.386,1,1,1.100,4.555,,9983,108
"BaselineSweep",500,5,0,1.329,1.321,0.000,0,0,0.037,1.292,,513,13
"BaselineSweep",500,5,1,2.600,2.579,0.000,0,0,0.037,2.564,,511,13
"BaselineSweep",500,5,2,0.780,0.803,0.000,0,0,0.053,0.727,,508,13
"BaselineSweep",500,5,3,2.081,2.078,0.000,0,0,0.041,2.041,,515,13
"BaselineSweep",500,5,4,0.790,0.795,0.000,0,0,0.038,0.752,,513,12
"BaselineSweep",500,5,5,1.619,1.609,0.000,0,0,0.037,1.582,,514,13
"BaselineSweep",500,5,6,3.327,3.325,1.816,1,0,0.056,1.454,,512,13
"BaselineSweep",500,5,7,1.865,1.868,0.000,0,0,0.040,1.825,,513,12
"BaselineSweep",500,5,8,0.494,0.497,0.000,0,0,0.038,0.456,,513,13
"BaselineSweep",500,5,9,1.126,1.124,0.000,0,0,0.038,1.088,,515,13
"BaselineSweep",500,5,10,1.279,1.272,0.000,0,0,0.037,1.242,,514,13
"BaselineSweep",500,5,11,1.244,1.236,0.000,0,0,0.047,1.197,,513,13
"BaselineSweep",500,5,12,1.289,1.303,0.000,0,0,0.046,1.242,,515,13
"BaselineSweep",500,5,13,1.589,1.571,0.000,0,0,0.038,1.551,,514,13
"BaselineSweep",500,5,14,1.285,1.300,0.000,0,0,0.039,1.246,,515,13
"BaselineSweep",500,5,15,2.203,2.178,0.000,0,0,0.038,2.166,,515,13
"BaselineSweep",500,5,16,0.609,0.629,0.000,0,0,0.055,0.554,,514,13
"BaselineSweep",500,5,17,3.597,3.597,2.182,1,0,0.046,1.369,,514,13
"BaselineSweep",500,5,18,2.346,2.297,0.000,0,0,0.038,2.308,,514,13
"BaselineSweep",500,5,19,0.574,0.624,0.000,0,0,0.048,0.526,,515,13
"BaselineSweep",500,5,20,1.294,1.287,0.000,0,0,0.039,1.256,,514,13
"BaselineSweep",500,5,21,1.151,1.147,0.000,0,0,0.041,1.110,,517,13
"BaselineSweep",500,5,22,1.616,1.624,0.000,0,0,0.039,1.578,,512,13
"BaselineSweep",500,5,23,2.474,2.451,0.000,0,0,0.037,2.437,,515,13
"BaselineSweep",500,5,24,0.513,0.530,0.000,0,0,0.048,0.465,,517,13
"BaselineSweep",500,5,25,1.179,1.179,0.000,0,0,0.041,1.139,,511,13
"BaselineSweep",500,5,26,0.465,0.462,0.000,0,0,0.038,0.427,,515,13
"BaselineSweep",500,5,27,1.081,1.069,0.000,0,0,0.038,1.043,,517,13
"BaselineSweep",500,5,28,1.272,1.289,0.000,0,0,0.038,1.234,,510,13
"BaselineSweep",500,5,29,3.678,3.662,1.878,1,0,0.048,1.752,,512,13
"BaselineSweep",500,5,30,1.878,1.880,0.000,0,0,0.042,1.836,,516,13
"BaselineSweep",500,5,31,1.370,1.381,0.000,0,0,0.039,1.331,,515,13
"BaselineSweep",500,5,32,2.335,2.314,0.000,0,0,0.037,2.298,,518,13
"BaselineSweep",500,5,33,0.575,0.589,0.000,0,0,0.050,0.525,,516,13
"BaselineSweep",500,5,34,1.154,1.143,0.000,0,0,0.039,1.114,,516,13
"BaselineSweep",500,5,35,1.307,1.316,0.000,0,0,0.038,1.269,,517,13
"BaselineSweep",500,5,36,1.670,1.665,0.000,0,0,0.037,1.632,,515,13
"BaselineSweep",500,5,37,0.522,0.524,0.000,0,0,0.037,0.485,,517,13
"BaselineSweep",500,5,38,2.237,2.223,0.000,0,0,0.038,2.200,,515,13
"BaselineSweep",500,5,39,3.727,3.731,2.201,1,0,0.053,1.473,,516,13
"BaselineSweep",500,5,40,2.778,2.752,0.000,0,0,0.038,2.741,,517,13
"BaselineSweep",500,5,41,1.365,1.402,0.000,0,0,0.050,1.315,,518,13
"BaselineSweep",500,5,42,1.857,1.846,0.000,0,0,0.041,1.816,,517,13
"BaselineSweep",500,5,43,0.507,0.511,0.000,0,0,0.039,0.468,,518,13
"BaselineSweep",500,5,44,1.874,1.867,0.000,0,0,0.043,1.830,,519,13
"BaselineSweep",500,5,45,1.881,1.880,0.000,0,0,0.040,1.840,,519,13
"BaselineSweep",500,5,46,0.604,0.583,0.000,0,0,0.045,0.559,,518,13
"BaselineSweep",500,5,47,1.063,1.086,0.000,0,0,0.055,1.008,,505,13
"BaselineSweep",500,5,48,3.176,3.170,1.805,1,0,0.043,1.328,,529,13
"BaselineSweep",500,5,49,1.903,1.899,0.000,0,0,0.038,1.866,,520,13
"BaselineSweep",500,5,50,1.291,1.296,0.000,0,0,0.045,1.247,,518,12
"BaselineSweep",500,5,51,1.963,1.956,0.000,0,0,0.037,1.926,,515,13
"BaselineSweep",500,5,52,0.592,0.609,0.000,0,0,0.040,0.552,,519,13
"BaselineSweep",500,5,53,1.933,1.913,0.000,0,0,0.034,1.898,,518,13
"BaselineSweep",500,5,54,0.932,0.939,0.000,0,0,0.044,0.888,,517,13
"BaselineSweep",500,5,55,1.056,1.054,0.000,0,0,0.038,1.019,,518,13
"BaselineSweep",500,5,56,1.288,1.299,0.000,0,0,0.038,1.251,,520,13
"BaselineSweep",500,5,57,1.330,1.325,0.000,0,0,0.035,1.295,,520,13
"BaselineSweep",500,5,58,1.228,1.233,0.000,0,0,0.037,1.192,,518,13
"BaselineSweep",500,5,59,3.477,3.459,2.114,1,0,0.051,1.312,,518,13
"BaselineSweep",500,5,60,1.346,1.361,0.000,0,0,0.038,1.309,,520,13
"BaselineSweep",500,5,61,1.200,1.201,0.000,0,0,0.036,1.164,,520,13
"BaselineSweep",500,5,62,1.159,1.160,0.000,0,0,0.036,1.123,,519,13
"BaselineSweep",500,5,63,1.786,1.743,0.000,0,0,0.036,1.750,,520,13
"BaselineSweep",500,5,64,1.006,1.031,0.000,0,0,0.049,0.957,,520,13
"BaselineSweep",500,5,65,0.684,0.685,0.000,0,0,0.042,0.642,,521,12
"BaselineSweep",500,5,66,1.228,1.240,0.000,0,0,0.040,1.188,,520,13
"BaselineSweep",500,5,67,1.231,1.226,0.000,0,0,0.035,1.196,,519,13
"BaselineSweep",500,5,68,1.258,1.259,0.000,0,0,0.036,1.222,,519,13
"BaselineSweep",500,5,69,1.609,1.593,0.000,0,0,0.038,1.570,,518,13
"BaselineSweep",500,5,70,1.359,1.370,0.000,0,0,0.045,1.314,,517,13
"BaselineSweep",500,5,71,3.472,3.473,2.090,1,0,0.044,1.339,,519,13
"BaselineSweep",500,5,72,1.407,1.400,0.000,0,0,0.037,1.370,,517,13
"BaselineSweep",500,5,73,1.227,1.229,0.000,0,0,0.045,1.183,,519,13
"BaselineSweep",500,5,74,0.800,0.780,0.000,0,0,0.039,0.762,,516,13
"BaselineSweep",500,5,75,0.540,0.560,0.000,0,0,0.037,0.503,,516,13
"BaselineSweep",500,5,76,1.385,1.390,0.000,0,0,0.041,1.344,,520,13
"BaselineSweep",500,5,77,1.622,1.619,0.000,0,0,0.036,1.586,,519,13
"BaselineSweep",500,5,78,1.387,1.370,0.000,0,0,0.036,1.350,,520,12
"BaselineSweep",500,5,79,1.309,1.317,0.000,0,0,0.045,1.264,,520,13
"BaselineSweep",500,5,80,1.325,1.332,0.000,0,0,0.040,1.285,,519,13
"BaselineSweep",500,5,81,1.194,1.198,0.000,0,0,0.037,1.157,,521,13
"BaselineSweep",500,5,82,1.329,1.321,0.000,0,0,0.034,1.295,,521,13
"BaselineSweep",500,5,83,3.831,3.825,2.326,1,0,0.056,1.449,,521,13
"BaselineSweep",500,5,84,1.255,1.267,0.000,0,0,0.039,1.217,,521,13
"BaselineSweep",500,5,85,1.272,1.272,0.000,0,0,0.035,1.236,,518,13
"BaselineSweep",500,5,86,1.213,1.213,0.000,0,0,0.035,1.178,,520,13
"BaselineSweep",500,5,87,1.785,1.763,0.000,0,0,0.035,1.750,,517,13
"BaselineSweep",500,5,88,0.830,0.836,0.000,0,0,0.057,0.773,,517,13
"BaselineSweep",500,5,89,0.784,0.790,0.000,0,0,0.041,0.743,,519,13
"BaselineSweep",500,5,90,0.617,0.611,0.000,0,0,0.038,0.580,,519,13
"BaselineSweep",500,5,91,1.342,1.347,0.000,0,0,0.038,1.305,,519,13
"BaselineSweep",500,5,92,1.201,1.206,0.000,0,0,0.036,1.165,,520,13
"BaselineSweep",500,5,93,1.346,1.322,0.000,0,0,0.035,1.311,,520,13
"BaselineSweep",500,5,94,1.478,1.491,0.000,0,0,0.045,1.433,,518,13
"BaselineSweep",500,5,95,3.486,3.491,2.063,1,0,0.045,1.377,,519,13
"BaselineSweep",500,5,96,1.185,1.186,0.000,0,0,0.037,1.148,,520,12
"BaselineSweep",500,5,97,1.704,1.686,0.000,0,0,0.035,1.669,,519,13
"BaselineSweep",500,5,98,1.371,1.386,0.000,0,0,0.045,1.326,,519,13
"BaselineSweep",500,5,99,1.345,1.340,0.000,0,0,0.037,1.309,,516,13
"BaselineSweep",500,5,100,1.549,1.541,0.000,0,0,0.037,1.512,,519,13
"BaselineSweep",500,5,101,0.607,0.611,0.000,0,0,0.037,0.570,,519,13
"BaselineSweep",500,5,102,1.323,1.320,0.000,0,0,0.072,1.251,,468,13
"BaselineSweep",500,5,103,1.261,1.269,0.000,0,0,0.043,1.218,,567,13
"BaselineSweep",500,5,104,1.240,1.234,0.000,0,0,0.036,1.204,,519,13
"BaselineSweep",500,5,105,1.179,1.186,0.000,0,0,0.038,1.142,,521,13
"BaselineSweep",500,5,106,3.556,3.533,2.130,1,0,0.043,1.383,,519,13
"BaselineSweep",500,5,107,1.382,1.402,0.000,0,0,0.042,1.340,,519,13
"BaselineSweep",500,5,108,1.186,1.188,0.000,0,0,0.040,1.147,,516,13
"BaselineSweep",500,5,109,1.169,1.168,0.000,0,0,0.036,1.133,,518,13
"BaselineSweep",500,5,110,0.977,0.959,0.000,0,0,0.035,0.942,,521,13
"BaselineSweep",500,5,111,1.312,1.324,0.000,0,0,0.038,1.274,,519,13
"BaselineSweep",500,5,112,1.143,1.129,0.000,0,0,0.038,1.105,,520,13
"BaselineSweep",500,5,113,0.822,0.835,0.000,0,0,0.042,0.780,,518,13
"BaselineSweep",500,5,114,1.340,1.335,0.000,0,0,0.036,1.304,,520,13
"BaselineSweep",500,5,115,0.911,0.906,0.000,0,0,0.038,0.874,,519,13
"BaselineSweep",500,5,116,0.480,0.481,0.000,0,0,0.037,0.443,,518,13
"BaselineSweep",500,5,117,1.226,1.230,0.000,0,0,0.037,1.190,,196,13
"BaselineSweep",500,5,118,1.286,1.283,0.000,0,0,0.036,1.250,,842,13
"BaselineSweep",500,5,119,3.650,3.649,2.225,1,0,0.055,1.369,,520,13
"BaselineSweep",500,5,120,1.245,1.240,0.000,0,0,0.036,1.208,,518,13
"BaselineSweep",500,5,121,0.840,0.839,0.000,0,0,0.036,0.804,,521,13
"BaselineSweep",500,5,122,1.241,1.247,0.000,0,0,0.037,1.204,,520,13
"BaselineSweep",500,5,123,0.988,0.974,0.000,0,0,0.041,0.947,,518,13
"BaselineSweep",500,5,124,1.246,1.260,0.000,0,0,0.040,1.206,,521,13
"BaselineSweep",500,5,125,0.855,0.846,0.000,0,0,0.035,0.819,,517,13
"BaselineSweep",500,5,126,1.208,1.217,0.000,0,0,0.037,1.171,,520,13
"BaselineSweep",500,5,127,1.524,1.518,0.000,0,0,0.036,1.488,,519,13
"BaselineSweep",500,5,128,0.974,0.961,0.000,0,0,0.037,0.938,,519,13
"BaselineSweep",500,5,129,1.261,1.263,0.000,0,0,0.054,1.207,,521,13
"BaselineSweep",500,5,130,0.524,0.533,0.000,0,0,0.039,0.485,,520,13
"BaselineSweep",500,5,131,3.165,3.167,1.811,1,0,0.041,1.313,,518,13
"BaselineSweep",500,5,132,1.006,0.999,0.000,0,0,0.036,0.970,,521,13
"BaselineSweep",500,5,133,1.761,1.748,0.000,0,0,0.036,1.725,,520,13
"BaselineSweep",500,5,134,1.489,1.500,0.000,0,0,0.049,1.440,,521,13
"BaselineSweep",500,5,135,0.901,0.898,0.000,0,0,0.043,0.858,,520,13
"BaselineSweep",500,5,136,1.271,1.268,0.000,0,0,0.037,1.234,,518,13
"BaselineSweep",500,5,137,0.864,0.864,0.000,0,0,0.036,0.828,,519,13
"BaselineSweep",500,5,138,1.297,1.306,0.000,0,0,0.037,1.260,,521,12
"BaselineSweep",500,5,139,1.624,1.606,0.000,0,0,0.036,1.588,,518,13
"BaselineSweep",500,5,140,0.634,0.645,0.000,0,0,0.045,0.588,,519,13
"BaselineSweep",500,5,141,0.903,0.904,0.000,0,0,0.039,0.864,,520,13
"BaselineSweep",500,5,142,0.468,0.464,0.000,0,0,0.035,0.434,,521,13
"BaselineSweep",500,5,143,1.312,1.317,0.000,0,0,0.040,1.273,,520,13
"BaselineSweep",500,5,144,3.520,3.507,2.094,1,0,0.044,1.382,,479,13
"BaselineSweep",500,5,145,1.413,1.420,0.000,0,0,0.041,1.372,,521,13
"BaselineSweep",500,5,146,0.848,0.841,0.000,0,0,0.038,0.810,,519,13
"BaselineSweep",500,5,147,0.651,0.662,0.000,0,0,0.037,0.615,,520,13
"BaselineSweep",500,5,148,0.765,0.756,0.000,0,0,0.036,0.729,,519,13
"BaselineSweep",500,5,149,0.689,0.695,0.000,0,0,0.037,0.651,,520,13
"BaselineSweep",500,5,150,1.753,1.734,0.000,0,0,0.036,1.717,,518,12
"BaselineSweep",500,5,151,1.101,1.108,0.000,0,0,0.049,1.052,,515,13
"BaselineSweep",500,5,152,0.521,0.525,0.000,0,0,0.042,0.479,,520,13
"BaselineSweep",500,5,153,1.253,1.260,0.000,0,0,0.037,1.216,,484,13
"BaselineSweep",500,5,154,1.048,1.026,0.000,0,0,0.035,1.012,,554,13
"BaselineSweep",500,5,155,0.492,0.512,0.000,0,0,0.038,0.454,,520,12
"BaselineSweep",500,5,156,0.853,0.849,0.000,0,0,0.036,0.817,,520,13
"BaselineSweep",500,5,157,1.271,1.273,0.000,0,0,0.034,1.237,,518,13
"BaselineSweep",500,5,158,1.051,1.033,0.000,0,0,0.039,1.012,,521,13
"BaselineSweep",500,5,159,3.572,3.584,2.176,1,0,0.050,1.346,,520,13
"BaselineSweep",500,5,160,1.376,1.380,0.000,0,0,0.045,1.331,,519,13
"BaselineSweep",500,5,161,1.447,1.439,0.000,0,0,0.036,1.411,,521,13
"BaselineSweep",500,5,162,1.218,1.208,0.000,0,0,0.054,1.165,,519,13
"BaselineSweep",500,5,163,0.504,0.515,0.000,0,0,0.040,0.464,,520,13
"BaselineSweep",500,5,164,0.946,0.942,0.000,0,0,0.037,0.909,,520,13
"BaselineSweep",500,5,165,1.230,1.240,0.000,0,0,0.037,1.193,,520,13
"BaselineSweep",500,5,166,1.212,1.211,0.000,0,0,0.035,1.177,,518,13
"BaselineSweep",500,5,167,0.904,0.892,0.000,0,0,0.035,0.869,,520,13
"BaselineSweep",500,5,168,0.555,0.558,0.000,0,0,0.038,0.517,,520,13
"BaselineSweep",500,5,169,1.506,1.495,0.000,0,0,0.043,1.463,,514,13
"BaselineSweep",500,5,170,1.304,1.305,0.000,0,0,0.042,1.262,,517,13
"BaselineSweep",500,5,171,0.911,0.921,0.000,0,0,0.037,0.874,,521,13
"BaselineSweep",500,5,172,3.036,3.029,1.728,1,0,0.038,1.270,,515,13
"BaselineSweep",500,5,173,1.367,1.370,0.000,0,0,0.039,1.329,,520,13
"BaselineSweep",500,5,174,0.831,0.826,0.000,0,0,0.037,0.794,,519,13
"BaselineSweep",500,5,175,0.784,0.789,0.000,0,0,0.038,0.746,,459,13
"BaselineSweep",500,5,176,0.508,0.506,0.000,0,0,0.036,0.473,,581,13
"BaselineSweep",500,5,177,1.263,1.265,0.000,0,0,0.037,1.226,,520,13
"BaselineSweep",500,5,178,0.949,0.943,0.000,0,0,0.035,0.913,,521,13
"BaselineSweep",500,5,179,0.555,0.554,0.000,0,0,0.036,0.519,,519,13
"BaselineSweep",500,5,180,1.568,1.503,0.000,0,0,0.040,1.527,,520,13
"BaselineSweep",500,5,181,1.130,1.167,0.000,0,0,0.093,1.036,,521,13
"BaselineSweep",500,5,182,0.546,0.568,0.000,0,0,0.044,0.502,,519,13
"BaselineSweep",500,5,183,0.989,0.994,0.000,0,0,0.045,0.944,,519,13
"BaselineSweep",500,5,184,1.209,1.213,0.000,0,0,0.034,1.174,,519,13
"BaselineSweep",500,5,185,0.943,0.932,0.000,0,0,0.034,0.909,,519,13
"BaselineSweep",500,5,186,0.472,0.472,0.000,0,0,0.036,0.437,,518,13
"BaselineSweep",500,5,187,3.778,3.763,2.351,1,0,0.058,1.370,,510,13
"BaselineSweep",500,5,188,1.331,1.348,0.000,0,0,0.038,1.293,,1040,13
"BaselineSweep",500,5,189,0.927,0.927,0.000,0,0,0.036,0.891,,521,13
"BaselineSweep",500,5,190,1.298,1.293,0.000,0,0,0.034,1.264,,521,13
"BaselineSweep",500,5,191,1.698,1.690,0.000,0,0,0.041,1.657,,517,13
"BaselineSweep",500,5,192,1.611,1.619,0.000,0,0,0.046,1.565,,515,13
"BaselineSweep",500,5,193,0.662,0.657,0.000,0,0,0.037,0.625,,520,13
"BaselineSweep",500,5,194,1.234,1.240,0.000,0,0,0.038,1.196,,369,13
"BaselineSweep",500,5,195,1.239,1.238,0.000,0,0,0.036,1.204,,670,13
"BaselineSweep",500,5,196,0.942,0.918,0.000,0,0,0.036,0.905,,519,13
"BaselineSweep",500,5,197,1.339,1.329,0.000,0,0,0.041,1.297,,520,13
"BaselineSweep",500,5,198,0.453,0.488,0.000,0,0,0.040,0.414,,517,13
"BaselineSweep",500,5,199,3.355,3.343,1.733,1,0,0.038,1.585,,521,13
"BaselineSweep",500,5,200,1.221,1.231,0.000,0,0,0.037,1.184,,518,13
"BaselineSweep",500,5,201,1.786,1.754,0.000,0,0,0.036,1.750,,520,13
"BaselineSweep",500,5,202,1.334,1.364,0.000,0,0,0.045,1.289,,518,13
"BaselineSweep",500,5,203,0.955,0.945,0.000,0,0,0.036,0.918,,521,13
"BaselineSweep",500,5,204,1.327,1.334,0.000,0,0,0.037,1.290,,519,13
"BaselineSweep",500,5,205,0.909,0.901,0.000,0,0,0.035,0.874,,519,13
"BaselineSweep",500,5,206,1.230,1.237,0.000,0,0,0.036,1.194,,521,13
"BaselineSweep",500,5,207,1.188,1.175,0.000,0,0,0.037,1.151,,519,13
"BaselineSweep",500,5,208,1.224,1.236,0.000,0,0,0.040,1.184,,517,13
"BaselineSweep",500,5,209,1.627,1.616,0.000,0,0,0.034,1.593,,519,13
"BaselineSweep",500,5,210,1.222,1.232,0.000,0,0,0.037,1.185,,516,13
"BaselineSweep",500,5,211,3.125,3.115,1.726,1,0,0.045,1.355,,518,13
"BaselineSweep",500,5,212,1.332,1.336,0.000,0,0,0.037,1.294,,520,13
"BaselineSweep",500,5,213,0.834,0.831,0.000,0,0,0.036,0.799,,520,13
"BaselineSweep",500,5,214,0.592,0.590,0.000,0,0,0.036,0.556,,520,13
"BaselineSweep",500,5,215,0.791,0.795,0.000,0,0,0.038,0.754,,520,13
"BaselineSweep",500,5,216,1.201,1.199,0.000,0,0,0.037,1.164,,520,13
"BaselineSweep",500,5,217,2.056,2.031,0.000,0,0,0.036,2.021,,520,13
"BaselineSweep",500,5,218,0.559,0.581,0.000,0,0,0.046,0.513,,520,13
"BaselineSweep",500,5,219,1.256,1.259,0.000,0,0,0.036,1.220,,517,13
"BaselineSweep",500,5,220,1.062,1.055,0.000,0,0,0.036,1.026,,521,13
"BaselineSweep",500,5,221,1.198,1.206,0.000,0,0,0.035,1.163,,515,13
"BaselineSweep",500,5,222,0.915,0.896,0.000,0,0,0.034,0.882,,519,13
"BaselineSweep",500,5,223,1.288,1.297,0.000,0,0,0.035,1.253,,519,13
"BaselineSweep",500,5,224,3.481,3.485,2.066,1,0,0.054,1.361,,519,13
"BaselineSweep",500,5,225,1.360,1.358,0.000,0,0,0.036,1.324,,517,13
"BaselineSweep",500,5,226,1.317,1.317,0.000,0,0,0.036,1.282,,521,13
"BaselineSweep",500,5,227,1.268,1.260,0.000,0,0,0.038,1.230,,519,13
"BaselineSweep",500,5,228,0.478,0.478,0.000,0,0,0.041,0.437,,520,13
"BaselineSweep",500,5,229,0.826,0.828,0.000,0,0,0.040,0.787,,519,13
"BaselineSweep",500,5,230,0.569,0.571,0.000,0,0,0.036,0.534,,518,13
"BaselineSweep",500,5,231,0.745,0.743,0.000,0,0,0.038,0.706,,348,13
"BaselineSweep",500,5,232,1.586,1.587,0.000,0,0,0.036,1.550,,520,12
"BaselineSweep",500,5,233,0.592,0.586,0.000,0,0,0.036,0.556,,519,13
"BaselineSweep",500,5,234,0.750,0.741,0.000,0,0,0.038,0.712,,518,13
"BaselineSweep",500,5,235,1.513,1.518,0.000,0,0,0.038,1.475,,516,13
"BaselineSweep",500,5,236,0.533,0.541,0.000,0,0,0.041,0.492,,515,13
"BaselineSweep",500,5,237,0.992,0.986,0.000,0,0,0.036,0.956,,517,13
"BaselineSweep",500,5,238,0.515,0.517,0.000,0,0,0.037,0.479,,517,13
"BaselineSweep",500,5,239,3.029,3.035,1.733,1,0,0.039,1.258,,520,12
"BaselineSweep",500,5,240,1.812,1.761,0.000,0,0,0.035,1.777,,520,13
"BaselineSweep",500,5,241,0.967,1.005,0.000,0,0,0.049,0.918,,518,13
"BaselineSweep",500,5,242,0.555,0.563,0.000,0,0,0.039,0.516,,520,13
"BaselineSweep",500,5,243,1.259,1.257,0.000,0,0,0.035,1.224,,511,13
"BaselineSweep",500,5,244,0.935,0.929,0.000,0,0,0.035,0.899,,517,13
"BaselineSweep",500,5,245,0.491,0.491,0.000,0,0,0.036,0.455,,519,13
"BaselineSweep",500,5,246,0.762,0.765,0.000,0,0,0.039,0.723,,521,13
"BaselineSweep",500,5,247,1.593,1.587,0.000,0,0,0.035,1.558,,521,13
"BaselineSweep",500,5,248,1.006,1.002,0.000,0,0,0.043,0.963,,521,13
"BaselineSweep",500,5,249,0.444,0.453,0.000,0,0,0.038,0.406,,521,13
"BaselineSweep",500,5,250,1.271,1.267,0.000,0,0,0.037,1.234,,518,13
"BaselineSweep",500,5,251,0.927,0.910,0.000,0,0,0.036,0.891,,516,13
"BaselineSweep",500,5,252,1.236,1.247,0.000,0,0,0.045,1.191,,521,13
"BaselineSweep",500,5,253,1.692,1.676,0.000,0,0,0.035,1.657,,519,12
"BaselineSweep",500,5,254,3.158,3.176,1.725,1,0,0.053,1.380,,519,13
"BaselineSweep",500,5,255,1.029,1.026,0.000,0,0,0.037,0.992,,520,13
"BaselineSweep",500,5,256,0.541,0.541,0.000,0,0,0.036,0.506,,518,13
"BaselineSweep",500,5,257,0.772,0.763,0.000,0,0,0.037,0.735,,521,13
"BaselineSweep",500,5,258,0.684,0.689,0.000,0,0,0.080,0.604,,519,13
"BaselineSweep",500,5,259,1.297,1.294,0.000,0,0,0.041,1.257,,519,13
"BaselineSweep",500,5,260,0.937,0.943,0.000,0,0,0.039,0.898,,515,13
"BaselineSweep",500,5,261,0.795,0.797,0.000,0,0,0.036,0.759,,521,13
"BaselineSweep",500,5,262,0.731,0.723,0.000,0,0,0.036,0.696,,521,13
"BaselineSweep",500,5,263,0.564,0.566,0.000,0,0,0.036,0.528,,518,13
"BaselineSweep",500,5,264,1.292,1.298,0.000,0,0,0.035,1.256,,285,13
"BaselineSweep",500,5,265,1.156,1.155,0.000,0,0,0.034,1.122,,750,13
"BaselineSweep",500,5,266,1.623,1.602,0.000,0,0,0.034,1.590,,521,13
"BaselineSweep",500,5,267,1.315,1.334,0.000,0,0,0.042,1.274,,519,13
"BaselineSweep",500,5,268,3.459,3.447,2.050,1,0,0.041,1.368,,521,13
"BaselineSweep",500,5,269,1.238,1.240,0.000,0,0,0.035,1.203,,516,13
"BaselineSweep",500,5,270,1.537,1.527,0.000,0,0,0.045,1.493,,519,13
"BaselineSweep",500,5,271,0.803,0.811,0.000,0,0,0.043,0.760,,518,13
"BaselineSweep",500,5,272,0.659,0.658,0.000,0,0,0.040,0.620,,518,13
"BaselineSweep",500,5,273,0.691,0.696,0.000,0,0,0.036,0.655,,519,13
"BaselineSweep",500,5,274,0.719,0.714,0.000,0,0,0.035,0.683,,520,13
"BaselineSweep",500,5,275,0.654,0.653,0.000,0,0,0.036,0.618,,519,13
"BaselineSweep",500,5,276,0.746,0.747,0.000,0,0,0.038,0.709,,517,13
"BaselineSweep",500,5,277,0.656,0.654,0.000,0,0,0.036,0.620,,522,13
"BaselineSweep",500,5,278,1.528,1.525,0.000,0,0,0.038,1.490,,517,13
"BaselineSweep",500,5,279,0.912,0.911,0.000,0,0,0.040,0.872,,519,13
"BaselineSweep",500,5,280,1.583,1.589,0.000,0,0,0.037,1.545,,521,13
"BaselineSweep",500,5,281,0.551,0.550,0.000,0,0,0.035,0.516,,520,13
"BaselineSweep",500,5,282,1.196,1.199,0.000,0,0,0.034,1.161,,249,13
"BaselineSweep",500,5,283,3.145,3.133,1.727,1,0,0.053,1.365,,788,13
"BaselineSweep",500,5,284,0.903,0.904,0.000,0,0,0.040,0.863,,519,13
"BaselineSweep",500,5,285,0.487,0.482,0.000,0,0,0.038,0.449,,520,13
"BaselineSweep",500,5,286,1.614,1.607,0.000,0,0,0.042,1.572,,520,13
"BaselineSweep",500,5,287,0.562,0.567,0.000,0,0,0.037,0.525,,519,13
"BaselineSweep",500,5,288,0.727,0.728,0.000,0,0,0.039,0.688,,518,13
"BaselineSweep",500,5,289,0.644,0.643,0.000,0,0,0.038,0.605,,518,13
"BaselineSweep",500,5,290,1.811,1.800,0.000,0,0,0.037,1.774,,518,13
"BaselineSweep",500,5,291,1.140,1.122,0.000,0,0,0.052,1.088,,518,13
"BaselineSweep",500,5,292,0.962,0.989,0.000,0,0,0.042,0.921,,519,13
"BaselineSweep",500,5,293,0.773,0.771,0.000,0,0,0.035,0.737,,519,13
"BaselineSweep",500,5,294,1.200,1.206,0.000,0,0,0.037,1.163,,520,13
"BaselineSweep",500,5,295,1.113,1.098,0.000,0,0,0.034,1.079,,521,13
"BaselineSweep",500,5,296,0.677,0.679,0.000,0,0,0.084,0.593,,520,13
"BaselineSweep",500,5,297,3.527,3.530,2.127,1,0,0.050,1.350,,519,13
"BaselineSweep",500,5,298,1.285,1.286,0.000,0,0,0.035,1.250,,519,13
"BaselineSweep",500,5,299,1.211,1.210,0.000,0,0,0.036,1.174,,518,13
"BaselineSweep",2000,5,0,31.712,31.714,28.756,1,1,0.233,2.724,,2007,28
"BaselineSweep",2000,5,1,33.841,33.839,30.781,1,1,0.240,2.820,,2002,26
"BaselineSweep",2000,5,2,32.207,32.199,29.133,1,1,0.231,2.843,,2002,28
"BaselineSweep",2000,5,3,32.340,32.345,29.586,1,1,0.231,2.524,,2002,28
"BaselineSweep",2000,5,4,32.183,32.186,29.186,1,1,0.238,2.759,,2006,27
"BaselineSweep",2000,5,5,32.750,32.726,29.693,1,1,0.240,2.817,,2006,27
"BaselineSweep",2000,5,6,33.100,33.117,30.574,1,1,0.233,2.293,,2006,28
"BaselineSweep",2000,5,7,33.635,33.630,30.798,1,1,0.236,2.601,,2007,28
"BaselineSweep",2000,5,8,31.927,31.924,29.196,1,1,0.234,2.497,,2009,27
"BaselineSweep",2000,5,9,31.489,31.495,29.146,1,1,0.229,2.114,,2007,28
"BaselineSweep",2000,5,10,34.463,34.452,31.663,1,1,0.243,2.557,,1998,28
"BaselineSweep",2000,5,11,33.965,33.971,31.625,1,1,0.231,2.109,,2007,28
"BaselineSweep",2000,5,12,31.958,31.958,29.420,1,1,0.314,2.224,,2011,28
"BaselineSweep",2000,5,13,32.227,32.220,29.043,1,1,0.240,2.945,,2003,28
"BaselineSweep",2000,5,14,30.929,30.937,28.607,1,1,0.255,2.067,,1910,28
"BaselineSweep",2000,5,15,32.162,32.153,29.473,1,1,0.239,2.450,,2009,28
"BaselineSweep",2000,5,16,33.925,33.929,31.608,1,1,0.231,2.086,,1999,28
"BaselineSweep",2000,5,17,32.642,32.643,30.383,1,1,0.239,2.020,,1998,28
"BaselineSweep",2000,5,18,33.009,33.005,29.778,1,1,0.235,2.996,,1969,28
"BaselineSweep",2000,5,19,33.062,33.055,30.660,1,1,0.243,2.159,,2004,28
"BaselineSweep",2000,5,20,31.694,31.699,29.388,1,1,0.238,2.068,,2006,28
"BaselineSweep",2000,5,21,32.938,32.937,30.633,1,1,0.246,2.060,,2007,28
"BaselineSweep",2000,5,22,33.361,33.331,30.402,1,1,0.230,2.728,,2010,28
"BaselineSweep",2000,5,23,31.962,31.990,29.204,1,1,0.333,2.425,,2008,28
"BaselineSweep",2000,5,24,32.728,32.723,30.341,1,1,0.244,2.144,,2003,28
"BaselineSweep",2000,5,25,32.337,32.327,29.612,1,1,0.241,2.484,,2010,26
"BaselineSweep",2000,5,26,33.314,33.321,30.856,1,1,0.238,2.219,,1996,28
"BaselineSweep",2000,5,27,31.823,31.816,29.464,1,1,0.238,2.121,,2013,28
"BaselineSweep",2000,5,28,33.407,33.401,29.895,1,1,0.236,3.275,,2011,28
"BaselineSweep",2000,5,29,32.707,32.717,30.380,1,1,0.235,2.093,,1967,28
"BaselineSweep",2000,5,30,35.005,34.958,31.611,1,1,0.234,3.161,,2009,28
"BaselineSweep",2000,5,31,31.375,31.422,28.912,1,1,0.295,2.168,,2012,26
"BaselineSweep",2000,5,32,35.006,34.998,30.917,1,1,0.233,3.856,,2015,28
"BaselineSweep",2000,5,33,33.210,33.211,30.355,1,1,0.249,2.606,,2007,28
"BaselineSweep",2000,5,34,32.501,32.495,29.938,1,1,0.229,2.334,,2008,28
"BaselineSweep",2000,5,35,32.196,32.202,29.789,1,1,0.239,2.169,,1984,28
"BaselineSweep",2000,5,36,33.457,33.441,30.427,1,1,0.236,2.794,,2009,28
"BaselineSweep",2000,5,37,32.584,32.593,29.674,1,1,0.235,2.676,,2010,27
"BaselineSweep",2000,5,38,33.245,33.240,29.234,1,1,0.251,3.761,,2010,28
"BaselineSweep",2000,5,39,33.632,33.632,29.909,1,1,0.236,3.488,,2004,27
"BaselineSweep",2000,5,40,33.932,33.925,30.135,1,1,0.261,3.536,,2008,28
"BaselineSweep",2000,5,41,33.190,33.197,30.453,1,1,0.336,2.401,,2014,27
"BaselineSweep",2000,5,42,33.604,33.604,30.888,1,1,0.248,2.468,,2009,28
"BaselineSweep",2000,5,43,31.686,31.688,29.334,1,1,0.227,2.125,,1954,27
"BaselineSweep",2000,5,44,32.197,32.190,29.849,1,1,0.241,2.106,,2007,27
"BaselineSweep",2000,5,45,31.763,31.763,29.421,1,1,0.239,2.103,,2006,27
"BaselineSweep",2000,5,46,32.671,32.670,29.491,1,1,0.274,2.907,,2009,28
"BaselineSweep",2000,5,47,33.423,33.410,29.668,1,1,0.240,3.515,,2008,28
"BaselineSweep",2000,5,48,35.352,35.346,31.988,1,1,0.401,2.964,,2015,28
"BaselineSweep",2000,5,49,34.296,34.298,31.317,1,1,0.240,2.739,,2006,28
"BaselineSweep",2000,5,50,33.878,33.889,30.948,1,1,0.252,2.678,,2008,28
"BaselineSweep",2000,5,51,33.505,33.490,30.333,1,1,0.246,2.926,,2010,28
"BaselineSweep",2000,5,52,36.236,36.228,31.996,1,1,0.253,3.988,,2005,28
"BaselineSweep",2000,5,53,32.643,32.654,30.065,1,1,0.245,2.334,,2011,28
"BaselineSweep",2000,5,54,33.173,33.168,30.169,1,1,0.241,2.764,,2010,28
"BaselineSweep",2000,5,55,32.336,32.346,29.926,1,1,0.244,2.166,,2015,28
"BaselineSweep",2000,5,56,32.093,32.088,29.692,1,1,0.246,2.155,,2012,28
"BaselineSweep",2000,5,57,32.363,32.353,29.977,1,1,0.228,2.158,,2004,28
"BaselineSweep",2000,5,58,33.509,33.522,31.067,1,1,0.238,2.205,,2005,28
"BaselineSweep",2000,5,59,33.016,33.008,29.540,1,1,0.246,3.229,,2010,24
"BaselineSweep",2000,5,60,32.540,32.534,29.548,1,1,0.244,2.748,,2017,28
"BaselineSweep",2000,5,61,33.032,33.031,30.244,1,1,0.230,2.558,,2013,28
"BaselineSweep",2000,5,62,33.569,33.512,31.090,1,1,0.234,2.245,,2006,28
"BaselineSweep",2000,5,63,32.535,32.594,30.101,1,1,0.235,2.198,,2007,28
"BaselineSweep",2000,5,64,32.621,32.624,30.241,1,1,0.236,2.145,,2012,28
"BaselineSweep",2000,5,65,32.547,32.524,29.948,1,1,0.229,2.370,,2009,28
"BaselineSweep",2000,5,66,33.963,33.976,30.949,1,1,0.265,2.749,,2006,26
"BaselineSweep",2000,5,67,32.910,32.910,29.692,1,1,0.243,2.975,,2008,28
"BaselineSweep",2000,5,68,33.523,33.511,30.254,1,1,0.239,3.030,,2011,27
"BaselineSweep",2000,5,69,32.751,32.757,30.205,1,1,0.237,2.309,,2013,28
"BaselineSweep",2000,5,70,33.272,33.275,30.968,1,1,0.231,2.074,,2010,28
"BaselineSweep",2000,5,71,31.267,31.269,28.562,1,1,0.391,2.314,,2011,26
"BaselineSweep",2000,5,72,33.575,33.561,29.537,1,1,0.224,3.813,,2009,27
"BaselineSweep",2000,5,73,32.832,32.840,30.365,1,1,0.235,2.232,,2015,28
"BaselineSweep",2000,5,74,31.500,31.500,29.138,1,1,0.237,2.125,,2011,28
"BaselineSweep",2000,5,75,33.157,33.156,30.826,1,1,0.233,2.098,,2009,28
"BaselineSweep",2000,5,76,32.826,32.817,30.379,1,1,0.235,2.213,,1999,28
"BaselineSweep",2000,5,77,32.495,32.503,30.104,1,1,0.241,2.150,,2009,28
"BaselineSweep",2000,5,78,31.806,31.777,28.868,1,1,0.234,2.704,,2014,27
"BaselineSweep",2000,5,79,31.087,31.114,28.714,1,1,0.237,2.136,,2009,28
"BaselineSweep",2000,5,80,31.820,31.816,29.403,1,1,0.287,2.130,,2015,28
"BaselineSweep",2000,5,81,32.047,32.046,29.696,1,1,0.233,2.118,,2010,27
"BaselineSweep",2000,5,82,31.021,31.019,28.662,1,1,0.235,2.124,,2007,28
"BaselineSweep",2000,5,83,31.018,31.013,28.574,1,1,0.234,2.210,,2003,28
"BaselineSweep",2000,5,84,33.979,33.978,31.163,1,1,0.235,2.582,,2008,28
"BaselineSweep",2000,5,85,31.870,31.871,29.160,1,1,0.249,2.462,,2004,28
"BaselineSweep",2000,5,86,31.155,31.156,28.796,1,1,0.269,2.090,,2016,27
"BaselineSweep",2000,5,87,31.498,31.486,28.588,1,1,0.264,2.645,,1942,28
"BaselineSweep",2000,5,88,32.887,32.892,30.487,1,1,0.226,2.174,,2013,28
"BaselineSweep",2000,5,89,32.159,32.158,28.874,1,1,0.230,3.056,,2006,28
"BaselineSweep",2000,5,90,31.913,31.910,28.685,1,1,0.228,3.000,,2010,27
"BaselineSweep",2000,5,91,34.592,34.572,30.896,1,1,0.233,3.464,,2006,28
"BaselineSweep",2000,5,92,32.128,32.130,28.822,1,1,0.237,3.069,,2006,28
"BaselineSweep",2000,5,93,32.429,32.449,30.158,1,1,0.234,2.037,,2006,28
"BaselineSweep",2000,5,94,32.311,32.295,28.719,1,1,0.232,3.359,,2016,28
"BaselineSweep",2000,5,95,30.816,30.834,28.528,1,1,0.229,2.059,,2006,28
"BaselineSweep",2000,5,96,31.245,31.240,28.941,1,1,0.229,2.075,,1995,28
"BaselineSweep",2000,5,97,31.863,31.860,29.547,1,1,0.242,2.074,,2005,28
"BaselineSweep",2000,5,98,31.792,31.791,29.482,1,1,0.262,2.048,,1988,28
"BaselineSweep",2000,5,99,32.431,32.399,29.635,1,1,0.249,2.547,,2007,28
"BaselineSweep",2000,5,100,32.258,32.284,29.633,1,1,0.233,2.392,,2013,28
"BaselineSweep",2000,5,101,35.245,35.237,32.218,1,1,0.241,2.787,,1992,28
"BaselineSweep",2000,5,102,32.265,32.266,29.880,1,1,0.250,2.136,,1920,28
"BaselineSweep",2000,5,103,32.592,32.592,30.188,1,1,0.255,2.149,,2007,28
"BaselineSweep",2000,5,104,33.719,33.692,30.851,1,1,0.241,2.626,,2000,28
"BaselineSweep",2000,5,105,33.238,33.259,30.749,1,1,0.249,2.240,,2010,27
"BaselineSweep",2000,5,106,33.897,33.894,31.416,1,1,0.249,2.232,,2015,28
"BaselineSweep",2000,5,107,33.344,33.340,29.465,1,1,0.467,3.413,,1916,28
"BaselineSweep",2000,5,108,32.239,32.240,29.812,1,1,0.239,2.189,,2014,28
"BaselineSweep",2000,5,109,32.979,32.955,29.949,1,1,0.239,2.791,,2015,27
"BaselineSweep",2000,5,110,32.149,32.173,29.768,1,1,0.239,2.142,,2000,28
"BaselineSweep",2000,5,111,32.818,32.812,30.309,1,1,0.246,2.263,,2013,28
"BaselineSweep",2000,5,112,32.768,32.775,30.373,1,1,0.235,2.160,,2012,27
"BaselineSweep",2000,5,113,32.573,32.565,30.157,1,1,0.250,2.167,,2010,28
"BaselineSweep",2000,5,114,33.538,33.541,30.880,1,1,0.252,2.407,,2004,28
"BaselineSweep",2000,5,115,33.527,33.518,29.989,1,1,0.235,3.304,,2011,28
"BaselineSweep",2000,5,116,33.117,33.121,30.747,1,1,0.244,2.125,,1998,28
"BaselineSweep",2000,5,117,32.080,32.080,29.643,1,1,0.239,2.198,,2012,28
"BaselineSweep",2000,5,118,33.181,33.162,30.412,1,1,0.251,2.519,,2013,27
"BaselineSweep",2000,5,119,32.410,32.415,29.950,1,1,0.251,2.209,,2008,27
"BaselineSweep",2000,5,120,32.306,32.309,29.347,1,1,0.256,2.703,,2004,28
"BaselineSweep",2000,5,121,32.050,32.052,29.560,1,1,0.279,2.211,,1958,28
"BaselineSweep",2000,5,122,33.695,33.676,30.459,1,1,0.251,2.985,,2007,28
"BaselineSweep",2000,5,123,33.482,33.488,30.341,1,1,0.238,2.903,,2005,28
"BaselineSweep",2000,5,124,32.097,32.110,29.675,1,1,0.237,2.186,,2009,28
"BaselineSweep",2000,5,125,33.835,33.832,31.427,1,1,0.237,2.171,,2013,28
"BaselineSweep",2000,5,126,33.764,33.744,31.011,1,1,0.324,2.429,,2006,28
"BaselineSweep",2000,5,127,35.308,35.321,31.080,1,1,0.340,3.888,,2003,28
"BaselineSweep",2000,5,128,34.367,34.363,31.862,1,1,0.258,2.247,,2011,27
"BaselineSweep",2000,5,129,34.557,34.549,31.427,1,1,0.245,2.884,,2016,28
"BaselineSweep",2000,5,130,32.892,32.896,30.442,1,1,0.237,2.213,,2013,28
"BaselineSweep",2000,5,131,34.075,34.058,30.288,1,1,0.268,3.519,,1993,28
"BaselineSweep",2000,5,132,34.527,34.488,31.202,1,1,0.235,3.089,,2004,26
"BaselineSweep",2000,5,133,32.836,32.887,29.618,1,1,0.251,2.968,,2010,28
"BaselineSweep",2000,5,134,33.482,33.453,30.726,1,1,0.242,2.514,,2008,28
"BaselineSweep",2000,5,135,33.466,33.490,30.926,1,1,0.251,2.289,,2012,28
"BaselineSweep",2000,5,136,34.085,34.084,30.277,1,1,0.240,3.568,,2012,27
"BaselineSweep",2000,5,137,34.263,34.248,31.477,1,1,0.240,2.546,,2010,28
"BaselineSweep",2000,5,138,33.141,33.132,30.048,1,1,0.234,2.859,,1982,27
"BaselineSweep",2000,5,139,32.660,32.685,30.237,1,1,0.240,2.183,,2016,28
"BaselineSweep",2000,5,140,33.049,33.048,30.078,1,1,0.502,2.468,,1966,28
"BaselineSweep",2000,5,141,32.839,32.832,30.369,1,1,0.242,2.227,,2005,27
"BaselineSweep",2000,5,142,31.662,31.666,29.104,1,1,0.236,2.322,,2011,28
"BaselineSweep",2000,5,143,31.403,31.403,29.079,1,1,0.231,2.093,,2010,28
"BaselineSweep",2000,5,144,32.024,32.022,29.680,1,1,0.237,2.107,,2014,28
"BaselineSweep",2000,5,145,32.166,32.161,29.764,1,1,0.240,2.161,,2005,27
"BaselineSweep",2000,5,146,32.606,32.601,30.182,1,1,0.246,2.178,,2009,28
"BaselineSweep",2000,5,147,34.005,34.000,30.664,1,1,0.232,3.109,,2009,28
"BaselineSweep",2000,5,148,33.152,33.161,30.802,1,1,0.245,2.105,,2014,27
"BaselineSweep",2000,5,149,31.926,31.921,28.974,1,1,0.228,2.724,,2012,27
"BaselineSweep",2000,5,150,34.624,34.610,31.253,1,1,0.234,3.137,,2013,28
"BaselineSweep",2000,5,151,31.676,31.663,29.337,1,1,0.237,2.102,,2004,28
"BaselineSweep",2000,5,152,30.868,30.896,28.575,1,1,0.232,2.061,,2009,28
"BaselineSweep",2000,5,153,33.606,33.579,30.734,1,1,0.231,2.642,,2007,28
"BaselineSweep",2000,5,154,31.361,31.381,29.084,1,1,0.232,2.045,,1997,28
"BaselineSweep",2000,5,155,31.727,31.725,29.134,1,1,0.262,2.331,,2011,28
"BaselineSweep",2000,5,156,34.391,34.389,31.584,1,1,0.344,2.464,,2015,27
"BaselineSweep",2000,5,157,31.111,31.103,28.429,1,1,0.234,2.449,,2010,28
"BaselineSweep",2000,5,158,33.273,33.275,30.700,1,1,0.239,2.333,,2005,28
"BaselineSweep",2000,5,159,33.471,33.469,31.165,1,1,0.231,2.074,,2018,26
"BaselineSweep",2000,5,160,32.037,32.036,29.672,1,1,0.239,2.126,,1997,27
"BaselineSweep",2000,5,161,31.168,31.162,28.418,1,1,0.233,2.517,,2009,28
"BaselineSweep",2000,5,162,31.619,31.626,29.346,1,1,0.233,2.041,,1982,28
"BaselineSweep",2000,5,163,31.974,31.972,29.648,1,1,0.230,2.096,,2007,28
"BaselineSweep",2000,5,164,32.231,32.204,28.576,1,1,0.230,3.425,,1986,28
"BaselineSweep",2000,5,165,31.191,31.214,28.697,1,1,0.235,2.258,,2001,28
"BaselineSweep",2000,5,166,32.603,32.593,30.130,1,1,0.246,2.227,,2010,28
"BaselineSweep",2000,5,167,33.409,33.402,30.513,1,1,0.241,2.656,,2009,28
"BaselineSweep",2000,5,168,32.831,32.692,29.363,1,1,0.255,3.213,,2015,28
"BaselineSweep",2000,5,169,31.937,32.076,29.170,1,1,0.232,2.536,,2012,28
"BaselineSweep",2000,5,170,31.122,31.128,28.718,1,1,0.227,2.177,,2019,28
"BaselineSweep",2000,5,171,31.560,31.558,29.170,1,1,0.244,2.146,,2007,28
"BaselineSweep",2000,5,172,32.774,32.765,29.356,1,1,0.263,3.154,,2016,28
"BaselineSweep",2000,5,173,31.735,31.736,29.332,1,1,0.248,2.155,,2011,28
"BaselineSweep",2000,5,174,32.491,32.493,30.043,1,1,0.250,2.199,,2014,27
"BaselineSweep",2000,5,175,32.261,32.256,29.542,1,1,0.245,2.475,,2020,27
"BaselineSweep",2000,5,176,32.108,32.111,29.007,1,1,0.239,2.862,,2011,27
"BaselineSweep",2000,5,177,32.192,32.188,29.755,1,1,0.246,2.191,,2002,28
"BaselineSweep",2000,5,178,32.368,32.366,29.393,1,1,0.336,2.639,,2016,28
"BaselineSweep",2000,5,179,33.311,33.281,30.861,1,1,0.243,2.207,,2011,27
"BaselineSweep",2000,5,180,33.515,33.536,29.073,1,1,0.247,4.194,,2009,28
"BaselineSweep",2000,5,181,32.978,32.984,30.532,1,1,0.247,2.199,,2014,27
"BaselineSweep",2000,5,182,32.250,32.243,29.730,1,1,0.249,2.271,,2004,27
"BaselineSweep",2000,5,183,32.335,32.334,29.848,1,1,0.245,2.242,,1943,27
"BaselineSweep",2000,5,184,32.784,32.782,29.044,1,1,0.248,3.492,,2018,27
"BaselineSweep",2000,5,185,32.638,32.638,30.160,1,1,0.251,2.228,,2010,25
"BaselineSweep",2000,5,186,31.992,31.994,29.591,1,1,0.253,2.148,,2005,28
"BaselineSweep",2000,5,187,31.960,31.959,29.580,1,1,0.244,2.135,,2015,28
"BaselineSweep",2000,5,188,32.145,32.129,29.096,1,1,0.265,2.784,,2013,27
"BaselineSweep",2000,5,189,32.498,32.500,30.083,1,1,0.248,2.167,,2010,28
"BaselineSweep",2000,5,190,32.840,32.846,30.322,1,1,0.242,2.277,,2017,28
"BaselineSweep",2000,5,191,32.203,32.195,29.023,1,1,0.243,2.937,,2001,28
"BaselineSweep",2000,5,192,32.636,32.637,29.555,1,1,0.253,2.827,,2002,28
"BaselineSweep",2000,5,193,32.037,32.037,29.625,1,1,0.245,2.167,,2004,28
"BaselineSweep",2000,5,194,32.233,32.227,29.774,1,1,0.242,2.218,,2014,28
"BaselineSweep",2000,5,195,32.072,32.073,29.542,1,1,0.250,2.280,,2012,27
"BaselineSweep",2000,5,196,32.380,32.381,29.988,1,1,0.252,2.140,,2010,27
"BaselineSweep",2000,5,197,32.316,32.162,29.669,1,1,0.256,2.392,,2007,28
"BaselineSweep",2000,5,198,33.590,33.728,30.446,1,1,0.249,2.895,,2008,28
"BaselineSweep",2000,5,199,32.151,32.164,29.665,1,1,0.260,2.226,,1982,28
"BaselineSweep",2000,5,200,32.912,32.904,30.338,1,1,0.269,2.305,,2012,28
"BaselineSweep",2000,5,201,32.592,32.584,29.941,1,1,0.259,2.392,,2015,28
"BaselineSweep",2000,5,202,33.255,33.262,30.707,1,1,0.249,2.300,,2005,27
"BaselineSweep",2000,5,203,32.954,32.955,30.530,1,1,0.257,2.167,,2010,28
"BaselineSweep",2000,5,204,33.462,33.454,30.952,1,1,0.250,2.260,,2011,27
"BaselineSweep",2000,5,205,32.301,32.302,29.873,1,1,0.253,2.174,,2012,28
"BaselineSweep",2000,5,206,32.788,32.788,30.324,1,1,0.247,2.217,,2013,28
"BaselineSweep",2000,5,207,33.614,33.617,31.224,1,1,0.245,2.146,,2009,28
"BaselineSweep",2000,5,208,33.061,33.053,30.561,1,1,0.253,2.247,,2017,28
"BaselineSweep",2000,5,209,32.233,32.236,29.843,1,1,0.259,2.132,,2011,26
"BaselineSweep",2000,5,210,33.029,33.025,30.455,1,1,0.253,2.321,,2013,28
"BaselineSweep",2000,5,211,35.453,35.451,32.822,1,1,0.253,2.379,,2012,28
"BaselineSweep",2000,5,212,34.768,34.769,32.317,1,1,0.253,2.199,,1953,27
"BaselineSweep",2000,5,213,33.223,33.220,30.783,1,1,0.253,2.187,,2013,28
"BaselineSweep",2000,5,214,34.045,34.050,31.656,1,1,0.247,2.142,,2015,27
"BaselineSweep",2000,5,215,34.614,34.604,31.474,1,1,0.277,2.863,,2007,28
"BaselineSweep",2000,5,216,34.627,34.630,30.688,1,1,0.248,3.691,,1973,28
"BaselineSweep",2000,5,217,34.157,34.151,31.612,1,1,0.265,2.280,,2014,28
"BaselineSweep",2000,5,218,33.514,33.518,31.044,1,1,0.259,2.211,,2017,27
"BaselineSweep",2000,5,219,33.095,33.088,30.656,1,1,0.254,2.185,,2016,26
"BaselineSweep",2000,5,220,35.063,35.054,31.202,1,1,0.252,3.610,,1906,28
"BaselineSweep",2000,5,221,33.756,33.763,31.132,1,1,0.258,2.365,,2015,28
"BaselineSweep",2000,5,222,35.553,35.531,31.733,1,1,0.266,3.553,,2013,28
"BaselineSweep",2000,5,223,34.302,34.316,31.641,1,1,0.261,2.401,,2016,28
"BaselineSweep",2000,5,224,34.928,34.920,32.271,1,1,0.263,2.395,,2014,27
"BaselineSweep",2000,5,225,34.377,34.384,31.833,1,1,0.262,2.281,,1979,27
"BaselineSweep",2000,5,226,33.318,33.315,30.715,1,1,0.255,2.348,,2019,27
"BaselineSweep",2000,5,227,35.385,35.383,32.848,1,1,0.258,2.279,,2017,27
"BaselineSweep",2000,5,228,33.781,33.775,30.695,1,1,0.256,2.830,,2016,28
"BaselineSweep",2000,5,229,33.304,33.308,30.780,1,1,0.259,2.265,,2011,28
"BaselineSweep",2000,5,230,35.428,35.427,32.869,1,1,0.261,2.298,,2013,26
"BaselineSweep",2000,5,231,33.996,33.992,30.905,1,1,0.260,2.831,,2013,27
"BaselineSweep",2000,5,232,33.739,33.741,31.141,1,1,0.253,2.346,,2012,28
"BaselineSweep",2000,5,233,35.656,35.652,33.006,1,1,0.267,2.383,,2008,28
"BaselineSweep",2000,5,234,34.117,34.117,31.511,1,1,0.310,2.296,,2010,28
"BaselineSweep",2000,5,235,33.341,33.338,30.807,1,1,0.256,2.279,,2013,27
"BaselineSweep",2000,5,236,33.533,33.532,31.019,1,1,0.255,2.259,,2010,28
"BaselineSweep",2000,5,237,34.286,34.283,31.022,1,1,0.252,3.013,,2009,28
"BaselineSweep",2000,5,238,34.222,34.221,31.605,1,1,0.255,2.362,,2013,27
"BaselineSweep",2000,5,239,35.400,35.384,32.326,1,1,0.263,2.811,,2009,28
"BaselineSweep",2000,5,240,34.104,34.118,31.177,1,1,0.257,2.670,,2012,27
"BaselineSweep",2000,5,241,34.053,34.037,30.892,1,1,0.262,2.898,,2009,28
"BaselineSweep",2000,5,242,35.180,35.192,32.614,1,1,0.259,2.307,,2011,28
"BaselineSweep",2000,5,243,34.202,34.198,31.503,1,1,0.256,2.443,,2013,28
"BaselineSweep",2000,5,244,35.491,35.478,32.282,1,1,0.252,2.957,,2013,28
"BaselineSweep",2000,5,245,34.354,34.369,31.870,1,1,0.249,2.235,,2009,28
"BaselineSweep",2000,5,246,33.147,33.127,30.453,1,1,0.250,2.443,,2009,28
"BaselineSweep",2000,5,247,33.315,33.329,30.798,1,1,0.297,2.220,,2010,28
"BaselineSweep",2000,5,248,34.237,34.219,30.869,1,1,0.254,3.114,,2013,28
"BaselineSweep",2000,5,249,34.320,34.316,30.471,1,1,0.252,3.597,,2011,28
"BaselineSweep",2000,5,250,34.050,34.043,29.727,1,1,0.251,4.073,,2017,28
"BaselineSweep",2000,5,251,33.417,33.434,30.887,1,1,0.252,2.279,,2007,28
"BaselineSweep",2000,5,252,34.890,34.888,31.894,1,1,0.251,2.745,,2007,28
"BaselineSweep",2000,5,253,32.976,32.981,30.123,1,1,0.250,2.603,,2016,28
"BaselineSweep",2000,5,254,32.960,32.956,30.437,1,1,0.254,2.269,,2010,28
"BaselineSweep",2000,5,255,33.743,33.742,31.290,1,1,0.264,2.190,,2009,28
"BaselineSweep",2000,5,256,33.988,33.982,31.173,1,1,0.258,2.557,,2015,28
"BaselineSweep",2000,5,257,33.262,33.219,30.644,1,1,0.250,2.369,,2010,28
"BaselineSweep",2000,5,258,33.291,33.332,30.661,1,1,0.252,2.379,,2008,28
"BaselineSweep",2000,5,259,33.046,33.046,30.331,1,1,0.257,2.459,,2012,27
"BaselineSweep",2000,5,260,34.935,34.913,30.677,1,1,0.251,4.006,,2017,27
"BaselineSweep",2000,5,261,34.963,34.978,31.133,1,1,0.254,3.577,,2008,28
"BaselineSweep",2000,5,262,33.721,33.723,31.086,1,1,0.249,2.387,,2014,28
"BaselineSweep",2000,5,263,33.082,33.081,30.561,1,1,0.247,2.275,,2011,28
"BaselineSweep",2000,5,264,32.979,32.964,30.449,1,1,0.249,2.281,,2010,28
"BaselineSweep",2000,5,265,32.935,32.952,30.488,1,1,0.241,2.206,,2018,28
"BaselineSweep",2000,5,266,33.333,33.325,30.850,1,1,0.251,2.232,,2009,28
"BaselineSweep",2000,5,267,34.770,34.773,32.273,1,1,0.253,2.244,,2013,28
"BaselineSweep",2000,5,268,33.869,33.870,31.400,1,1,0.249,2.221,,2015,27
"BaselineSweep",2000,5,269,33.390,33.384,30.890,1,1,0.250,2.249,,2017,28
"BaselineSweep",2000,5,270,32.916,32.913,30.486,1,1,0.245,2.185,,2006,27
"BaselineSweep",2000,5,271,32.931,32.935,30.496,1,1,0.241,2.194,,2015,28
"BaselineSweep",2000,5,272,33.278,33.273,30.848,1,1,0.244,2.187,,2018,28
"BaselineSweep",2000,5,273,34.332,34.311,30.685,1,1,0.319,3.328,,2012,28
"BaselineSweep",2000,5,274,33.693,33.690,30.681,1,1,0.246,2.766,,2012,28
"BaselineSweep",2000,5,275,32.064,32.071,29.118,1,1,0.250,2.696,,2012,28
"BaselineSweep",2000,5,276,32.253,32.259,29.509,1,1,0.243,2.501,,2010,27
"BaselineSweep",2000,5,277,34.884,34.875,30.845,1,1,0.244,3.794,,2017,28
"BaselineSweep",2000,5,278,33.789,33.772,29.684,1,1,0.242,3.863,,1999,28
"BaselineSweep",2000,5,279,32.202,32.216,29.331,1,1,0.243,2.628,,2009,26
"BaselineSweep",2000,5,280,31.817,31.821,28.923,1,1,0.243,2.652,,2004,27
"BaselineSweep",2000,5,281,32.337,32.330,29.397,1,1,0.247,2.693,,2015,28
"BaselineSweep",2000,5,282,31.575,31.574,28.820,1,1,0.238,2.517,,2015,28
"BaselineSweep",2000,5,283,32.405,32.415,29.199,1,1,0.236,2.970,,2008,28
"BaselineSweep",2000,5,284,32.614,32.603,28.869,1,1,0.237,3.508,,2002,28
"BaselineSweep",2000,5,285,33.839,33.830,30.504,1,1,0.241,3.095,,2013,28
"BaselineSweep",2000,5,286,32.641,32.650,29.789,1,1,0.249,2.603,,2011,28
"BaselineSweep",2000,5,287,33.550,33.544,30.537,1,1,0.255,2.758,,2015,28
"BaselineSweep",2000,5,288,34.146,34.149,30.614,1,1,0.244,3.288,,2014,28
"BaselineSweep",2000,5,289,33.448,33.420,30.314,1,1,0.292,2.842,,2007,28
"BaselineSweep",2000,5,290,34.697,34.715,31.334,1,1,0.254,3.109,,2016,28
"BaselineSweep",2000,5,291,33.965,33.963,30.707,1,1,0.306,2.953,,2015,26
"BaselineSweep",2000,5,292,33.540,33.536,30.329,1,1,0.251,2.960,,2017,27
"BaselineSweep",2000,5,293,33.202,33.200,30.141,1,1,0.254,2.807,,2017,28
"BaselineSweep",2000,5,294,32.923,32.920,29.968,1,1,0.251,2.704,,2016,27
"BaselineSweep",2000,5,295,33.496,33.500,30.351,1,1,0.250,2.895,,2012,28
"BaselineSweep",2000,5,296,34.099,34.071,30.374,1,1,0.257,3.468,,2012,27
"BaselineSweep",2000,5,297,35.429,35.445,31.482,1,1,0.249,3.698,,2004,26
"BaselineSweep",2000,5,298,33.602,33.603,30.074,1,1,0.252,3.276,,2013,28
"BaselineSweep",2000,5,299,33.047,33.043,30.040,1,1,0.259,2.749,,2011,28
"BaselineSweep",5000,5,0,204.167,204.164,200.424,1,1,0.599,3.143,,4987,58
"BaselineSweep",5000,5,1,202.015,202.008,197.635,1,1,0.607,3.773,,4968,58
"BaselineSweep",5000,5,2,199.001,198.972,193.151,1,1,0.604,5.247,,5003,58
"BaselineSweep",5000,5,3,200.184,200.215,196.336,1,1,0.611,3.237,,4998,58
"BaselineSweep",5000,5,4,202.429,202.417,197.127,1,1,0.686,4.616,,4990,58
"BaselineSweep",5000,5,5,200.051,200.038,195.302,1,1,0.628,4.122,,4991,58
"BaselineSweep",5000,5,6,201.168,201.183,195.996,1,1,0.659,4.514,,4998,56
"BaselineSweep",5000,5,7,202.695,202.675,197.696,1,1,0.609,4.390,,5001,58
"BaselineSweep",5000,5,8,199.777,199.797,195.976,1,1,0.620,3.180,,5005,58
"BaselineSweep",5000,5,9,198.422,198.419,194.108,1,1,0.648,3.665,,4972,57
"BaselineSweep",5000,5,10,200.902,200.771,196.215,1,1,0.586,4.101,,5005,57
"BaselineSweep",5000,5,11,197.252,197.385,192.848,1,1,0.989,3.415,,4977,58
"BaselineSweep",5000,5,12,192.373,192.360,188.002,1,1,0.579,3.792,,4983,58
"BaselineSweep",5000,5,13,200.091,200.093,196.084,1,1,0.583,3.423,,4992,58
"BaselineSweep",5000,5,14,193.779,193.776,188.085,1,1,0.613,5.081,,4995,58
"BaselineSweep",5000,5,15,190.642,190.645,185.242,1,1,0.570,4.830,,4999,58
"BaselineSweep",5000,5,16,191.000,190.996,186.029,1,1,0.577,4.394,,4426,58
"BaselineSweep",5000,5,17,191.241,191.243,186.198,1,1,0.567,4.476,,4940,58
"BaselineSweep",5000,5,18,193.327,193.323,188.097,1,1,0.579,4.652,,4974,57
"BaselineSweep",5000,5,19,186.381,186.383,182.636,1,1,0.576,3.169,,4987,58
"BaselineSweep",5000,5,20,194.809,194.797,188.379,1,1,0.618,5.812,,3381,58
"BaselineSweep",5000,5,21,186.256,186.267,182.422,1,1,0.577,3.257,,4984,58
"BaselineSweep",5000,5,22,188.229,188.229,184.334,1,1,0.576,3.319,,4995,58
"BaselineSweep",5000,5,23,194.661,194.655,188.709,1,1,0.656,5.296,,4973,58
"BaselineSweep",5000,5,24,193.578,193.577,188.617,1,1,0.553,4.408,,4990,57
"BaselineSweep",5000,5,25,192.213,192.207,188.670,1,1,0.557,2.987,,4993,58
"BaselineSweep",5000,5,26,192.876,192.882,188.835,1,1,0.563,3.477,,3383,58
"BaselineSweep",5000,5,27,185.587,185.588,181.964,1,1,0.572,3.051,,4993,58
"BaselineSweep",5000,5,28,189.873,189.862,186.285,1,1,0.567,3.021,,4915,58
"BaselineSweep",5000,5,29,192.619,192.621,188.888,1,1,0.575,3.157,,4956,58
"BaselineSweep",5000,5,30,195.179,195.170,191.609,1,1,0.575,2.995,,4999,57
"BaselineSweep",5000,5,31,199.127,199.134,195.404,1,1,0.571,3.151,,5007,58
"BaselineSweep",5000,5,32,196.485,196.484,192.156,1,1,0.558,3.771,,4957,57
"BaselineSweep",5000,5,33,191.581,191.584,187.922,1,1,0.572,3.087,,4996,57
"BaselineSweep",5000,5,34,191.731,191.718,188.163,1,1,0.568,3.000,,4959,58
"BaselineSweep",5000,5,35,191.804,191.812,187.975,1,1,0.547,3.282,,4995,57
"BaselineSweep",5000,5,36,188.731,188.731,184.909,1,1,0.757,3.065,,4998,57
"BaselineSweep",5000,5,37,191.468,191.466,187.911,1,1,0.556,3.001,,4992,58
"BaselineSweep",5000,5,38,187.302,187.302,183.181,1,1,0.562,3.559,,5000,58
"BaselineSweep",5000,5,39,190.851,190.851,186.576,1,1,0.567,3.709,,4989,58
"BaselineSweep",5000,5,40,187.761,187.749,183.162,1,1,0.556,4.043,,4990,58
"BaselineSweep",5000,5,41,185.494,185.503,181.733,1,1,0.554,3.207,,4997,58
"BaselineSweep",5000,5,42,189.647,189.624,184.911,1,1,0.578,4.158,,4975,57
"BaselineSweep",5000,5,43,189.133,189.151,184.815,1,1,0.608,3.711,,4996,58
"BaselineSweep",5000,5,44,184.520,184.520,180.923,1,1,0.569,3.028,,4998,58
"BaselineSweep",5000,5,45,179.867,179.867,176.314,1,1,0.551,3.003,,4985,58
"BaselineSweep",5000,5,46,188.399,188.377,183.140,1,1,0.555,4.704,,4941,58
"BaselineSweep",5000,5,47,190.889,190.905,186.846,1,1,0.555,3.488,,4995,58
"BaselineSweep",5000,5,48,192.665,192.646,187.130,1,1,0.753,4.782,,5001,58
"BaselineSweep",5000,5,49,192.718,192.732,187.451,1,1,0.559,4.708,,4998,58
"BaselineSweep",5000,5,50,183.526,183.532,180.085,1,1,0.561,2.880,,4991,58
"BaselineSweep",5000,5,51,187.761,187.759,184.199,1,1,0.551,3.011,,4983,58
"BaselineSweep",5000,5,52,182.581,182.540,177.972,1,1,0.552,4.057,,4993,58
"BaselineSweep",5000,5,53,178.701,178.738,175.085,1,1,0.549,3.068,,4994,58
"BaselineSweep",5000,5,54,185.980,185.979,182.471,1,1,0.551,2.958,,4999,58
"BaselineSweep",5000,5,55,185.856,185.849,182.091,1,1,0.562,3.203,,5005,57
"BaselineSweep",5000,5,56,198.398,198.393,192.473,1,1,0.601,5.324,,4806,58
"BaselineSweep",5000,5,57,185.650,185.659,182.097,1,1,0.591,2.963,,4992,57
"BaselineSweep",5000,5,58,186.399,186.385,181.407,1,1,0.588,4.404,,4997,57
"BaselineSweep",5000,5,59,188.084,188.094,184.430,1,1,0.599,3.055,,4986,58
"BaselineSweep",5000,5,60,190.426,190.420,186.303,1,1,0.557,3.565,,4990,58
"BaselineSweep",5000,5,61,189.615,189.614,185.340,1,1,0.537,3.738,,5006,58
"BaselineSweep",5000,5,62,186.006,186.003,182.512,1,1,0.546,2.948,,5002,58
"BaselineSweep",5000,5,63,180.373,180.355,176.826,1,1,0.541,3.006,,4990,58
"BaselineSweep",5000,5,64,188.390,188.404,184.493,1,1,0.559,3.337,,4999,58
"BaselineSweep",5000,5,65,182.844,182.846,179.338,1,1,0.590,2.916,,4992,58
"BaselineSweep",5000,5,66,187.442,187.418,182.579,1,1,0.552,4.311,,4997,58
"BaselineSweep",5000,5,67,186.922,186.930,181.178,1,1,0.550,5.193,,5008,58
"BaselineSweep",5000,5,68,185.780,185.762,180.862,1,1,0.550,4.368,,4988,58
"BaselineSweep",5000,5,69,184.699,184.714,180.869,1,1,0.591,3.239,,4997,58
"BaselineSweep",5000,5,70,188.388,188.341,183.284,1,1,0.558,4.546,,5001,58
"BaselineSweep",5000,5,71,183.038,183.075,179.380,1,1,0.560,3.098,,4978,58
"BaselineSweep",5000,5,72,183.416,183.436,179.809,1,1,0.600,3.008,,4999,57
"BaselineSweep",5000,5,73,184.456,184.443,178.837,1,1,0.567,5.053,,4978,58
"BaselineSweep",5000,5,74,195.157,195.153,189.502,1,1,0.571,5.085,,4997,58
"BaselineSweep",5000,5,75,190.021,190.031,186.533,1,1,0.559,2.929,,4968,58
"BaselineSweep",5000,5,76,186.422,186.407,181.862,1,1,0.654,3.906,,4994,57
"BaselineSweep",5000,5,77,185.227,185.228,181.437,1,1,0.563,3.227,,4995,58
"BaselineSweep",5000,5,78,191.113,191.122,187.527,1,1,0.544,3.042,,4998,57
"BaselineSweep",5000,5,79,191.335,191.329,186.283,1,1,0.531,4.521,,5000,58
"BaselineSweep",5000,5,80,184.178,184.182,180.292,1,1,0.586,3.301,,4962,58
"BaselineSweep",5000,5,81,176.367,176.349,171.832,1,1,0.547,3.987,,4989,58
"BaselineSweep",5000,5,82,178.340,178.344,173.360,1,1,0.577,4.404,,4848,58
"BaselineSweep",5000,5,83,190.051,190.052,186.237,1,1,0.572,3.241,,5009,58
"BaselineSweep",5000,5,84,188.614,188.611,183.196,1,1,0.572,4.845,,5002,57
"BaselineSweep",5000,5,85,195.304,195.273,189.626,1,1,0.550,5.128,,5012,58
"BaselineSweep",5000,5,86,193.433,193.464,189.575,1,1,0.789,3.069,,4992,58
"BaselineSweep",5000,5,87,188.525,188.524,184.121,1,1,0.571,3.833,,5013,57
"BaselineSweep",5000,5,88,190.344,190.343,186.277,1,1,0.601,3.467,,5001,58
"BaselineSweep",5000,5,89,191.515,191.512,187.397,1,1,0.559,3.558,,4998,58
"BaselineSweep",5000,5,90,195.933,195.934,192.351,1,1,0.559,3.022,,5004,58
"BaselineSweep",5000,5,91,185.992,185.993,182.590,1,1,0.550,2.852,,5000,58
"BaselineSweep",5000,5,92,186.437,186.409,181.820,1,1,0.582,4.036,,4993,58
"BaselineSweep",5000,5,93,183.916,183.929,177.281,1,1,1.080,5.555,,4912,57
"BaselineSweep",5000,5,94,183.233,183.237,178.379,1,1,0.726,4.128,,4992,58
"BaselineSweep",5000,5,95,181.686,181.687,177.563,1,1,0.540,3.583,,4996,58
"BaselineSweep",5000,5,96,185.703,185.677,181.235,1,1,0.537,3.931,,4992,58
"BaselineSweep",5000,5,97,189.081,189.061,183.229,1,1,0.542,5.310,,4945,58
"BaselineSweep",5000,5,98,178.546,178.587,174.872,1,1,0.554,3.120,,4992,58
"BaselineSweep",5000,5,99,187.690,187.688,183.837,1,1,0.529,3.323,,4988,57
"BaselineSweep",5000,5,100,182.192,182.191,178.018,1,1,0.542,3.632,,4984,57
"BaselineSweep",5000,5,101,181.220,181.219,177.563,1,1,0.578,3.080,,4993,58
"BaselineSweep",5000,5,102,180.681,180.672,175.892,1,1,0.624,4.165,,4985,55
"BaselineSweep",5000,5,103,184.881,184.878,181.318,1,1,0.542,3.021,,5004,58
"BaselineSweep",5000,5,104,183.311,183.315,179.715,1,1,0.599,2.996,,5005,58
"BaselineSweep",5000,5,105,179.815,179.812,175.887,1,1,0.562,3.365,,4999,58
"BaselineSweep",5000,5,106,193.425,193.412,187.967,1,1,0.573,4.885,,4977,58
"BaselineSweep",5000,5,107,190.281,190.274,185.155,1,1,1.034,4.092,,4944,58
"BaselineSweep",5000,5,108,189.869,189.883,186.310,1,1,0.563,2.996,,4994,58
"BaselineSweep",5000,5,109,183.894,183.896,180.514,1,1,0.623,2.757,,4991,58
"BaselineSweep",5000,5,110,181.548,181.536,177.097,1,1,0.590,3.861,,4979,58
"BaselineSweep",5000,5,111,185.868,185.873,181.968,1,1,0.572,3.329,,4987,58
"BaselineSweep",5000,5,112,194.315,194.304,190.703,1,1,0.571,3.041,,4979,58
"BaselineSweep",5000,5,113,192.852,192.860,189.264,1,1,0.567,3.021,,5004,58
"BaselineSweep",5000,5,114,191.620,191.616,186.166,1,1,1.138,4.316,,5005,58
"BaselineSweep",5000,5,115,194.661,194.662,189.381,1,1,0.596,4.685,,4995,57
"BaselineSweep",5000,5,116,181.196,181.200,177.766,1,1,0.551,2.879,,4994,58
"BaselineSweep",5000,5,117,186.620,186.609,182.125,1,1,0.575,3.921,,4999,58
"BaselineSweep",5000,5,118,191.125,191.127,187.054,1,1,0.666,3.405,,4950,58
"BaselineSweep",5000,5,119,185.509,185.508,181.311,1,1,0.536,3.661,,5003,58
"BaselineSweep",5000,5,120,183.327,183.316,178.969,1,1,0.548,3.810,,4995,57
"BaselineSweep",5000,5,121,186.922,186.931,183.107,1,1,0.564,3.251,,5002,58
"BaselineSweep",5000,5,122,186.407,186.401,180.945,1,1,0.588,4.874,,4988,58
"BaselineSweep",5000,5,123,189.364,189.368,185.352,1,1,0.595,3.418,,4968,58
"BaselineSweep",5000,5,124,187.324,187.321,183.660,1,1,0.560,3.104,,5005,57
"BaselineSweep",5000,5,125,182.162,182.162,178.649,1,1,0.554,2.958,,4999,58
"BaselineSweep",5000,5,126,192.071,192.057,187.665,1,1,0.557,3.849,,4989,58
"BaselineSweep",5000,5,127,184.690,184.698,181.213,1,1,0.541,2.936,,4995,58
"BaselineSweep",5000,5,128,187.303,187.299,183.479,1,1,0.532,3.292,,4987,57
"BaselineSweep",5000,5,129,183.593,183.591,179.519,1,1,0.555,3.519,,5003,58
"BaselineSweep",5000,5,130,185.711,185.713,180.355,1,1,0.549,4.807,,4997,58
"BaselineSweep",5000,5,131,180.959,180.957,177.146,1,1,0.555,3.258,,4997,58
"BaselineSweep",5000,5,132,182.827,182.827,179.075,1,1,0.551,3.200,,4966,58
"BaselineSweep",5000,5,133,178.858,178.845,174.365,1,1,0.557,3.936,,4998,58
"BaselineSweep",5000,5,134,184.341,184.348,177.794,1,1,0.559,5.987,,4994,58
"BaselineSweep",5000,5,135,188.110,188.112,184.542,1,1,0.549,3.019,,5006,58
"BaselineSweep",5000,5,136,197.526,197.521,193.591,1,1,0.560,3.376,,5004,58
"BaselineSweep",5000,5,137,188.995,188.993,185.295,1,1,0.563,3.137,,4930,58
"BaselineSweep",5000,5,138,187.064,187.061,182.904,1,1,0.559,3.602,,4996,57
"BaselineSweep",5000,5,139,192.024,192.028,188.178,1,1,0.560,3.287,,4998,57
"BaselineSweep",5000,5,140,190.025,190.019,184.755,1,1,0.617,4.654,,4990,57
"BaselineSweep",5000,5,141,188.325,188.324,183.509,1,1,0.565,4.251,,5004,57
"BaselineSweep",5000,5,142,192.203,192.201,188.659,1,1,0.558,2.986,,5005,58
"BaselineSweep",5000,5,143,183.019,183.019,178.262,1,1,0.568,4.190,,4999,58
"BaselineSweep",5000,5,144,188.367,188.369,184.816,1,1,0.547,3.003,,4999,58
"BaselineSweep",5000,5,145,187.425,187.425,183.850,1,1,0.562,3.013,,4997,58
"BaselineSweep",5000,5,146,192.247,192.239,187.519,1,1,0.548,4.180,,4926,57
"BaselineSweep",5000,5,147,176.113,176.114,172.426,1,1,0.536,3.151,,4996,57
"BaselineSweep",5000,5,148,180.924,180.924,177.252,1,1,0.564,3.108,,4995,58
"BaselineSweep",5000,5,149,186.258,186.255,181.972,1,1,0.628,3.658,,5001,58
"BaselineSweep",5000,5,150,188.149,188.152,183.206,1,1,0.968,3.975,,4999,58
"BaselineSweep",5000,5,151,192.655,192.644,188.093,1,1,0.573,3.989,,4991,58
"BaselineSweep",5000,5,152,191.742,191.703,185.778,1,1,0.865,5.100,,4992,58
"BaselineSweep",5000,5,153,185.978,186.018,181.849,1,1,0.571,3.557,,4999,58
"BaselineSweep",5000,5,154,192.341,192.342,188.760,1,1,0.598,2.983,,4999,58
"BaselineSweep",5000,5,155,190.597,190.596,186.805,1,1,0.552,3.239,,4996,58
"BaselineSweep",5000,5,156,194.056,194.050,189.104,1,1,0.561,4.391,,4910,58
"BaselineSweep",5000,5,157,187.067,187.069,183.577,1,1,0.559,2.931,,5004,57
"BaselineSweep",5000,5,158,183.602,183.598,179.761,1,1,0.568,3.273,,4987,57
"BaselineSweep",5000,5,159,188.450,188.440,183.531,1,1,0.553,4.366,,4991,58
"BaselineSweep",5000,5,160,187.296,187.300,183.074,1,1,0.564,3.658,,4996,58
"BaselineSweep",5000,5,161,187.212,187.210,183.309,1,1,0.574,3.329,,4982,58
"BaselineSweep",5000,5,162,192.049,192.055,188.216,1,1,0.560,3.273,,4987,58
"BaselineSweep",5000,5,163,192.985,192.973,188.852,1,1,0.556,3.578,,4991,58
"BaselineSweep",5000,5,164,187.472,187.479,183.903,1,1,0.562,3.007,,5003,57
"BaselineSweep",5000,5,165,190.963,190.955,186.020,1,1,0.550,4.394,,4997,57
"BaselineSweep",5000,5,166,187.898,187.864,182.847,1,1,0.567,4.484,,4992,58
"BaselineSweep",5000,5,167,192.918,192.955,189.109,1,1,0.554,3.255,,4964,58
"BaselineSweep",5000,5,168,189.226,189.211,184.628,1,1,0.587,4.011,,4994,58
"BaselineSweep",5000,5,169,182.262,182.269,176.850,1,1,0.564,4.848,,4987,57
"BaselineSweep",5000,5,170,187.924,187.929,184.229,1,1,0.561,3.134,,4996,58
"BaselineSweep",5000,5,171,183.465,183.454,179.572,1,1,0.590,3.303,,5001,58
"BaselineSweep",5000,5,172,190.945,190.953,187.402,1,1,0.581,2.962,,4987,58
"BaselineSweep",5000,5,173,187.957,187.948,183.324,1,1,0.610,4.023,,5000,58
"BaselineSweep",5000,5,174,183.445,183.413,179.764,1,1,0.569,3.111,,5005,58
"BaselineSweep",5000,5,175,188.855,188.889,184.766,1,1,0.718,3.371,,4994,58
"BaselineSweep",5000,5,176,188.158,188.153,182.640,1,1,0.562,4.956,,4996,58
"BaselineSweep",5000,5,177,190.222,190.226,186.693,1,1,0.558,2.972,,4996,57
"BaselineSweep",5000,5,178,184.118,184.102,179.434,1,1,0.555,4.129,,4990,58
"BaselineSweep",5000,5,179,183.001,182.976,178.089,1,1,0.594,4.318,,5002,58
"BaselineSweep",5000,5,180,182.187,182.221,178.598,1,1,0.568,3.022,,4994,58
"BaselineSweep",5000,5,181,188.453,188.446,183.393,1,1,0.599,4.460,,5003,58
"BaselineSweep",5000,5,182,188.617,188.606,184.962,1,1,0.568,3.086,,4998,58
"BaselineSweep",5000,5,183,189.457,189.454,184.989,1,1,0.597,3.871,,4981,58
"BaselineSweep",5000,5,184,189.225,189.225,185.539,1,1,0.620,3.065,,4997,57
"BaselineSweep",5000,5,185,195.017,195.023,190.652,1,1,0.600,3.765,,4999,58
"BaselineSweep",5000,5,186,192.880,192.876,187.117,1,1,0.610,5.153,,5009,58
"BaselineSweep",5000,5,187,192.028,192.031,188.153,1,1,0.578,3.297,,4995,58
"BaselineSweep",5000,5,188,196.710,196.684,192.671,1,1,0.600,3.438,,4989,58
"BaselineSweep",5000,5,189,192.661,192.669,187.999,1,1,0.591,4.071,,4927,58
"BaselineSweep",5000,5,190,193.521,193.517,189.087,1,1,0.591,3.843,,4976,58
"BaselineSweep",5000,5,191,195.422,195.427,189.596,1,1,0.589,5.237,,4882,58
"BaselineSweep",5000,5,192,195.856,195.852,192.167,1,1,0.625,3.064,,4986,58
"BaselineSweep",5000,5,193,188.701,188.712,184.934,1,1,0.625,3.142,,5007,57
"BaselineSweep",5000,5,194,190.905,190.885,185.636,1,1,0.593,4.676,,4994,57
"BaselineSweep",5000,5,195,191.820,191.834,187.612,1,1,0.577,3.631,,4853,57
"BaselineSweep",5000,5,196,188.986,188.988,185.269,1,1,0.580,3.138,,4942,58
"BaselineSweep",5000,5,197,191.948,191.935,188.250,1,1,0.622,3.076,,4995,58
"BaselineSweep",5000,5,198,193.405,193.405,189.562,1,1,0.593,3.250,,4978,58
"BaselineSweep",5000,5,199,195.932,195.942,192.321,1,1,0.579,3.033,,5003,57
"BaselineSweep",5000,5,200,195.300,195.298,191.667,1,1,0.574,3.059,,4993,58
"BaselineSweep",5000,5,201,192.305,192.304,188.400,1,1,0.590,3.315,,4995,58
"BaselineSweep",5000,5,202,185.680,185.670,180.281,1,1,0.580,4.818,,4988,58
"BaselineSweep",5000,5,203,192.092,192.099,188.229,1,1,0.594,3.269,,4997,58
"BaselineSweep",5000,5,204,194.327,194.322,190.537,1,1,0.582,3.208,,4994,58
"BaselineSweep",5000,5,205,191.518,191.519,187.752,1,1,0.592,3.174,,5003,58
"BaselineSweep",5000,5,206,189.428,189.428,185.826,1,1,0.577,3.025,,4991,58
"BaselineSweep",5000,5,207,190.638,190.631,186.884,1,1,0.617,3.137,,4968,58
"BaselineSweep",5000,5,208,192.419,192.422,188.721,1,1,0.581,3.117,,4976,58
"BaselineSweep",5000,5,209,190.160,190.153,186.137,1,1,0.584,3.439,,4999,58
"BaselineSweep",5000,5,210,195.703,195.701,191.863,1,1,0.601,3.239,,4992,58
"BaselineSweep",5000,5,211,196.068,196.072,192.350,1,1,0.592,3.125,,4970,58
"BaselineSweep",5000,5,212,193.250,193.241,188.929,1,1,0.588,3.732,,4985,58
"BaselineSweep",5000,5,213,191.746,191.738,186.544,1,1,0.587,4.615,,5000,58
"BaselineSweep",5000,5,214,193.570,193.576,189.717,1,1,0.596,3.257,,5005,58
"BaselineSweep",5000,5,215,192.383,192.383,188.245,1,1,0.608,3.529,,5001,58
"BaselineSweep",5000,5,216,193.405,193.398,189.273,1,1,0.594,3.538,,4987,58
"BaselineSweep",5000,5,217,196.865,196.859,192.407,1,1,0.610,3.848,,5002,58
"BaselineSweep",5000,5,218,196.025,196.012,192.383,1,1,0.594,3.048,,4943,58
"BaselineSweep",5000,5,219,195.790,195.808,192.029,1,1,0.573,3.188,,4998,58
"BaselineSweep",5000,5,220,195.795,195.794,191.913,1,1,0.600,3.283,,4984,58
"BaselineSweep",5000,5,221,196.545,196.534,192.533,1,1,0.583,3.430,,4993,57
"BaselineSweep",5000,5,222,197.047,197.054,193.212,1,1,0.609,3.225,,4998,58
"BaselineSweep",5000,5,223,198.576,198.579,194.859,1,1,0.602,3.114,,4999,58
"BaselineSweep",5000,5,224,193.142,193.138,189.300,1,1,0.668,3.174,,4993,58
"BaselineSweep",5000,5,225,192.227,192.219,187.749,1,1,0.601,3.877,,5006,58
"BaselineSweep",5000,5,226,199.477,199.467,194.271,1,1,0.606,4.600,,5002,57
"BaselineSweep",5000,5,227,198.598,198.610,194.764,1,1,0.634,3.200,,5002,58
"BaselineSweep",5000,5,228,192.362,192.358,188.606,1,1,0.597,3.158,,5006,57
"BaselineSweep",5000,5,229,192.580,192.582,188.834,1,1,0.594,3.151,,5002,58
"BaselineSweep",5000,5,230,200.013,200.011,195.942,1,1,0.583,3.487,,5003,58
"BaselineSweep",5000,5,231,198.556,198.542,194.268,1,1,0.570,3.718,,5000,57
"BaselineSweep",5000,5,232,193.330,193.336,188.584,1,1,0.569,4.177,,4988,58
"BaselineSweep",5000,5,233,192.441,192.443,188.646,1,1,0.580,3.216,,4989,58
"BaselineSweep",5000,5,234,192.088,192.079,188.451,1,1,0.583,3.054,,4996,58
"BaselineSweep",5000,5,235,197.083,197.075,192.883,1,1,0.617,3.582,,4997,58
"BaselineSweep",5000,5,236,193.930,193.909,188.842,1,1,0.583,4.505,,4663,58
"BaselineSweep",5000,5,237,190.781,190.800,186.787,1,1,0.658,3.336,,5001,58
"BaselineSweep",5000,5,238,193.436,193.444,189.504,1,1,0.612,3.320,,4998,57
"BaselineSweep",5000,5,239,193.846,193.832,190.158,1,1,0.571,3.117,,4994,56
"BaselineSweep",5000,5,240,191.107,191.113,187.421,1,1,0.617,3.070,,4994,57
"BaselineSweep",5000,5,241,196.554,196.559,192.522,1,1,0.674,3.358,,5012,58
"BaselineSweep",5000,5,242,194.683,194.662,190.110,1,1,0.612,3.961,,4962,57
"BaselineSweep",5000,5,243,194.398,194.392,190.665,1,1,0.571,3.162,,5004,58
"BaselineSweep",5000,5,244,194.630,194.651,190.986,1,1,0.557,3.087,,4996,58
"BaselineSweep",5000,5,245,189.843,189.839,184.854,1,1,0.567,4.422,,4987,58
"BaselineSweep",5000,5,246,189.570,189.572,185.806,1,1,0.560,3.204,,5007,58
"BaselineSweep",5000,5,247,192.114,192.101,188.002,1,1,0.574,3.538,,5008,58
"BaselineSweep",5000,5,248,195.139,195.147,191.277,1,1,0.603,3.259,,5001,57
"BaselineSweep",5000,5,249,190.770,190.689,185.134,1,1,0.590,5.046,,4998,58
"BaselineSweep",5000,5,250,186.985,187.069,183.450,1,1,0.570,2.965,,4996,58
"BaselineSweep",5000,5,251,193.537,193.522,189.990,1,1,0.569,2.978,,4995,58
"BaselineSweep",5000,5,252,195.623,195.636,192.023,1,1,0.566,3.034,,4959,57
"BaselineSweep",5000,5,253,194.428,194.417,189.402,1,1,0.605,4.420,,4985,58
"BaselineSweep",5000,5,254,192.859,192.853,188.389,1,1,1.024,3.446,,4973,58
"BaselineSweep",5000,5,255,193.771,193.776,189.975,1,1,0.598,3.199,,4995,58
"BaselineSweep",5000,5,256,196.856,196.857,192.992,1,1,0.613,3.251,,5007,58
"BaselineSweep",5000,5,257,204.009,203.997,199.200,1,1,0.594,4.216,,5003,57
"BaselineSweep",5000,5,258,198.724,198.734,195.171,1,1,0.576,2.976,,4907,58
"BaselineSweep",5000,5,259,192.545,192.539,188.626,1,1,0.641,3.278,,5009,57
"BaselineSweep",5000,5,260,195.573,195.576,192.029,1,1,0.563,2.980,,4997,58
"BaselineSweep",5000,5,261,198.817,198.813,195.104,1,1,0.590,3.123,,5005,57
"BaselineSweep",5000,5,262,201.937,201.932,196.947,1,1,0.578,4.412,,4998,58
"BaselineSweep",5000,5,263,195.651,195.651,191.748,1,1,0.598,3.304,,5003,58
"BaselineSweep",5000,5,264,204.731,204.725,199.704,1,1,0.603,4.423,,4998,58
"BaselineSweep",5000,5,265,196.048,196.049,190.604,1,1,0.619,4.825,,4991,57
"BaselineSweep",5000,5,266,198.884,198.875,195.147,1,1,0.585,3.152,,4951,57
"BaselineSweep",5000,5,267,197.377,197.386,193.345,1,1,0.605,3.427,,5002,58
"BaselineSweep",5000,5,268,200.516,200.508,196.369,1,1,0.636,3.511,,4906,56
"BaselineSweep",5000,5,269,202.046,202.038,196.347,1,1,0.593,5.106,,4994,58
"BaselineSweep",5000,5,270,200.388,200.388,193.642,1,1,0.673,6.073,,5005,58
"BaselineSweep",5000,5,271,193.240,193.238,188.103,1,1,0.567,4.570,,4822,58
"BaselineSweep",5000,5,272,197.562,197.561,191.661,1,1,0.571,5.330,,4943,58
"BaselineSweep",5000,5,273,196.662,196.663,190.910,1,1,0.601,5.152,,4994,57
"BaselineSweep",5000,5,274,193.898,193.895,188.039,1,1,0.560,5.299,,4999,57
"BaselineSweep",5000,5,275,191.729,191.721,186.645,1,1,0.586,4.497,,5003,58
"BaselineSweep",5000,5,276,190.855,190.861,186.585,1,1,0.587,3.683,,4966,58
"BaselineSweep",5000,5,277,194.144,194.142,189.603,1,1,0.573,3.967,,4998,58
"BaselineSweep",5000,5,278,189.791,189.781,184.962,1,1,0.575,4.254,,4992,58
"BaselineSweep",5000,5,279,194.897,194.850,189.888,1,1,0.563,4.446,,4995,58
"BaselineSweep",5000,5,280,188.891,188.914,183.979,1,1,0.634,4.278,,4667,58
"BaselineSweep",5000,5,281,193.662,193.670,188.648,1,1,0.566,4.448,,4988,58
"BaselineSweep",5000,5,282,194.454,194.447,188.729,1,1,0.566,5.159,,5001,58
"BaselineSweep",5000,5,283,196.690,196.675,190.773,1,1,0.569,5.349,,5001,58
"BaselineSweep",5000,5,284,187.503,187.497,182.889,1,1,0.575,4.039,,4962,58
"BaselineSweep",5000,5,285,194.082,194.102,189.271,1,1,0.571,4.240,,4945,58
"BaselineSweep",5000,5,286,195.141,195.133,189.121,1,1,0.576,5.443,,4996,58
"BaselineSweep",5000,5,287,193.348,193.334,188.609,1,1,0.568,4.171,,5000,58
"BaselineSweep",5000,5,288,192.496,192.505,187.380,1,1,0.567,4.549,,4992,58
"BaselineSweep",5000,5,289,194.100,194.101,189.180,1,1,0.569,4.351,,4982,58
"BaselineSweep",5000,5,290,196.127,196.126,191.439,1,1,0.577,4.111,,4987,58
"BaselineSweep",5000,5,291,189.155,189.146,184.235,1,1,0.729,4.191,,4982,58
"BaselineSweep",5000,5,292,192.085,192.091,187.515,1,1,0.590,3.980,,5002,57
"BaselineSweep",5000,5,293,186.614,186.600,181.880,1,1,0.562,4.173,,5000,58
"BaselineSweep",5000,5,294,190.564,190.575,186.217,1,1,0.595,3.752,,4993,58
"BaselineSweep",5000,5,295,191.107,191.105,184.279,1,1,0.581,6.247,,5000,57
"BaselineSweep",5000,5,296,190.819,190.830,186.976,1,1,0.578,3.265,,4987,58
"BaselineSweep",5000,5,297,184.819,184.803,181.120,1,1,0.564,3.136,,4959,57
"BaselineSweep",5000,5,298,189.990,189.994,185.837,1,1,0.633,3.521,,4978,58
"BaselineSweep",5000,5,299,187.497,187.494,183.652,1,1,0.609,3.236,,4993,58
"BaselineSweep",10000,5,0,749.323,749.314,741.040,1,1,1.120,7.162,,9929,108
"BaselineSweep",10000,5,1,736.747,736.748,729.504,1,1,1.054,6.189,,9838,108
"BaselineSweep",10000,5,2,728.279,728.266,720.548,1,1,1.158,6.573,,9770,108
"BaselineSweep",10000,5,3,730.760,730.776,725.168,1,1,1.158,4.434,,9951,108
"BaselineSweep",10000,5,4,719.508,719.502,713.669,1,1,1.065,4.774,,9962,108
"BaselineSweep",10000,5,5,722.746,722.746,716.968,1,1,1.051,4.728,,9907,108
"BaselineSweep",10000,5,6,706.247,706.248,700.732,1,1,1.056,4.459,,9863,108
"BaselineSweep",10000,5,7,719.708,719.706,714.152,1,1,1.042,4.514,,9974,108
"BaselineSweep",10000,5,8,735.608,735.605,729.741,1,1,1.075,4.791,,9952,108
"BaselineSweep",10000,5,9,733.716,733.689,727.630,1,1,1.089,4.997,,9725,108
"BaselineSweep",10000,5,10,740.121,740.132,733.990,1,1,1.509,4.623,,9980,108
"BaselineSweep",10000,5,11,746.537,746.434,738.854,1,1,1.081,6.602,,9977,108
"BaselineSweep",10000,5,12,734.030,734.129,728.073,1,1,1.136,4.822,,9959,106
"BaselineSweep",10000,5,13,722.514,722.515,716.504,1,1,1.129,4.881,,9943,108
"BaselineSweep",10000,5,14,727.969,727.971,721.584,1,1,1.491,4.894,,9943,108
"BaselineSweep",10000,5,15,727.867,727.854,721.539,1,1,1.069,5.259,,9957,108
"BaselineSweep",10000,5,16,730.396,730.403,724.355,1,1,1.451,4.589,,9972,107
"BaselineSweep",10000,5,17,748.491,748.470,740.969,1,1,1.052,6.471,,9978,108
"BaselineSweep",10000,5,18,722.948,722.957,714.474,1,1,1.187,7.287,,9973,106
"BaselineSweep",10000,5,19,714.147,714.159,708.338,1,1,1.033,4.777,,9965,107
"BaselineSweep",10000,5,20,689.677,689.671,684.385,1,1,1.031,4.261,,9811,107
"BaselineSweep",10000,5,21,717.577,717.561,709.288,1,1,1.060,7.230,,9929,108
"BaselineSweep",10000,5,22,719.222,719.235,713.622,1,1,1.054,4.545,,9988,108
"BaselineSweep",10000,5,23,723.318,723.314,714.113,1,1,1.068,8.137,,9972,108
"BaselineSweep",10000,5,24,728.905,728.901,721.893,1,1,1.067,5.944,,9979,108
"BaselineSweep",10000,5,25,746.587,746.574,738.461,1,1,1.069,7.057,,9934,108
"BaselineSweep",10000,5,26,730.460,730.474,723.078,1,1,1.129,6.253,,9976,108
"BaselineSweep",10000,5,27,718.938,718.915,713.418,1,1,1.058,4.463,,9933,107
"BaselineSweep",10000,5,28,720.692,720.707,711.894,1,1,1.104,7.694,,9942,108
"BaselineSweep",10000,5,29,743.478,743.481,737.845,1,1,1.156,4.477,,9945,108
"BaselineSweep",10000,5,30,729.218,729.220,723.519,1,1,1.370,4.329,,9976,108
"BaselineSweep",10000,5,31,727.286,727.282,721.434,1,1,1.050,4.802,,9980,108
"BaselineSweep",10000,5,32,725.608,725.603,719.469,1,1,1.089,5.050,,9963,108
"BaselineSweep",10000,5,33,737.400,737.396,731.075,1,1,1.086,5.239,,9642,108
"BaselineSweep",10000,5,34,749.371,749.372,743.424,1,1,1.086,4.861,,9968,108
"BaselineSweep",10000,5,35,766.620,766.607,758.572,1,1,1.108,6.941,,9965,108
"BaselineSweep",10000,5,36,738.262,738.247,730.390,1,1,1.095,6.777,,9967,107
"BaselineSweep",10000,5,37,717.370,717.378,708.370,1,1,1.394,7.605,,9976,108
"BaselineSweep",10000,5,38,726.770,726.779,718.625,1,1,1.227,6.918,,9942,107
"BaselineSweep",10000,5,39,726.930,726.922,719.442,1,1,1.054,6.434,,9952,108
"BaselineSweep",10000,5,40,710.360,710.361,700.298,1,1,1.033,9.029,,9972,108
"BaselineSweep",10000,5,41,700.817,700.815,692.627,1,1,1.047,7.142,,9958,108
"BaselineSweep",10000,5,42,724.888,724.850,714.666,1,1,1.270,8.952,,9928,108
"BaselineSweep",10000,5,43,719.833,719.867,710.580,1,1,1.041,8.213,,9920,108
"BaselineSweep",10000,5,44,717.967,717.956,709.988,1,1,1.173,6.806,,9981,108
"BaselineSweep",10000,5,45,754.392,754.380,745.997,1,1,1.167,7.228,,9966,107
"BaselineSweep",10000,5,46,770.788,770.792,761.464,1,1,1.166,8.158,,9968,106
"BaselineSweep",10000,5,47,751.366,751.383,745.256,1,1,1.160,4.950,,9938,107
"BaselineSweep",10000,5,48,764.073,764.042,755.009,1,1,1.153,7.910,,9924,108
"BaselineSweep",10000,5,49,762.300,762.326,756.146,1,1,1.259,4.895,,9943,108
"BaselineSweep",10000,5,50,746.740,746.739,741.013,1,1,1.159,4.568,,9531,108
"BaselineSweep",10000,5,51,750.791,750.785,745.010,1,1,1.128,4.653,,9947,108
"BaselineSweep",10000,5,52,748.116,748.112,739.194,1,1,1.135,7.787,,9926,108
"BaselineSweep",10000,5,53,754.439,754.439,748.276,1,1,1.256,4.906,,9980,108
"BaselineSweep",10000,5,54,773.393,773.388,766.556,1,1,1.159,5.677,,9963,108
"BaselineSweep",10000,5,55,761.844,761.847,753.084,1,1,1.120,7.641,,9959,108
"BaselineSweep",10000,5,56,771.976,771.950,765.688,1,1,1.182,5.106,,9964,108
"BaselineSweep",10000,5,57,784.486,784.504,777.224,1,1,1.208,6.053,,9333,107
"BaselineSweep",10000,5,58,763.015,763.020,756.368,1,1,1.225,5.421,,9977,108
"BaselineSweep",10000,5,59,779.122,779.117,773.134,1,1,1.201,4.786,,9823,108
"BaselineSweep",10000,5,60,780.377,780.376,774.423,1,1,1.162,4.792,,9964,108
"BaselineSweep",10000,5,61,782.486,782.478,775.838,1,1,1.819,4.830,,9911,107
"BaselineSweep",10000,5,62,757.283,757.274,750.580,1,1,1.236,5.466,,9967,108
"BaselineSweep",10000,5,63,772.903,772.899,764.993,1,1,1.211,6.699,,9967,108
"BaselineSweep",10000,5,64,781.628,781.615,775.310,1,1,1.266,5.053,,9986,108
"BaselineSweep",10000,5,65,760.569,760.596,754.362,1,1,1.185,5.023,,9971,108
"BaselineSweep",10000,5,66,781.384,781.377,775.057,1,1,1.142,5.186,,9419,107
"BaselineSweep",10000,5,67,770.438,770.439,764.492,1,1,1.104,4.843,,9963,108
"BaselineSweep",10000,5,68,743.798,743.800,738.026,1,1,1.085,4.687,,9686,108
"BaselineSweep",10000,5,69,741.705,741.705,735.916,1,1,1.078,4.711,,9983,108
"BaselineSweep",10000,5,70,727.884,727.878,717.933,1,1,1.113,8.839,,9972,107
"BaselineSweep",10000,5,71,737.396,737.399,731.688,1,1,1.078,4.630,,9967,108
"BaselineSweep",10000,5,72,747.104,747.097,740.700,1,1,1.233,5.170,,9966,108
"BaselineSweep",10000,5,73,750.130,750.095,744.193,1,1,1.075,4.863,,9891,108
"BaselineSweep",10000,5,74,724.815,724.850,718.146,1,1,1.195,5.474,,9508,108
"BaselineSweep",10000,5,75,729.233,729.231,722.870,1,1,1.448,4.915,,9970,108
"BaselineSweep",10000,5,76,735.017,735.019,729.357,1,1,1.115,4.545,,9957,107
"BaselineSweep",10000,5,77,729.201,729.200,722.662,1,1,1.831,4.708,,9766,108
"BaselineSweep",10000,5,78,726.926,726.919,720.510,1,1,1.090,5.326,,9848,108
"BaselineSweep",10000,5,79,725.771,725.773,719.791,1,1,1.068,4.912,,9977,108
"BaselineSweep",10000,5,80,741.055,741.045,733.062,1,1,1.126,6.867,,9962,105
"BaselineSweep",10000,5,81,719.549,719.538,711.976,1,1,1.099,6.475,,9960,108
"BaselineSweep",10000,5,82,756.603,756.615,750.528,1,1,1.268,4.807,,9947,107
"BaselineSweep",10000,5,83,739.817,739.817,734.033,1,1,1.141,4.643,,9980,107
"BaselineSweep",10000,5,84,723.612,723.615,718.063,1,1,1.050,4.499,,9853,108
"BaselineSweep",10000,5,85,722.235,722.234,716.553,1,1,1.061,4.621,,9975,108
"BaselineSweep",10000,5,86,714.962,714.939,708.337,1,1,1.129,5.496,,9973,108
"BaselineSweep",10000,5,87,741.532,741.547,734.663,1,1,1.193,5.676,,9975,108
"BaselineSweep",10000,5,88,743.401,743.402,737.523,1,1,1.126,4.753,,9962,107
"BaselineSweep",10000,5,89,729.091,729.091,722.927,1,1,1.221,4.943,,9663,108
"BaselineSweep",10000,5,90,719.566,719.563,713.747,1,1,1.132,4.687,,9963,107
"BaselineSweep",10000,5,91,735.290,735.287,729.448,1,1,1.078,4.763,,9944,108
"BaselineSweep",10000,5,92,723.905,723.904,718.197,1,1,1.076,4.633,,9956,107
"BaselineSweep",10000,5,93,735.752,735.750,729.710,1,1,1.056,4.986,,9920,108
"BaselineSweep",10000,5,94,722.353,722.351,716.607,1,1,1.065,4.681,,9985,108
"BaselineSweep",10000,5,95,723.487,723.474,715.378,1,1,1.107,7.002,,9978,108
"BaselineSweep",10000,5,96,743.617,743.615,736.011,1,1,1.124,6.482,,9495,108
"BaselineSweep",10000,5,97,725.919,725.921,717.651,1,1,1.267,7.001,,9855,108
"BaselineSweep",10000,5,98,743.451,743.342,736.274,1,1,1.172,6.005,,9953,107
"BaselineSweep",10000,5,99,737.887,737.996,732.243,1,1,1.060,4.583,,9965,108
"BaselineSweep",10000,5,100,732.041,731.982,725.300,1,1,1.196,5.544,,9974,108
"BaselineSweep",10000,5,101,729.792,729.795,723.215,1,1,1.096,5.481,,8511,106
"BaselineSweep",10000,5,102,705.799,705.853,700.055,1,1,1.065,4.679,,9943,107
"BaselineSweep",10000,5,103,724.814,724.811,719.194,1,1,1.058,4.562,,9966,108
"BaselineSweep",10000,5,104,711.204,711.202,705.414,1,1,1.055,4.735,,9886,107
"BaselineSweep",10000,5,105,706.836,706.834,700.859,1,1,1.042,4.935,,9977,107
"BaselineSweep",10000,5,106,703.968,703.967,698.279,1,1,1.209,4.480,,9966,107
"BaselineSweep",10000,5,107,705.888,705.888,699.922,1,1,1.138,4.829,,9963,108
"BaselineSweep",10000,5,108,745.645,745.645,739.340,1,1,1.068,5.237,,9971,108
"BaselineSweep",10000,5,109,722.105,722.088,715.508,1,1,1.138,5.459,,9979,107
"BaselineSweep",10000,5,110,761.294,761.303,754.894,1,1,1.104,5.296,,9978,108
"BaselineSweep",10000,5,111,721.425,721.403,713.635,1,1,1.148,6.642,,9960,108
"BaselineSweep",10000,5,112,735.229,735.158,727.336,1,1,1.147,6.746,,9626,108
"BaselineSweep",10000,5,113,757.697,757.767,749.706,1,1,1.207,6.784,,9967,107
"BaselineSweep",10000,5,114,763.129,763.126,755.505,1,1,1.216,6.408,,9965,108
"BaselineSweep",10000,5,115,774.221,774.231,765.870,1,1,1.129,7.222,,9984,108
"BaselineSweep",10000,5,116,770.466,770.468,762.772,1,1,1.131,6.563,,9977,108
"BaselineSweep",10000,5,117,770.508,770.490,762.115,1,1,1.192,7.201,,9975,108
"BaselineSweep",10000,5,118,781.579,781.591,775.379,1,1,1.212,4.988,,9976,107
"BaselineSweep",10000,5,119,776.185,776.187,769.858,1,1,1.149,5.178,,9954,107
"BaselineSweep",10000,5,120,769.855,769.853,763.603,1,1,1.189,5.064,,9980,106
"BaselineSweep",10000,5,121,764.777,764.778,758.708,1,1,1.271,4.798,,9983,108
"BaselineSweep",10000,5,122,757.269,757.267,750.451,1,1,1.292,5.526,,9982,107
"BaselineSweep",10000,5,123,774.566,774.543,765.427,1,1,1.180,7.958,,9840,108
"BaselineSweep",10000,5,124,786.930,786.947,780.912,1,1,1.178,4.839,,9949,107
"BaselineSweep",10000,5,125,786.382,786.380,780.129,1,1,1.275,4.977,,9967,107
"BaselineSweep",10000,5,126,785.812,785.808,779.537,1,1,1.280,4.995,,9895,108
"BaselineSweep",10000,5,127,783.457,783.459,777.482,1,1,1.202,4.772,,9965,108
"BaselineSweep",10000,5,128,766.364,766.358,759.473,1,1,1.158,5.733,,9974,107
"BaselineSweep",10000,5,129,778.646,778.643,769.060,1,1,1.208,8.378,,9973,108
"BaselineSweep",10000,5,130,775.343,775.324,767.016,1,1,1.169,7.158,,9954,107
"BaselineSweep",10000,5,131,798.260,798.278,791.801,1,1,1.342,5.117,,9975,108
"BaselineSweep",10000,5,132,755.914,755.918,750.278,1,1,1.134,4.502,,9473,108
"BaselineSweep",10000,5,133,738.168,738.156,729.912,1,1,1.052,7.204,,9974,108
"BaselineSweep",10000,5,134,721.162,721.169,715.323,1,1,1.145,4.693,,9981,107
"BaselineSweep",10000,5,135,743.808,743.805,737.991,1,1,1.073,4.744,,9976,108
"BaselineSweep",10000,5,136,744.912,744.911,738.421,1,1,1.074,5.417,,9991,108
"BaselineSweep",10000,5,137,731.648,731.614,724.840,1,1,1.066,5.743,,9977,108
"BaselineSweep",10000,5,138,732.363,732.395,726.655,1,1,1.076,4.632,,9938,108
"BaselineSweep",10000,5,139,745.734,745.729,739.883,1,1,1.149,4.702,,9957,108
"BaselineSweep",10000,5,140,735.265,735.251,727.588,1,1,1.119,6.558,,9853,107
"BaselineSweep",10000,5,141,734.388,734.400,728.698,1,1,1.068,4.622,,9981,108
"BaselineSweep",10000,5,142,735.783,735.768,729.679,1,1,1.210,4.894,,9977,108
"BaselineSweep",10000,5,143,740.748,740.761,735.047,1,1,1.239,4.463,,9946,107
"BaselineSweep",10000,5,144,736.032,736.016,728.047,1,1,1.173,6.812,,9762,108
"BaselineSweep",10000,5,145,731.975,731.985,725.433,1,1,1.603,4.938,,9962,108
"BaselineSweep",10000,5,146,739.085,739.083,732.937,1,1,1.134,5.015,,9964,108
"BaselineSweep",10000,5,147,742.206,742.176,735.053,1,1,1.065,6.089,,9929,108
"BaselineSweep",10000,5,148,733.621,733.625,726.678,1,1,1.071,5.872,,9786,108
"BaselineSweep",10000,5,149,727.169,727.193,721.417,1,1,1.170,4.583,,9986,108
"BaselineSweep",10000,5,150,729.590,729.588,723.856,1,1,1.112,4.622,,9983,108
"BaselineSweep",10000,5,151,720.123,720.084,712.376,1,1,1.060,6.687,,9974,108
"BaselineSweep",10000,5,152,713.657,713.693,707.909,1,1,1.043,4.704,,9909,107
"BaselineSweep",10000,5,153,728.482,728.478,721.933,1,1,1.112,5.437,,9974,108
"BaselineSweep",10000,5,154,726.725,726.718,717.451,1,1,1.021,8.252,,9968,108
"BaselineSweep",10000,5,155,713.375,713.373,705.453,1,1,1.046,6.876,,9964,108
"BaselineSweep",10000,5,156,731.168,731.175,725.420,1,1,1.119,4.630,,9955,108
"BaselineSweep",10000,5,157,733.597,733.586,725.396,1,1,1.091,7.110,,9974,107
"BaselineSweep",10000,5,158,765.299,765.303,757.186,1,1,1.066,7.047,,9958,108
"BaselineSweep",10000,5,159,735.092,735.027,727.777,1,1,1.034,6.281,,9906,108
"BaselineSweep",10000,5,160,720.651,720.712,714.730,1,1,1.072,4.849,,9964,108
"BaselineSweep",10000,5,161,744.220,744.217,738.283,1,1,1.106,4.832,,9983,108
"BaselineSweep",10000,5,162,754.645,754.638,748.902,1,1,1.092,4.651,,9986,108
"BaselineSweep",10000,5,163,746.351,746.355,740.768,1,1,1.256,4.327,,9966,108
"BaselineSweep",10000,5,164,718.067,718.042,712.142,1,1,1.204,4.722,,9985,108
"BaselineSweep",10000,5,165,716.821,716.842,710.911,1,1,1.073,4.837,,9939,108
"BaselineSweep",10000,5,166,724.418,724.420,718.571,1,1,1.086,4.761,,9969,108
"BaselineSweep",10000,5,167,727.461,727.455,720.339,1,1,1.116,6.006,,9951,108
"BaselineSweep",10000,5,168,708.695,708.696,702.755,1,1,1.067,4.873,,9968,108
"BaselineSweep",10000,5,169,733.623,733.610,728.044,1,1,1.056,4.523,,9963,108
"BaselineSweep",10000,5,170,717.691,717.700,710.317,1,1,1.088,6.286,,9925,108
"BaselineSweep",10000,5,171,723.837,723.833,718.022,1,1,1.047,4.769,,9974,108
"BaselineSweep",10000,5,172,726.132,726.063,719.167,1,1,1.067,5.898,,9970,107
"BaselineSweep",10000,5,173,733.060,733.133,727.078,1,1,1.294,4.688,,9895,108
"BaselineSweep",10000,5,174,721.653,721.645,715.375,1,1,1.098,5.180,,9970,107
"BaselineSweep",10000,5,175,733.548,733.510,726.922,1,1,1.054,5.571,,9936,107
"BaselineSweep",10000,5,176,718.107,718.140,710.534,1,1,1.065,6.508,,9934,108
"BaselineSweep",10000,5,177,726.648,726.648,720.379,1,1,1.100,5.170,,9952,108
"BaselineSweep",10000,5,178,739.139,739.135,733.347,1,1,1.146,4.646,,9981,107
"BaselineSweep",10000,5,179,723.706,723.670,716.116,1,1,1.117,6.473,,9883,107
"BaselineSweep",10000,5,180,740.658,740.687,732.069,1,1,1.127,7.462,,9970,108
"BaselineSweep",10000,5,181,748.627,748.623,739.776,1,1,1.816,7.036,,9949,107
"BaselineSweep",10000,5,182,749.722,749.712,741.669,1,1,1.130,6.923,,9544,108
"BaselineSweep",10000,5,183,757.414,757.423,750.999,1,1,1.164,5.252,,9950,108
"BaselineSweep",10000,5,184,766.557,766.561,760.688,1,1,1.210,4.659,,9922,108
"BaselineSweep",10000,5,185,756.065,756.067,750.210,1,1,1.115,4.741,,9963,107
"BaselineSweep",10000,5,186,740.034,740.026,733.894,1,1,1.136,5.003,,9968,108
"BaselineSweep",10000,5,187,744.202,744.195,735.915,1,1,1.167,7.120,,9823,107
"BaselineSweep",10000,5,188,765.498,765.504,758.765,1,1,1.129,5.604,,9948,108
"BaselineSweep",10000,5,189,747.351,747.334,738.362,1,1,1.180,7.809,,9957,107
"BaselineSweep",10000,5,190,763.987,763.993,757.749,1,1,1.156,5.082,,9955,108
"BaselineSweep",10000,5,191,769.509,769.517,762.875,1,1,1.614,5.021,,9819,107
"BaselineSweep",10000,5,192,748.899,748.883,743.086,1,1,1.107,4.706,,9650,108
"BaselineSweep",10000,5,193,780.889,780.898,774.815,1,1,1.202,4.872,,9964,108
"BaselineSweep",10000,5,194,790.571,790.575,784.616,1,1,1.085,4.869,,9988,107
"BaselineSweep",10000,5,195,736.767,736.763,731.117,1,1,1.039,4.612,,9888,108
"BaselineSweep",10000,5,196,722.722,722.721,716.874,1,1,1.084,4.765,,9968,108
"BaselineSweep",10000,5,197,735.289,735.289,729.559,1,1,1.113,4.617,,9981,108
"BaselineSweep",10000,5,198,736.800,736.798,731.334,1,1,1.032,4.434,,9972,108
"BaselineSweep",10000,5,199,724.465,724.464,718.156,1,1,1.045,5.263,,9946,108
"BaselineSweep",10000,5,200,733.831,733.802,726.916,1,1,1.098,5.817,,9972,107
"BaselineSweep",10000,5,201,732.936,732.965,727.326,1,1,1.035,4.575,,9976,108
"BaselineSweep",10000,5,202,723.343,723.324,717.327,1,1,1.054,4.962,,9971,107
"BaselineSweep",10000,5,203,712.695,712.708,706.149,1,1,1.379,5.167,,9933,108
"BaselineSweep",10000,5,204,750.674,750.676,745.034,1,1,1.348,4.292,,9973,107
"BaselineSweep",10000,5,205,718.875,718.868,713.133,1,1,1.079,4.663,,9974,108
"BaselineSweep",10000,5,206,723.139,723.141,717.216,1,1,1.031,4.893,,9669,107
"BaselineSweep",10000,5,207,717.104,717.104,710.920,1,1,1.340,4.844,,9955,108
"BaselineSweep",10000,5,208,716.350,716.347,710.811,1,1,1.048,4.490,,9817,108
"BaselineSweep",10000,5,209,728.286,728.197,718.833,1,1,1.117,8.337,,9413,108
"BaselineSweep",10000,5,210,770.863,770.899,764.183,1,1,1.349,5.331,,9973,108
"BaselineSweep",10000,5,211,720.775,720.822,715.210,1,1,1.057,4.507,,9958,107
"BaselineSweep",10000,5,212,723.721,723.721,717.623,1,1,1.368,4.730,,9754,108
"BaselineSweep",10000,5,213,712.420,712.391,705.672,1,1,1.058,5.690,,9870,107
"BaselineSweep",10000,5,214,726.886,726.883,721.217,1,1,1.065,4.604,,9983,107
"BaselineSweep",10000,5,215,711.149,711.172,704.099,1,1,1.156,5.894,,9943,108
"BaselineSweep",10000,5,216,720.604,720.541,712.372,1,1,1.242,6.991,,9979,107
"BaselineSweep",10000,5,217,758.630,758.686,752.485,1,1,1.075,5.069,,9936,108
"BaselineSweep",10000,5,218,728.498,728.497,719.940,1,1,1.056,7.502,,9968,108
"BaselineSweep",10000,5,219,728.286,728.285,721.684,1,1,1.263,5.340,,9957,106
"BaselineSweep",10000,5,220,748.101,748.045,741.735,1,1,1.524,4.842,,9895,108
"BaselineSweep",10000,5,221,756.609,756.662,750.286,1,1,1.127,5.195,,9792,108
"BaselineSweep",10000,5,222,742.675,742.661,734.168,1,1,1.064,7.443,,9940,108
"BaselineSweep",10000,5,223,729.424,729.421,720.541,1,1,1.186,7.698,,9962,108
"BaselineSweep",10000,5,224,737.161,737.096,727.925,1,1,1.031,8.205,,9961,108
"BaselineSweep",10000,5,225,717.023,717.075,708.781,1,1,1.083,7.159,,9859,108
"BaselineSweep",10000,5,226,710.274,710.259,702.784,1,1,1.017,6.473,,9844,107
"BaselineSweep",10000,5,227,710.758,710.777,702.895,1,1,1.114,6.750,,10031,108
"BaselineSweep",10000,5,228,724.892,724.893,717.065,1,1,1.045,6.782,,9978,107
"BaselineSweep",10000,5,229,728.254,728.198,721.182,1,1,1.025,6.047,,9818,108
"BaselineSweep",10000,5,230,727.512,727.508,719.422,1,1,1.278,6.813,,9993,108
"BaselineSweep",10000,5,231,717.034,717.087,707.845,1,1,1.071,8.118,,9971,108
"BaselineSweep",10000,5,232,732.915,732.916,725.114,1,1,1.089,6.713,,9711,106
"BaselineSweep",10000,5,233,708.978,708.976,701.089,1,1,1.039,6.850,,9959,108
"BaselineSweep",10000,5,234,694.897,694.892,685.105,1,1,1.096,8.696,,9987,108
"BaselineSweep",10000,5,235,745.469,745.420,738.470,1,1,1.304,5.696,,9961,108
"BaselineSweep",10000,5,236,745.876,745.900,738.002,1,1,1.130,6.744,,9986,108
"BaselineSweep",10000,5,237,726.580,726.552,718.288,1,1,1.088,7.204,,9952,108
"BaselineSweep",10000,5,238,730.676,730.701,722.886,1,1,1.139,6.650,,9940,107
"BaselineSweep",10000,5,239,720.210,720.209,714.332,1,1,1.026,4.852,,9967,107
"BaselineSweep",10000,5,240,724.112,724.112,716.955,1,1,1.018,6.139,,9965,108
"BaselineSweep",10000,5,241,712.777,712.767,704.243,1,1,1.276,7.259,,9886,108
"BaselineSweep",10000,5,242,732.229,732.241,726.177,1,1,1.090,4.962,,9959,108
"BaselineSweep",10000,5,243,720.808,720.785,714.161,1,1,1.073,5.574,,9954,108
"BaselineSweep",10000,5,244,736.160,736.173,728.301,1,1,1.077,6.782,,9991,108
"BaselineSweep",10000,5,245,717.258,717.227,710.393,1,1,1.255,5.610,,9909,108
"BaselineSweep",10000,5,246,714.469,714.503,708.861,1,1,1.074,4.534,,9952,108
"BaselineSweep",10000,5,247,715.810,715.788,706.590,1,1,1.092,8.128,,9923,108
"BaselineSweep",10000,5,248,750.839,750.855,744.965,1,1,1.226,4.649,,9678,108
"BaselineSweep",10000,5,249,760.353,760.347,754.268,1,1,1.144,4.941,,9925,108
"BaselineSweep",10000,5,250,760.089,760.091,754.161,1,1,1.104,4.824,,9989,106
"BaselineSweep",10000,5,251,758.881,758.877,751.370,1,1,1.109,6.402,,9982,108
"BaselineSweep",10000,5,252,765.976,765.975,759.998,1,1,1.174,4.803,,9980,108
"BaselineSweep",10000,5,253,767.171,767.160,759.065,1,1,1.164,6.942,,9974,108
"BaselineSweep",10000,5,254,772.554,772.510,764.830,1,1,1.514,6.210,,9981,108
"BaselineSweep",10000,5,255,764.100,764.149,758.249,1,1,1.162,4.690,,9671,107
"BaselineSweep",10000,5,256,754.403,754.396,745.480,1,1,1.169,7.755,,9953,108
"BaselineSweep",10000,5,257,765.068,765.076,758.898,1,1,1.204,4.967,,9890,108
"BaselineSweep",10000,5,258,782.493,782.489,776.519,1,1,1.180,4.795,,9964,108
"BaselineSweep",10000,5,259,765.761,765.755,758.226,1,1,1.153,6.382,,9971,107
"BaselineSweep",10000,5,260,781.802,781.804,775.775,1,1,1.167,4.860,,9953,108
"BaselineSweep",10000,5,261,778.258,778.253,770.755,1,1,1.162,6.342,,9695,108
"BaselineSweep",10000,5,262,788.339,788.346,781.420,1,1,1.921,4.998,,9978,108
"BaselineSweep",10000,5,263,745.340,745.337,739.397,1,1,1.084,4.858,,9942,106
"BaselineSweep",10000,5,264,740.199,740.200,733.652,1,1,1.950,4.597,,9913,108
"BaselineSweep",10000,5,265,743.557,743.555,737.442,1,1,1.342,4.773,,9965,108
"BaselineSweep",10000,5,266,743.100,743.020,737.575,1,1,1.052,4.472,,9969,107
"BaselineSweep",10000,5,267,734.095,734.173,728.465,1,1,1.115,4.515,,9937,108
"BaselineSweep",10000,5,268,698.014,698.000,691.867,1,1,1.076,5.072,,9979,108
"BaselineSweep",10000,5,269,751.795,751.807,746.072,1,1,1.051,4.673,,9947,107
"BaselineSweep",10000,5,270,732.899,732.879,723.810,1,1,1.067,8.022,,9966,108
"BaselineSweep",10000,5,271,747.767,747.779,742.081,1,1,1.085,4.601,,9918,108
"BaselineSweep",10000,5,272,740.554,740.554,734.130,1,1,1.200,5.224,,9975,108
"BaselineSweep",10000,5,273,717.755,717.754,711.127,1,1,1.251,5.376,,9976,108
"BaselineSweep",10000,5,274,733.453,733.446,724.413,1,1,1.086,7.954,,9971,108
"BaselineSweep",10000,5,275,735.774,735.758,728.900,1,1,1.160,5.713,,9972,107
"BaselineSweep",10000,5,276,758.198,758.214,752.203,1,1,1.188,4.806,,9952,108
"BaselineSweep",10000,5,277,722.100,722.097,715.609,1,1,1.376,5.115,,9949,108
"BaselineSweep",10000,5,278,744.913,744.913,736.976,1,1,1.062,6.875,,9724,108
"BaselineSweep",10000,5,279,729.909,729.912,724.577,1,1,1.100,4.232,,9995,108
"BaselineSweep",10000,5,280,711.366,711.360,705.411,1,1,1.110,4.845,,9968,108
"BaselineSweep",10000,5,281,734.334,734.331,728.489,1,1,1.190,4.654,,9969,106
"BaselineSweep",10000,5,282,728.784,728.780,722.503,1,1,1.121,5.161,,9927,108
"BaselineSweep",10000,5,283,739.862,739.852,731.110,1,1,1.876,6.875,,9965,107
"BaselineSweep",10000,5,284,730.859,730.861,722.179,1,1,1.118,7.563,,9971,108
"BaselineSweep",10000,5,285,719.848,719.769,713.979,1,1,1.071,4.798,,9954,108
"BaselineSweep",10000,5,286,740.857,740.932,733.409,1,1,1.139,6.309,,9969,108
"BaselineSweep",10000,5,287,725.651,725.654,719.393,1,1,1.036,5.223,,9963,108
"BaselineSweep",10000,5,288,715.291,715.297,709.586,1,1,1.086,4.619,,9828,106
"BaselineSweep",10000,5,289,719.718,719.575,713.801,1,1,1.036,4.881,,9905,108
"BaselineSweep",10000,5,290,721.138,721.278,714.960,1,1,1.149,5.029,,9946,108
"BaselineSweep",10000,5,291,740.019,740.015,733.936,1,1,1.056,5.027,,9957,108
"BaselineSweep",10000,5,292,728.373,728.363,721.389,1,1,1.046,5.938,,9956,108
"BaselineSweep",10000,5,293,723.803,723.810,715.576,1,1,1.053,7.175,,9955,108
"BaselineSweep",10000,5,294,715.592,715.594,709.527,1,1,1.312,4.753,,9754,108
"BaselineSweep",10000,5,295,708.974,708.971,703.034,1,1,1.099,4.841,,9706,108
"BaselineSweep",10000,5,296,732.757,732.752,724.477,1,1,1.071,7.209,,9971,108
"BaselineSweep",10000,5,297,726.076,726.080,720.569,1,1,1.058,4.449,,9952,107
"BaselineSweep",10000,5,298,725.417,725.392,718.447,1,1,1.089,5.880,,9962,108
"BaselineSweep",10000,5,299,740.525,740.547,734.922,1,1,1.145,4.458,,9984,108
