config,agent_count,run,frame,frame_ms,main_thread_ms,gpu_ms,sim_ms,steps,step_cap_hit,present_ms,other_ms,gc_alloc_bytes,draw_calls,setpass_calls,batches
"BudgetCrossing",12000,1,0,7.076,7.061,0.134,5.141,1,0,0.084,1.851,,14,9,14
"BudgetCrossing",12000,1,1,6.516,6.521,0.129,5.191,1,0,0.114,1.211,65536,14,9,14
"BudgetCrossing",12000,1,2,6.415,6.422,0.000,5.198,1,0,0.107,1.109,57344,14,9,14
"BudgetCrossing",12000,1,3,5.643,5.642,0.122,5.275,1,0,0.091,0.277,8192,14,9,14
"BudgetCrossing",12000,1,4,6.519,6.513,0.152,5.335,1,0,0.088,1.096,61440,15,9,15
"BudgetCrossing",12000,1,5,7.781,7.775,0.155,5.286,1,0,0.090,2.406,73728,15,9,15
"BudgetCrossing",12000,1,6,10.164,10.171,0.153,7.758,1,0,0.085,2.321,77824,15,9,15
"BudgetCrossing",12000,1,7,6.399,6.391,0.126,4.927,1,0,0.091,1.381,69632,15,9,15
"BudgetCrossing",12000,1,8,7.042,7.034,0.126,4.676,1,0,0.084,2.282,77824,15,9,15
"BudgetCrossing",12000,1,9,10.197,10.199,0.128,8.863,1,0,0.129,1.206,77824,15,9,15
"BudgetCrossing",12000,1,10,8.269,8.266,0.154,5.037,1,0,0.091,3.142,,15,9,15
"BudgetCrossing",12000,1,11,6.194,6.210,0.128,5.077,1,0,0.087,1.030,61440,15,9,15
"BudgetCrossing",12000,1,12,5.364,5.360,0.128,5.005,1,0,0.084,0.275,4096,15,9,15
"BudgetCrossing",12000,1,13,6.362,6.365,0.126,5.140,1,0,0.112,1.111,69632,16,9,16
"BudgetCrossing",12000,1,14,6.358,6.354,0.124,5.149,1,0,0.113,1.096,61440,16,9,16
"BudgetCrossing",12000,1,15,5.804,5.797,0.125,5.344,1,0,0.115,0.345,16384,16,9,16
"BudgetCrossing",12000,1,16,5.449,5.455,0.122,5.005,1,0,0.114,0.330,16384,16,9,16
"BudgetCrossing",12000,1,17,8.383,8.369,0.152,5.288,1,0,0.132,2.963,73728,16,9,16
"BudgetCrossing",12000,1,18,6.698,6.711,0.155,5.512,1,0,0.082,1.104,73728,16,9,16
"BudgetCrossing",12000,1,19,5.529,5.533,0.147,5.127,1,0,0.082,0.320,20480,16,9,16
"BudgetCrossing",12000,1,20,6.312,6.308,0.147,5.183,1,0,0.077,1.051,69632,16,9,16
"BudgetCrossing",12000,1,21,7.191,7.164,0.154,5.327,1,0,0.097,1.767,,16,9,16
"BudgetCrossing",12000,1,22,5.725,5.753,0.121,5.316,1,0,0.106,0.303,8192,17,9,17
"BudgetCrossing",12000,1,23,5.358,5.359,0.000,5.006,1,0,0.083,0.268,4096,17,9,17
"BudgetCrossing",12000,1,24,6.312,6.310,0.154,5.129,1,0,0.084,1.098,73728,17,9,17
"BudgetCrossing",12000,1,25,6.520,6.509,0.150,5.198,1,0,0.087,1.235,61440,17,9,17
"BudgetCrossing",12000,1,26,5.773,5.777,0.126,5.277,1,0,0.108,0.388,8192,17,9,17
"BudgetCrossing",12000,1,27,6.477,6.477,0.123,5.213,1,0,0.108,1.157,86016,17,9,17
"BudgetCrossing",12000,1,28,6.385,6.379,0.271,5.118,1,0,0.111,1.156,69632,17,9,17
"BudgetCrossing",12000,1,29,9.099,9.099,0.129,7.248,1,0,0.102,1.749,86016,17,9,17
"BudgetCrossing",12000,1,30,7.742,7.748,0.149,6.560,1,0,0.078,1.104,73728,17,9,17
"BudgetCrossing",12000,1,31,5.746,5.712,0.153,5.023,1,0,0.078,0.645,12288,18,9,18
"BudgetCrossing",12000,1,32,8.795,8.822,0.156,7.445,1,0,0.116,1.234,81920,18,9,18
"BudgetCrossing",12000,1,33,7.237,7.228,0.153,5.189,1,0,0.084,1.965,,18,9,18
"BudgetCrossing",12000,1,34,6.619,6.629,0.256,6.175,1,0,0.090,0.354,8192,18,9,18
"BudgetCrossing",12000,1,35,5.525,5.527,0.304,5.103,1,0,0.087,0.335,4096,18,9,18
"BudgetCrossing",12000,1,36,11.350,11.319,0.131,9.295,1,0,0.151,1.904,65536,18,9,18
"BudgetCrossing",12000,1,37,7.524,7.553,0.129,6.240,1,0,0.083,1.202,57344,18,9,18
"BudgetCrossing",12000,1,38,6.151,6.135,0.154,5.254,1,0,0.090,0.807,12288,18,9,18
"BudgetCrossing",12000,1,39,7.254,7.267,0.155,6.828,1,0,0.112,0.314,20480,18,9,18
"BudgetCrossing",12000,1,40,7.645,7.631,0.159,5.194,1,0,0.099,2.352,73728,19,9,19
"BudgetCrossing",12000,1,41,6.564,6.573,0.164,5.270,1,0,0.088,1.206,73728,19,9,19
"BudgetCrossing",12000,1,42,6.504,6.509,0.184,5.299,1,0,0.080,1.126,77824,19,9,19
"BudgetCrossing",12000,1,43,5.433,5.423,0.528,4.884,1,0,0.093,0.456,12288,19,9,19
"BudgetCrossing",12000,1,44,8.228,8.231,0.187,7.663,1,0,0.119,0.446,16384,19,9,19
"BudgetCrossing",12000,1,45,6.718,6.724,0.161,6.268,1,0,0.088,0.362,24576,19,9,19
"BudgetCrossing",12000,1,46,7.150,7.144,0.163,4.802,1,0,0.077,2.271,,19,9,19
"BudgetCrossing",12000,1,47,5.494,5.502,0.228,5.117,1,0,0.082,0.295,8192,19,9,19
"BudgetCrossing",12000,1,48,6.430,6.420,0.183,5.152,1,0,0.085,1.193,73728,19,9,19
"BudgetCrossing",12000,1,49,6.619,6.625,0.162,5.418,1,0,0.109,1.092,73728,20,9,20
"BudgetCrossing",12000,1,50,6.224,6.226,0.162,5.003,1,0,0.087,1.135,73728,20,9,20
"BudgetCrossing",12000,1,51,6.500,6.489,0.156,5.251,1,0,0.092,1.157,73728,20,9,20
"BudgetCrossing",12000,1,52,7.576,7.555,0.162,5.317,1,0,0.101,2.158,77824,20,9,20
"BudgetCrossing",12000,1,53,8.415,8.426,0.161,6.480,1,0,0.083,1.852,69632,20,9,20
"BudgetCrossing",12000,1,54,7.083,7.092,0.187,5.509,1,0,0.081,1.492,77824,20,9,20
"BudgetCrossing",12000,1,55,9.341,9.336,0.188,6.979,1,0,0.082,2.280,,20,9,20
"BudgetCrossing",12000,1,56,6.053,6.059,0.189,4.884,1,0,0.085,1.084,69632,20,9,20
"BudgetCrossing",12000,1,57,6.423,6.424,0.162,5.192,1,0,0.081,1.149,69632,20,9,20
"BudgetCrossing",12000,1,58,5.764,5.764,0.161,5.286,1,0,0.107,0.371,20480,21,9,21
"BudgetCrossing",12000,1,59,6.337,6.330,0.160,5.080,1,0,0.091,1.165,77824,21,9,21
"BudgetCrossing",12000,1,60,7.730,7.720,0.161,5.435,1,0,0.108,2.187,69632,21,9,21
"BudgetCrossing",12000,1,61,8.680,8.683,0.188,6.860,1,0,0.097,1.723,73728,21,9,21
"BudgetCrossing",12000,1,62,8.454,8.452,0.182,6.789,1,0,0.119,1.547,77824,21,9,21
"BudgetCrossing",12000,1,63,10.343,10.344,0.367,8.389,1,0,0.093,1.862,,21,9,21
"BudgetCrossing",12000,1,64,6.118,6.124,0.187,4.914,1,0,0.084,1.120,57344,21,9,21
"BudgetCrossing",12000,1,65,6.635,6.641,0.189,5.411,1,0,0.087,1.137,69632,21,9,21
"BudgetCrossing",12000,1,66,6.916,6.915,0.189,5.583,1,0,0.089,1.243,77824,21,9,21
"BudgetCrossing",12000,1,67,6.942,6.936,0.162,5.653,1,0,0.087,1.203,69632,21,9,21
"BudgetCrossing",12000,1,68,7.139,7.143,0.166,5.755,1,0,0.113,1.271,73728,21,9,21
"BudgetCrossing",12000,1,69,7.078,7.073,0.165,5.743,1,0,0.090,1.245,77824,21,9,21
"BudgetCrossing",12000,1,70,5.478,5.476,0.164,5.042,1,0,0.085,0.351,16384,21,9,21
"BudgetCrossing",12000,1,71,7.840,7.838,0.189,5.078,1,0,0.107,2.655,,21,9,21
"BudgetCrossing",12000,1,72,6.487,6.498,0.164,5.235,1,0,0.089,1.163,65536,21,9,21
"BudgetCrossing",12000,1,73,6.600,6.595,0.000,5.366,1,0,0.083,1.151,61440,21,9,21
"BudgetCrossing",12000,1,74,6.677,6.681,0.158,5.426,1,0,0.094,1.156,73728,21,9,21
"BudgetCrossing",12000,1,75,6.647,6.647,0.192,5.461,1,0,0.083,1.103,73728,21,9,21
"BudgetCrossing",12000,1,76,6.697,6.688,0.165,5.484,1,0,0.088,1.125,73728,21,9,21
"BudgetCrossing",12000,1,77,9.821,9.818,0.188,7.783,1,0,0.095,1.942,73728,21,9,21
"BudgetCrossing",12000,1,78,7.780,7.754,0.164,5.196,1,0,0.089,2.495,77824,21,9,21
"BudgetCrossing",12000,1,79,8.295,8.314,0.163,5.742,1,0,0.085,2.468,,21,9,21
"BudgetCrossing",12000,1,80,11.243,11.235,0.434,8.903,1,0,0.142,2.198,61440,21,9,21
"BudgetCrossing",12000,1,81,9.141,9.133,0.194,7.175,1,0,0.093,1.873,57344,21,9,21
"BudgetCrossing",12000,1,82,7.334,7.354,0.162,6.052,1,0,0.099,1.183,73728,21,9,21
"BudgetCrossing",12000,1,83,6.539,6.533,0.165,5.245,1,0,0.097,1.197,73728,21,9,21
"BudgetCrossing",12000,1,84,5.734,5.738,0.192,5.263,1,0,0.104,0.367,16384,21,9,21
"BudgetCrossing",12000,1,85,7.614,7.614,0.189,5.181,1,0,0.093,2.340,77824,21,9,21
"BudgetCrossing",12000,1,86,6.552,6.549,0.191,5.292,1,0,0.094,1.166,69632,21,9,21
"BudgetCrossing",12000,1,87,9.257,9.252,0.189,7.204,1,0,0.147,1.906,86016,21,9,21
"BudgetCrossing",12000,1,88,10.036,10.009,0.183,7.713,1,0,0.101,2.222,,21,9,21
"BudgetCrossing",12000,1,89,6.891,6.920,0.175,5.698,1,0,0.084,1.109,57344,21,9,21
"BudgetCrossing",12000,1,90,6.543,6.543,0.190,5.283,1,0,0.093,1.168,57344,21,9,21
"BudgetCrossing",12000,1,91,6.556,6.552,0.192,5.335,1,0,0.091,1.130,73728,21,9,21
"BudgetCrossing",12000,1,92,6.941,6.948,0.162,5.679,1,0,0.107,1.155,69632,21,9,21
"BudgetCrossing",12000,1,93,8.712,8.682,0.163,5.718,1,0,0.101,2.893,73728,21,9,21
"BudgetCrossing",12000,1,94,8.883,8.889,0.162,5.963,1,0,0.113,2.807,73728,21,9,21
"BudgetCrossing",12000,1,95,8.391,8.398,0.191,5.984,1,0,0.110,2.297,,21,9,21
"BudgetCrossing",12000,1,96,7.439,7.447,0.176,6.106,1,0,0.089,1.244,57344,21,9,21
"BudgetCrossing",12000,1,97,6.261,6.265,0.173,5.077,1,0,0.085,1.099,61440,21,9,21
"BudgetCrossing",12000,1,98,8.752,8.746,0.234,7.198,1,0,0.118,1.437,61440,21,9,21
"BudgetCrossing",12000,1,99,7.166,7.162,0.213,5.606,1,0,0.096,1.464,73728,21,9,21
"BudgetCrossing",12000,1,100,6.786,6.789,0.219,5.304,1,0,0.098,1.383,77824,21,9,21
"BudgetCrossing",12000,1,101,6.399,6.396,0.208,5.111,1,0,0.088,1.200,73728,21,9,21
"BudgetCrossing",12000,1,102,6.504,6.511,0.228,5.338,1,0,0.085,1.081,73728,21,9,21
"BudgetCrossing",12000,1,103,8.335,8.329,0.229,6.663,1,0,0.084,1.589,,21,9,21
"BudgetCrossing",12000,1,104,6.826,6.824,0.210,5.538,1,0,0.090,1.198,57344,21,9,21
"BudgetCrossing",12000,1,105,7.040,7.048,0.206,5.792,1,0,0.091,1.158,57344,21,9,21
"BudgetCrossing",12000,1,106,7.114,7.108,0.206,5.823,1,0,0.089,1.202,61440,21,9,21
"BudgetCrossing",12000,1,107,6.714,6.710,0.209,6.232,1,0,0.116,0.367,16384,21,9,21
"BudgetCrossing",12000,1,108,6.659,6.665,0.222,5.335,1,0,0.113,1.210,73728,21,9,21
"BudgetCrossing",12000,1,109,8.319,8.318,0.210,7.121,1,0,0.105,1.093,73728,21,9,21
"BudgetCrossing",12000,1,110,6.457,6.453,0.207,5.275,1,0,0.085,1.097,73728,21,9,21
"BudgetCrossing",12000,1,111,5.680,5.688,0.227,5.287,1,0,0.080,0.314,24576,21,9,21
"BudgetCrossing",12000,1,112,6.849,6.847,0.232,5.581,1,0,0.088,1.181,81920,21,9,21
"BudgetCrossing",12000,1,113,8.244,8.226,0.206,5.463,1,0,0.091,2.690,,21,9,21
"BudgetCrossing",12000,1,114,6.345,6.362,0.211,5.163,1,0,0.078,1.104,57344,21,9,21
"BudgetCrossing",12000,1,115,6.694,6.691,0.203,5.504,1,0,0.078,1.112,57344,21,9,21
"BudgetCrossing",12000,1,116,6.847,6.839,0.238,5.599,1,0,0.105,1.143,65536,21,9,21
"BudgetCrossing",12000,1,117,5.836,5.847,0.233,5.411,1,0,0.084,0.341,4096,21,9,21
"BudgetCrossing",12000,1,118,6.795,6.794,0.217,5.572,1,0,0.083,1.141,77824,21,9,21
"BudgetCrossing",12000,1,119,6.844,6.836,0.232,5.625,1,0,0.090,1.129,73728,21,9,21
"BudgetCrossing",12000,1,120,6.840,6.842,0.203,5.651,1,0,0.088,1.101,98304,21,9,21
"BudgetCrossing",12000,1,121,6.085,6.088,0.200,5.649,1,0,0.089,0.347,24576,21,9,21
"BudgetCrossing",12000,1,122,6.862,6.852,0.209,5.808,1,0,0.106,0.947,,21,9,21
"BudgetCrossing",12000,1,123,6.532,6.541,0.206,5.326,1,0,0.098,1.108,57344,21,9,21
"BudgetCrossing",12000,1,124,6.952,6.950,0.207,5.712,1,0,0.088,1.153,57344,21,9,21
"BudgetCrossing",12000,1,125,8.204,8.180,0.198,5.664,1,0,0.088,2.452,65536,21,9,21
"BudgetCrossing",12000,1,126,6.883,6.901,0.201,5.599,1,0,0.080,1.204,61440,21,9,21
"BudgetCrossing",12000,1,127,6.715,6.718,0.207,5.452,1,0,0.102,1.161,77824,21,9,21
"BudgetCrossing",12000,1,128,7.146,7.139,0.230,5.853,1,0,0.096,1.197,73728,21,9,21
"BudgetCrossing",12000,1,129,7.133,7.139,0.225,5.927,1,0,0.090,1.116,69632,21,9,21
"BudgetCrossing",12000,1,130,7.917,7.907,0.230,5.324,1,0,0.090,2.504,,21,9,21
"BudgetCrossing",12000,1,131,5.602,5.615,0.232,5.225,1,0,0.083,0.294,4096,21,9,21
"BudgetCrossing",12000,1,132,6.747,6.747,0.220,5.515,1,0,0.081,1.152,69632,21,9,21
"BudgetCrossing",12000,1,133,6.021,6.022,0.221,5.630,1,0,0.092,0.300,8192,21,9,21
"BudgetCrossing",12000,1,134,7.009,6.994,0.202,5.687,1,0,0.086,1.236,65536,21,9,21
"BudgetCrossing",12000,1,135,9.228,9.235,0.199,8.021,1,0,0.079,1.128,61440,21,9,21
"BudgetCrossing",12000,1,136,7.028,7.024,0.229,5.514,1,0,0.116,1.398,73728,21,9,21
"BudgetCrossing",12000,1,137,6.540,6.547,0.229,5.324,1,0,0.084,1.133,69632,21,9,21
"BudgetCrossing",12000,1,138,8.245,8.240,0.230,6.883,1,0,0.080,1.282,81920,21,9,21
"BudgetCrossing",12000,1,139,6.833,6.827,0.207,5.659,1,0,0.091,1.083,77824,21,9,21
"BudgetCrossing",12000,1,140,5.860,5.865,0.209,5.440,1,0,0.084,0.336,12288,21,9,21
"BudgetCrossing",12000,1,141,6.774,6.767,0.496,5.484,1,0,0.085,1.205,,21,9,21
"BudgetCrossing",12000,1,142,7.118,7.119,0.381,5.729,1,0,0.086,1.303,61440,21,9,21
"BudgetCrossing",12000,1,143,6.598,6.604,0.213,5.407,1,0,0.086,1.106,57344,21,9,21
"BudgetCrossing",12000,1,144,6.749,6.748,0.199,5.553,1,0,0.086,1.110,65536,21,9,21
"BudgetCrossing",12000,1,145,5.936,5.930,0.200,5.484,1,0,0.089,0.363,4096,21,9,21
"BudgetCrossing",12000,1,146,8.169,8.165,0.212,7.421,1,0,0.131,0.617,8192,21,9,21
"BudgetCrossing",12000,1,147,9.284,9.287,0.236,7.705,1,0,0.106,1.474,73728,21,9,21
"BudgetCrossing",12000,1,148,8.551,8.556,0.210,6.086,1,0,0.096,2.369,73728,21,9,21
"BudgetCrossing",12000,1,149,6.748,6.749,0.197,5.481,1,0,0.089,1.177,73728,21,9,21
"BudgetCrossing",12000,1,150,7.166,7.138,0.202,5.784,1,0,0.104,1.278,81920,21,9,21
"BudgetCrossing",12000,1,151,7.501,7.520,0.199,5.405,1,0,0.100,1.995,,21,9,21
"BudgetCrossing",12000,1,152,7.018,7.025,0.201,5.668,1,0,0.108,1.242,61440,21,9,21
"BudgetCrossing",12000,1,153,7.015,7.004,0.207,5.745,1,0,0.103,1.167,57344,21,9,21
"BudgetCrossing",12000,1,154,6.177,6.189,0.204,5.704,1,0,0.095,0.378,12288,21,9,21
"BudgetCrossing",12000,1,155,7.219,7.218,0.226,5.899,1,0,0.150,1.170,57344,21,9,21
"BudgetCrossing",12000,1,156,7.406,7.398,0.204,6.066,1,0,0.120,1.220,61440,21,9,21
"BudgetCrossing",12000,1,157,7.937,7.926,0.210,5.442,1,0,0.120,2.375,69632,21,9,21
"BudgetCrossing",12000,1,158,7.500,7.502,0.199,5.684,1,0,0.117,1.700,69632,21,9,21
"BudgetCrossing",12000,1,159,8.769,8.780,0.224,7.502,1,0,0.128,1.139,77824,21,9,21
"BudgetCrossing",12000,1,160,10.418,10.408,0.234,7.889,1,0,0.086,2.443,,21,9,21
"BudgetCrossing",12000,1,161,6.734,6.747,0.231,5.407,1,0,0.087,1.240,57344,21,9,21
"BudgetCrossing",12000,1,162,7.954,7.948,0.235,5.728,1,0,0.086,2.141,57344,21,9,21
"BudgetCrossing",12000,1,163,6.907,6.904,0.235,5.643,1,0,0.116,1.148,65536,21,9,21
"BudgetCrossing",12000,1,164,6.907,6.913,0.212,5.588,1,0,0.107,1.213,61440,21,9,21
"BudgetCrossing",12000,1,165,6.767,6.765,0.209,5.573,1,0,0.079,1.115,61440,21,9,21
"BudgetCrossing",12000,1,166,6.071,6.067,0.234,5.634,1,0,0.085,0.352,8192,21,9,21
"BudgetCrossing",12000,1,167,6.791,6.793,0.236,5.505,1,0,0.099,1.187,65536,21,9,21
"BudgetCrossing",12000,1,168,6.911,6.915,0.208,5.613,1,0,0.102,1.196,81920,21,9,21
"BudgetCrossing",12000,1,169,7.731,7.711,0.208,5.753,1,0,0.091,1.888,,21,9,21
"BudgetCrossing",12000,1,170,6.250,6.271,0.361,5.783,1,0,0.086,0.381,4096,21,9,21
"BudgetCrossing",12000,1,171,9.334,9.328,0.235,8.085,1,0,0.093,1.157,61440,21,9,21
"BudgetCrossing",12000,1,172,6.780,6.773,0.234,5.556,1,0,0.103,1.120,61440,21,9,21
"BudgetCrossing",12000,1,173,8.082,8.063,0.233,5.684,1,0,0.096,2.302,61440,21,9,21
"BudgetCrossing",12000,1,174,9.997,10.011,0.201,8.445,1,0,0.110,1.442,61440,21,9,21
"BudgetCrossing",12000,1,175,7.285,7.292,0.234,6.101,1,0,0.086,1.098,61440,21,9,21
"BudgetCrossing",12000,1,176,6.866,6.868,0.249,5.611,1,0,0.088,1.168,65536,21,9,21
"BudgetCrossing",12000,1,177,7.056,7.048,0.236,5.818,1,0,0.105,1.133,81920,21,9,21
"BudgetCrossing",12000,1,178,7.725,7.722,0.208,5.675,1,0,0.111,1.940,,21,9,21
"BudgetCrossing",12000,1,179,7.455,7.458,0.208,6.104,1,0,0.091,1.259,57344,21,9,21
"BudgetCrossing",12000,1,180,7.422,7.412,0.000,6.164,1,0,0.090,1.169,57344,21,9,21
"BudgetCrossing",12000,1,181,9.191,9.203,0.230,7.937,1,0,0.112,1.142,61440,21,9,21
"BudgetCrossing",12000,1,182,7.293,7.282,0.230,5.699,1,0,0.103,1.491,61440,21,9,21
"BudgetCrossing",12000,1,183,8.525,8.534,0.210,6.949,1,0,0.261,1.315,65536,21,9,21
"BudgetCrossing",12000,1,184,7.252,7.251,0.236,5.936,1,0,0.109,1.207,61440,21,9,21
"BudgetCrossing",12000,1,185,7.386,7.390,0.229,6.166,1,0,0.102,1.118,65536,21,9,21
"BudgetCrossing",12000,1,186,7.358,7.355,0.235,6.011,1,0,0.086,1.261,77824,21,9,21
"BudgetCrossing",12000,1,187,9.438,9.415,0.227,6.232,1,0,0.082,3.123,,21,9,21
"BudgetCrossing",12000,1,188,6.856,6.882,0.232,5.693,1,0,0.085,1.077,57344,21,9,21
"BudgetCrossing",12000,1,189,6.882,6.883,0.233,5.735,1,0,0.081,1.066,61440,21,9,21
"BudgetCrossing",12000,1,190,7.082,7.075,0.207,5.875,1,0,0.090,1.117,65536,21,9,21
"BudgetCrossing",12000,1,191,7.200,7.204,0.203,5.986,1,0,0.093,1.122,57344,21,9,21
"BudgetCrossing",12000,1,192,7.119,7.113,0.206,5.907,1,0,0.099,1.113,61440,21,9,21
"BudgetCrossing",12000,1,193,7.026,7.023,0.230,5.754,1,0,0.096,1.176,61440,21,9,21
"BudgetCrossing",12000,1,194,7.709,7.702,0.234,5.733,1,0,0.087,1.890,57344,21,9,21
"BudgetCrossing",12000,1,195,11.714,11.706,0.235,9.516,1,0,0.105,2.094,,21,9,21
"BudgetCrossing",12000,1,196,6.762,6.784,0.235,5.556,1,0,0.084,1.122,61440,21,9,21
"BudgetCrossing",12000,1,197,6.221,6.223,0.000,5.875,1,0,0.081,0.265,4096,21,9,21
"BudgetCrossing",12000,1,198,7.146,7.139,0.237,5.930,1,0,0.091,1.125,61440,21,9,21
"BudgetCrossing",12000,1,199,7.244,7.247,0.237,6.003,1,0,0.092,1.149,61440,21,9,21
"BudgetCrossing",12000,1,200,7.258,7.249,0.206,6.021,1,0,0.085,1.152,61440,21,9,21
"BudgetCrossing",12000,1,201,10.341,10.335,0.202,8.190,1,0,0.080,2.071,61440,21,9,21
"BudgetCrossing",12000,1,202,10.277,10.272,0.228,8.605,1,0,0.085,1.587,65536,21,9,21
"BudgetCrossing",12000,1,203,8.402,8.417,0.233,7.091,1,0,0.095,1.216,77824,21,9,21
"BudgetCrossing",12000,1,204,6.135,6.134,0.209,5.411,1,0,0.110,0.613,20480,21,9,21
"BudgetCrossing",12000,1,205,6.365,6.335,0.200,5.670,1,0,0.087,0.609,16384,21,9,21
"BudgetCrossing",12000,1,206,8.655,8.680,0.200,6.602,1,0,0.082,1.971,,21,9,21
"BudgetCrossing",12000,1,207,6.202,6.209,0.228,5.812,1,0,0.089,0.300,4096,21,9,21
"BudgetCrossing",12000,1,208,6.524,6.518,0.212,6.089,1,0,0.087,0.348,4096,21,9,21
"BudgetCrossing",12000,1,209,7.518,7.521,0.200,6.164,1,0,0.110,1.244,65536,21,9,21
"BudgetCrossing",12000,1,210,8.641,8.623,0.212,6.299,1,0,0.106,2.235,57344,21,9,21
"BudgetCrossing",12000,1,211,10.596,10.592,0.208,8.453,1,0,0.109,2.034,61440,21,9,21
"BudgetCrossing",12000,1,212,10.458,10.466,0.201,8.898,1,0,0.091,1.469,65536,21,9,21
"BudgetCrossing",12000,1,213,9.143,9.146,0.225,6.811,1,0,0.100,2.232,57344,21,9,21
"BudgetCrossing",12000,1,214,7.242,7.248,0.230,5.997,1,0,0.083,1.163,65536,21,9,21
"BudgetCrossing",12000,1,215,7.783,7.774,0.254,6.471,1,0,0.090,1.221,69632,21,9,21
"BudgetCrossing",12000,1,216,6.402,6.408,0.237,5.845,1,0,0.092,0.465,16384,21,9,21
"BudgetCrossing",12000,1,217,8.804,8.795,0.208,6.338,1,0,0.089,2.377,,21,9,21
"BudgetCrossing",12000,1,218,7.237,7.242,0.215,6.846,1,0,0.081,0.310,12288,21,9,21
"BudgetCrossing",12000,1,219,7.641,7.635,0.224,7.034,1,0,0.123,0.484,12288,21,9,21
"BudgetCrossing",12000,1,220,9.153,9.155,0.212,7.873,1,0,0.114,1.165,77824,21,9,21
"BudgetCrossing",12000,1,221,7.670,7.673,0.205,6.385,1,0,0.105,1.179,77824,21,9,21
"BudgetCrossing",12000,1,222,6.801,6.803,0.199,5.593,1,0,0.098,1.110,73728,21,9,21
"BudgetCrossing",12000,1,223,7.051,7.044,0.224,5.814,1,0,0.103,1.134,77824,21,9,21
"BudgetCrossing",12000,1,224,8.478,8.461,0.228,5.859,1,0,0.102,2.516,69632,21,9,21
"BudgetCrossing",12000,1,225,7.149,7.139,0.234,6.481,1,0,0.105,0.563,24576,21,9,21
"BudgetCrossing",12000,1,226,9.808,9.831,0.227,8.184,1,0,0.100,1.524,81920,21,9,21
"BudgetCrossing",12000,1,227,7.178,7.181,0.233,5.854,1,0,0.091,1.233,69632,21,9,21
"BudgetCrossing",12000,1,228,7.748,7.737,0.235,5.773,1,0,0.115,1.860,,21,9,21
"BudgetCrossing",12000,1,229,6.966,6.978,0.203,5.791,1,0,0.086,1.090,65536,21,9,21
"BudgetCrossing",12000,1,230,6.958,6.960,0.206,5.787,1,0,0.082,1.089,69632,21,9,21
"BudgetCrossing",12000,1,231,7.171,7.163,0.240,5.942,1,0,0.113,1.117,77824,21,9,21
"BudgetCrossing",12000,1,232,7.255,7.261,0.206,6.027,1,0,0.089,1.139,69632,21,9,21
"BudgetCrossing",12000,1,233,7.136,7.130,0.206,5.953,1,0,0.087,1.096,73728,21,9,21
"BudgetCrossing",12000,1,234,6.429,6.426,0.232,5.867,1,0,0.098,0.464,16384,21,9,21
"BudgetCrossing",12000,1,235,7.433,7.439,0.235,6.237,1,0,0.096,1.099,73728,21,9,21
"BudgetCrossing",12000,1,236,6.379,6.367,0.212,5.923,1,0,0.085,0.372,24576,21,9,21
"BudgetCrossing",12000,1,237,6.973,6.983,0.239,6.515,1,0,0.080,0.378,16384,21,9,21
"BudgetCrossing",12000,1,238,8.242,8.199,0.224,5.928,1,0,0.099,2.215,,21,9,21
"BudgetCrossing",12000,1,239,9.263,9.300,0.202,8.020,1,0,0.095,1.148,65536,21,9,21
"BudgetCrossing",12000,1,240,6.982,6.990,0.000,5.804,1,0,0.092,1.086,65536,21,9,21
"BudgetCrossing",12000,1,241,7.284,7.275,0.200,6.044,1,0,0.088,1.152,73728,21,9,21
"BudgetCrossing",12000,1,242,8.100,8.092,0.208,6.063,1,0,0.088,1.949,73728,21,9,21
"BudgetCrossing",12000,1,243,7.183,7.193,0.209,5.913,1,0,0.116,1.154,77824,21,9,21
"BudgetCrossing",12000,1,244,8.917,8.888,0.208,7.047,1,0,0.208,1.662,73728,21,9,21
"BudgetCrossing",12000,1,245,7.160,7.185,0.209,5.865,1,0,0.098,1.196,69632,21,9,21
"BudgetCrossing",12000,1,246,7.362,7.363,0.232,6.161,1,0,0.093,1.108,77824,21,9,21
"BudgetCrossing",12000,1,247,7.756,7.743,0.231,5.692,1,0,0.116,1.948,,21,9,21
"BudgetCrossing",12000,1,248,6.862,6.875,0.208,5.676,1,0,0.115,1.071,61440,21,9,21
"BudgetCrossing",12000,1,249,7.062,7.057,0.210,5.873,1,0,0.093,1.097,69632,21,9,21
"BudgetCrossing",12000,1,250,6.380,6.384,0.230,5.971,1,0,0.091,0.317,20480,21,9,21
"BudgetCrossing",12000,1,251,7.264,7.263,0.234,6.002,1,0,0.087,1.175,73728,21,9,21
"BudgetCrossing",12000,1,252,7.511,7.501,0.208,6.009,1,0,0.087,1.416,73728,21,9,21
"BudgetCrossing",12000,1,253,6.937,6.938,0.209,5.699,1,0,0.095,1.144,73728,21,9,21
"BudgetCrossing",12000,1,254,7.598,7.601,0.234,5.950,1,0,0.091,1.557,73728,21,9,21
"BudgetCrossing",12000,1,255,8.799,8.778,0.205,6.595,1,0,0.115,2.089,77824,21,9,21
"BudgetCrossing",12000,1,256,7.013,7.032,0.205,5.875,1,0,0.111,1.027,,21,9,21
"BudgetCrossing",12000,1,257,6.391,6.397,0.209,5.987,1,0,0.083,0.321,8192,21,9,21
"BudgetCrossing",12000,1,258,6.358,6.357,0.213,5.992,1,0,0.088,0.278,4096,21,9,21
"BudgetCrossing",12000,1,259,7.492,7.493,0.232,6.249,1,0,0.107,1.136,77824,21,9,21
"BudgetCrossing",12000,1,260,9.327,9.290,0.207,6.408,1,0,0.091,2.827,73728,21,9,21
"BudgetCrossing",12000,1,261,8.275,8.305,0.201,6.858,1,0,0.084,1.333,73728,21,9,21
"BudgetCrossing",12000,1,262,7.070,7.073,0.202,5.907,1,0,0.084,1.079,73728,21,9,21
"BudgetCrossing",12000,1,263,7.224,7.220,0.200,5.975,1,0,0.087,1.162,69632,21,9,21
"BudgetCrossing",12000,1,264,6.689,6.689,0.201,6.166,1,0,0.111,0.412,20480,21,9,21
"BudgetCrossing",12000,1,265,6.235,6.235,0.233,5.728,1,0,0.100,0.407,20480,21,9,21
"BudgetCrossing",12000,1,266,8.677,8.645,0.212,5.927,1,0,0.094,2.657,73728,21,9,21
"BudgetCrossing",12000,1,267,8.358,8.384,0.207,6.778,1,0,0.081,1.499,77824,21,9,21
"BudgetCrossing",12000,1,268,8.429,8.425,0.223,7.279,1,0,0.087,1.063,,21,9,21
"BudgetCrossing",12000,1,269,6.992,7.005,0.346,5.791,1,0,0.087,1.114,65536,21,9,21
"BudgetCrossing",12000,1,270,6.481,6.482,0.211,6.116,1,0,0.088,0.276,4096,21,9,21
"BudgetCrossing",12000,1,271,9.449,9.437,0.211,8.241,1,0,0.100,1.108,69632,21,9,21
"BudgetCrossing",12000,1,272,7.167,7.174,0.236,5.978,1,0,0.085,1.104,73728,21,9,21
"BudgetCrossing",12000,1,273,7.399,7.392,0.218,6.176,1,0,0.083,1.140,73728,21,9,21
"BudgetCrossing",12000,1,274,7.179,7.184,0.202,5.884,1,0,0.110,1.184,73728,21,9,21
"BudgetCrossing",12000,1,275,6.817,6.814,0.209,6.238,1,0,0.109,0.469,16384,21,9,21
"BudgetCrossing",12000,1,276,6.416,6.410,0.209,5.958,1,0,0.092,0.367,20480,21,9,21
"BudgetCrossing",12000,1,277,6.199,6.205,0.229,5.722,1,0,0.092,0.386,20480,21,9,21
"BudgetCrossing",12000,1,278,7.265,7.255,0.232,5.963,1,0,0.103,1.198,73728,21,9,21
"BudgetCrossing",12000,1,279,8.146,8.120,0.226,7.411,1,0,0.105,0.631,16384,21,9,21
"BudgetCrossing",12000,1,280,11.749,11.776,0.200,9.906,1,0,0.130,1.713,,21,9,21
"BudgetCrossing",12000,1,281,7.411,7.402,0.198,6.065,1,0,0.111,1.235,65536,21,9,21
"BudgetCrossing",12000,1,282,7.714,7.717,0.208,6.287,1,0,0.120,1.307,57344,21,9,21
"BudgetCrossing",12000,1,283,6.223,6.237,0.191,5.752,1,0,0.103,0.369,16384,21,9,21
"BudgetCrossing",12000,1,284,7.117,7.109,0.211,5.943,1,0,0.088,1.087,73728,21,9,21
"BudgetCrossing",12000,1,285,8.152,8.146,0.211,6.101,1,0,0.131,1.921,77824,21,9,21
"BudgetCrossing",12000,1,286,9.125,9.132,0.207,7.605,1,0,0.089,1.431,77824,21,9,21
"BudgetCrossing",12000,1,287,8.471,8.470,0.216,7.173,1,0,0.093,1.204,69632,21,9,21
"BudgetCrossing",12000,1,288,6.440,6.440,0.211,5.958,1,0,0.120,0.362,20480,21,9,21
"BudgetCrossing",12000,1,289,7.247,7.247,0.222,6.019,1,0,0.085,1.143,73728,21,9,21
"BudgetCrossing",12000,1,290,7.995,7.989,0.203,6.065,1,0,0.083,1.847,,21,9,21
"BudgetCrossing",12000,1,291,6.378,6.389,0.231,5.981,1,0,0.087,0.309,8192,21,9,21
"BudgetCrossing",12000,1,292,6.667,6.664,0.199,6.318,1,0,0.084,0.265,4096,21,9,21
"BudgetCrossing",12000,1,293,6.922,6.923,0.204,6.532,1,0,0.097,0.292,16384,21,9,21
"BudgetCrossing",12000,1,294,7.748,7.748,0.206,6.532,1,0,0.082,1.134,77824,21,9,21
"BudgetCrossing",12000,1,295,7.884,7.873,0.197,6.577,1,0,0.085,1.222,73728,21,9,21
"BudgetCrossing",12000,1,296,6.474,6.477,0.224,5.974,1,0,0.103,0.398,16384,21,9,21
"BudgetCrossing",12000,1,297,7.311,7.313,0.228,6.050,1,0,0.085,1.176,73728,21,9,21
"BudgetCrossing",12000,1,298,9.914,9.890,0.212,8.717,1,0,0.087,1.110,77824,21,9,21
"BudgetCrossing",12000,1,299,7.624,7.644,0.233,6.368,1,0,0.105,1.151,73728,21,9,21
"BudgetCrossing",14000,1,0,7.984,7.997,0.196,6.327,1,0,0.107,1.550,65536,14,9,14
"BudgetCrossing",14000,1,1,7.775,7.769,0.000,6.576,1,0,0.107,1.092,57344,14,9,14
"BudgetCrossing",14000,1,2,7.351,7.360,0.403,6.213,1,0,0.101,1.037,69632,14,9,14
"BudgetCrossing",14000,1,3,9.479,9.472,0.199,9.060,1,0,0.104,0.315,12288,15,9,15
"BudgetCrossing",14000,1,4,8.039,8.044,0.195,6.294,1,0,0.101,1.644,77824,15,9,15
"BudgetCrossing",14000,1,5,6.797,6.797,0.208,6.337,1,0,0.134,0.327,20480,15,9,15
"BudgetCrossing",14000,1,6,7.906,7.899,0.231,6.507,1,0,0.131,1.269,69632,15,9,15
"BudgetCrossing",14000,1,7,7.590,7.596,0.195,6.454,1,0,0.106,1.030,77824,15,9,15
"BudgetCrossing",14000,1,8,7.533,7.526,0.241,6.330,1,0,0.098,1.106,73728,15,9,15
"BudgetCrossing",14000,1,9,11.053,11.029,0.221,9.374,1,0,0.162,1.516,69632,15,9,15
"BudgetCrossing",14000,1,10,9.192,9.178,0.230,6.742,1,0,0.141,2.309,,15,9,15
"BudgetCrossing",14000,1,11,8.442,8.478,0.207,7.176,1,0,0.116,1.150,65536,15,9,15
"BudgetCrossing",14000,1,12,7.674,7.648,0.206,6.915,1,0,0.112,0.648,4096,16,9,16
"BudgetCrossing",14000,1,13,8.529,8.545,0.205,7.969,1,0,0.139,0.420,8192,16,9,16
"BudgetCrossing",14000,1,14,9.052,9.052,0.209,6.287,1,0,0.135,2.629,65536,16,9,16
"BudgetCrossing",14000,1,15,8.283,8.286,0.205,7.012,1,0,0.137,1.134,73728,16,9,16
"BudgetCrossing",14000,1,16,6.778,6.785,0.231,6.327,1,0,0.129,0.321,16384,16,9,16
"BudgetCrossing",14000,1,17,6.913,6.912,0.215,6.404,1,0,0.159,0.350,16384,16,9,16
"BudgetCrossing",14000,1,18,7.461,7.457,0.233,6.271,1,0,0.097,1.093,77824,16,9,16
"BudgetCrossing",14000,1,19,8.323,8.317,0.227,6.480,1,0,0.128,1.714,77824,16,9,16
"BudgetCrossing",14000,1,20,8.683,8.689,0.222,7.454,1,0,0.104,1.126,69632,16,9,16
"BudgetCrossing",14000,1,21,7.948,7.955,0.199,6.737,1,0,0.100,1.110,81920,17,9,17
"BudgetCrossing",14000,1,22,7.296,7.286,0.208,6.759,1,0,0.133,0.404,24576,17,9,17
"BudgetCrossing",14000,1,23,7.504,7.503,0.233,7.022,1,0,0.129,0.353,16384,17,9,17
"BudgetCrossing",14000,1,24,8.985,8.981,0.205,6.597,1,0,0.105,2.284,,17,9,17
"BudgetCrossing",14000,1,25,7.578,7.584,0.230,6.347,1,0,0.108,1.123,61440,17,9,17
"BudgetCrossing",14000,1,26,8.105,8.111,0.226,6.888,1,0,0.107,1.109,57344,17,9,17
"BudgetCrossing",14000,1,27,8.255,8.256,0.222,7.018,1,0,0.105,1.133,61440,17,9,17
"BudgetCrossing",14000,1,28,11.970,11.937,0.204,9.329,1,0,0.102,2.539,65536,17,9,17
"BudgetCrossing",14000,1,29,8.059,8.082,0.228,6.736,1,0,0.103,1.220,81920,17,9,17
"BudgetCrossing",14000,1,30,9.578,9.578,0.217,8.397,1,0,0.097,1.084,73728,18,9,18
"BudgetCrossing",14000,1,31,7.070,7.067,0.230,6.574,1,0,0.102,0.395,16384,18,9,18
"BudgetCrossing",14000,1,32,7.282,7.287,0.206,6.852,1,0,0.101,0.329,24576,18,9,18
"BudgetCrossing",14000,1,33,7.251,7.245,0.235,6.738,1,0,0.111,0.402,16384,18,9,18
"BudgetCrossing",14000,1,34,8.074,8.080,0.209,6.861,1,0,0.106,1.107,69632,18,9,18
"BudgetCrossing",14000,1,35,7.434,7.428,0.199,6.960,1,0,0.106,0.368,20480,18,9,18
"BudgetCrossing",14000,1,36,8.361,8.370,0.192,7.057,1,0,0.134,1.170,73728,18,9,18
"BudgetCrossing",14000,1,37,7.615,7.602,0.195,7.148,1,0,0.110,0.357,20480,18,9,18
"BudgetCrossing",14000,1,38,8.276,8.269,0.198,6.668,1,0,0.106,1.502,,18,9,18
"BudgetCrossing",14000,1,39,8.601,8.606,0.233,7.276,1,0,0.132,1.193,61440,19,9,19
"BudgetCrossing",14000,1,40,8.503,8.494,0.233,7.105,1,0,0.134,1.263,57344,19,9,19
"BudgetCrossing",14000,1,41,8.447,8.464,0.196,7.095,1,0,0.113,1.239,65536,19,9,19
"BudgetCrossing",14000,1,42,7.598,7.597,0.199,7.161,1,0,0.110,0.327,12288,19,9,19
"BudgetCrossing",14000,1,43,7.732,7.738,0.204,7.260,1,0,0.146,0.327,16384,19,9,19
"BudgetCrossing",14000,1,44,8.623,8.620,0.204,7.262,1,0,0.136,1.225,73728,19,9,19
"BudgetCrossing",14000,1,45,8.622,8.614,0.209,7.251,1,0,0.140,1.231,69632,19,9,19
"BudgetCrossing",14000,1,46,8.433,8.434,0.222,7.205,1,0,0.105,1.123,77824,19,9,19
"BudgetCrossing",14000,1,47,8.079,8.058,0.215,6.360,1,0,0.098,1.621,73728,19,9,19
"BudgetCrossing",14000,1,48,9.915,9.934,0.232,8.449,1,0,0.135,1.331,69632,20,9,20
"BudgetCrossing",14000,1,49,8.583,8.574,0.222,7.033,1,0,0.104,1.446,77824,20,9,20
"BudgetCrossing",14000,1,50,10.756,10.758,0.208,7.842,1,0,0.107,2.807,,20,9,20
"BudgetCrossing",14000,1,51,12.133,12.106,0.206,9.133,1,0,0.119,2.881,61440,20,9,20
"BudgetCrossing",14000,1,52,8.637,8.671,0.209,7.425,1,0,0.102,1.111,57344,20,9,20
"BudgetCrossing",14000,1,53,7.990,7.983,0.199,6.765,1,0,0.121,1.104,61440,20,9,20
"BudgetCrossing",14000,1,54,7.938,7.945,0.210,6.677,1,0,0.119,1.143,73728,20,9,20
"BudgetCrossing",14000,1,55,10.344,10.342,0.208,9.108,1,0,0.123,1.114,73728,20,9,20
"BudgetCrossing",14000,1,56,7.994,7.988,0.206,6.758,1,0,0.128,1.109,73728,20,9,20
"BudgetCrossing",14000,1,57,7.328,7.331,0.220,6.812,1,0,0.113,0.402,20480,21,9,21
"BudgetCrossing",14000,1,58,8.380,8.379,0.227,7.059,1,0,0.106,1.215,69632,21,9,21
"BudgetCrossing",14000,1,59,8.497,8.502,0.244,7.178,1,0,0.136,1.183,77824,21,9,21
"BudgetCrossing",14000,1,60,9.381,9.322,0.208,7.256,1,0,0.134,1.991,,21,9,21
"BudgetCrossing",14000,1,61,9.868,9.924,0.233,8.635,1,0,0.110,1.124,61440,21,9,21
"BudgetCrossing",14000,1,62,7.479,7.458,0.000,6.725,1,0,0.142,0.612,4096,21,9,21
"BudgetCrossing",14000,1,63,10.518,10.530,0.232,9.197,1,0,0.136,1.186,65536,21,9,21
"BudgetCrossing",14000,1,64,8.306,8.313,0.222,6.850,1,0,0.116,1.340,57344,21,9,21
"BudgetCrossing",14000,1,65,9.718,9.692,0.206,6.937,1,0,0.119,2.663,65536,21,9,21
"BudgetCrossing",14000,1,66,8.442,8.465,0.237,7.202,1,0,0.104,1.136,73728,21,9,21
"BudgetCrossing",14000,1,67,8.066,8.054,0.233,6.516,1,0,0.102,1.448,69632,21,9,21
"BudgetCrossing",14000,1,68,9.770,9.768,0.218,7.821,1,0,0.127,1.822,77824,21,9,21
"BudgetCrossing",14000,1,69,11.017,11.021,0.235,9.560,1,0,0.149,1.308,77824,21,9,21
"BudgetCrossing",14000,1,70,9.745,9.727,0.218,6.846,1,0,0.129,2.770,73728,21,9,21
"BudgetCrossing",14000,1,71,9.251,9.236,0.246,7.325,1,0,0.100,1.827,,21,9,21
"BudgetCrossing",14000,1,72,11.635,11.666,0.226,8.640,1,0,0.098,2.897,61440,21,9,21
"BudgetCrossing",14000,1,73,8.567,8.567,0.247,7.078,1,0,0.104,1.385,57344,21,9,21
"BudgetCrossing",14000,1,74,9.178,9.183,0.207,7.960,1,0,0.095,1.124,61440,21,9,21
"BudgetCrossing",14000,1,75,7.839,7.834,0.205,6.545,1,0,0.099,1.196,61440,21,9,21
"BudgetCrossing",14000,1,76,8.124,8.127,0.203,6.835,1,0,0.126,1.163,65536,21,9,21
"BudgetCrossing",14000,1,77,9.497,9.474,0.241,7.058,1,0,0.118,2.321,73728,21,9,21
"BudgetCrossing",14000,1,78,9.863,9.862,0.210,7.231,1,0,0.103,2.529,69632,21,9,21
"BudgetCrossing",14000,1,79,8.618,8.637,0.232,7.392,1,0,0.105,1.121,77824,21,9,21
"BudgetCrossing",14000,1,80,12.206,12.199,0.237,10.314,1,0,0.183,1.708,73728,21,9,21
"BudgetCrossing",14000,1,81,10.669,10.661,0.210,8.774,1,0,0.136,1.759,,21,9,21
"BudgetCrossing",14000,1,82,10.204,10.200,0.202,8.759,1,0,0.121,1.324,65536,21,9,21
"BudgetCrossing",14000,1,83,8.062,8.076,0.233,6.789,1,0,0.110,1.164,57344,21,9,21
"BudgetCrossing",14000,1,84,8.420,8.421,0.228,7.101,1,0,0.141,1.179,61440,21,9,21
"BudgetCrossing",14000,1,85,9.151,9.148,0.210,7.190,1,0,0.138,1.823,57344,21,9,21
"BudgetCrossing",14000,1,86,8.315,8.312,0.210,6.907,1,0,0.109,1.300,61440,21,9,21
"BudgetCrossing",14000,1,87,7.444,7.441,0.212,6.839,1,0,0.108,0.497,16384,21,9,21
"BudgetCrossing",14000,1,88,11.972,11.974,0.231,10.239,1,0,0.157,1.576,73728,21,9,21
"BudgetCrossing",14000,1,89,8.147,8.157,0.233,6.834,1,0,0.129,1.184,77824,21,9,21
"BudgetCrossing",14000,1,90,9.355,9.349,0.213,8.100,1,0,0.101,1.154,73728,21,9,21
"BudgetCrossing",14000,1,91,8.481,8.479,0.208,6.811,1,0,0.096,1.574,73728,21,9,21
"BudgetCrossing",14000,1,92,11.063,11.059,0.229,9.196,1,0,0.095,1.772,,21,9,21
"BudgetCrossing",14000,1,93,8.458,8.455,0.228,7.071,1,0,0.117,1.271,61440,21,9,21
"BudgetCrossing",14000,1,94,8.261,8.272,0.222,7.008,1,0,0.109,1.144,61440,21,9,21
"BudgetCrossing",14000,1,95,8.534,8.524,0.238,7.257,1,0,0.139,1.138,61440,21,9,21
"BudgetCrossing",14000,1,96,7.352,7.360,0.202,6.850,1,0,0.131,0.371,4096,21,9,21
"BudgetCrossing",14000,1,97,7.820,7.817,0.206,7.265,1,0,0.139,0.416,8192,21,9,21
"BudgetCrossing",14000,1,98,9.174,9.172,0.208,7.515,1,0,0.129,1.530,61440,21,9,21
"BudgetCrossing",14000,1,99,10.705,10.704,0.231,9.342,1,0,0.129,1.234,69632,21,9,21
"BudgetCrossing",14000,1,100,10.174,10.179,0.225,9.010,1,0,0.095,1.068,77824,21,9,21
"BudgetCrossing",14000,1,101,8.080,8.078,0.224,6.837,1,0,0.098,1.145,73728,21,9,21
"BudgetCrossing",14000,1,102,7.519,7.511,0.231,7.032,1,0,0.122,0.365,12288,21,9,21
"BudgetCrossing",14000,1,103,7.452,7.458,0.223,6.914,1,0,0.121,0.416,24576,21,9,21
"BudgetCrossing",14000,1,104,7.851,7.850,0.208,7.121,1,0,0.099,0.631,24576,21,9,21
"BudgetCrossing",14000,1,105,8.740,8.738,0.238,7.361,1,0,0.105,1.274,86016,21,9,21
"BudgetCrossing",14000,1,106,9.325,9.328,0.223,7.580,1,0,0.107,1.638,,21,9,21
"BudgetCrossing",14000,1,107,11.034,11.017,0.600,8.982,1,0,0.099,1.953,65536,21,9,21
"BudgetCrossing",14000,1,108,13.356,13.358,0.195,10.602,1,0,0.150,2.604,57344,21,9,21
"BudgetCrossing",14000,1,109,8.748,8.764,0.228,7.425,1,0,0.100,1.223,61440,21,9,21
"BudgetCrossing",14000,1,110,9.320,9.312,0.210,8.089,1,0,0.103,1.128,57344,21,9,21
"BudgetCrossing",14000,1,111,8.721,8.726,0.228,7.189,1,0,0.105,1.428,65536,21,9,21
"BudgetCrossing",14000,1,112,10.787,10.781,0.206,9.538,1,0,0.099,1.150,61440,21,9,21
"BudgetCrossing",14000,1,113,10.737,10.590,0.211,8.487,1,0,0.095,2.155,69632,21,9,21
"BudgetCrossing",14000,1,114,13.510,13.636,0.219,10.468,1,0,0.147,2.895,77824,21,9,21
"BudgetCrossing",14000,1,115,9.154,9.177,0.245,7.471,1,0,0.112,1.571,73728,21,9,21
"BudgetCrossing",14000,1,116,8.845,8.838,0.208,7.132,1,0,0.112,1.601,,21,9,21
"BudgetCrossing",14000,1,117,8.183,8.193,0.232,6.967,1,0,0.112,1.105,65536,21,9,21
"BudgetCrossing",14000,1,118,8.506,8.498,0.208,7.234,1,0,0.111,1.161,57344,21,9,21
"BudgetCrossing",14000,1,119,10.676,10.679,0.209,9.396,1,0,0.131,1.149,61440,21,9,21
"BudgetCrossing",14000,1,120,8.121,8.123,0.213,6.918,1,0,0.104,1.100,57344,21,9,21
"BudgetCrossing",14000,1,121,8.584,8.563,0.209,7.039,1,0,0.152,1.393,61440,21,9,21
"BudgetCrossing",14000,1,122,8.321,8.340,0.246,7.062,1,0,0.106,1.153,61440,21,9,21
"BudgetCrossing",14000,1,123,8.020,7.996,0.211,7.381,1,0,0.108,0.531,12288,21,9,21
"BudgetCrossing",14000,1,124,13.823,13.844,0.208,12.476,1,0,0.161,1.186,81920,21,9,21
"BudgetCrossing",14000,1,125,10.669,10.658,0.211,8.701,1,0,0.127,1.842,77824,21,9,21
"BudgetCrossing",14000,1,126,12.776,12.776,0.208,11.289,1,0,0.103,1.384,69632,21,9,21
"BudgetCrossing",14000,1,127,13.184,13.179,0.223,7.550,1,0,0.108,5.527,77824,21,9,21
"BudgetCrossing",14000,1,128,9.261,9.265,0.237,7.275,1,0,0.107,1.878,,21,9,21
"BudgetCrossing",14000,1,129,8.322,8.330,0.000,7.023,1,0,0.116,1.184,65536,21,9,21
"BudgetCrossing",14000,1,130,7.793,7.795,0.204,7.381,1,0,0.104,0.308,4096,21,9,21
"BudgetCrossing",14000,1,131,9.339,9.326,0.234,7.939,1,0,0.144,1.255,65536,21,9,21
"BudgetCrossing",14000,1,132,10.160,10.150,0.205,7.326,1,0,0.178,2.655,57344,21,9,21
"BudgetCrossing",14000,1,133,9.000,9.016,0.211,7.776,1,0,0.112,1.112,61440,21,9,21
"BudgetCrossing",14000,1,134,10.072,10.070,0.240,8.718,1,0,0.125,1.229,61440,21,9,21
"BudgetCrossing",14000,1,135,7.468,7.452,0.227,6.918,1,0,0.104,0.446,8192,21,9,21
"BudgetCrossing",14000,1,136,9.068,9.088,0.211,7.858,1,0,0.100,1.110,77824,21,9,21
"BudgetCrossing",14000,1,137,9.052,9.036,0.208,7.157,1,0,0.102,1.794,73728,21,9,21
"BudgetCrossing",14000,1,138,10.110,10.118,0.208,8.849,1,0,0.111,1.150,73728,21,9,21
"BudgetCrossing",14000,1,139,7.833,7.803,0.234,7.031,1,0,0.149,0.654,20480,21,9,21
"BudgetCrossing",14000,1,140,10.233,10.266,0.214,8.872,1,0,0.131,1.229,81920,21,9,21
"BudgetCrossing",14000,1,141,7.616,7.609,0.235,7.059,1,0,0.115,0.442,20480,21,9,21
"BudgetCrossing",14000,1,142,9.238,9.239,0.206,7.538,1,0,0.103,1.598,,21,9,21
"BudgetCrossing",14000,1,143,8.541,8.544,0.243,7.312,1,0,0.107,1.122,57344,21,9,21
"BudgetCrossing",14000,1,144,7.497,7.492,0.236,7.032,1,0,0.109,0.357,8192,21,9,21
"BudgetCrossing",14000,1,145,8.800,8.804,0.231,7.437,1,0,0.113,1.250,57344,21,9,21
"BudgetCrossing",14000,1,146,10.942,10.906,0.220,7.717,1,0,0.109,3.116,61440,21,9,21
"BudgetCrossing",14000,1,147,9.959,9.987,0.222,8.049,1,0,0.125,1.784,65536,21,9,21
"BudgetCrossing",14000,1,148,8.652,8.653,0.215,7.445,1,0,0.108,1.099,61440,21,9,21
"BudgetCrossing",14000,1,149,10.656,10.661,0.207,9.461,1,0,0.100,1.094,77824,21,9,21
"BudgetCrossing",14000,1,150,8.679,8.672,0.235,7.284,1,0,0.137,1.258,69632,21,9,21
"BudgetCrossing",14000,1,151,7.627,7.631,0.227,7.123,1,0,0.103,0.402,16384,21,9,21
"BudgetCrossing",14000,1,152,7.612,7.613,0.212,7.158,1,0,0.101,0.354,20480,21,9,21
"BudgetCrossing",14000,1,153,7.454,7.448,0.229,6.963,1,0,0.129,0.363,12288,21,9,21
"BudgetCrossing",14000,1,154,7.851,7.857,0.237,7.386,1,0,0.119,0.347,20480,21,9,21
"BudgetCrossing",14000,1,155,7.547,7.544,0.204,7.088,1,0,0.095,0.364,24576,21,9,21
"BudgetCrossing",14000,1,156,8.284,8.287,0.199,7.800,1,0,0.118,0.367,16384,21,9,21
"BudgetCrossing",14000,1,157,8.536,8.536,0.226,7.824,1,0,0.122,0.591,20480,21,9,21
"BudgetCrossing",14000,1,158,8.896,8.891,0.192,7.882,1,0,0.100,0.915,,21,9,21
"BudgetCrossing",14000,1,159,9.260,9.267,0.217,7.955,1,0,0.103,1.202,57344,21,9,21
"BudgetCrossing",14000,1,160,9.580,9.572,0.216,8.260,1,0,0.106,1.214,57344,21,9,21
"BudgetCrossing",14000,1,161,9.337,9.344,0.194,8.036,1,0,0.121,1.180,65536,21,9,21
"BudgetCrossing",14000,1,162,9.629,9.621,0.201,8.073,1,0,0.117,1.440,57344,21,9,21
"BudgetCrossing",14000,1,163,10.838,10.842,0.207,9.661,1,0,0.092,1.086,65536,21,9,21
"BudgetCrossing",14000,1,164,11.081,11.064,0.206,9.431,1,0,0.108,1.542,61440,21,9,21
"BudgetCrossing",14000,1,165,9.862,9.876,0.236,8.591,1,0,0.110,1.161,65536,21,9,21
"BudgetCrossing",14000,1,166,9.909,9.880,0.210,7.727,1,0,0.122,2.060,73728,21,9,21
"BudgetCrossing",14000,1,167,10.959,10.977,0.199,9.066,1,0,0.161,1.732,77824,21,9,21
"BudgetCrossing",14000,1,168,10.879,10.884,0.207,9.395,1,0,0.121,1.364,73728,21,9,21
"BudgetCrossing",14000,1,169,9.538,9.544,0.209,7.703,1,0,0.105,1.730,,21,9,21
"BudgetCrossing",14000,1,170,9.205,9.203,0.202,7.907,1,0,0.114,1.184,57344,21,9,21
"BudgetCrossing",14000,1,171,9.354,9.356,0.215,8.111,1,0,0.111,1.133,57344,21,9,21
"BudgetCrossing",14000,1,172,10.347,10.341,0.213,9.047,1,0,0.136,1.164,61440,21,9,21
"BudgetCrossing",14000,1,173,11.524,11.522,0.213,9.843,1,0,0.133,1.547,61440,21,9,21
"BudgetCrossing",14000,1,174,9.679,9.680,0.225,8.363,1,0,0.122,1.194,61440,21,9,21
"BudgetCrossing",14000,1,175,11.391,11.383,0.236,9.190,1,0,0.114,2.088,61440,21,9,21
"BudgetCrossing",14000,1,176,11.778,11.779,0.237,10.187,1,0,0.094,1.496,61440,21,9,21
"BudgetCrossing",14000,1,177,11.694,11.696,0.226,10.239,1,0,0.109,1.347,73728,21,9,21
"BudgetCrossing",14000,1,178,10.851,10.859,0.224,9.666,1,0,0.098,1.087,73728,21,9,21
"BudgetCrossing",14000,1,179,11.931,11.916,0.220,9.338,1,0,0.098,2.495,,21,9,21
"BudgetCrossing",14000,1,180,9.706,9.719,0.209,8.402,1,0,0.106,1.199,65536,21,9,21
"BudgetCrossing",14000,1,181,9.043,9.035,0.210,8.525,1,0,0.131,0.387,16384,21,9,21
"BudgetCrossing",14000,1,182,8.387,8.397,0.210,6.994,1,0,0.101,1.291,73728,21,9,21
"BudgetCrossing",14000,1,183,7.569,7.569,0.211,7.133,1,0,0.102,0.334,16384,21,9,21
"BudgetCrossing",14000,1,184,9.206,9.196,0.209,7.730,1,0,0.102,1.373,73728,21,9,21
"BudgetCrossing",14000,1,185,10.583,10.592,0.211,9.394,1,0,0.096,1.093,73728,21,9,21
"BudgetCrossing",14000,1,186,8.719,8.714,0.210,7.473,1,0,0.098,1.148,73728,21,9,21
"BudgetCrossing",14000,1,187,8.213,8.187,0.204,7.397,1,0,0.122,0.695,20480,21,9,21
"BudgetCrossing",14000,1,188,8.941,8.959,0.207,8.212,1,0,0.116,0.613,16384,21,9,21
"BudgetCrossing",14000,1,189,9.383,9.379,0.238,8.025,1,0,0.111,1.247,73728,21,9,21
"BudgetCrossing",14000,1,190,7.921,7.897,0.219,7.216,1,0,0.105,0.599,20480,21,9,21
"BudgetCrossing",14000,1,191,11.409,11.442,0.193,9.991,1,0,0.135,1.283,77824,21,9,21
"BudgetCrossing",14000,1,192,10.031,9.996,0.352,7.229,1,0,0.111,2.692,81920,21,9,21
"BudgetCrossing",14000,1,193,8.665,8.698,0.211,8.148,1,0,0.111,0.406,20480,21,9,21
"BudgetCrossing",14000,1,194,9.180,9.174,0.200,7.285,1,0,0.104,1.791,,21,9,21
"BudgetCrossing",14000,1,195,8.704,8.711,0.212,7.464,1,0,0.106,1.134,61440,21,9,21
"BudgetCrossing",14000,1,196,11.141,11.134,0.207,9.835,1,0,0.142,1.164,69632,21,9,21
"BudgetCrossing",14000,1,197,10.287,10.270,0.193,7.306,1,0,0.137,2.845,77824,21,9,21
"BudgetCrossing",14000,1,198,8.860,8.880,0.200,7.591,1,0,0.105,1.165,69632,21,9,21
"BudgetCrossing",14000,1,199,11.463,11.462,0.207,9.876,1,0,0.098,1.489,73728,21,9,21
"BudgetCrossing",14000,1,200,8.760,8.760,0.238,7.473,1,0,0.104,1.182,73728,21,9,21
"BudgetCrossing",14000,1,201,8.878,8.879,0.231,7.659,1,0,0.102,1.117,69632,21,9,21
"BudgetCrossing",14000,1,202,10.823,10.815,0.209,9.547,1,0,0.100,1.177,77824,21,9,21
"BudgetCrossing",14000,1,203,10.535,10.542,0.210,9.294,1,0,0.112,1.129,77824,21,9,21
"BudgetCrossing",14000,1,204,10.141,10.129,0.250,8.439,1,0,0.103,1.599,,21,9,21
"BudgetCrossing",14000,1,205,9.326,9.337,0.212,8.074,1,0,0.106,1.146,57344,21,9,21
"BudgetCrossing",14000,1,206,9.437,9.431,0.233,8.149,1,0,0.132,1.157,61440,21,9,21
"BudgetCrossing",14000,1,207,7.931,7.936,0.219,7.431,1,0,0.108,0.392,16384,21,9,21
"BudgetCrossing",14000,1,208,8.613,8.616,0.214,7.340,1,0,0.104,1.169,69632,21,9,21
"BudgetCrossing",14000,1,209,9.163,9.156,0.209,7.792,1,0,0.106,1.265,81920,21,9,21
"BudgetCrossing",14000,1,210,8.477,8.486,0.227,8.062,1,0,0.102,0.313,20480,21,9,21
"BudgetCrossing",14000,1,211,9.522,9.507,0.193,8.220,1,0,0.142,1.161,73728,21,9,21
"BudgetCrossing",14000,1,212,11.320,11.320,0.235,9.256,1,0,0.175,1.889,77824,21,9,21
"BudgetCrossing",14000,1,213,10.885,10.887,0.211,9.604,1,0,0.103,1.178,73728,21,9,21
"BudgetCrossing",14000,1,214,8.280,8.288,0.243,7.776,1,0,0.133,0.371,12288,21,9,21
"BudgetCrossing",14000,1,215,10.609,10.593,0.227,7.971,1,0,0.135,2.503,73728,21,9,21
"BudgetCrossing",14000,1,216,10.230,10.240,0.215,8.465,1,0,0.099,1.666,,21,9,21
"BudgetCrossing",14000,1,217,9.016,9.016,0.250,7.749,1,0,0.106,1.161,57344,21,9,21
"BudgetCrossing",14000,1,218,10.216,10.207,0.226,8.065,1,0,0.105,2.045,61440,21,9,21
"BudgetCrossing",14000,1,219,12.765,12.769,0.209,11.115,1,0,0.163,1.487,73728,21,9,21
"BudgetCrossing",14000,1,220,10.487,10.492,0.210,9.240,1,0,0.110,1.137,69632,21,9,21
"BudgetCrossing",14000,1,221,11.094,11.080,0.208,9.427,1,0,0.112,1.555,73728,21,9,21
"BudgetCrossing",14000,1,222,8.723,8.737,0.579,7.422,1,0,0.104,1.196,73728,21,9,21
"BudgetCrossing",14000,1,223,8.249,8.246,0.226,7.820,1,0,0.105,0.324,12288,21,9,21
"BudgetCrossing",14000,1,224,10.150,10.147,0.210,8.620,1,0,0.106,1.424,73728,21,9,21
"BudgetCrossing",14000,1,225,13.138,13.105,0.228,10.013,1,0,0.133,2.993,77824,21,9,21
"BudgetCrossing",14000,1,226,9.892,9.926,0.221,8.504,1,0,0.117,1.272,69632,21,9,21
"BudgetCrossing",14000,1,227,10.001,9.988,0.196,7.737,1,0,0.110,2.153,,21,9,21
"BudgetCrossing",14000,1,228,9.203,9.215,0.235,7.867,1,0,0.106,1.230,57344,21,9,21
"BudgetCrossing",14000,1,229,9.249,9.246,0.203,7.933,1,0,0.134,1.183,57344,21,9,21
"BudgetCrossing",14000,1,230,8.569,8.577,0.208,8.075,1,0,0.134,0.360,8192,21,9,21
"BudgetCrossing",14000,1,231,9.512,9.505,0.207,8.171,1,0,0.137,1.203,69632,21,9,21
"BudgetCrossing",14000,1,232,10.848,10.836,0.206,8.239,1,0,0.134,2.475,77824,21,9,21
"BudgetCrossing",14000,1,233,9.809,9.809,0.232,9.224,1,0,0.110,0.475,20480,21,9,21
"BudgetCrossing",14000,1,234,9.200,9.210,0.218,7.910,1,0,0.132,1.158,69632,21,9,21
"BudgetCrossing",14000,1,235,8.707,8.703,0.231,7.461,1,0,0.128,1.118,73728,21,9,21
"BudgetCrossing",14000,1,236,8.990,8.992,0.201,7.748,1,0,0.127,1.115,73728,21,9,21
"BudgetCrossing",14000,1,237,8.118,8.112,0.203,7.565,1,0,0.121,0.432,12288,21,9,21
"BudgetCrossing",14000,1,238,11.450,11.454,0.246,10.210,1,0,0.098,1.143,77824,21,9,21
"BudgetCrossing",14000,1,239,10.625,10.590,0.228,7.785,1,0,0.109,2.731,73728,21,9,21
"BudgetCrossing",14000,1,240,10.455,10.482,0.229,8.544,1,0,0.110,1.801,,21,9,21
"BudgetCrossing",14000,1,241,7.992,7.997,0.682,7.473,1,0,0.108,0.411,4096,21,9,21
"BudgetCrossing",14000,1,242,9.348,9.348,0.209,7.995,1,0,0.106,1.248,57344,21,9,21
"BudgetCrossing",14000,1,243,9.021,9.018,0.212,7.737,1,0,0.105,1.179,61440,21,9,21
"BudgetCrossing",14000,1,244,9.457,9.453,0.208,8.000,1,0,0.151,1.306,65536,21,9,21
"BudgetCrossing",14000,1,245,9.515,9.515,0.202,7.821,1,0,0.139,1.556,73728,21,9,21
"BudgetCrossing",14000,1,246,11.268,11.254,0.212,8.586,1,0,0.123,2.559,73728,21,9,21
"BudgetCrossing",14000,1,247,9.238,9.257,0.204,7.906,1,0,0.147,1.185,73728,21,9,21
"BudgetCrossing",14000,1,248,9.457,9.449,0.617,8.058,1,0,0.143,1.257,73728,21,9,21
"BudgetCrossing",14000,1,249,9.518,9.514,0.232,7.783,1,0,0.107,1.628,73728,21,9,21
"BudgetCrossing",14000,1,250,10.701,10.703,0.202,9.336,1,0,0.115,1.249,69632,21,9,21
"BudgetCrossing",14000,1,251,9.025,9.031,0.210,7.769,1,0,0.106,1.150,73728,21,9,21
"BudgetCrossing",14000,1,252,10.188,10.169,0.244,8.119,1,0,0.244,1.824,,21,9,21
"BudgetCrossing",14000,1,253,9.244,9.254,0.209,7.894,1,0,0.118,1.232,61440,21,9,21
"BudgetCrossing",14000,1,254,11.456,11.452,0.207,10.212,1,0,0.114,1.130,61440,21,9,21
"BudgetCrossing",14000,1,255,10.697,10.703,0.206,9.383,1,0,0.143,1.172,61440,21,9,21
"BudgetCrossing",14000,1,256,10.773,10.764,0.200,7.988,1,0,0.137,2.648,73728,21,9,21
"BudgetCrossing",14000,1,257,10.018,10.020,0.201,8.321,1,0,0.121,1.577,73728,21,9,21
"BudgetCrossing",14000,1,258,9.067,9.076,0.223,7.779,1,0,0.107,1.181,69632,21,9,21
"BudgetCrossing",14000,1,259,8.215,8.195,0.250,7.546,1,0,0.134,0.534,24576,21,9,21
"BudgetCrossing",14000,1,260,12.174,12.168,0.236,9.096,1,0,0.117,2.961,77824,21,9,21
"BudgetCrossing",14000,1,261,10.150,10.166,0.201,8.905,1,0,0.105,1.139,69632,21,9,21
"BudgetCrossing",14000,1,262,10.684,10.692,0.233,9.468,1,0,0.104,1.113,73728,21,9,21
"BudgetCrossing",14000,1,263,10.384,10.367,0.220,8.030,1,0,0.144,2.210,,21,9,21
"BudgetCrossing",14000,1,264,8.407,8.425,0.207,7.913,1,0,0.116,0.378,4096,21,9,21
"BudgetCrossing",14000,1,265,9.686,9.684,0.204,8.328,1,0,0.137,1.222,57344,21,9,21
"BudgetCrossing",14000,1,266,11.711,11.695,0.226,10.085,1,0,0.108,1.518,61440,21,9,21
"BudgetCrossing",14000,1,267,11.203,11.199,0.200,9.412,1,0,0.143,1.649,69632,21,9,21
"BudgetCrossing",14000,1,268,8.545,8.560,0.204,8.003,1,0,0.121,0.421,20480,21,9,21
"BudgetCrossing",14000,1,269,8.850,8.852,0.206,7.549,1,0,0.127,1.175,73728,21,9,21
"BudgetCrossing",14000,1,270,9.620,9.614,0.214,8.244,1,0,0.134,1.242,69632,21,9,21
"BudgetCrossing",14000,1,271,8.236,8.242,0.234,7.740,1,0,0.103,0.393,20480,21,9,21
"BudgetCrossing",14000,1,272,8.680,8.674,0.203,8.192,1,0,0.131,0.357,16384,21,9,21
"BudgetCrossing",14000,1,273,8.528,8.531,0.230,7.703,1,0,0.124,0.701,12288,21,9,21
"BudgetCrossing",14000,1,274,9.566,9.562,0.203,8.328,1,0,0.102,1.135,73728,21,9,21
"BudgetCrossing",14000,1,275,9.338,9.335,0.210,7.653,1,0,0.101,1.584,77824,21,9,21
"BudgetCrossing",14000,1,276,9.575,9.562,0.222,8.931,1,0,0.128,0.516,24576,21,9,21
"BudgetCrossing",14000,1,277,12.956,12.964,0.225,10.670,1,0,0.128,2.157,,21,9,21
"BudgetCrossing",14000,1,278,9.502,9.508,0.200,8.222,1,0,0.103,1.177,61440,21,9,21
"BudgetCrossing",14000,1,279,9.032,9.028,0.000,7.994,1,0,0.137,0.901,4096,21,9,21
"BudgetCrossing",14000,1,280,11.186,11.187,0.233,9.983,1,0,0.120,1.083,61440,21,9,21
"BudgetCrossing",14000,1,281,8.879,8.880,0.221,8.066,1,0,0.122,0.690,4096,21,9,21
"BudgetCrossing",14000,1,282,9.421,9.414,0.210,8.124,1,0,0.133,1.165,69632,21,9,21
"BudgetCrossing",14000,1,283,9.060,9.071,0.220,7.800,1,0,0.121,1.140,73728,21,9,21
"BudgetCrossing",14000,1,284,9.529,9.520,0.247,8.082,1,0,0.112,1.334,69632,21,9,21
"BudgetCrossing",14000,1,285,12.937,12.944,0.219,11.668,1,0,0.121,1.148,73728,21,9,21
"BudgetCrossing",14000,1,286,9.605,9.598,0.238,8.102,1,0,0.104,1.399,77824,21,9,21
"BudgetCrossing",14000,1,287,8.425,8.422,0.225,7.861,1,0,0.100,0.465,12288,21,9,21
"BudgetCrossing",14000,1,288,13.934,13.939,0.234,12.752,1,0,0.095,1.086,73728,21,9,21
"BudgetCrossing",14000,1,289,10.861,10.844,0.210,8.930,1,0,0.279,1.652,73728,21,9,21
"BudgetCrossing",14000,1,290,8.402,8.412,0.209,7.874,1,0,0.111,0.417,24576,21,9,21
"BudgetCrossing",14000,1,291,8.632,8.641,0.241,7.949,1,0,0.107,0.576,16384,21,9,21
"BudgetCrossing",14000,1,292,9.734,9.729,0.212,7.841,1,0,0.136,1.757,,21,9,21
"BudgetCrossing",14000,1,293,8.852,8.856,0.209,8.422,1,0,0.112,0.319,4096,21,9,21
"BudgetCrossing",14000,1,294,11.145,11.111,0.200,8.639,1,0,0.109,2.398,57344,21,9,21
"BudgetCrossing",14000,1,295,9.194,9.225,0.223,8.741,1,0,0.102,0.351,4096,21,9,21
"BudgetCrossing",14000,1,296,8.240,8.238,0.204,7.781,1,0,0.134,0.326,12288,21,9,21
"BudgetCrossing",14000,1,297,9.352,9.354,0.202,8.078,1,0,0.133,1.141,69632,21,9,21
"BudgetCrossing",14000,1,298,11.798,11.792,0.213,10.183,1,0,0.133,1.483,81920,21,9,21
"BudgetCrossing",14000,1,299,10.211,10.213,0.223,8.895,1,0,0.122,1.195,73728,21,9,21
"BudgetCrossing",16000,1,0,9.775,9.778,0.208,8.478,1,0,0.155,1.143,69632,14,9,14
"BudgetCrossing",16000,1,1,10.084,10.076,0.197,8.598,1,0,0.150,1.335,81920,14,9,14
"BudgetCrossing",16000,1,2,10.499,10.476,0.197,8.633,1,0,0.130,1.736,,14,9,14
"BudgetCrossing",16000,1,3,10.306,10.330,0.223,9.896,1,0,0.124,0.286,4096,15,9,15
"BudgetCrossing",16000,1,4,10.466,10.465,0.229,8.814,1,0,0.152,1.501,61440,15,9,15
"BudgetCrossing",16000,1,5,11.612,11.602,0.232,9.839,1,0,0.131,1.642,73728,15,9,15
"BudgetCrossing",16000,1,6,12.446,12.456,0.207,10.516,1,0,0.152,1.778,73728,15,9,15
"BudgetCrossing",16000,1,7,9.882,9.880,0.189,8.630,1,0,0.120,1.132,69632,15,9,15
"BudgetCrossing",16000,1,8,10.015,10.019,0.243,8.795,1,0,0.124,1.097,77824,15,9,15
"BudgetCrossing",16000,1,9,10.985,10.948,0.219,10.286,1,0,0.154,0.545,16384,15,9,15
"BudgetCrossing",16000,1,10,13.331,13.361,0.224,12.024,1,0,0.149,1.158,77824,15,9,15
"BudgetCrossing",16000,1,11,9.792,9.794,0.198,8.459,1,0,0.146,1.187,73728,15,9,15
"BudgetCrossing",16000,1,12,10.662,10.661,0.206,9.234,1,0,0.111,1.317,69632,16,9,16
"BudgetCrossing",16000,1,13,9.484,9.477,0.223,8.799,1,0,0.120,0.566,20480,16,9,16
"BudgetCrossing",16000,1,14,10.196,10.198,0.230,8.725,1,0,0.133,1.338,81920,16,9,16
"BudgetCrossing",16000,1,15,10.040,10.044,0.222,8.474,1,0,0.137,1.429,73728,16,9,16
"BudgetCrossing",16000,1,16,11.719,11.713,0.198,9.961,1,0,0.111,1.647,,16,9,16
"BudgetCrossing",16000,1,17,9.483,9.492,0.223,8.079,1,0,0.115,1.289,57344,16,9,16
"BudgetCrossing",16000,1,18,9.947,9.942,0.229,8.613,1,0,0.112,1.222,61440,16,9,16
"BudgetCrossing",16000,1,19,9.525,9.528,0.233,8.305,1,0,0.124,1.096,73728,16,9,16
"BudgetCrossing",16000,1,20,10.178,10.155,0.224,8.585,1,0,0.155,1.437,73728,16,9,16
"BudgetCrossing",16000,1,21,9.710,9.731,0.203,8.437,1,0,0.132,1.142,69632,17,9,17
"BudgetCrossing",16000,1,22,9.109,9.108,0.221,8.616,1,0,0.126,0.368,20480,17,9,17
"BudgetCrossing",16000,1,23,9.447,9.453,0.221,8.959,1,0,0.159,0.328,16384,17,9,17
"BudgetCrossing",16000,1,24,9.795,9.787,0.207,8.512,1,0,0.148,1.135,81920,17,9,17
"BudgetCrossing",16000,1,25,10.122,10.121,0.210,8.893,1,0,0.121,1.108,73728,17,9,17
"BudgetCrossing",16000,1,26,11.521,11.488,0.555,8.730,1,0,0.122,2.669,69632,17,9,17
"BudgetCrossing",16000,1,27,10.033,10.070,0.445,8.786,1,0,0.117,1.130,73728,17,9,17
"BudgetCrossing",16000,1,28,11.549,11.501,0.204,8.694,1,0,0.149,2.707,,17,9,17
"BudgetCrossing",16000,1,29,10.955,10.997,0.219,9.530,1,0,0.122,1.302,61440,17,9,17
"BudgetCrossing",16000,1,30,12.133,12.126,0.197,10.897,1,0,0.118,1.118,61440,18,9,18
"BudgetCrossing",16000,1,31,9.768,9.772,0.229,8.356,1,0,0.121,1.291,73728,18,9,18
"BudgetCrossing",16000,1,32,9.007,9.001,0.205,8.414,1,0,0.150,0.444,16384,18,9,18
"BudgetCrossing",16000,1,33,10.423,10.432,0.196,9.962,1,0,0.124,0.338,12288,18,9,18
"BudgetCrossing",16000,1,34,12.168,12.162,0.205,10.924,1,0,0.115,1.129,73728,18,9,18
"BudgetCrossing",16000,1,35,11.172,11.173,0.233,9.705,1,0,0.147,1.320,69632,18,9,18
"BudgetCrossing",16000,1,36,8.798,8.800,0.215,8.363,1,0,0.119,0.317,24576,18,9,18
"BudgetCrossing",16000,1,37,9.425,9.422,0.253,8.684,1,0,0.143,0.599,20480,18,9,18
"BudgetCrossing",16000,1,38,9.818,9.815,0.208,9.047,1,0,0.119,0.653,12288,18,9,18
"BudgetCrossing",16000,1,39,10.416,10.423,0.230,9.031,1,0,0.113,1.273,73728,19,9,19
"BudgetCrossing",16000,1,40,11.147,11.126,0.198,8.293,1,0,0.154,2.700,73728,19,9,19
"BudgetCrossing",16000,1,41,12.143,12.158,0.213,10.898,1,0,0.113,1.132,81920,19,9,19
"BudgetCrossing",16000,1,42,11.084,11.073,0.200,9.010,1,0,0.129,1.945,73728,19,9,19
"BudgetCrossing",16000,1,43,11.541,11.537,0.229,8.973,1,0,0.140,2.428,,19,9,19
"BudgetCrossing",16000,1,44,10.376,10.391,0.224,8.963,1,0,0.125,1.288,61440,19,9,19
"BudgetCrossing",16000,1,45,13.139,13.130,0.198,11.808,1,0,0.129,1.203,172032,19,9,19
"BudgetCrossing",16000,1,46,9.878,9.885,0.227,8.519,1,0,0.130,1.229,65536,19,9,19
"BudgetCrossing",16000,1,47,10.533,10.526,0.203,9.073,1,0,0.121,1.339,77824,19,9,19
"BudgetCrossing",16000,1,48,12.381,12.383,0.210,11.087,1,0,0.157,1.137,69632,20,9,20
"BudgetCrossing",16000,1,49,11.883,11.889,0.207,10.401,1,0,0.115,1.368,73728,20,9,20
"BudgetCrossing",16000,1,50,9.483,9.476,0.232,8.853,1,0,0.155,0.476,16384,20,9,20
"BudgetCrossing",16000,1,51,9.415,9.421,0.199,8.692,1,0,0.150,0.573,24576,20,9,20
"BudgetCrossing",16000,1,52,9.905,9.905,0.224,8.633,1,0,0.111,1.161,73728,20,9,20
"BudgetCrossing",16000,1,53,10.795,10.792,0.211,9.228,1,0,0.118,1.450,69632,20,9,20
"BudgetCrossing",16000,1,54,10.108,10.102,0.215,9.546,1,0,0.135,0.427,20480,20,9,20
"BudgetCrossing",16000,1,55,10.715,10.721,0.235,10.170,1,0,0.124,0.422,16384,20,9,20
"BudgetCrossing",16000,1,56,11.549,11.508,0.206,8.833,1,0,0.130,2.586,,20,9,20
"BudgetCrossing",16000,1,57,11.701,11.748,0.192,10.342,1,0,0.130,1.228,69632,21,9,21
"BudgetCrossing",16000,1,58,11.732,11.701,0.000,8.857,1,0,0.158,2.717,57344,21,9,21
"BudgetCrossing",16000,1,59,11.564,11.589,0.193,10.158,1,0,0.162,1.244,61440,21,9,21
"BudgetCrossing",16000,1,60,10.138,10.132,0.220,8.507,1,0,0.124,1.507,176128,21,9,21
"BudgetCrossing",16000,1,61,11.896,11.895,0.207,10.527,1,0,0.124,1.245,69632,21,9,21
"BudgetCrossing",16000,1,62,10.048,10.050,0.198,8.687,1,0,0.158,1.204,73728,21,9,21
"BudgetCrossing",16000,1,63,10.312,10.311,0.233,9.007,1,0,0.122,1.183,81920,21,9,21
"BudgetCrossing",16000,1,64,10.553,10.554,0.240,9.117,1,0,0.125,1.310,77824,21,9,21
"BudgetCrossing",16000,1,65,11.704,11.671,0.204,8.749,1,0,0.152,2.803,77824,21,9,21
"BudgetCrossing",16000,1,66,11.028,11.052,0.229,9.697,1,0,0.156,1.176,69632,21,9,21
"BudgetCrossing",16000,1,67,10.899,10.901,0.210,8.894,1,0,0.117,1.889,,21,9,21
"BudgetCrossing",16000,1,68,12.638,12.644,0.208,11.385,1,0,0.120,1.133,57344,21,9,21
"BudgetCrossing",16000,1,69,10.907,10.895,0.226,9.498,1,0,0.156,1.252,61440,21,9,21
"BudgetCrossing",16000,1,70,10.825,10.828,0.204,9.196,1,0,0.156,1.473,65536,21,9,21
"BudgetCrossing",16000,1,71,12.251,12.233,0.213,9.171,1,0,0.124,2.956,110592,21,9,21
"BudgetCrossing",16000,1,72,11.910,11.926,0.208,10.624,1,0,0.123,1.163,69632,21,9,21
"BudgetCrossing",16000,1,73,11.334,11.336,0.234,9.448,1,0,0.179,1.707,73728,21,9,21
"BudgetCrossing",16000,1,74,9.719,9.709,0.233,9.058,1,0,0.122,0.539,16384,21,9,21
"BudgetCrossing",16000,1,75,12.303,12.315,0.206,11.035,1,0,0.123,1.145,73728,21,9,21
"BudgetCrossing",16000,1,76,10.062,10.058,0.210,8.758,1,0,0.125,1.179,77824,21,9,21
"BudgetCrossing",16000,1,77,9.568,9.551,0.229,9.040,1,0,0.157,0.371,12288,21,9,21
"BudgetCrossing",16000,1,78,9.872,9.872,0.223,9.197,1,0,0.125,0.550,20480,21,9,21
"BudgetCrossing",16000,1,79,11.153,11.145,0.661,9.295,1,0,0.121,1.737,73728,21,9,21
"BudgetCrossing",16000,1,80,13.374,13.370,0.236,11.186,1,0,0.170,2.018,,21,9,21
"BudgetCrossing",16000,1,81,10.513,10.542,0.201,9.141,1,0,0.154,1.218,61440,21,9,21
"BudgetCrossing",16000,1,82,10.179,10.181,0.208,8.890,1,0,0.129,1.160,57344,21,9,21
"BudgetCrossing",16000,1,83,10.501,10.496,0.207,9.273,1,0,0.125,1.103,61440,21,9,21
"BudgetCrossing",16000,1,84,10.555,10.556,0.211,8.938,1,0,0.125,1.492,73728,21,9,21
"BudgetCrossing",16000,1,85,12.107,12.092,0.210,9.562,1,0,0.164,2.381,69632,21,9,21
"BudgetCrossing",16000,1,86,10.254,10.273,0.208,8.925,1,0,0.163,1.167,73728,21,9,21
"BudgetCrossing",16000,1,87,10.279,10.273,0.208,9.781,1,0,0.116,0.382,12288,21,9,21
"BudgetCrossing",16000,1,88,11.147,11.150,0.235,9.785,1,0,0.121,1.241,77824,21,9,21
"BudgetCrossing",16000,1,89,10.543,10.533,0.234,9.744,1,0,0.147,0.652,16384,21,9,21
"BudgetCrossing",16000,1,90,10.243,10.254,0.211,8.923,1,0,0.152,1.168,69632,21,9,21
"BudgetCrossing",16000,1,91,11.262,11.253,0.220,9.948,1,0,0.121,1.193,73728,21,9,21
"BudgetCrossing",16000,1,92,10.524,10.523,0.207,9.237,1,0,0.118,1.169,77824,21,9,21
"BudgetCrossing",16000,1,93,11.312,11.292,0.221,9.382,1,0,0.119,1.811,73728,21,9,21
"BudgetCrossing",16000,1,94,16.231,16.237,0.232,13.126,1,0,0.157,2.948,,21,9,21
"BudgetCrossing",16000,1,95,11.667,11.669,0.212,8.768,1,0,0.122,2.777,61440,21,9,21
"BudgetCrossing",16000,1,96,11.158,11.164,0.000,9.790,1,0,0.155,1.212,57344,21,9,21
"BudgetCrossing",16000,1,97,10.644,10.646,0.199,9.000,1,0,0.123,1.521,61440,21,9,21
"BudgetCrossing",16000,1,98,10.936,10.940,0.202,9.271,1,0,0.120,1.545,69632,21,9,21
"BudgetCrossing",16000,1,99,12.349,12.322,0.204,9.529,1,0,0.132,2.688,69632,21,9,21
"BudgetCrossing",16000,1,100,10.629,10.655,0.224,9.201,1,0,0.113,1.315,73728,21,9,21
"BudgetCrossing",16000,1,101,10.520,10.516,0.207,9.084,1,0,0.116,1.320,69632,21,9,21
"BudgetCrossing",16000,1,102,12.471,12.476,0.228,11.187,1,0,0.118,1.166,77824,21,9,21
"BudgetCrossing",16000,1,103,10.450,10.444,0.205,9.104,1,0,0.158,1.188,73728,21,9,21
"BudgetCrossing",16000,1,104,11.020,11.025,0.202,9.692,1,0,0.115,1.214,77824,21,9,21
"BudgetCrossing",16000,1,105,10.731,10.724,0.211,10.229,1,0,0.114,0.388,20480,21,9,21
"BudgetCrossing",16000,1,106,10.395,10.395,0.227,9.047,1,0,0.134,1.214,73728,21,9,21
"BudgetCrossing",16000,1,107,13.446,13.447,0.226,11.337,1,0,0.170,1.939,,21,9,21
"BudgetCrossing",16000,1,108,10.588,10.587,0.203,9.275,1,0,0.124,1.190,61440,21,9,21
"BudgetCrossing",16000,1,109,11.091,11.094,0.240,9.730,1,0,0.152,1.210,57344,21,9,21
"BudgetCrossing",16000,1,110,12.063,12.057,0.229,9.775,1,0,0.127,2.161,61440,21,9,21
"BudgetCrossing",16000,1,111,15.759,15.736,0.201,13.538,1,0,0.198,2.023,69632,21,9,21
"BudgetCrossing",16000,1,112,12.223,12.250,0.203,10.866,1,0,0.134,1.223,69632,21,9,21
"BudgetCrossing",16000,1,113,10.052,10.048,0.201,8.719,1,0,0.163,1.169,73728,21,9,21
"BudgetCrossing",16000,1,114,12.405,12.410,0.201,11.108,1,0,0.115,1.182,69632,21,9,21
"BudgetCrossing",16000,1,115,11.835,11.826,0.201,10.386,1,0,0.162,1.288,73728,21,9,21
"BudgetCrossing",16000,1,116,12.370,12.372,0.211,11.010,1,0,0.132,1.228,73728,21,9,21
"BudgetCrossing",16000,1,117,10.854,10.845,0.228,8.706,1,0,0.117,2.031,73728,21,9,21
"BudgetCrossing",16000,1,118,13.520,13.531,0.211,12.219,1,0,0.123,1.178,73728,21,9,21
"BudgetCrossing",16000,1,119,10.654,10.654,0.230,9.210,1,0,0.158,1.286,73728,21,9,21
"BudgetCrossing",16000,1,120,10.864,10.858,0.199,8.822,1,0,0.119,1.924,,21,9,21
"BudgetCrossing",16000,1,121,9.550,9.561,0.207,9.063,1,0,0.121,0.367,4096,21,9,21
"BudgetCrossing",16000,1,122,12.660,12.652,0.648,11.303,1,0,0.147,1.210,57344,21,9,21
"BudgetCrossing",16000,1,123,10.381,10.381,0.204,9.051,1,0,0.119,1.211,61440,21,9,21
"BudgetCrossing",16000,1,124,15.907,15.907,0.200,14.447,1,0,0.186,1.274,73728,21,9,21
"BudgetCrossing",16000,1,125,12.454,12.452,0.200,11.157,1,0,0.114,1.182,69632,21,9,21
"BudgetCrossing",16000,1,126,10.165,10.168,0.247,8.821,1,0,0.140,1.205,73728,21,9,21
"BudgetCrossing",16000,1,127,10.776,10.769,0.203,9.121,1,0,0.115,1.540,69632,21,9,21
"BudgetCrossing",16000,1,128,10.725,10.729,0.241,9.373,1,0,0.148,1.204,77824,21,9,21
"BudgetCrossing",16000,1,129,11.185,11.185,0.234,9.567,1,0,0.133,1.485,73728,21,9,21
"BudgetCrossing",16000,1,130,11.045,11.043,0.233,9.723,1,0,0.127,1.196,73728,21,9,21
"BudgetCrossing",16000,1,131,10.654,10.658,0.201,9.302,1,0,0.150,1.202,73728,21,9,21
"BudgetCrossing",16000,1,132,11.757,11.750,0.237,11.185,1,0,0.133,0.440,16384,21,9,21
"BudgetCrossing",16000,1,133,10.956,10.953,0.227,8.816,1,0,0.132,2.008,,21,9,21
"BudgetCrossing",16000,1,134,10.307,10.311,0.212,9.022,1,0,0.124,1.161,61440,21,9,21
"BudgetCrossing",16000,1,135,10.053,10.050,0.248,9.501,1,0,0.154,0.398,4096,21,9,21
"BudgetCrossing",16000,1,136,9.893,9.886,0.223,9.307,1,0,0.120,0.467,8192,21,9,21
"BudgetCrossing",16000,1,137,11.360,11.370,0.201,10.700,1,0,0.175,0.485,8192,21,9,21
"BudgetCrossing",16000,1,138,10.925,10.921,0.213,9.510,1,0,0.151,1.264,57344,21,9,21
"BudgetCrossing",16000,1,139,11.629,11.631,0.509,10.406,1,0,0.109,1.114,73728,21,9,21
"BudgetCrossing",16000,1,140,10.368,10.367,0.200,8.986,1,0,0.149,1.232,73728,21,9,21
"BudgetCrossing",16000,1,141,12.697,12.693,0.219,11.390,1,0,0.115,1.193,73728,21,9,21
"BudgetCrossing",16000,1,142,11.035,11.038,0.250,9.319,1,0,0.140,1.576,73728,21,9,21
"BudgetCrossing",16000,1,143,10.324,10.320,0.205,9.050,1,0,0.137,1.137,69632,21,9,21
"BudgetCrossing",16000,1,144,9.761,9.757,0.235,9.159,1,0,0.148,0.454,20480,21,9,21
"BudgetCrossing",16000,1,145,12.510,12.485,0.203,9.553,1,0,0.129,2.829,73728,21,9,21
"BudgetCrossing",16000,1,146,11.570,11.594,0.233,9.378,1,0,0.168,2.025,73728,21,9,21
"BudgetCrossing",16000,1,147,12.067,12.069,0.233,10.683,1,0,0.124,1.260,86016,21,9,21
"BudgetCrossing",16000,1,148,11.623,11.624,0.202,10.018,1,0,0.127,1.478,73728,21,9,21
"BudgetCrossing",16000,1,149,13.432,13.432,0.203,11.190,1,0,0.131,2.110,,21,9,21
"BudgetCrossing",16000,1,150,13.830,13.804,0.240,11.353,1,0,0.124,2.354,57344,21,9,21
"BudgetCrossing",16000,1,151,10.954,10.980,0.201,9.648,1,0,0.128,1.178,57344,21,9,21
"BudgetCrossing",16000,1,152,12.456,12.457,0.204,10.962,1,0,0.152,1.343,61440,21,9,21
"BudgetCrossing",16000,1,153,12.159,12.134,0.208,9.877,1,0,0.124,2.158,65536,21,9,21
"BudgetCrossing",16000,1,154,10.536,10.558,0.241,9.254,1,0,0.154,1.127,69632,21,9,21
"BudgetCrossing",16000,1,155,12.436,12.435,0.215,11.151,1,0,0.120,1.165,73728,21,9,21
"BudgetCrossing",16000,1,156,11.053,11.054,0.210,9.640,1,0,0.156,1.256,69632,21,9,21
"BudgetCrossing",16000,1,157,11.299,11.294,0.204,9.978,1,0,0.131,1.190,73728,21,9,21
"BudgetCrossing",16000,1,158,11.021,11.021,0.205,9.527,1,0,0.151,1.343,73728,21,9,21
"BudgetCrossing",16000,1,159,14.967,14.958,0.237,14.096,1,0,0.158,0.713,16384,21,9,21
"BudgetCrossing",16000,1,160,11.464,11.471,0.233,10.065,1,0,0.127,1.271,77824,21,9,21
"BudgetCrossing",16000,1,161,11.215,11.217,0.213,9.755,1,0,0.172,1.289,73728,21,9,21
"BudgetCrossing",16000,1,162,14.836,14.786,0.234,10.714,1,0,0.214,3.907,,21,9,21
"BudgetCrossing",16000,1,163,12.239,12.273,0.206,10.347,1,0,0.121,1.771,61440,21,9,21
"BudgetCrossing",16000,1,164,12.322,12.336,0.000,10.964,1,0,0.156,1.203,57344,21,9,21
"BudgetCrossing",16000,1,165,10.989,10.983,0.240,9.570,1,0,0.155,1.264,61440,21,9,21
"BudgetCrossing",16000,1,166,11.532,11.530,0.215,10.192,1,0,0.136,1.205,65536,21,9,21
"BudgetCrossing",16000,1,167,11.845,11.843,0.227,10.395,1,0,0.161,1.289,61440,21,9,21
"BudgetCrossing",16000,1,168,12.618,12.620,0.246,11.370,1,0,0.120,1.128,73728,21,9,21
"BudgetCrossing",16000,1,169,11.795,11.801,0.225,11.312,1,0,0.118,0.365,12288,21,9,21
"BudgetCrossing",16000,1,170,10.883,10.877,0.210,9.640,1,0,0.121,1.123,73728,21,9,21
"BudgetCrossing",16000,1,171,10.162,10.170,0.200,9.628,1,0,0.127,0.406,16384,21,9,21
"BudgetCrossing",16000,1,172,11.557,11.550,0.231,10.132,1,0,0.159,1.266,69632,21,9,21
"BudgetCrossing",16000,1,173,13.875,13.845,0.194,11.082,1,0,0.115,2.678,73728,21,9,21
"BudgetCrossing",16000,1,174,14.329,14.351,0.211,11.498,1,0,0.130,2.702,81920,21,9,21
"BudgetCrossing",16000,1,175,12.056,12.043,0.193,9.320,1,0,0.156,2.580,73728,21,9,21
"BudgetCrossing",16000,1,176,13.621,13.623,0.229,11.180,1,0,0.219,2.222,,21,9,21
"BudgetCrossing",16000,1,177,10.012,10.037,0.203,9.556,1,0,0.122,0.334,4096,21,9,21
"BudgetCrossing",16000,1,178,10.276,10.272,0.206,9.825,1,0,0.158,0.293,4096,21,9,21
"BudgetCrossing",16000,1,179,11.237,11.236,0.229,10.002,1,0,0.121,1.113,69632,21,9,21
"BudgetCrossing",16000,1,180,17.364,17.348,0.204,15.421,1,0,0.169,1.774,61440,21,9,21
"BudgetCrossing",16000,1,181,11.715,11.721,0.202,10.341,1,0,0.162,1.213,57344,21,9,21
"BudgetCrossing",16000,1,182,11.186,11.196,0.218,9.852,1,0,0.141,1.193,77824,21,9,21
"BudgetCrossing",16000,1,183,10.530,10.522,0.203,10.005,1,0,0.117,0.408,12288,21,9,21
"BudgetCrossing",16000,1,184,10.184,10.190,0.201,9.640,1,0,0.146,0.399,16384,21,9,21
"BudgetCrossing",16000,1,185,11.591,11.585,0.229,10.210,1,0,0.140,1.242,73728,21,9,21
"BudgetCrossing",16000,1,186,11.997,11.995,0.237,10.559,1,0,0.144,1.293,69632,21,9,21
"BudgetCrossing",16000,1,187,11.975,11.977,0.205,10.655,1,0,0.133,1.186,73728,21,9,21
"BudgetCrossing",16000,1,188,11.067,11.055,0.221,9.490,1,0,0.117,1.460,73728,21,9,21
"BudgetCrossing",16000,1,189,10.538,10.547,0.229,9.982,1,0,0.146,0.410,20480,21,9,21
"BudgetCrossing",16000,1,190,12.683,12.659,0.236,10.034,1,0,0.148,2.501,81920,21,9,21
"BudgetCrossing",16000,1,191,10.962,10.988,0.213,9.605,1,0,0.144,1.213,77824,21,9,21
"BudgetCrossing",16000,1,192,14.242,14.207,0.226,11.148,1,0,0.142,2.952,77824,21,9,21
"BudgetCrossing",16000,1,193,12.717,12.737,0.225,10.288,1,0,0.117,2.312,,21,9,21
"BudgetCrossing",16000,1,194,11.019,11.031,0.234,9.806,1,0,0.115,1.098,57344,21,9,21
"BudgetCrossing",16000,1,195,10.335,10.330,0.229,9.889,1,0,0.152,0.293,4096,21,9,21
"BudgetCrossing",16000,1,196,11.476,11.474,0.228,10.039,1,0,0.113,1.323,57344,21,9,21
"BudgetCrossing",16000,1,197,12.740,12.711,0.204,9.827,1,0,0.158,2.755,61440,21,9,21
"BudgetCrossing",16000,1,198,12.932,12.958,0.204,11.684,1,0,0.132,1.117,69632,21,9,21
"BudgetCrossing",16000,1,199,11.087,11.088,0.226,9.745,1,0,0.169,1.172,73728,21,9,21
"BudgetCrossing",16000,1,200,10.863,10.835,0.307,10.035,1,0,0.159,0.670,16384,21,9,21
"BudgetCrossing",16000,1,201,13.005,13.026,0.206,10.810,1,0,0.158,2.037,73728,21,9,21
"BudgetCrossing",16000,1,202,13.047,13.051,0.226,11.828,1,0,0.114,1.106,73728,21,9,21
"BudgetCrossing",16000,1,203,10.965,10.959,0.228,9.658,1,0,0.128,1.178,69632,21,9,21
"BudgetCrossing",16000,1,204,9.955,9.960,0.221,9.454,1,0,0.123,0.378,16384,21,9,21
"BudgetCrossing",16000,1,205,13.008,13.004,0.202,11.722,1,0,0.124,1.162,73728,21,9,21
"BudgetCrossing",16000,1,206,11.466,11.469,0.205,10.069,1,0,0.118,1.279,81920,21,9,21
"BudgetCrossing",16000,1,207,12.269,12.261,0.209,9.675,1,0,0.122,2.472,,21,9,21
"BudgetCrossing",16000,1,208,11.184,11.195,0.209,9.879,1,0,0.128,1.178,61440,21,9,21
"BudgetCrossing",16000,1,209,13.050,13.042,0.205,11.696,1,0,0.123,1.231,57344,21,9,21
"BudgetCrossing",16000,1,210,14.731,14.729,0.204,13.102,1,0,0.193,1.437,57344,21,9,21
"BudgetCrossing",16000,1,211,13.072,13.074,0.201,11.753,1,0,0.135,1.184,61440,21,9,21
"BudgetCrossing",16000,1,212,13.187,13.191,0.236,11.932,1,0,0.112,1.142,61440,21,9,21
"BudgetCrossing",16000,1,213,12.255,12.250,0.203,10.995,1,0,0.118,1.142,69632,21,9,21
"BudgetCrossing",16000,1,214,11.365,11.364,0.229,9.601,1,0,0.149,1.615,69632,21,9,21
"BudgetCrossing",16000,1,215,17.175,17.169,0.230,15.825,1,0,0.145,1.205,73728,21,9,21
"BudgetCrossing",16000,1,216,13.985,13.969,0.215,10.901,1,0,0.115,2.969,73728,21,9,21
"BudgetCrossing",16000,1,217,12.059,12.077,0.204,10.782,1,0,0.124,1.152,69632,21,9,21
"BudgetCrossing",16000,1,218,13.093,13.097,0.229,11.810,1,0,0.122,1.161,77824,21,9,21
"BudgetCrossing",16000,1,219,10.873,10.867,0.231,9.498,1,0,0.147,1.228,73728,21,9,21
"BudgetCrossing",16000,1,220,17.110,17.099,0.201,12.132,1,0,0.123,4.856,77824,21,9,21
"BudgetCrossing",16000,1,221,16.863,16.867,0.210,9.954,1,0,0.165,6.744,81920,21,9,21
"BudgetCrossing",16000,1,222,11.464,11.469,0.228,9.449,1,0,0.161,1.855,,21,9,21
"BudgetCrossing",16000,1,223,12.524,12.502,0.000,9.653,1,0,0.169,2.701,131072,21,9,21
"BudgetCrossing",16000,1,224,10.396,10.426,0.211,9.927,1,0,0.118,0.351,16384,21,9,21
"BudgetCrossing",16000,1,225,10.708,10.700,0.485,9.357,1,0,0.152,1.200,77824,21,9,21
"BudgetCrossing",16000,1,226,10.975,10.972,0.228,10.362,1,0,0.154,0.459,16384,21,9,21
"BudgetCrossing",16000,1,227,11.151,11.149,0.201,10.554,1,0,0.138,0.458,16384,21,9,21
"BudgetCrossing",16000,1,228,10.893,10.895,0.261,10.296,1,0,0.144,0.453,20480,21,9,21
"BudgetCrossing",16000,1,229,10.402,10.401,0.226,9.858,1,0,0.131,0.413,16384,21,9,21
"BudgetCrossing",16000,1,230,12.307,12.313,0.194,10.707,1,0,0.167,1.433,77824,21,9,21
"BudgetCrossing",16000,1,231,11.284,11.278,0.193,9.955,1,0,0.138,1.191,73728,21,9,21
"BudgetCrossing",16000,1,232,11.297,11.297,0.192,9.992,1,0,0.119,1.186,69632,21,9,21
"BudgetCrossing",16000,1,233,11.683,11.686,0.192,10.281,1,0,0.169,1.233,77824,21,9,21
"BudgetCrossing",16000,1,234,11.988,11.981,0.215,11.448,1,0,0.120,0.420,24576,21,9,21
"BudgetCrossing",16000,1,235,10.490,10.498,0.214,9.985,1,0,0.141,0.364,16384,21,9,21
"BudgetCrossing",16000,1,236,10.904,10.896,0.203,10.314,1,0,0.147,0.444,20480,21,9,21
"BudgetCrossing",16000,1,237,14.534,14.530,0.201,11.079,1,0,0.280,3.174,,21,9,21
"BudgetCrossing",16000,1,238,13.359,13.362,0.230,12.023,1,0,0.163,1.173,57344,21,9,21
"BudgetCrossing",16000,1,239,12.026,12.001,0.229,10.077,1,0,0.159,1.791,65536,21,9,21
"BudgetCrossing",16000,1,240,18.702,18.720,0.220,16.075,1,0,0.170,2.456,73728,21,9,21
"BudgetCrossing",16000,1,241,14.033,14.041,0.204,12.711,1,0,0.119,1.203,69632,21,9,21
"BudgetCrossing",16000,1,242,11.540,11.534,0.226,10.233,1,0,0.130,1.177,73728,21,9,21
"BudgetCrossing",16000,1,243,11.852,11.850,0.230,10.336,1,0,0.133,1.384,77824,21,9,21
"BudgetCrossing",16000,1,244,12.074,12.085,0.206,9.608,1,0,0.120,2.346,69632,21,9,21
"BudgetCrossing",16000,1,245,13.613,13.602,0.225,12.098,1,0,0.156,1.358,77824,21,9,21
"BudgetCrossing",16000,1,246,10.787,10.775,0.205,9.974,1,0,0.156,0.656,16384,21,9,21
"BudgetCrossing",16000,1,247,11.855,11.867,0.212,10.241,1,0,0.150,1.464,69632,21,9,21
"BudgetCrossing",16000,1,248,12.821,12.825,0.207,11.606,1,0,0.120,1.096,73728,21,9,21
"BudgetCrossing",16000,1,249,11.834,11.823,0.240,10.032,1,0,0.153,1.649,73728,21,9,21
"BudgetCrossing",16000,1,250,15.139,15.125,0.220,12.702,1,0,0.167,2.270,,21,9,21
"BudgetCrossing",16000,1,251,11.500,11.519,0.238,10.098,1,0,0.156,1.245,57344,21,9,21
"BudgetCrossing",16000,1,252,11.067,11.073,0.225,10.536,1,0,0.140,0.391,4096,21,9,21
"BudgetCrossing",16000,1,253,11.347,11.346,0.201,10.070,1,0,0.125,1.152,69632,21,9,21
"BudgetCrossing",16000,1,254,11.720,11.724,0.348,10.403,1,0,0.122,1.195,69632,21,9,21
"BudgetCrossing",16000,1,255,11.809,11.801,0.218,10.521,1,0,0.141,1.148,73728,21,9,21
"BudgetCrossing",16000,1,256,11.461,11.461,0.204,10.063,1,0,0.164,1.233,73728,21,9,21
"BudgetCrossing",16000,1,257,11.067,11.075,0.204,10.621,1,0,0.120,0.327,12288,21,9,21
"BudgetCrossing",16000,1,258,11.536,11.527,0.225,10.144,1,0,0.123,1.268,81920,21,9,21
"BudgetCrossing",16000,1,259,13.366,13.368,0.219,12.055,1,0,0.121,1.190,73728,21,9,21
"BudgetCrossing",16000,1,260,11.838,11.834,0.227,10.490,1,0,0.132,1.217,69632,21,9,21
"BudgetCrossing",16000,1,261,12.500,12.499,0.197,10.700,1,0,0.172,1.628,139264,21,9,21
"BudgetCrossing",16000,1,262,14.087,14.084,0.227,11.626,1,0,0.121,2.340,,21,9,21
"BudgetCrossing",16000,1,263,11.278,11.278,0.202,9.958,1,0,0.147,1.173,61440,21,9,21
"BudgetCrossing",16000,1,264,11.556,11.563,0.205,10.240,1,0,0.128,1.188,61440,21,9,21
"BudgetCrossing",16000,1,265,11.653,11.646,0.214,10.262,1,0,0.163,1.229,69632,21,9,21
"BudgetCrossing",16000,1,266,12.339,12.327,0.214,10.377,1,0,0.158,1.804,69632,21,9,21
"BudgetCrossing",16000,1,267,15.700,15.700,0.229,10.588,1,0,0.155,4.957,73728,21,9,21
"BudgetCrossing",16000,1,268,14.537,14.487,0.209,11.825,1,0,0.165,2.547,73728,21,9,21
"BudgetCrossing",16000,1,269,14.038,14.056,0.230,12.303,1,0,0.174,1.560,69632,21,9,21
"BudgetCrossing",16000,1,270,16.114,16.138,0.232,14.417,1,0,0.182,1.516,81920,21,9,21
"BudgetCrossing",16000,1,271,12.300,12.320,0.200,10.539,1,0,0.141,1.621,73728,21,9,21
"BudgetCrossing",16000,1,272,12.401,12.381,0.203,10.255,1,0,0.168,1.977,69632,21,9,21
"BudgetCrossing",16000,1,273,14.078,14.091,0.210,12.756,1,0,0.122,1.200,73728,21,9,21
"BudgetCrossing",16000,1,274,11.711,11.716,0.202,10.407,1,0,0.125,1.179,77824,21,9,21
"BudgetCrossing",16000,1,275,11.272,11.235,0.203,10.494,1,0,0.166,0.612,16384,21,9,21
"BudgetCrossing",16000,1,276,15.596,15.608,0.238,11.796,1,0,0.119,3.681,,21,9,21
"BudgetCrossing",16000,1,277,13.399,13.407,0.203,11.969,1,0,0.154,1.277,61440,21,9,21
"BudgetCrossing",16000,1,278,12.481,12.481,0.205,10.410,1,0,0.207,1.863,61440,21,9,21
"BudgetCrossing",16000,1,279,14.536,14.531,0.219,12.264,1,0,0.168,2.104,69632,21,9,21
"BudgetCrossing",16000,1,280,11.960,11.971,0.204,10.570,1,0,0.161,1.229,73728,21,9,21
"BudgetCrossing",16000,1,281,12.177,12.181,0.203,10.767,1,0,0.162,1.248,69632,21,9,21
"BudgetCrossing",16000,1,282,12.598,12.591,0.231,10.915,1,0,0.159,1.525,73728,21,9,21
"BudgetCrossing",16000,1,283,12.290,12.292,0.220,10.983,1,0,0.130,1.177,81920,21,9,21
"BudgetCrossing",16000,1,284,13.099,13.073,0.230,9.994,1,0,0.121,2.984,69632,21,9,21
"BudgetCrossing",16000,1,285,12.387,12.417,0.228,11.126,1,0,0.126,1.135,73728,21,9,21
"BudgetCrossing",16000,1,286,13.045,13.003,0.201,10.137,1,0,0.159,2.749,73728,21,9,21
"BudgetCrossing",16000,1,287,12.692,12.721,0.230,11.300,1,0,0.140,1.252,69632,21,9,21
"BudgetCrossing",16000,1,288,11.687,11.677,0.207,9.615,1,0,0.124,1.948,,21,9,21
"BudgetCrossing",16000,1,289,12.209,12.225,0.199,10.814,1,0,0.169,1.227,65536,21,9,21
"BudgetCrossing",16000,1,290,12.248,12.255,0.202,10.912,1,0,0.165,1.172,57344,21,9,21
"BudgetCrossing",16000,1,291,12.373,12.368,0.205,10.973,1,0,0.161,1.239,61440,21,9,21
"BudgetCrossing",16000,1,292,13.839,13.816,0.207,11.167,1,0,0.168,2.503,73728,21,9,21
"BudgetCrossing",16000,1,293,11.747,11.773,0.226,10.471,1,0,0.122,1.155,69632,21,9,21
"BudgetCrossing",16000,1,294,11.152,11.145,0.227,10.609,1,0,0.157,0.386,20480,21,9,21
"BudgetCrossing",16000,1,295,12.181,12.182,0.236,10.821,1,0,0.150,1.210,69632,21,9,21
"BudgetCrossing",16000,1,296,12.122,12.119,0.204,10.810,1,0,0.143,1.169,81920,21,9,21
"BudgetCrossing",16000,1,297,16.774,16.767,0.235,13.918,1,0,0.283,2.573,73728,21,9,21
"BudgetCrossing",16000,1,298,11.436,11.446,0.221,10.119,1,0,0.122,1.195,69632,21,9,21
"BudgetCrossing",16000,1,299,10.850,10.844,0.225,10.292,1,0,0.148,0.409,16384,21,9,21
"BudgetCrossing",18000,1,0,11.903,11.909,0.199,10.625,1,0,0.170,1.108,65536,14,9,14
"BudgetCrossing",18000,1,1,12.202,12.196,0.213,10.828,1,0,0.174,1.200,73728,14,9,14
"BudgetCrossing",18000,1,2,12.198,12.205,0.199,10.885,1,0,0.155,1.159,69632,14,9,14
"BudgetCrossing",18000,1,3,11.396,11.391,0.201,10.916,1,0,0.130,0.350,16384,15,9,15
"BudgetCrossing",18000,1,4,12.570,12.531,0.228,10.550,1,0,0.141,1.879,77824,15,9,15
"BudgetCrossing",18000,1,5,12.163,12.182,0.227,11.426,1,0,0.133,0.604,16384,15,9,15
"BudgetCrossing",18000,1,6,14.601,14.613,0.224,13.232,1,0,0.136,1.234,73728,15,9,15
"BudgetCrossing",18000,1,7,12.628,12.627,0.195,11.333,1,0,0.141,1.155,73728,15,9,15
"BudgetCrossing",18000,1,8,12.938,12.941,0.226,12.386,1,0,0.169,0.383,12288,15,9,15
"BudgetCrossing",18000,1,9,12.847,12.837,0.200,10.153,1,0,0.167,2.527,77824,15,9,15
"BudgetCrossing",18000,1,10,13.777,13.777,0.279,11.186,1,0,0.126,2.466,81920,15,9,15
"BudgetCrossing",18000,1,11,11.740,11.754,0.285,10.480,1,0,0.131,1.129,69632,15,9,15
"BudgetCrossing",18000,1,12,13.846,13.817,0.221,10.721,1,0,0.165,2.960,,16,9,16
"BudgetCrossing",18000,1,13,12.141,12.164,0.208,10.867,1,0,0.141,1.133,61440,16,9,16
"BudgetCrossing",18000,1,14,11.986,11.979,0.200,10.620,1,0,0.135,1.231,61440,16,9,16
"BudgetCrossing",18000,1,15,11.620,11.621,0.210,10.366,1,0,0.156,1.097,73728,16,9,16
"BudgetCrossing",18000,1,16,11.636,11.640,0.288,10.383,1,0,0.135,1.118,69632,16,9,16
"BudgetCrossing",18000,1,17,13.016,13.007,0.208,12.194,1,0,0.141,0.681,16384,16,9,16
"BudgetCrossing",18000,1,18,12.552,12.549,0.200,11.057,1,0,0.146,1.350,73728,16,9,16
"BudgetCrossing",18000,1,19,13.697,13.682,0.268,10.744,1,0,0.185,2.768,73728,16,9,16
"BudgetCrossing",18000,1,20,12.248,12.272,0.198,10.962,1,0,0.137,1.148,73728,16,9,16
"BudgetCrossing",18000,1,21,11.616,11.614,0.191,10.999,1,0,0.165,0.451,20480,17,9,17
"BudgetCrossing",18000,1,22,12.724,12.721,0.200,11.491,1,0,0.142,1.091,69632,17,9,17
"BudgetCrossing",18000,1,23,12.116,12.116,0.233,10.820,1,0,0.172,1.124,77824,17,9,17
"BudgetCrossing",18000,1,24,11.356,11.357,0.200,10.766,1,0,0.177,0.413,20480,17,9,17
"BudgetCrossing",18000,1,25,14.964,14.949,0.214,12.824,1,0,0.130,2.010,,17,9,17
"BudgetCrossing",18000,1,26,14.756,14.765,0.203,13.482,1,0,0.135,1.139,69632,17,9,17
"BudgetCrossing",18000,1,27,11.934,11.940,0.199,10.644,1,0,0.177,1.113,61440,17,9,17
"BudgetCrossing",18000,1,28,11.765,11.760,0.303,10.376,1,0,0.178,1.212,73728,17,9,17
"BudgetCrossing",18000,1,29,14.135,14.109,0.197,11.079,1,0,0.163,2.893,73728,17,9,17
"BudgetCrossing",18000,1,30,12.008,12.040,0.222,10.805,1,0,0.128,1.075,73728,18,9,18
"BudgetCrossing",18000,1,31,12.052,12.047,0.223,11.540,1,0,0.132,0.379,16384,18,9,18
"BudgetCrossing",18000,1,32,12.111,12.116,0.224,10.790,1,0,0.127,1.194,69632,18,9,18
"BudgetCrossing",18000,1,33,11.440,11.433,0.229,10.941,1,0,0.128,0.371,16384,18,9,18
"BudgetCrossing",18000,1,34,12.192,12.189,0.277,10.762,1,0,0.165,1.266,73728,18,9,18
"BudgetCrossing",18000,1,35,11.509,11.513,0.198,10.993,1,0,0.141,0.374,16384,18,9,18
"BudgetCrossing",18000,1,36,12.264,12.260,0.228,10.756,1,0,0.137,1.371,81920,18,9,18
"BudgetCrossing",18000,1,37,13.874,13.857,0.189,10.916,1,0,0.188,2.770,73728,18,9,18
"BudgetCrossing",18000,1,38,12.191,12.183,0.207,11.377,1,0,0.131,0.683,16384,18,9,18
"BudgetCrossing",18000,1,39,18.833,18.852,0.201,18.154,1,0,0.190,0.489,20480,19,9,19
"BudgetCrossing",18000,1,40,12.882,12.885,0.202,12.353,1,0,0.170,0.359,20480,19,9,19
"BudgetCrossing",18000,1,41,15.726,15.711,0.224,12.707,1,0,0.153,2.866,,19,9,19
"BudgetCrossing",18000,1,42,14.547,14.534,0.200,13.030,1,0,0.187,1.330,65536,19,9,19
"BudgetCrossing",18000,1,43,14.329,14.340,0.297,12.886,1,0,0.178,1.265,57344,19,9,19
"BudgetCrossing",18000,1,44,12.316,12.327,0.216,10.936,1,0,0.196,1.184,65536,19,9,19
"BudgetCrossing",18000,1,45,13.398,13.388,0.203,10.922,1,0,0.136,2.340,73728,19,9,19
"BudgetCrossing",18000,1,46,19.047,19.029,0.200,16.144,1,0,0.155,2.749,73728,19,9,19
"BudgetCrossing",18000,1,47,12.478,12.504,0.200,11.121,1,0,0.144,1.213,73728,19,9,19
"BudgetCrossing",18000,1,48,12.405,12.412,0.223,11.037,1,0,0.141,1.228,69632,20,9,20
"BudgetCrossing",18000,1,49,14.572,14.541,0.199,11.409,1,0,0.133,3.030,73728,20,9,20
"BudgetCrossing",18000,1,50,12.339,12.362,0.202,11.076,1,0,0.130,1.133,73728,20,9,20
"BudgetCrossing",18000,1,51,11.940,11.942,0.199,10.579,1,0,0.173,1.188,73728,20,9,20
"BudgetCrossing",18000,1,52,12.831,12.821,0.225,11.538,1,0,0.142,1.150,77824,20,9,20
"BudgetCrossing",18000,1,53,12.995,12.995,0.205,11.025,1,0,0.132,1.838,,20,9,20
"BudgetCrossing",18000,1,54,11.960,11.961,0.199,11.236,1,0,0.184,0.539,8192,20,9,20
"BudgetCrossing",18000,1,55,19.888,19.892,0.225,17.521,1,0,0.196,2.171,57344,20,9,20
"BudgetCrossing",18000,1,56,14.130,14.126,0.201,12.732,1,0,0.172,1.226,61440,20,9,20
"BudgetCrossing",18000,1,57,12.209,12.214,0.200,10.832,1,0,0.170,1.207,65536,21,9,21
"BudgetCrossing",18000,1,58,12.822,12.824,0.223,12.361,1,0,0.127,0.335,20480,21,9,21
"BudgetCrossing",18000,1,59,13.829,13.818,0.201,12.377,1,0,0.157,1.295,77824,21,9,21
"BudgetCrossing",18000,1,60,13.144,13.127,0.231,10.606,1,0,0.267,2.271,69632,21,9,21
"BudgetCrossing",18000,1,61,12.268,12.290,0.224,10.768,1,0,0.127,1.372,73728,21,9,21
"BudgetCrossing",18000,1,62,14.458,14.453,0.364,13.125,1,0,0.138,1.195,73728,21,9,21
"BudgetCrossing",18000,1,63,13.246,13.244,0.226,11.887,1,0,0.176,1.183,69632,21,9,21
"BudgetCrossing",18000,1,64,12.168,12.177,0.284,10.879,1,0,0.134,1.156,77824,21,9,21
"BudgetCrossing",18000,1,65,11.810,11.789,0.204,11.107,1,0,0.183,0.520,20480,21,9,21
"BudgetCrossing",18000,1,66,13.064,13.078,0.205,10.902,1,0,0.148,2.014,,21,9,21
"BudgetCrossing",18000,1,67,12.336,12.335,0.231,11.022,1,0,0.144,1.171,65536,21,9,21
"BudgetCrossing",18000,1,68,11.876,11.881,0.000,11.386,1,0,0.173,0.317,4096,21,9,21
"BudgetCrossing",18000,1,69,12.839,12.842,0.452,11.505,1,0,0.150,1.184,61440,21,9,21
"BudgetCrossing",18000,1,70,12.293,12.255,0.213,11.409,1,0,0.136,0.748,8192,21,9,21
"BudgetCrossing",18000,1,71,19.538,19.564,0.233,17.920,1,0,0.207,1.411,73728,21,9,21
"BudgetCrossing",18000,1,72,15.700,15.682,0.230,12.886,1,0,0.136,2.678,73728,21,9,21
"BudgetCrossing",18000,1,73,12.407,12.430,0.226,11.164,1,0,0.138,1.106,69632,21,9,21
"BudgetCrossing",18000,1,74,12.323,12.314,0.193,10.901,1,0,0.168,1.254,77824,21,9,21
"BudgetCrossing",18000,1,75,12.814,12.820,0.231,11.342,1,0,0.134,1.339,73728,21,9,21
"BudgetCrossing",18000,1,76,11.658,11.631,0.289,11.102,1,0,0.135,0.422,12288,21,9,21
"BudgetCrossing",18000,1,77,14.219,14.244,0.291,12.978,1,0,0.131,1.110,73728,21,9,21
"BudgetCrossing",18000,1,78,12.832,12.829,0.227,11.411,1,0,0.172,1.248,73728,21,9,21
"BudgetCrossing",18000,1,79,11.934,11.933,0.202,10.640,1,0,0.128,1.165,73728,21,9,21
"BudgetCrossing",18000,1,80,20.754,20.726,0.222,16.893,1,0,0.173,3.687,,21,9,21
"BudgetCrossing",18000,1,81,13.110,13.142,0.234,11.788,1,0,0.139,1.184,69632,21,9,21
"BudgetCrossing",18000,1,82,12.712,12.715,0.000,11.378,1,0,0.178,1.157,57344,21,9,21
"BudgetCrossing",18000,1,83,12.929,12.921,0.203,11.605,1,0,0.133,1.192,61440,21,9,21
"BudgetCrossing",18000,1,84,14.412,14.399,0.210,11.796,1,0,0.180,2.436,61440,21,9,21
"BudgetCrossing",18000,1,85,14.178,14.191,0.234,12.665,1,0,0.137,1.377,73728,21,9,21
"BudgetCrossing",18000,1,86,11.484,11.478,0.231,10.842,1,0,0.175,0.467,20480,21,9,21
"BudgetCrossing",18000,1,87,11.808,11.811,0.203,11.243,1,0,0.156,0.409,12288,21,9,21
"BudgetCrossing",18000,1,88,13.047,13.050,0.202,11.599,1,0,0.162,1.286,73728,21,9,21
"BudgetCrossing",18000,1,89,15.284,15.264,0.205,13.222,1,0,0.154,1.909,77824,21,9,21
"BudgetCrossing",18000,1,90,16.734,16.745,0.224,15.352,1,0,0.129,1.253,69632,21,9,21
"BudgetCrossing",18000,1,91,14.352,14.350,0.290,12.964,1,0,0.171,1.217,73728,21,9,21
"BudgetCrossing",18000,1,92,14.720,14.721,0.238,13.378,1,0,0.143,1.199,73728,21,9,21
"BudgetCrossing",18000,1,93,12.828,12.821,0.231,10.899,1,0,0.127,1.802,,21,9,21
"BudgetCrossing",18000,1,94,11.750,11.766,0.208,11.274,1,0,0.142,0.334,8192,21,9,21
"BudgetCrossing",18000,1,95,12.026,12.018,0.227,11.211,1,0,0.172,0.643,4096,21,9,21
"BudgetCrossing",18000,1,96,12.997,12.999,0.209,11.624,1,0,0.171,1.201,65536,21,9,21
"BudgetCrossing",18000,1,97,12.820,12.825,0.216,11.481,1,0,0.139,1.200,61440,21,9,21
"BudgetCrossing",18000,1,98,13.760,13.742,0.220,11.669,1,0,0.134,1.958,131072,21,9,21
"BudgetCrossing",18000,1,99,14.396,14.402,0.221,13.058,1,0,0.141,1.197,73728,21,9,21
"BudgetCrossing",18000,1,100,12.717,12.721,0.237,11.223,1,0,0.185,1.310,69632,21,9,21
"BudgetCrossing",18000,1,101,13.000,12.998,0.211,11.635,1,0,0.140,1.225,73728,21,9,21
"BudgetCrossing",18000,1,102,15.020,15.009,0.205,13.015,1,0,0.129,1.876,73728,21,9,21
"BudgetCrossing",18000,1,103,12.311,12.318,0.207,11.613,1,0,0.139,0.559,16384,21,9,21
"BudgetCrossing",18000,1,104,13.083,13.081,0.201,11.608,1,0,0.173,1.302,77824,21,9,21
"BudgetCrossing",18000,1,105,12.998,13.001,0.205,11.729,1,0,0.137,1.133,73728,21,9,21
"BudgetCrossing",18000,1,106,14.268,14.245,0.290,11.691,1,0,0.140,2.437,,21,9,21
"BudgetCrossing",18000,1,107,15.232,15.253,0.202,13.969,1,0,0.131,1.132,65536,21,9,21
"BudgetCrossing",18000,1,108,12.829,12.829,0.232,11.331,1,0,0.179,1.319,57344,21,9,21
"BudgetCrossing",18000,1,109,12.700,12.699,0.205,11.287,1,0,0.172,1.241,61440,21,9,21
"BudgetCrossing",18000,1,110,13.470,13.469,0.223,11.779,1,0,0.145,1.547,61440,21,9,21
"BudgetCrossing",18000,1,111,13.216,13.211,0.203,11.509,1,0,0.182,1.525,73728,21,9,21
"BudgetCrossing",18000,1,112,11.880,11.888,0.231,11.282,1,0,0.161,0.437,16384,21,9,21
"BudgetCrossing",18000,1,113,12.725,12.716,0.200,11.347,1,0,0.165,1.213,69632,21,9,21
"BudgetCrossing",18000,1,114,13.177,13.183,0.204,11.770,1,0,0.163,1.245,73728,21,9,21
"BudgetCrossing",18000,1,115,13.557,13.558,0.227,13.004,1,0,0.133,0.420,16384,21,9,21
"BudgetCrossing",18000,1,116,12.251,12.245,0.204,11.653,1,0,0.153,0.445,16384,21,9,21
"BudgetCrossing",18000,1,117,19.897,19.881,0.234,18.108,1,0,0.182,1.606,73728,21,9,21
"BudgetCrossing",18000,1,118,13.799,13.813,0.232,12.523,1,0,0.142,1.134,77824,21,9,21
"BudgetCrossing",18000,1,119,12.419,12.423,0.195,11.003,1,0,0.183,1.234,81920,21,9,21
"BudgetCrossing",18000,1,120,15.882,15.875,0.222,13.944,1,0,0.128,1.810,,21,9,21
"BudgetCrossing",18000,1,121,14.423,14.426,0.209,13.103,1,0,0.140,1.180,65536,21,9,21
"BudgetCrossing",18000,1,122,14.806,14.805,0.238,14.050,1,0,0.141,0.614,4096,21,9,21
"BudgetCrossing",18000,1,123,13.850,13.858,0.232,11.301,1,0,0.173,2.376,61440,21,9,21
"BudgetCrossing",18000,1,124,13.114,13.110,0.202,11.596,1,0,0.183,1.335,57344,21,9,21
"BudgetCrossing",18000,1,125,16.572,16.564,0.211,14.857,1,0,0.178,1.537,69632,21,9,21
"BudgetCrossing",18000,1,126,16.262,16.239,0.278,12.969,1,0,0.135,3.158,77824,21,9,21
"BudgetCrossing",18000,1,127,13.493,13.521,0.202,11.746,1,0,0.161,1.586,69632,21,9,21
"BudgetCrossing",18000,1,128,13.542,13.540,0.201,12.115,1,0,0.164,1.263,73728,21,9,21
"BudgetCrossing",18000,1,129,14.050,14.054,0.205,13.549,1,0,0.130,0.371,16384,21,9,21
"BudgetCrossing",18000,1,130,14.874,14.824,0.234,13.541,1,0,0.126,1.207,69632,21,9,21
"BudgetCrossing",18000,1,131,14.149,14.183,0.229,11.514,1,0,0.134,2.501,73728,21,9,21
"BudgetCrossing",18000,1,132,13.583,13.578,0.240,11.426,1,0,0.164,1.993,73728,21,9,21
"BudgetCrossing",18000,1,133,13.382,13.400,0.228,11.932,1,0,0.172,1.278,81920,21,9,21
"BudgetCrossing",18000,1,134,15.676,15.667,0.230,11.752,1,0,0.130,3.794,,21,9,21
"BudgetCrossing",18000,1,135,11.992,12.002,0.205,11.471,1,0,0.140,0.380,8192,21,9,21
"BudgetCrossing",18000,1,136,12.960,12.960,0.230,11.533,1,0,0.179,1.248,57344,21,9,21
"BudgetCrossing",18000,1,137,14.002,13.997,0.241,12.551,1,0,0.150,1.301,61440,21,9,21
"BudgetCrossing",18000,1,138,12.796,12.781,0.305,12.094,1,0,0.175,0.527,4096,21,9,21
"BudgetCrossing",18000,1,139,13.161,13.171,0.193,11.753,1,0,0.165,1.243,69632,21,9,21
"BudgetCrossing",18000,1,140,13.052,13.054,0.234,11.763,1,0,0.145,1.144,73728,21,9,21
"BudgetCrossing",18000,1,141,12.086,12.088,0.224,11.552,1,0,0.180,0.354,12288,21,9,21
"BudgetCrossing",18000,1,142,13.437,13.443,0.204,12.051,1,0,0.176,1.210,77824,21,9,21
"BudgetCrossing",18000,1,143,14.430,14.384,0.203,12.202,1,0,0.137,2.091,73728,21,9,21
"BudgetCrossing",18000,1,144,13.186,13.187,0.201,12.330,1,0,0.139,0.718,12288,21,9,21
"BudgetCrossing",18000,1,145,15.008,15.042,0.223,13.212,1,0,0.167,1.629,73728,21,9,21
"BudgetCrossing",18000,1,146,17.692,17.691,0.202,16.247,1,0,0.173,1.272,73728,21,9,21
"BudgetCrossing",18000,1,147,13.675,13.668,0.212,12.202,1,0,0.182,1.291,73728,21,9,21
"BudgetCrossing",18000,1,148,14.593,14.590,0.621,12.111,1,0,0.143,2.339,,21,9,21
"BudgetCrossing",18000,1,149,13.761,13.766,0.225,12.112,1,0,0.146,1.504,69632,21,9,21
"BudgetCrossing",18000,1,150,13.106,13.113,0.213,11.647,1,0,0.210,1.250,57344,21,9,21
"BudgetCrossing",18000,1,151,13.793,13.785,0.227,12.401,1,0,0.146,1.245,61440,21,9,21
"BudgetCrossing",18000,1,152,15.553,15.530,0.210,12.479,1,0,0.183,2.892,57344,21,9,21
"BudgetCrossing",18000,1,153,14.112,14.133,0.212,12.310,1,0,0.144,1.659,61440,21,9,21
"BudgetCrossing",18000,1,154,15.940,15.939,0.228,13.113,1,0,0.184,2.643,73728,21,9,21
"BudgetCrossing",18000,1,155,14.663,14.668,0.210,13.327,1,0,0.151,1.186,73728,21,9,21
"BudgetCrossing",18000,1,156,13.991,13.990,0.206,12.559,1,0,0.179,1.254,73728,21,9,21
"BudgetCrossing",18000,1,157,13.582,13.582,0.201,12.108,1,0,0.139,1.335,73728,21,9,21
"BudgetCrossing",18000,1,158,14.504,14.493,0.231,11.798,1,0,0.139,2.566,73728,21,9,21
"BudgetCrossing",18000,1,159,13.732,13.742,0.237,12.329,1,0,0.152,1.251,73728,21,9,21
"BudgetCrossing",18000,1,160,15.256,15.231,0.204,12.312,1,0,0.170,2.774,,21,9,21
"BudgetCrossing",18000,1,161,14.703,14.703,0.203,12.543,1,0,0.137,2.023,69632,21,9,21
"BudgetCrossing",18000,1,162,15.000,15.015,0.229,12.177,1,0,0.173,2.650,57344,21,9,21
"BudgetCrossing",18000,1,163,14.377,14.366,0.224,13.495,1,0,0.169,0.713,8192,21,9,21
"BudgetCrossing",18000,1,164,13.858,13.875,0.293,13.306,1,0,0.154,0.398,4096,21,9,21
"BudgetCrossing",18000,1,165,15.643,15.631,0.230,13.915,1,0,0.141,1.587,61440,21,9,21
"BudgetCrossing",18000,1,166,14.570,14.578,0.213,13.251,1,0,0.140,1.178,61440,21,9,21
"BudgetCrossing",18000,1,167,14.670,14.661,0.191,12.063,1,0,0.185,2.422,69632,21,9,21
"BudgetCrossing",18000,1,168,15.452,15.466,0.340,14.105,1,0,0.135,1.213,73728,21,9,21
"BudgetCrossing",18000,1,169,13.029,13.024,0.228,11.742,1,0,0.141,1.147,77824,21,9,21
"BudgetCrossing",18000,1,170,13.275,13.270,0.212,11.843,1,0,0.177,1.255,69632,21,9,21
"BudgetCrossing",18000,1,171,13.750,13.756,0.228,12.244,1,0,0.139,1.367,73728,21,9,21
"BudgetCrossing",18000,1,172,14.715,14.696,0.229,12.389,1,0,0.142,2.184,73728,21,9,21
"BudgetCrossing",18000,1,173,14.652,14.668,0.201,13.158,1,0,0.140,1.354,73728,21,9,21
"BudgetCrossing",18000,1,174,16.045,16.038,0.207,13.579,1,0,0.131,2.336,,21,9,21
"BudgetCrossing",18000,1,175,13.575,13.581,0.202,12.174,1,0,0.164,1.236,69632,21,9,21
"BudgetCrossing",18000,1,176,14.015,14.015,0.314,12.684,1,0,0.143,1.189,57344,21,9,21
"BudgetCrossing",18000,1,177,15.988,15.959,0.224,12.972,1,0,0.135,2.881,61440,21,9,21
"BudgetCrossing",18000,1,178,15.203,15.226,0.217,13.723,1,0,0.138,1.342,57344,21,9,21
"BudgetCrossing",18000,1,179,14.360,14.361,0.215,11.808,1,0,0.173,2.380,61440,21,9,21
"BudgetCrossing",18000,1,180,12.749,12.742,0.210,11.984,1,0,0.157,0.608,12288,21,9,21
"BudgetCrossing",18000,1,181,13.307,13.311,0.205,12.009,1,0,0.137,1.161,69632,21,9,21
"BudgetCrossing",18000,1,182,12.386,12.393,0.287,11.910,1,0,0.133,0.344,20480,21,9,21
"BudgetCrossing",18000,1,183,14.538,14.531,0.227,13.907,1,0,0.166,0.465,20480,21,9,21
"BudgetCrossing",18000,1,184,12.192,12.193,0.205,11.603,1,0,0.169,0.420,16384,21,9,21
"BudgetCrossing",18000,1,185,13.715,13.716,0.213,12.126,1,0,0.161,1.428,77824,21,9,21
"BudgetCrossing",18000,1,186,15.007,14.995,0.230,12.827,1,0,0.136,2.045,77824,21,9,21
"BudgetCrossing",18000,1,187,16.650,16.637,0.215,14.407,1,0,0.182,2.062,73728,21,9,21
"BudgetCrossing",18000,1,188,13.797,13.810,0.216,12.225,1,0,0.182,1.390,73728,21,9,21
"BudgetCrossing",18000,1,189,14.810,14.751,0.227,12.221,1,0,0.173,2.415,,21,9,21
"BudgetCrossing",18000,1,190,15.008,15.075,0.209,13.674,1,0,0.159,1.175,65536,21,9,21
"BudgetCrossing",18000,1,191,13.373,13.370,0.000,11.969,1,0,0.147,1.257,61440,21,9,21
"BudgetCrossing",18000,1,192,15.319,15.325,0.202,14.039,1,0,0.135,1.145,61440,21,9,21
"BudgetCrossing",18000,1,193,13.587,13.579,0.292,12.183,1,0,0.197,1.207,57344,21,9,21
"BudgetCrossing",18000,1,194,12.571,12.579,0.232,12.082,1,0,0.143,0.346,8192,21,9,21
"BudgetCrossing",18000,1,195,14.251,14.251,0.209,13.734,1,0,0.139,0.377,8192,21,9,21
"BudgetCrossing",18000,1,196,14.937,14.927,0.203,13.268,1,0,0.173,1.497,69632,21,9,21
"BudgetCrossing",18000,1,197,14.938,14.940,0.287,13.590,1,0,0.178,1.171,73728,21,9,21
"BudgetCrossing",18000,1,198,13.801,13.787,0.233,12.271,1,0,0.173,1.357,73728,21,9,21
"BudgetCrossing",18000,1,199,14.767,14.769,0.200,12.565,1,0,0.135,2.068,73728,21,9,21
"BudgetCrossing",18000,1,200,13.970,13.978,0.206,12.359,1,0,0.166,1.445,73728,21,9,21
"BudgetCrossing",18000,1,201,13.448,13.450,0.233,12.081,1,0,0.134,1.233,73728,21,9,21
"BudgetCrossing",18000,1,202,16.630,16.624,0.233,14.242,1,0,0.164,2.224,77824,21,9,21
"BudgetCrossing",18000,1,203,14.311,14.314,0.229,12.176,1,0,0.131,2.004,,21,9,21
"BudgetCrossing",18000,1,204,13.464,13.466,0.206,12.036,1,0,0.134,1.294,65536,21,9,21
"BudgetCrossing",18000,1,205,12.776,12.777,0.000,12.260,1,0,0.135,0.382,4096,21,9,21
"BudgetCrossing",18000,1,206,13.321,13.328,0.227,12.763,1,0,0.173,0.385,8192,21,9,21
"BudgetCrossing",18000,1,207,14.241,14.235,0.347,12.904,1,0,0.135,1.202,61440,21,9,21
"BudgetCrossing",18000,1,208,16.961,16.951,0.229,14.155,1,0,0.139,2.667,61440,21,9,21
"BudgetCrossing",18000,1,209,16.153,16.125,0.193,14.023,1,0,0.178,1.952,61440,21,9,21
"BudgetCrossing",18000,1,210,14.017,14.051,0.314,12.616,1,0,0.149,1.251,69632,21,9,21
"BudgetCrossing",18000,1,211,14.839,14.830,0.200,12.723,1,0,0.146,1.970,77824,21,9,21
"BudgetCrossing",18000,1,212,13.986,13.991,0.202,13.388,1,0,0.172,0.426,16384,21,9,21
"BudgetCrossing",18000,1,213,14.897,14.899,0.213,12.482,1,0,0.140,2.276,69632,21,9,21
"BudgetCrossing",18000,1,214,19.833,19.822,0.200,18.127,1,0,0.178,1.528,77824,21,9,21
"BudgetCrossing",18000,1,215,15.566,15.567,0.202,14.185,1,0,0.149,1.233,73728,21,9,21
"BudgetCrossing",18000,1,216,13.637,13.638,0.228,12.121,1,0,0.152,1.363,73728,21,9,21
"BudgetCrossing",18000,1,217,13.856,13.860,0.202,12.484,1,0,0.141,1.231,73728,21,9,21
"BudgetCrossing",18000,1,218,15.870,15.873,0.230,12.579,1,0,0.166,3.125,,21,9,21
"BudgetCrossing",18000,1,219,13.868,13.863,0.298,12.512,1,0,0.146,1.211,65536,21,9,21
"BudgetCrossing",18000,1,220,14.191,14.190,0.349,12.793,1,0,0.195,1.203,73728,21,9,21
"BudgetCrossing",18000,1,221,15.394,15.395,0.203,14.081,1,0,0.132,1.181,73728,21,9,21
"BudgetCrossing",18000,1,222,14.856,14.842,0.289,12.187,1,0,0.175,2.494,73728,21,9,21
"BudgetCrossing",18000,1,223,14.106,14.109,0.202,12.979,1,0,0.145,0.982,16384,21,9,21
"BudgetCrossing",18000,1,224,13.940,13.948,0.237,12.523,1,0,0.182,1.235,73728,21,9,21
"BudgetCrossing",18000,1,225,13.360,13.368,0.273,12.835,1,0,0.135,0.391,12288,21,9,21
"BudgetCrossing",18000,1,226,16.203,16.173,0.201,13.225,1,0,0.140,2.838,81920,21,9,21
"BudgetCrossing",18000,1,227,14.613,14.634,0.218,13.234,1,0,0.138,1.241,73728,21,9,21
"BudgetCrossing",18000,1,228,15.663,15.627,0.230,13.046,1,0,0.176,2.442,,21,9,21
"BudgetCrossing",18000,1,229,15.912,15.917,0.230,12.881,1,0,0.141,2.890,65536,21,9,21
"BudgetCrossing",18000,1,230,16.119,16.148,0.388,13.346,1,0,0.145,2.629,65536,21,9,21
"BudgetCrossing",18000,1,231,15.633,15.622,0.237,12.761,1,0,0.137,2.735,73728,21,9,21
"BudgetCrossing",18000,1,232,15.713,15.721,0.214,14.143,1,0,0.178,1.393,69632,21,9,21
"BudgetCrossing",18000,1,233,16.204,16.196,0.314,13.266,1,0,0.156,2.782,73728,21,9,21
"BudgetCrossing",18000,1,234,15.224,15.227,0.228,12.348,1,0,0.195,2.681,77824,21,9,21
"BudgetCrossing",18000,1,235,14.396,14.401,0.291,13.020,1,0,0.145,1.230,69632,21,9,21
"BudgetCrossing",18000,1,236,14.374,14.373,0.228,12.998,1,0,0.178,1.198,77824,21,9,21
"BudgetCrossing",18000,1,237,15.547,15.548,0.303,14.203,1,0,0.136,1.208,73728,21,9,21
"BudgetCrossing",18000,1,238,14.902,14.901,0.210,12.665,1,0,0.182,2.056,73728,21,9,21
"BudgetCrossing",18000,1,239,14.562,14.553,0.205,13.243,1,0,0.153,1.166,77824,21,9,21
"BudgetCrossing",18000,1,240,14.462,14.461,0.229,12.265,1,0,0.144,2.053,,21,9,21
"BudgetCrossing",18000,1,241,13.634,13.649,0.228,12.313,1,0,0.141,1.181,65536,21,9,21
"BudgetCrossing",18000,1,242,16.623,16.622,0.000,15.266,1,0,0.168,1.189,65536,21,9,21
"BudgetCrossing",18000,1,243,14.269,14.261,0.204,12.574,1,0,0.181,1.514,73728,21,9,21
"BudgetCrossing",18000,1,244,14.899,14.900,0.203,13.542,1,0,0.146,1.211,69632,21,9,21
"BudgetCrossing",18000,1,245,15.648,15.640,0.202,12.721,1,0,0.171,2.756,73728,21,9,21
"BudgetCrossing",18000,1,246,15.071,15.083,0.233,13.747,1,0,0.140,1.184,77824,21,9,21
"BudgetCrossing",18000,1,247,14.057,14.042,0.235,12.369,1,0,0.183,1.504,69632,21,9,21
"BudgetCrossing",18000,1,248,14.780,14.788,0.204,13.454,1,0,0.166,1.160,77824,21,9,21
"BudgetCrossing",18000,1,249,15.959,15.949,0.235,13.062,1,0,0.333,2.564,73728,21,9,21
"BudgetCrossing",18000,1,250,16.367,16.366,0.202,13.390,1,0,0.149,2.828,69632,21,9,21
"BudgetCrossing",18000,1,251,14.983,14.993,0.238,13.602,1,0,0.138,1.243,73728,21,9,21
"BudgetCrossing",18000,1,252,16.627,16.607,0.231,14.033,1,0,0.168,2.427,,21,9,21
"BudgetCrossing",18000,1,253,14.567,14.581,0.204,13.199,1,0,0.138,1.231,65536,21,9,21
"BudgetCrossing",18000,1,254,14.293,14.303,0.204,12.971,1,0,0.141,1.181,61440,21,9,21
"BudgetCrossing",18000,1,255,16.885,16.851,0.235,14.059,1,0,0.136,2.690,73728,21,9,21
"BudgetCrossing",18000,1,256,14.518,14.537,0.244,13.011,1,0,0.151,1.356,69632,21,9,21
"BudgetCrossing",18000,1,257,15.932,15.930,0.215,14.193,1,0,0.139,1.600,73728,21,9,21
"BudgetCrossing",18000,1,258,16.307,16.313,0.212,14.889,1,0,0.152,1.266,77824,21,9,21
"BudgetCrossing",18000,1,259,14.037,14.046,0.280,12.675,1,0,0.145,1.217,69632,21,9,21
"BudgetCrossing",18000,1,260,13.626,13.624,0.345,13.103,1,0,0.142,0.382,16384,21,9,21
"BudgetCrossing",18000,1,261,15.840,15.830,0.203,13.005,1,0,0.141,2.695,73728,21,9,21
"BudgetCrossing",18000,1,262,14.012,14.017,0.346,12.632,1,0,0.146,1.234,69632,21,9,21
"BudgetCrossing",18000,1,263,13.562,13.566,0.203,13.026,1,0,0.178,0.359,16384,21,9,21
"BudgetCrossing",18000,1,264,15.850,15.837,0.327,12.895,1,0,0.171,2.783,77824,21,9,21
"BudgetCrossing",18000,1,265,13.699,13.688,0.227,12.938,1,0,0.173,0.588,24576,21,9,21
"BudgetCrossing",18000,1,266,15.348,15.370,0.207,14.539,1,0,0.134,0.675,16384,21,9,21
"BudgetCrossing",18000,1,267,15.547,15.541,0.368,14.276,1,0,0.147,1.124,77824,21,9,21
"BudgetCrossing",18000,1,268,19.699,19.667,0.230,16.033,1,0,0.201,3.464,,21,9,21
"BudgetCrossing",18000,1,269,14.059,14.086,0.648,12.665,1,0,0.183,1.211,57344,21,9,21
"BudgetCrossing",18000,1,270,15.729,15.733,0.194,14.485,1,0,0.147,1.097,69632,21,9,21
"BudgetCrossing",18000,1,271,14.319,14.325,0.239,12.905,1,0,0.189,1.225,69632,21,9,21
"BudgetCrossing",18000,1,272,13.423,13.417,0.204,12.795,1,0,0.135,0.494,20480,21,9,21
"BudgetCrossing",18000,1,273,13.976,13.976,0.205,12.717,1,0,0.142,1.118,73728,21,9,21
"BudgetCrossing",18000,1,274,16.003,15.999,0.344,14.604,1,0,0.183,1.215,69632,21,9,21
"BudgetCrossing",18000,1,275,13.808,13.798,0.295,12.373,1,0,0.172,1.263,77824,21,9,21
"BudgetCrossing",18000,1,276,13.861,13.871,0.219,13.297,1,0,0.164,0.400,16384,21,9,21
"BudgetCrossing",18000,1,277,14.587,14.558,0.203,13.707,1,0,0.189,0.691,16384,21,9,21
"BudgetCrossing",18000,1,278,16.031,16.050,0.204,14.248,1,0,0.127,1.656,73728,21,9,21
"BudgetCrossing",18000,1,279,14.545,14.556,0.202,13.131,1,0,0.179,1.236,69632,21,9,21
"BudgetCrossing",18000,1,280,14.653,14.650,0.193,13.183,1,0,0.145,1.326,73728,21,9,21
"BudgetCrossing",18000,1,281,13.085,13.091,0.362,12.558,1,0,0.160,0.367,20480,21,9,21
"BudgetCrossing",18000,1,282,14.487,14.486,0.236,13.120,1,0,0.139,1.228,73728,21,9,21
"BudgetCrossing",18000,1,283,15.766,15.761,0.228,13.402,1,0,0.178,2.187,,21,9,21
"BudgetCrossing",18000,1,284,13.761,13.760,0.203,13.271,1,0,0.139,0.351,4096,21,9,21
"BudgetCrossing",18000,1,285,13.901,13.906,0.223,13.414,1,0,0.140,0.346,8192,21,9,21
"BudgetCrossing",18000,1,286,14.133,14.131,0.203,13.567,1,0,0.174,0.392,16384,21,9,21
"BudgetCrossing",18000,1,287,14.212,14.206,0.204,12.929,1,0,0.132,1.151,77824,21,9,21
"BudgetCrossing",18000,1,288,16.156,16.131,0.224,13.268,1,0,0.177,2.710,69632,21,9,21
"BudgetCrossing",18000,1,289,21.601,21.607,0.192,19.249,1,0,0.161,2.192,77824,21,9,21
"BudgetCrossing",18000,1,290,14.078,14.096,0.219,12.680,1,0,0.160,1.239,69632,21,9,21
"BudgetCrossing",18000,1,291,14.551,14.552,0.205,13.143,1,0,0.150,1.258,73728,21,9,21
"BudgetCrossing",18000,1,292,15.115,15.108,0.234,14.538,1,0,0.144,0.432,20480,21,9,21
"BudgetCrossing",18000,1,293,13.439,13.416,0.206,12.434,1,0,0.183,0.822,12288,21,9,21
"BudgetCrossing",18000,1,294,16.751,16.744,0.227,13.737,1,0,0.180,2.834,73728,21,9,21
"BudgetCrossing",18000,1,295,16.627,16.654,0.214,13.720,1,0,0.178,2.729,77824,21,9,21
"BudgetCrossing",18000,1,296,14.457,14.461,0.195,13.119,1,0,0.143,1.195,73728,21,9,21
"BudgetCrossing",18000,1,297,14.926,14.923,0.224,13.377,1,0,0.178,1.370,73728,21,9,21
"BudgetCrossing",18000,1,298,16.890,16.845,0.229,12.973,1,0,0.154,3.764,,21,9,21
"BudgetCrossing",18000,1,299,15.496,15.546,0.215,14.168,1,0,0.140,1.188,61440,21,9,21
"BudgetCrossing",20000,1,0,14.924,14.921,0.305,13.587,1,0,0.214,1.123,81920,14,9,14
"BudgetCrossing",20000,1,1,14.927,14.931,0.200,12.771,1,0,0.161,1.995,,14,9,14
"BudgetCrossing",20000,1,2,15.142,15.143,0.194,13.623,1,0,0.215,1.304,65536,14,9,14
"BudgetCrossing",20000,1,3,16.101,16.095,0.207,13.831,1,0,0.161,2.109,65536,15,9,15
"BudgetCrossing",20000,1,4,18.224,18.232,0.198,16.682,1,0,0.182,1.361,73728,15,9,15
"BudgetCrossing",20000,1,5,13.921,13.916,0.203,12.592,1,0,0.204,1.125,69632,15,9,15
"BudgetCrossing",20000,1,6,14.539,14.535,0.221,13.053,1,0,0.187,1.299,77824,15,9,15
"BudgetCrossing",20000,1,7,14.616,14.612,0.229,13.165,1,0,0.175,1.276,73728,15,9,15
"BudgetCrossing",20000,1,8,15.188,15.199,0.200,13.730,1,0,0.218,1.241,69632,15,9,15
"BudgetCrossing",20000,1,9,15.303,15.303,0.210,13.943,1,0,0.173,1.187,77824,15,9,15
"BudgetCrossing",20000,1,10,12.746,12.747,0.198,12.190,1,0,0.191,0.365,16384,15,9,15
"BudgetCrossing",20000,1,11,16.908,16.896,0.340,15.130,1,0,0.151,1.627,69632,15,9,15
"BudgetCrossing",20000,1,12,16.297,16.303,0.234,15.738,1,0,0.188,0.371,20480,16,9,16
"BudgetCrossing",20000,1,13,14.311,14.305,0.224,12.587,1,0,0.200,1.524,73728,16,9,16
"BudgetCrossing",20000,1,14,21.104,21.103,0.215,19.669,1,0,0.185,1.249,77824,16,9,16
"BudgetCrossing",20000,1,15,15.813,15.812,0.199,13.830,1,0,0.176,1.806,,16,9,16
"BudgetCrossing",20000,1,16,17.288,17.280,0.220,15.140,1,0,0.331,1.817,65536,16,9,16
"BudgetCrossing",20000,1,17,15.979,15.991,0.317,14.598,1,0,0.159,1.222,65536,16,9,16
"BudgetCrossing",20000,1,18,16.392,16.391,0.196,14.996,1,0,0.204,1.193,73728,16,9,16
"BudgetCrossing",20000,1,19,15.070,15.060,0.207,13.024,1,0,0.161,1.885,69632,16,9,16
"BudgetCrossing",20000,1,20,14.828,14.825,0.224,12.993,1,0,0.204,1.631,77824,16,9,16
"BudgetCrossing",20000,1,21,14.680,14.687,0.201,14.150,1,0,0.162,0.368,16384,17,9,17
"BudgetCrossing",20000,1,22,15.044,15.044,0.221,13.676,1,0,0.169,1.199,69632,17,9,17
"BudgetCrossing",20000,1,23,16.364,16.361,0.202,15.023,1,0,0.205,1.136,73728,17,9,17
"BudgetCrossing",20000,1,24,14.854,14.850,0.209,13.295,1,0,0.171,1.388,73728,17,9,17
"BudgetCrossing",20000,1,25,16.822,16.808,0.213,13.858,1,0,0.221,2.743,69632,17,9,17
"BudgetCrossing",20000,1,26,17.330,17.310,0.284,14.380,1,0,0.157,2.792,73728,17,9,17
"BudgetCrossing",20000,1,27,14.875,14.911,0.222,13.431,1,0,0.158,1.287,77824,17,9,17
"BudgetCrossing",20000,1,28,15.137,15.121,0.201,14.453,1,0,0.199,0.485,20480,17,9,17
"BudgetCrossing",20000,1,29,16.221,16.226,0.227,13.722,1,0,0.192,2.308,,17,9,17
"BudgetCrossing",20000,1,30,13.360,13.375,0.203,12.850,1,0,0.158,0.352,8192,18,9,18
"BudgetCrossing",20000,1,31,16.272,16.238,0.204,13.290,1,0,0.247,2.736,61440,18,9,18
"BudgetCrossing",20000,1,32,14.546,14.538,0.223,13.675,1,0,0.158,0.713,20480,18,9,18
"BudgetCrossing",20000,1,33,15.533,15.572,0.200,14.944,1,0,0.183,0.407,12288,18,9,18
"BudgetCrossing",20000,1,34,14.752,14.734,0.212,12.774,1,0,0.187,1.790,73728,18,9,18
"BudgetCrossing",20000,1,35,16.131,16.112,0.232,13.249,1,0,0.176,2.706,73728,18,9,18
"BudgetCrossing",20000,1,36,16.068,16.097,0.224,15.503,1,0,0.162,0.403,16384,18,9,18
"BudgetCrossing",20000,1,37,15.404,15.403,0.302,14.001,1,0,0.153,1.250,73728,18,9,18
"BudgetCrossing",20000,1,38,15.085,15.092,0.198,13.667,1,0,0.196,1.221,77824,18,9,18
"BudgetCrossing",20000,1,39,14.289,14.276,0.199,12.877,1,0,0.157,1.255,69632,19,9,19
"BudgetCrossing",20000,1,40,14.633,14.621,0.218,13.179,1,0,0.198,1.256,73728,19,9,19
"BudgetCrossing",20000,1,41,16.247,16.256,0.223,14.789,1,0,0.164,1.294,73728,19,9,19
"BudgetCrossing",20000,1,42,13.589,13.600,0.227,12.988,1,0,0.206,0.395,16384,19,9,19
"BudgetCrossing",20000,1,43,14.347,14.344,0.529,13.855,1,0,0.157,0.335,20480,19,9,19
"BudgetCrossing",20000,1,44,18.111,18.100,0.346,16.212,1,0,0.204,1.695,77824,19,9,19
"BudgetCrossing",20000,1,45,16.293,16.296,0.227,14.931,1,0,0.193,1.169,69632,19,9,19
"BudgetCrossing",20000,1,46,17.804,17.801,0.221,12.856,1,0,0.148,4.800,81920,19,9,19
"BudgetCrossing",20000,1,47,19.021,18.956,0.203,12.915,1,0,0.168,5.938,,19,9,19
"BudgetCrossing",20000,1,48,15.061,15.135,0.222,13.706,1,0,0.165,1.190,61440,20,9,20
"BudgetCrossing",20000,1,49,14.554,14.549,0.000,13.202,1,0,0.161,1.190,57344,20,9,20
"BudgetCrossing",20000,1,50,15.173,15.168,0.200,13.743,1,0,0.203,1.226,65536,20,9,20
"BudgetCrossing",20000,1,51,15.526,15.529,0.202,14.148,1,0,0.156,1.222,69632,20,9,20
"BudgetCrossing",20000,1,52,20.149,20.142,0.227,18.478,1,0,0.174,1.497,77824,20,9,20
"BudgetCrossing",20000,1,53,15.314,15.323,0.200,13.964,1,0,0.158,1.192,73728,20,9,20
"BudgetCrossing",20000,1,54,16.879,16.864,0.315,15.022,1,0,0.151,1.706,69632,20,9,20
"BudgetCrossing",20000,1,55,17.215,17.223,0.224,15.648,1,0,0.198,1.370,73728,20,9,20
"BudgetCrossing",20000,1,56,16.013,16.011,0.232,14.475,1,0,0.159,1.380,73728,20,9,20
"BudgetCrossing",20000,1,57,15.194,15.194,0.233,13.717,1,0,0.200,1.277,69632,21,9,21
"BudgetCrossing",20000,1,58,15.435,15.424,0.213,14.561,1,0,0.198,0.677,20480,21,9,21
"BudgetCrossing",20000,1,59,16.164,16.170,0.225,14.446,1,0,0.160,1.558,77824,21,9,21
"BudgetCrossing",20000,1,60,17.004,16.978,0.221,14.829,1,0,0.146,2.029,,21,9,21
"BudgetCrossing",20000,1,61,14.465,14.497,0.225,13.127,1,0,0.149,1.189,65536,21,9,21
"BudgetCrossing",20000,1,62,17.169,17.156,0.217,15.332,1,0,0.335,1.503,57344,21,9,21
"BudgetCrossing",20000,1,63,14.616,14.630,0.225,13.078,1,0,0.189,1.349,65536,21,9,21
"BudgetCrossing",20000,1,64,16.465,16.457,0.199,15.120,1,0,0.189,1.156,69632,21,9,21
"BudgetCrossing",20000,1,65,15.940,15.942,0.226,14.413,1,0,0.164,1.363,77824,21,9,21
"BudgetCrossing",20000,1,66,15.634,15.636,0.204,14.110,1,0,0.161,1.363,73728,21,9,21
"BudgetCrossing",20000,1,67,16.682,16.680,0.206,15.331,1,0,0.150,1.202,69632,21,9,21
"BudgetCrossing",20000,1,68,14.439,14.437,0.228,13.526,1,0,0.200,0.713,16384,21,9,21
"BudgetCrossing",20000,1,69,14.814,14.780,0.214,13.311,1,0,0.147,1.355,73728,21,9,21
"BudgetCrossing",20000,1,70,17.290,17.310,0.205,15.590,1,0,0.180,1.520,69632,21,9,21
"BudgetCrossing",20000,1,71,22.833,22.832,0.200,21.106,1,0,0.207,1.520,73728,21,9,21
"BudgetCrossing",20000,1,72,17.261,17.269,0.362,15.777,1,0,0.275,1.209,77824,21,9,21
"BudgetCrossing",20000,1,73,15.151,15.155,0.227,13.588,1,0,0.183,1.380,73728,21,9,21
"BudgetCrossing",20000,1,74,24.641,24.611,0.316,19.993,1,0,0.216,4.432,,21,9,21
"BudgetCrossing",20000,1,75,16.588,16.601,0.203,13.696,1,0,0.215,2.676,57344,21,9,21
"BudgetCrossing",20000,1,76,15.000,15.013,0.232,13.660,1,0,0.157,1.183,65536,21,9,21
"BudgetCrossing",20000,1,77,14.106,14.104,0.230,13.523,1,0,0.162,0.421,12288,21,9,21
"BudgetCrossing",20000,1,78,16.335,16.328,0.202,15.663,1,0,0.218,0.454,16384,21,9,21
"BudgetCrossing",20000,1,79,16.469,16.468,0.227,13.639,1,0,0.160,2.670,73728,21,9,21
"BudgetCrossing",20000,1,80,15.167,15.173,0.207,13.595,1,0,0.207,1.365,73728,21,9,21
"BudgetCrossing",20000,1,81,18.451,18.428,0.343,15.675,1,0,0.152,2.624,73728,21,9,21
"BudgetCrossing",20000,1,82,15.247,15.267,0.225,13.579,1,0,0.198,1.470,69632,21,9,21
"BudgetCrossing",20000,1,83,14.796,14.792,0.204,13.312,1,0,0.163,1.320,73728,21,9,21
"BudgetCrossing",20000,1,84,14.847,14.848,0.317,14.263,1,0,0.181,0.403,20480,21,9,21
"BudgetCrossing",20000,1,85,14.612,14.603,0.230,13.883,1,0,0.210,0.519,16384,21,9,21
"BudgetCrossing",20000,1,86,16.965,16.975,0.226,15.526,1,0,0.177,1.263,73728,21,9,21
"BudgetCrossing",20000,1,87,15.837,15.829,0.292,14.454,1,0,0.160,1.223,81920,21,9,21
"BudgetCrossing",20000,1,88,17.322,17.324,0.196,15.558,1,0,0.160,1.604,77824,21,9,21
"BudgetCrossing",20000,1,89,18.810,18.811,0.195,16.951,1,0,0.156,1.703,,21,9,21
"BudgetCrossing",20000,1,90,15.395,15.398,0.205,14.084,1,0,0.159,1.153,57344,21,9,21
"BudgetCrossing",20000,1,91,15.567,15.563,0.300,14.041,1,0,0.215,1.311,57344,21,9,21
"BudgetCrossing",20000,1,92,16.000,16.009,0.212,14.532,1,0,0.160,1.308,61440,21,9,21
"BudgetCrossing",20000,1,93,14.752,14.741,0.200,13.283,1,0,0.205,1.264,69632,21,9,21
"BudgetCrossing",20000,1,94,17.073,17.081,0.350,15.688,1,0,0.149,1.236,77824,21,9,21
"BudgetCrossing",20000,1,95,14.909,14.882,0.228,14.113,1,0,0.196,0.599,20480,21,9,21
"BudgetCrossing",20000,1,96,17.586,17.603,0.212,14.591,1,0,0.156,2.839,69632,21,9,21
"BudgetCrossing",20000,1,97,15.278,15.289,0.232,13.988,1,0,0.150,1.140,73728,21,9,21
"BudgetCrossing",20000,1,98,16.523,16.517,0.232,15.878,1,0,0.160,0.485,16384,21,9,21
"BudgetCrossing",20000,1,99,14.648,14.650,0.309,13.279,1,0,0.149,1.221,69632,21,9,21
"BudgetCrossing",20000,1,100,15.243,15.239,0.224,13.662,1,0,0.190,1.390,73728,21,9,21
"BudgetCrossing",20000,1,101,17.230,17.219,0.205,15.671,1,0,0.198,1.361,73728,21,9,21
"BudgetCrossing",20000,1,102,14.543,14.537,0.224,13.785,1,0,0.169,0.589,16384,21,9,21
"BudgetCrossing",20000,1,103,16.010,16.018,0.213,15.374,1,0,0.157,0.480,20480,21,9,21
"BudgetCrossing",20000,1,104,15.952,15.958,0.306,14.426,1,0,0.203,1.323,77824,21,9,21
"BudgetCrossing",20000,1,105,15.663,15.654,0.202,13.437,1,0,0.189,2.038,,21,9,21
"BudgetCrossing",20000,1,106,15.426,15.443,0.194,14.028,1,0,0.162,1.236,57344,21,9,21
"BudgetCrossing",20000,1,107,17.615,17.580,0.219,14.733,1,0,0.166,2.716,57344,21,9,21
"BudgetCrossing",20000,1,108,14.977,15.002,0.720,13.606,1,0,0.198,1.173,61440,21,9,21
"BudgetCrossing",20000,1,109,16.168,16.166,0.228,14.100,1,0,0.153,1.915,69632,21,9,21
"BudgetCrossing",20000,1,110,16.443,16.442,0.234,15.053,1,0,0.158,1.232,77824,21,9,21
"BudgetCrossing",20000,1,111,16.436,16.440,0.210,14.819,1,0,0.160,1.458,73728,21,9,21
"BudgetCrossing",20000,1,112,16.881,16.872,0.228,15.460,1,0,0.189,1.232,73728,21,9,21
"BudgetCrossing",20000,1,113,16.023,15.996,0.245,14.192,1,0,0.155,1.676,73728,21,9,21
"BudgetCrossing",20000,1,114,22.888,22.917,0.215,21.181,1,0,0.172,1.536,73728,21,9,21
"BudgetCrossing",20000,1,115,18.054,18.055,0.347,16.722,1,0,0.152,1.180,69632,21,9,21
"BudgetCrossing",20000,1,116,18.807,18.790,0.201,15.802,1,0,0.155,2.850,77824,21,9,21
"BudgetCrossing",20000,1,117,15.118,15.135,0.201,13.843,1,0,0.156,1.120,73728,21,9,21
"BudgetCrossing",20000,1,118,18.186,18.181,0.215,14.621,1,0,0.157,3.408,,21,9,21
"BudgetCrossing",20000,1,119,21.471,21.466,0.226,20.059,1,0,0.210,1.202,57344,21,9,21
"BudgetCrossing",20000,1,120,16.900,16.909,0.201,15.559,1,0,0.155,1.186,57344,21,9,21
"BudgetCrossing",20000,1,121,15.747,15.743,0.231,13.950,1,0,0.149,1.648,61440,21,9,21
"BudgetCrossing",20000,1,122,17.502,17.502,0.203,16.062,1,0,0.187,1.253,69632,21,9,21
"BudgetCrossing",20000,1,123,16.407,16.393,0.227,14.367,1,0,0.166,1.874,73728,21,9,21
"BudgetCrossing",20000,1,124,15.309,15.317,0.229,14.609,1,0,0.215,0.485,16384,21,9,21
"BudgetCrossing",20000,1,125,15.711,15.715,0.202,14.315,1,0,0.175,1.222,69632,21,9,21
"BudgetCrossing",20000,1,126,19.100,19.073,0.227,16.205,1,0,0.148,2.747,73728,21,9,21
"BudgetCrossing",20000,1,127,17.845,17.868,0.286,16.462,1,0,0.155,1.228,73728,21,9,21
"BudgetCrossing",20000,1,128,17.701,17.685,0.309,15.507,1,0,0.162,2.032,69632,21,9,21
"BudgetCrossing",20000,1,129,16.542,16.560,0.233,15.163,1,0,0.188,1.191,77824,21,9,21
"BudgetCrossing",20000,1,130,15.714,15.714,0.204,14.317,1,0,0.189,1.208,73728,21,9,21
"BudgetCrossing",20000,1,131,20.947,20.940,0.227,19.303,1,0,0.157,1.488,73728,21,9,21
"BudgetCrossing",20000,1,132,17.997,17.993,0.227,15.890,1,0,0.159,1.948,,21,9,21
"BudgetCrossing",20000,1,133,21.952,21.958,0.201,19.055,1,0,0.176,2.722,61440,21,9,21
"BudgetCrossing",20000,1,134,16.190,16.195,0.206,14.758,1,0,0.161,1.271,57344,21,9,21
"BudgetCrossing",20000,1,135,17.026,17.023,0.203,15.153,1,0,0.163,1.710,114688,21,9,21
"BudgetCrossing",20000,1,136,15.701,15.707,0.203,15.140,1,0,0.162,0.400,8192,21,9,21
"BudgetCrossing",20000,1,137,20.052,20.026,0.233,17.485,1,0,0.222,2.344,73728,21,9,21
"BudgetCrossing",20000,1,138,21.108,21.117,0.230,19.553,1,0,0.167,1.388,77824,21,9,21
"BudgetCrossing",20000,1,139,17.283,17.294,0.202,15.999,1,0,0.154,1.129,69632,21,9,21
"BudgetCrossing",20000,1,140,15.898,15.893,0.228,14.491,1,0,0.162,1.246,73728,21,9,21
"BudgetCrossing",20000,1,141,15.114,15.117,0.204,13.710,1,0,0.201,1.203,77824,21,9,21
"BudgetCrossing",20000,1,142,17.763,17.757,0.216,16.400,1,0,0.154,1.209,73728,21,9,21
"BudgetCrossing",20000,1,143,17.048,17.039,0.234,15.038,1,0,0.166,1.845,77824,21,9,21
"BudgetCrossing",20000,1,144,17.651,17.656,0.226,16.266,1,0,0.171,1.214,73728,21,9,21
"BudgetCrossing",20000,1,145,18.565,18.535,0.234,14.509,1,0,0.173,3.883,,21,9,21
"BudgetCrossing",20000,1,146,19.446,19.476,0.234,17.670,1,0,0.211,1.565,57344,21,9,21
"BudgetCrossing",20000,1,147,18.069,18.070,0.206,16.604,1,0,0.183,1.281,57344,21,9,21
"BudgetCrossing",20000,1,148,16.310,16.302,0.211,14.567,1,0,0.220,1.523,65536,21,9,21
"BudgetCrossing",20000,1,149,17.496,17.507,0.205,16.160,1,0,0.152,1.184,57344,21,9,21
"BudgetCrossing",20000,1,150,15.556,15.554,0.238,14.121,1,0,0.156,1.280,73728,21,9,21
"BudgetCrossing",20000,1,151,23.996,23.961,0.205,21.961,1,0,0.219,1.816,73728,21,9,21
"BudgetCrossing",20000,1,152,16.665,16.695,0.215,15.227,1,0,0.148,1.290,69632,21,9,21
"BudgetCrossing",20000,1,153,17.341,17.338,0.228,15.961,1,0,0.152,1.228,73728,21,9,21
"BudgetCrossing",20000,1,154,16.539,16.544,0.206,15.123,1,0,0.148,1.268,77824,21,9,21
"BudgetCrossing",20000,1,155,17.195,17.179,0.230,14.198,1,0,0.152,2.845,69632,21,9,21
"BudgetCrossing",20000,1,156,16.564,16.567,0.227,14.724,1,0,0.204,1.636,73728,21,9,21
"BudgetCrossing",20000,1,157,18.035,18.042,0.203,15.990,1,0,0.145,1.900,,21,9,21
"BudgetCrossing",20000,1,158,17.135,17.132,0.203,15.125,1,0,0.306,1.705,57344,21,9,21
"BudgetCrossing",20000,1,159,17.633,17.627,0.212,16.138,1,0,0.177,1.319,57344,21,9,21
"BudgetCrossing",20000,1,160,18.481,18.492,0.325,17.127,1,0,0.201,1.153,65536,21,9,21
"BudgetCrossing",20000,1,161,15.562,15.565,0.208,14.201,1,0,0.152,1.209,57344,21,9,21
"BudgetCrossing",20000,1,162,16.742,16.727,0.207,14.769,1,0,0.199,1.775,69632,21,9,21
"BudgetCrossing",20000,1,163,17.786,17.800,0.202,16.399,1,0,0.155,1.233,73728,21,9,21
"BudgetCrossing",20000,1,164,16.126,16.122,0.228,14.864,1,0,0.157,1.105,69632,21,9,21
"BudgetCrossing",20000,1,165,17.020,17.017,0.213,15.553,1,0,0.195,1.272,73728,21,9,21
"BudgetCrossing",20000,1,166,16.708,16.707,0.225,15.237,1,0,0.176,1.295,77824,21,9,21
"BudgetCrossing",20000,1,167,20.452,20.424,0.228,17.562,1,0,0.187,2.703,69632,21,9,21
"BudgetCrossing",20000,1,168,19.004,19.029,0.289,17.522,1,0,0.213,1.270,73728,21,9,21
"BudgetCrossing",20000,1,169,17.584,17.589,0.237,16.322,1,0,0.141,1.121,77824,21,9,21
"BudgetCrossing",20000,1,170,17.441,17.420,0.229,14.094,1,0,0.197,3.150,,21,9,21
"BudgetCrossing",20000,1,171,15.909,15.931,0.216,13.716,1,0,0.157,2.037,57344,21,9,21
"BudgetCrossing",20000,1,172,17.587,17.578,0.000,15.895,1,0,0.209,1.483,61440,21,9,21
"BudgetCrossing",20000,1,173,18.140,18.120,0.207,15.173,1,0,0.169,2.798,61440,21,9,21
"BudgetCrossing",20000,1,174,23.883,23.888,0.383,20.692,1,0,0.217,2.975,57344,21,9,21
"BudgetCrossing",20000,1,175,17.872,17.891,0.204,15.522,1,0,0.161,2.189,65536,21,9,21
"BudgetCrossing",20000,1,176,14.603,14.583,0.391,14.074,1,0,0.148,0.381,20480,21,9,21
"BudgetCrossing",20000,1,177,14.993,15.013,0.238,14.427,1,0,0.180,0.386,12288,21,9,21
"BudgetCrossing",20000,1,178,14.802,14.801,0.228,14.119,1,0,0.183,0.501,16384,21,9,21
"BudgetCrossing",20000,1,179,15.107,15.109,0.232,14.386,1,0,0.149,0.572,20480,21,9,21
"BudgetCrossing",20000,1,180,17.851,17.834,0.199,16.145,1,0,0.192,1.514,73728,21,9,21
"BudgetCrossing",20000,1,181,15.713,15.723,0.217,14.955,1,0,0.234,0.523,16384,21,9,21
"BudgetCrossing",20000,1,182,15.722,15.727,0.308,14.329,1,0,0.155,1.238,73728,21,9,21
"BudgetCrossing",20000,1,183,16.418,16.418,0.205,14.935,1,0,0.200,1.283,77824,21,9,21
"BudgetCrossing",20000,1,184,17.194,17.193,0.205,15.857,1,0,0.157,1.181,77824,21,9,21
"BudgetCrossing",20000,1,185,17.623,17.617,0.366,16.262,1,0,0.158,1.203,77824,21,9,21
"BudgetCrossing",20000,1,186,16.197,16.200,0.229,14.841,1,0,0.158,1.199,73728,21,9,21
"BudgetCrossing",20000,1,187,17.072,17.060,0.322,14.925,1,0,0.160,1.987,,21,9,21
"BudgetCrossing",20000,1,188,15.860,15.864,0.204,14.481,1,0,0.167,1.213,57344,21,9,21
"BudgetCrossing",20000,1,189,16.861,16.861,0.207,15.406,1,0,0.184,1.271,61440,21,9,21
"BudgetCrossing",20000,1,190,16.922,16.928,0.229,15.422,1,0,0.172,1.328,61440,21,9,21
"BudgetCrossing",20000,1,191,17.184,17.181,0.204,15.716,1,0,0.218,1.250,57344,21,9,21
"BudgetCrossing",20000,1,192,19.267,19.244,0.227,15.898,1,0,0.215,3.154,61440,21,9,21
"BudgetCrossing",20000,1,193,16.399,16.423,0.211,15.059,1,0,0.152,1.189,73728,21,9,21
"BudgetCrossing",20000,1,194,18.949,18.932,0.214,15.785,1,0,0.207,2.958,69632,21,9,21
"BudgetCrossing",20000,1,195,16.880,16.892,0.212,15.458,1,0,0.150,1.272,77824,21,9,21
"BudgetCrossing",20000,1,196,16.357,16.354,0.233,15.042,1,0,0.164,1.151,73728,21,9,21
"BudgetCrossing",20000,1,197,15.837,15.814,0.261,14.981,1,0,0.166,0.690,12288,21,9,21
"BudgetCrossing",20000,1,198,19.891,19.916,0.236,18.537,1,0,0.155,1.199,73728,21,9,21
"BudgetCrossing",20000,1,199,16.477,16.475,0.203,14.972,1,0,0.178,1.328,73728,21,9,21
"BudgetCrossing",20000,1,200,25.641,25.610,0.298,22.511,1,0,0.211,2.919,73728,21,9,21
"BudgetCrossing",20000,1,201,20.352,20.333,0.228,17.475,1,0,0.168,2.710,,21,9,21
"BudgetCrossing",20000,1,202,17.871,17.904,0.213,17.040,1,0,0.200,0.631,4096,21,9,21
"BudgetCrossing",20000,1,203,16.955,16.957,0.322,14.279,1,0,0.181,2.495,65536,21,9,21
"BudgetCrossing",20000,1,204,15.843,15.858,0.227,14.498,1,0,0.171,1.175,61440,21,9,21
"BudgetCrossing",20000,1,205,19.620,19.606,0.201,18.161,1,0,0.187,1.272,57344,21,9,21
"BudgetCrossing",20000,1,206,15.467,15.479,0.200,14.093,1,0,0.171,1.203,61440,21,9,21
"BudgetCrossing",20000,1,207,15.681,15.681,0.286,14.827,1,0,0.215,0.640,16384,21,9,21
"BudgetCrossing",20000,1,208,16.375,16.377,0.204,15.693,1,0,0.161,0.521,12288,21,9,21
"BudgetCrossing",20000,1,209,17.609,17.608,0.203,17.046,1,0,0.160,0.404,20480,21,9,21
"BudgetCrossing",20000,1,210,15.265,15.254,0.203,14.578,1,0,0.211,0.476,20480,21,9,21
"BudgetCrossing",20000,1,211,17.337,17.347,0.308,15.876,1,0,0.192,1.269,69632,21,9,21
"BudgetCrossing",20000,1,212,17.572,17.561,0.195,15.453,1,0,0.183,1.936,73728,21,9,21
"BudgetCrossing",20000,1,213,16.648,16.655,0.194,15.203,1,0,0.148,1.297,77824,21,9,21
"BudgetCrossing",20000,1,214,16.231,16.234,0.313,15.684,1,0,0.150,0.397,16384,21,9,21
"BudgetCrossing",20000,1,215,18.197,18.178,0.230,15.396,1,0,0.149,2.651,77824,21,9,21
"BudgetCrossing",20000,1,216,24.324,24.314,0.235,22.700,1,0,0.201,1.423,81920,21,9,21
"BudgetCrossing",20000,1,217,16.183,16.210,0.215,14.772,1,0,0.164,1.247,73728,21,9,21
"BudgetCrossing",20000,1,218,17.382,17.360,0.579,14.545,1,0,0.208,2.629,73728,21,9,21
"BudgetCrossing",20000,1,219,17.627,17.632,0.229,15.307,1,0,0.201,2.120,,21,9,21
"BudgetCrossing",20000,1,220,18.299,18.303,0.233,16.839,1,0,0.163,1.297,61440,21,9,21
"BudgetCrossing",20000,1,221,16.715,16.720,0.000,15.136,1,0,0.158,1.422,57344,21,9,21
"BudgetCrossing",20000,1,222,18.269,18.274,0.314,17.741,1,0,0.148,0.381,8192,21,9,21
"BudgetCrossing",20000,1,223,15.353,15.344,0.228,14.830,1,0,0.159,0.364,4096,21,9,21
"BudgetCrossing",20000,1,224,17.058,17.068,0.305,15.586,1,0,0.204,1.269,61440,21,9,21
"BudgetCrossing",20000,1,225,19.447,19.437,0.230,18.030,1,0,0.164,1.253,65536,21,9,21
"BudgetCrossing",20000,1,226,20.212,20.190,0.204,17.395,1,0,0.206,2.611,69632,21,9,21
"BudgetCrossing",20000,1,227,18.437,18.458,0.194,17.000,1,0,0.152,1.285,73728,21,9,21
"BudgetCrossing",20000,1,228,15.490,15.489,0.318,14.541,1,0,0.148,0.800,20480,21,9,21
"BudgetCrossing",20000,1,229,15.694,15.672,0.211,14.957,1,0,0.162,0.575,12288,21,9,21
"BudgetCrossing",20000,1,230,20.567,20.588,0.229,19.204,1,0,0.151,1.212,77824,21,9,21
"BudgetCrossing",20000,1,231,18.148,18.145,0.230,16.727,1,0,0.156,1.265,73728,21,9,21
"BudgetCrossing",20000,1,232,17.763,17.760,0.219,16.243,1,0,0.203,1.318,73728,21,9,21
"BudgetCrossing",20000,1,233,18.225,18.227,0.307,16.826,1,0,0.196,1.203,77824,21,9,21
"BudgetCrossing",20000,1,234,25.416,25.415,0.204,23.912,1,0,0.167,1.338,77824,21,9,21
"BudgetCrossing",20000,1,235,25.040,25.005,0.202,20.127,1,0,0.194,4.719,73728,21,9,21
"BudgetCrossing",20000,1,236,19.531,19.549,0.387,16.353,1,0,0.185,2.993,,21,9,21
"BudgetCrossing",20000,1,237,17.538,17.556,0.206,15.977,1,0,0.235,1.326,94208,21,9,21
"BudgetCrossing",20000,1,238,18.521,18.505,0.000,16.585,1,0,0.166,1.770,65536,21,9,21
"BudgetCrossing",20000,1,239,24.184,24.189,0.204,21.858,1,0,0.206,2.120,73728,21,9,21
"BudgetCrossing",20000,1,240,17.295,17.302,0.355,15.871,1,0,0.165,1.259,69632,21,9,21
"BudgetCrossing",20000,1,241,17.846,17.842,0.235,16.364,1,0,0.164,1.318,73728,21,9,21
"BudgetCrossing",20000,1,242,19.257,19.250,0.229,17.383,1,0,0.195,1.679,77824,21,9,21
"BudgetCrossing",20000,1,243,18.312,18.319,0.226,16.827,1,0,0.198,1.288,69632,21,9,21
"BudgetCrossing",20000,1,244,22.024,22.028,0.232,20.473,1,0,0.228,1.323,77824,21,9,21
"BudgetCrossing",20000,1,245,17.820,17.818,0.207,16.505,1,0,0.155,1.160,73728,21,9,21
"BudgetCrossing",20000,1,246,17.663,17.661,0.241,15.502,1,0,0.206,1.955,,21,9,21
"BudgetCrossing",20000,1,247,20.493,20.493,0.230,19.948,1,0,0.168,0.376,8192,21,9,21
"BudgetCrossing",20000,1,248,18.118,18.118,0.245,16.827,1,0,0.152,1.139,69632,21,9,21
"BudgetCrossing",20000,1,249,17.693,17.687,0.207,15.507,1,0,0.192,1.994,73728,21,9,21
"BudgetCrossing",20000,1,250,18.398,18.407,0.213,16.910,1,0,0.216,1.273,69632,21,9,21
"BudgetCrossing",20000,1,251,17.688,17.671,0.195,16.125,1,0,0.217,1.346,73728,21,9,21
"BudgetCrossing",20000,1,252,16.959,16.964,0.231,15.298,1,0,0.163,1.499,73728,21,9,21
"BudgetCrossing",20000,1,253,20.503,20.478,0.202,17.536,1,0,0.199,2.767,73728,21,9,21
"BudgetCrossing",20000,1,254,16.013,16.041,0.204,15.370,1,0,0.213,0.430,16384,21,9,21
"BudgetCrossing",20000,1,255,17.183,17.148,0.242,16.355,1,0,0.146,0.682,20480,21,9,21
"BudgetCrossing",20000,1,256,18.725,18.751,0.350,17.255,1,0,0.160,1.310,73728,21,9,21
"BudgetCrossing",20000,1,257,20.130,20.129,0.230,17.188,1,0,0.226,2.715,77824,21,9,21
"BudgetCrossing",20000,1,258,16.369,16.355,0.308,15.446,1,0,0.202,0.720,28672,21,9,21
"BudgetCrossing",20000,1,259,18.278,18.297,0.298,16.836,1,0,0.164,1.278,73728,21,9,21
"BudgetCrossing",20000,1,260,17.228,17.226,0.354,16.272,1,0,0.207,0.749,20480,21,9,21
"BudgetCrossing",20000,1,261,19.428,19.418,0.296,17.564,1,0,0.169,1.695,,21,9,21
"BudgetCrossing",20000,1,262,17.846,17.838,0.218,16.299,1,0,0.165,1.382,65536,21,9,21
"BudgetCrossing",20000,1,263,20.474,20.483,0.324,17.698,1,0,0.207,2.569,57344,21,9,21
"BudgetCrossing",20000,1,264,16.908,16.910,0.301,15.484,1,0,0.215,1.208,73728,21,9,21
"BudgetCrossing",20000,1,265,16.327,16.330,0.273,15.697,1,0,0.204,0.425,16384,21,9,21
"BudgetCrossing",20000,1,266,17.724,17.711,0.209,15.336,1,0,0.183,2.205,73728,21,9,21
"BudgetCrossing",20000,1,267,22.001,22.015,0.206,20.567,1,0,0.158,1.276,73728,21,9,21
"BudgetCrossing",20000,1,268,18.702,18.699,0.226,17.366,1,0,0.149,1.187,73728,21,9,21
"BudgetCrossing",20000,1,269,17.074,17.073,0.309,15.652,1,0,0.156,1.266,77824,21,9,21
"BudgetCrossing",20000,1,270,19.595,19.569,0.227,17.668,1,0,0.194,1.734,73728,21,9,21
"BudgetCrossing",20000,1,271,18.464,18.486,0.213,16.916,1,0,0.228,1.320,69632,21,9,21
"BudgetCrossing",20000,1,272,18.036,18.041,0.238,16.537,1,0,0.213,1.286,77824,21,9,21
"BudgetCrossing",20000,1,273,18.551,18.544,0.205,16.827,1,0,0.200,1.525,73728,21,9,21
"BudgetCrossing",20000,1,274,20.162,20.159,0.206,17.737,1,0,0.157,2.268,,21,9,21
"BudgetCrossing",20000,1,275,17.071,17.074,0.228,15.726,1,0,0.163,1.182,65536,21,9,21
"BudgetCrossing",20000,1,276,19.119,19.122,0.233,17.829,1,0,0.158,1.132,57344,21,9,21
"BudgetCrossing",20000,1,277,17.790,17.777,0.231,15.309,1,0,0.151,2.330,73728,21,9,21
"BudgetCrossing",20000,1,278,19.080,19.059,0.201,17.037,1,0,0.200,1.843,69632,21,9,21
"BudgetCrossing",20000,1,279,15.998,16.028,0.203,15.424,1,0,0.157,0.417,20480,21,9,21
"BudgetCrossing",20000,1,280,16.727,16.725,0.227,15.369,1,0,0.194,1.165,73728,21,9,21
"BudgetCrossing",20000,1,281,17.984,17.978,0.297,15.744,1,0,0.433,1.807,73728,21,9,21
"BudgetCrossing",20000,1,282,17.105,17.110,0.232,15.649,1,0,0.165,1.291,77824,21,9,21
"BudgetCrossing",20000,1,283,18.129,18.134,0.217,17.584,1,0,0.153,0.393,16384,21,9,21
"BudgetCrossing",20000,1,284,16.197,16.197,0.210,15.729,1,0,0.152,0.316,16384,21,9,21
"BudgetCrossing",20000,1,285,18.218,18.216,0.238,17.703,1,0,0.145,0.370,20480,21,9,21
"BudgetCrossing",20000,1,286,17.320,17.316,0.203,15.926,1,0,0.151,1.242,73728,21,9,21
"BudgetCrossing",20000,1,287,17.843,17.841,0.195,16.358,1,0,0.204,1.282,77824,21,9,21
"BudgetCrossing",20000,1,288,18.508,18.490,0.198,15.694,1,0,0.145,2.669,73728,21,9,21
"BudgetCrossing",20000,1,289,22.806,22.803,0.256,20.482,1,0,0.184,2.140,,21,9,21
"BudgetCrossing",20000,1,290,17.563,17.573,0.229,16.056,1,0,0.196,1.311,69632,21,9,21
"BudgetCrossing",20000,1,291,17.275,17.283,0.231,15.885,1,0,0.168,1.221,57344,21,9,21
"BudgetCrossing",20000,1,292,18.407,18.402,0.204,17.789,1,0,0.206,0.411,16384,21,9,21
"BudgetCrossing",20000,1,293,17.445,17.453,0.288,15.936,1,0,0.154,1.354,69632,21,9,21
"BudgetCrossing",20000,1,294,24.309,24.300,0.204,22.790,1,0,0.170,1.349,73728,21,9,21
"BudgetCrossing",20000,1,295,19.965,19.962,0.364,18.474,1,0,0.200,1.291,73728,21,9,21
"BudgetCrossing",20000,1,296,18.607,18.607,0.306,17.102,1,0,0.199,1.306,69632,21,9,21
"BudgetCrossing",20000,1,297,18.738,18.731,0.217,15.920,1,0,0.209,2.609,77824,21,9,21
"BudgetCrossing",20000,1,298,17.501,17.518,0.215,16.240,1,0,0.145,1.116,73728,21,9,21
"BudgetCrossing",20000,1,299,15.862,15.854,0.208,15.208,1,0,0.191,0.462,12288,21,9,21
"BudgetCrossing",24000,1,0,21.749,21.737,0.233,19.973,1,0,0.220,1.556,73728,14,9,14
"BudgetCrossing",24000,1,1,22.324,22.319,0.222,20.124,1,0,0.225,1.976,73728,14,9,14
"BudgetCrossing",24000,1,2,21.225,21.234,0.201,19.837,1,0,0.224,1.164,69632,14,9,14
"BudgetCrossing",24000,1,3,19.477,19.460,0.201,17.749,1,0,0.237,1.491,73728,15,9,15
"BudgetCrossing",24000,1,4,19.215,19.212,0.227,18.123,1,0,0.271,0.821,24576,15,9,15
"BudgetCrossing",24000,1,5,21.778,21.778,0.197,18.928,1,0,0.242,2.608,69632,15,9,15
"BudgetCrossing",24000,1,6,20.233,20.251,0.226,18.738,1,0,0.236,1.260,77824,15,9,15
"BudgetCrossing",24000,1,7,23.273,23.238,0.205,18.764,1,0,0.221,4.288,,15,9,15
"BudgetCrossing",24000,1,8,27.450,27.474,0.264,25.970,1,0,0.197,1.284,65536,15,9,15
"BudgetCrossing",24000,1,9,24.253,24.249,0.226,21.599,1,0,0.245,2.408,57344,15,9,15
"BudgetCrossing",24000,1,10,19.121,19.136,0.252,18.508,1,0,0.225,0.388,12288,15,9,15
"BudgetCrossing",24000,1,11,21.177,21.173,0.204,19.804,1,0,0.186,1.187,69632,15,9,15
"BudgetCrossing",24000,1,12,20.174,20.176,0.225,18.697,1,0,0.223,1.254,73728,16,9,16
"BudgetCrossing",24000,1,13,20.067,20.067,0.202,18.697,1,0,0.177,1.193,77824,16,9,16
"BudgetCrossing",24000,1,14,20.062,20.052,0.222,18.616,1,0,0.247,1.199,69632,16,9,16
"BudgetCrossing",24000,1,15,19.897,19.899,0.197,18.409,1,0,0.247,1.242,73728,16,9,16
"BudgetCrossing",24000,1,16,19.898,19.897,0.224,18.424,1,0,0.247,1.227,73728,16,9,16
"BudgetCrossing",24000,1,17,20.674,20.670,0.225,18.813,1,0,0.228,1.633,69632,16,9,16
"BudgetCrossing",24000,1,18,21.300,21.290,0.197,18.952,1,0,0.189,2.159,73728,16,9,16
"BudgetCrossing",24000,1,19,20.020,20.026,0.206,18.581,1,0,0.231,1.208,77824,16,9,16
"BudgetCrossing",24000,1,20,20.846,20.849,0.289,18.392,1,0,0.195,2.259,73728,16,9,16
"BudgetCrossing",24000,1,21,21.379,21.371,0.232,18.213,1,0,0.208,2.958,,17,9,17
"BudgetCrossing",24000,1,22,21.529,21.504,0.198,18.534,1,0,0.191,2.804,61440,17,9,17
"BudgetCrossing",24000,1,23,21.823,21.856,0.225,20.433,1,0,0.175,1.215,61440,17,9,17
"BudgetCrossing",24000,1,24,22.643,22.645,0.227,21.331,1,0,0.176,1.136,73728,17,9,17
"BudgetCrossing",24000,1,25,19.929,19.924,0.199,18.452,1,0,0.238,1.239,73728,17,9,17
"BudgetCrossing",24000,1,26,22.015,22.016,0.226,20.495,1,0,0.233,1.286,73728,17,9,17
"BudgetCrossing",24000,1,27,20.185,20.189,0.225,18.712,1,0,0.223,1.250,73728,17,9,17
"BudgetCrossing",24000,1,28,22.390,22.384,0.201,20.165,1,0,0.185,2.040,69632,17,9,17
"BudgetCrossing",24000,1,29,21.051,21.051,0.231,19.522,1,0,0.202,1.327,73728,17,9,17
"BudgetCrossing",24000,1,30,20.475,20.477,0.368,19.101,1,0,0.190,1.184,73728,18,9,18
"BudgetCrossing",24000,1,31,19.305,19.274,0.226,18.381,1,0,0.227,0.696,16384,18,9,18
"BudgetCrossing",24000,1,32,21.501,21.536,0.201,20.086,1,0,0.220,1.195,77824,18,9,18
"BudgetCrossing",24000,1,33,19.964,19.959,0.206,19.287,1,0,0.258,0.419,20480,18,9,18
"BudgetCrossing",24000,1,34,21.461,21.455,0.198,20.054,1,0,0.195,1.213,73728,18,9,18
"BudgetCrossing",24000,1,35,23.124,23.119,0.356,19.881,1,0,0.220,3.023,,18,9,18
"BudgetCrossing",24000,1,36,23.116,23.122,0.201,20.558,1,0,0.190,2.368,61440,18,9,18
"BudgetCrossing",24000,1,37,21.545,21.545,0.691,20.001,1,0,0.257,1.287,57344,18,9,18
"BudgetCrossing",24000,1,38,18.386,18.359,0.203,17.536,1,0,0.250,0.600,16384,18,9,18
"BudgetCrossing",24000,1,39,23.083,23.102,0.200,20.497,1,0,0.204,2.382,69632,19,9,19
"BudgetCrossing",24000,1,40,22.134,22.117,0.208,19.450,1,0,0.217,2.467,77824,19,9,19
"BudgetCrossing",24000,1,41,22.770,22.762,0.315,20.908,1,0,0.352,1.511,73728,19,9,19
"BudgetCrossing",24000,1,42,23.190,23.167,0.223,20.434,1,0,0.220,2.536,69632,19,9,19
"BudgetCrossing",24000,1,43,21.027,21.048,0.344,18.045,1,0,0.202,2.780,73728,19,9,19
"BudgetCrossing",24000,1,44,20.606,20.633,0.208,19.101,1,0,0.248,1.257,73728,19,9,19
"BudgetCrossing",24000,1,45,21.383,21.362,0.200,19.867,1,0,0.244,1.272,69632,19,9,19
"BudgetCrossing",24000,1,46,18.900,18.919,0.333,18.193,1,0,0.268,0.438,16384,19,9,19
"BudgetCrossing",24000,1,47,22.430,22.432,0.198,20.789,1,0,0.179,1.462,77824,19,9,19
"BudgetCrossing",24000,1,48,19.408,19.372,0.210,18.407,1,0,0.259,0.742,20480,20,9,20
"BudgetCrossing",24000,1,49,20.823,20.835,0.202,19.960,1,0,0.244,0.619,16384,20,9,20
"BudgetCrossing",24000,1,50,25.865,25.856,0.221,22.264,1,0,0.234,3.367,,20,9,20
"BudgetCrossing",24000,1,51,22.475,22.491,0.203,20.847,1,0,0.294,1.334,65536,20,9,20
"BudgetCrossing",24000,1,52,19.512,19.519,0.298,18.842,1,0,0.254,0.416,4096,20,9,20
"BudgetCrossing",24000,1,53,20.156,20.155,0.300,18.639,1,0,0.196,1.320,61440,20,9,20
"BudgetCrossing",24000,1,54,20.876,20.875,0.208,19.165,1,0,0.252,1.459,61440,20,9,20
"BudgetCrossing",24000,1,55,21.350,21.356,0.206,20.755,1,0,0.179,0.416,16384,20,9,20
"BudgetCrossing",24000,1,56,20.718,20.714,0.309,19.235,1,0,0.187,1.296,73728,20,9,20
"BudgetCrossing",24000,1,57,21.509,21.507,0.236,20.798,1,0,0.249,0.462,16384,21,9,21
"BudgetCrossing",24000,1,58,19.974,19.973,0.231,19.125,1,0,0.228,0.621,16384,21,9,21
"BudgetCrossing",24000,1,59,21.672,21.631,0.227,18.518,1,0,0.218,2.936,77824,21,9,21
"BudgetCrossing",24000,1,60,21.585,21.619,0.205,19.931,1,0,0.256,1.398,69632,21,9,21
"BudgetCrossing",24000,1,61,20.007,20.006,0.219,18.588,1,0,0.238,1.182,73728,21,9,21
"BudgetCrossing",24000,1,62,22.019,22.003,0.218,19.220,1,0,0.196,2.603,73728,21,9,21
"BudgetCrossing",24000,1,63,20.959,20.977,0.207,19.427,1,0,0.247,1.285,73728,21,9,21
"BudgetCrossing",24000,1,64,21.308,21.308,0.215,19.785,1,0,0.221,1.302,77824,21,9,21
"BudgetCrossing",24000,1,65,20.662,20.660,0.240,19.052,1,0,0.241,1.369,77824,21,9,21
"BudgetCrossing",24000,1,66,23.466,23.428,0.236,20.749,1,0,0.184,2.533,,21,9,21
"BudgetCrossing",24000,1,67,20.906,20.935,0.239,19.351,1,0,0.248,1.307,65536,21,9,21
"BudgetCrossing",24000,1,68,21.474,21.469,0.230,19.994,1,0,0.218,1.263,57344,21,9,21
"BudgetCrossing",24000,1,69,20.676,20.693,0.231,19.140,1,0,0.254,1.281,61440,21,9,21
"BudgetCrossing",24000,1,70,21.666,21.661,0.206,20.959,1,0,0.235,0.472,4096,21,9,21
"BudgetCrossing",24000,1,71,22.037,22.040,0.231,20.484,1,0,0.238,1.315,73728,21,9,21
"BudgetCrossing",24000,1,72,21.152,21.155,0.209,19.661,1,0,0.222,1.268,77824,21,9,21
"BudgetCrossing",24000,1,73,23.686,23.653,0.358,20.409,1,0,0.216,3.061,69632,21,9,21
"BudgetCrossing",24000,1,74,21.543,21.569,0.224,20.014,1,0,0.225,1.304,73728,21,9,21
"BudgetCrossing",24000,1,75,20.651,20.649,0.232,19.133,1,0,0.213,1.305,73728,21,9,21
"BudgetCrossing",24000,1,76,23.195,23.181,0.324,21.172,1,0,0.238,1.785,69632,21,9,21
"BudgetCrossing",24000,1,77,21.005,21.007,0.236,18.962,1,0,0.236,1.806,73728,21,9,21
"BudgetCrossing",24000,1,78,29.001,28.998,0.230,26.436,1,0,0.226,2.339,77824,21,9,21
"BudgetCrossing",24000,1,79,23.026,23.009,0.224,19.961,1,0,0.229,2.836,73728,21,9,21
"BudgetCrossing",24000,1,80,23.858,23.875,0.217,21.421,1,0,0.239,2.198,,21,9,21
"BudgetCrossing",24000,1,81,21.636,21.640,0.239,19.755,1,0,0.276,1.606,65536,21,9,21
"BudgetCrossing",24000,1,82,24.638,24.643,0.231,23.190,1,0,0.236,1.213,57344,21,9,21
"BudgetCrossing",24000,1,83,22.350,22.316,0.218,19.301,1,0,0.192,2.858,61440,21,9,21
"BudgetCrossing",24000,1,84,22.061,22.090,0.219,20.444,1,0,0.194,1.423,61440,21,9,21
"BudgetCrossing",24000,1,85,22.142,22.134,0.208,20.478,1,0,0.226,1.438,69632,21,9,21
"BudgetCrossing",24000,1,86,21.745,21.753,0.231,19.820,1,0,0.375,1.551,77824,21,9,21
"BudgetCrossing",24000,1,87,23.667,23.642,0.232,20.754,1,0,0.194,2.719,69632,21,9,21
"BudgetCrossing",24000,1,88,21.488,21.508,0.306,19.946,1,0,0.264,1.278,73728,21,9,21
"BudgetCrossing",24000,1,89,22.364,22.337,0.208,19.399,1,0,0.192,2.773,73728,21,9,21
"BudgetCrossing",24000,1,90,21.256,21.257,0.209,19.613,1,0,0.186,1.458,73728,21,9,21
"BudgetCrossing",24000,1,91,28.961,28.962,0.241,27.013,1,0,0.263,1.685,73728,21,9,21
"BudgetCrossing",24000,1,92,23.094,23.082,0.217,19.961,1,0,0.253,2.881,73728,21,9,21
"BudgetCrossing",24000,1,93,23.189,23.126,0.208,20.180,1,0,0.244,2.765,,21,9,21
"BudgetCrossing",24000,1,94,21.611,21.699,0.206,20.048,1,0,0.294,1.268,65536,21,9,21
"BudgetCrossing",24000,1,95,21.059,21.056,0.000,19.591,1,0,0.224,1.244,57344,21,9,21
"BudgetCrossing",24000,1,96,22.440,22.422,0.208,19.446,1,0,0.220,2.774,65536,21,9,21
"BudgetCrossing",24000,1,97,23.530,23.554,0.304,22.015,1,0,0.254,1.261,57344,21,9,21
"BudgetCrossing",24000,1,98,21.763,21.766,0.218,19.942,1,0,0.194,1.628,69632,21,9,21
"BudgetCrossing",24000,1,99,21.363,21.366,0.206,19.713,1,0,0.297,1.353,73728,21,9,21
"BudgetCrossing",24000,1,100,21.051,21.050,0.230,19.573,1,0,0.190,1.288,69632,21,9,21
"BudgetCrossing",24000,1,101,22.535,22.531,0.252,21.009,1,0,0.228,1.297,73728,21,9,21
"BudgetCrossing",24000,1,102,23.148,23.122,0.238,20.186,1,0,0.196,2.767,77824,21,9,21
"BudgetCrossing",24000,1,103,20.907,20.930,0.218,19.394,1,0,0.234,1.279,69632,21,9,21
"BudgetCrossing",24000,1,104,22.345,22.337,0.231,20.159,1,0,0.299,1.886,73728,21,9,21
"BudgetCrossing",24000,1,105,20.949,20.956,0.234,19.424,1,0,0.237,1.288,73728,21,9,21
"BudgetCrossing",24000,1,106,24.469,24.447,0.214,21.570,1,0,0.247,2.652,,21,9,21
"BudgetCrossing",24000,1,107,22.351,22.359,0.208,19.553,1,0,0.274,2.524,69632,21,9,21
"BudgetCrossing",24000,1,108,20.959,20.976,0.000,19.548,1,0,0.245,1.166,61440,21,9,21
"BudgetCrossing",24000,1,109,21.142,21.139,0.243,19.618,1,0,0.240,1.284,61440,21,9,21
"BudgetCrossing",24000,1,110,21.851,21.855,0.231,20.338,1,0,0.213,1.300,57344,21,9,21
"BudgetCrossing",24000,1,111,21.855,21.856,0.220,20.372,1,0,0.221,1.263,65536,21,9,21
"BudgetCrossing",24000,1,112,26.781,26.731,0.233,23.589,1,0,0.210,2.981,73728,21,9,21
"BudgetCrossing",24000,1,113,21.637,21.676,0.234,20.042,1,0,0.319,1.276,69632,21,9,21
"BudgetCrossing",24000,1,114,22.659,22.645,0.232,20.310,1,0,0.242,2.107,77824,21,9,21
"BudgetCrossing",24000,1,115,24.362,24.363,0.233,22.015,1,0,0.235,2.112,73728,21,9,21
"BudgetCrossing",24000,1,116,25.608,25.614,0.206,24.081,1,0,0.189,1.338,69632,21,9,21
"BudgetCrossing",24000,1,117,21.668,21.444,0.232,19.972,1,0,0.212,1.484,73728,21,9,21
"BudgetCrossing",24000,1,118,21.773,21.998,0.232,20.291,1,0,0.208,1.274,73728,21,9,21
"BudgetCrossing",24000,1,119,24.841,24.809,0.233,21.639,1,0,0.255,2.947,,21,9,21
"BudgetCrossing",24000,1,120,23.910,23.905,0.206,20.632,1,0,0.199,3.079,69632,21,9,21
"BudgetCrossing",24000,1,121,22.516,22.524,0.204,19.484,1,0,0.248,2.783,57344,21,9,21
"BudgetCrossing",24000,1,122,22.305,22.335,0.336,21.719,1,0,0.177,0.409,8192,21,9,21
"BudgetCrossing",24000,1,123,21.258,21.252,0.209,19.712,1,0,0.240,1.306,57344,21,9,21
"BudgetCrossing",24000,1,124,22.021,22.009,0.205,20.110,1,0,0.255,1.656,61440,21,9,21
"BudgetCrossing",24000,1,125,23.520,23.507,0.240,20.350,1,0,0.283,2.888,65536,21,9,21
"BudgetCrossing",24000,1,126,23.103,23.103,0.196,20.236,1,0,0.253,2.614,69632,21,9,21
"BudgetCrossing",24000,1,127,22.203,22.224,0.250,20.664,1,0,0.218,1.320,77824,21,9,21
"BudgetCrossing",24000,1,128,22.236,22.235,0.243,20.747,1,0,0.190,1.300,73728,21,9,21
"BudgetCrossing",24000,1,129,24.665,24.649,0.203,21.722,1,0,0.217,2.726,73728,21,9,21
"BudgetCrossing",24000,1,130,21.947,21.962,0.232,20.357,1,0,0.261,1.329,73728,21,9,21
"BudgetCrossing",24000,1,131,22.284,22.291,0.232,20.734,1,0,0.253,1.297,77824,21,9,21
"BudgetCrossing",24000,1,132,23.234,23.212,0.208,21.348,1,0,0.236,1.650,73728,21,9,21
"BudgetCrossing",24000,1,133,22.630,22.624,0.352,20.202,1,0,0.249,2.179,,21,9,21
"BudgetCrossing",24000,1,134,22.335,22.351,0.226,20.891,1,0,0.217,1.227,65536,21,9,21
"BudgetCrossing",24000,1,135,21.629,21.626,0.208,20.141,1,0,0.264,1.224,57344,21,9,21
"BudgetCrossing",24000,1,136,19.678,19.682,0.205,19.000,1,0,0.219,0.459,8192,21,9,21
"BudgetCrossing",24000,1,137,23.732,23.728,0.218,22.082,1,0,0.203,1.447,57344,21,9,21
"BudgetCrossing",24000,1,138,24.617,24.612,0.207,22.955,1,0,0.180,1.483,61440,21,9,21
"BudgetCrossing",24000,1,139,24.815,24.777,0.204,22.224,1,0,0.257,2.334,65536,21,9,21
"BudgetCrossing",24000,1,140,21.706,21.745,0.196,20.097,1,0,0.242,1.367,73728,21,9,21
"BudgetCrossing",24000,1,141,23.396,23.387,0.208,21.156,1,0,0.293,1.948,73728,21,9,21
"BudgetCrossing",24000,1,142,23.952,23.966,0.205,22.480,1,0,0.188,1.285,73728,21,9,21
"BudgetCrossing",24000,1,143,22.715,22.702,0.203,20.229,1,0,0.252,2.235,69632,21,9,21
"BudgetCrossing",24000,1,144,23.522,23.503,0.204,20.443,1,0,0.199,2.880,73728,21,9,21
"BudgetCrossing",24000,1,145,22.457,22.485,0.238,20.888,1,0,0.253,1.316,73728,21,9,21
"BudgetCrossing",24000,1,146,25.840,25.840,0.205,24.451,1,0,0.224,1.165,77824,21,9,21
"BudgetCrossing",24000,1,147,23.887,23.862,0.231,20.846,1,0,0.248,2.794,,21,9,21
"BudgetCrossing",24000,1,148,22.560,22.579,0.204,20.943,1,0,0.215,1.402,65536,21,9,21
"BudgetCrossing",24000,1,149,22.610,22.613,0.234,20.567,1,0,0.239,1.804,57344,21,9,21
"BudgetCrossing",24000,1,150,20.862,20.863,0.235,19.528,1,0,0.182,1.152,61440,21,9,21
"BudgetCrossing",24000,1,151,23.548,23.532,0.215,21.957,1,0,0.249,1.341,61440,21,9,21
"BudgetCrossing",24000,1,152,24.569,24.556,0.208,21.669,1,0,0.243,2.657,65536,21,9,21
"BudgetCrossing",24000,1,153,24.970,24.992,0.519,23.551,1,0,0.189,1.230,61440,21,9,21
"BudgetCrossing",24000,1,154,21.703,21.701,0.216,19.899,1,0,0.254,1.550,69632,21,9,21
"BudgetCrossing",24000,1,155,23.346,23.330,0.206,21.533,1,0,0.190,1.622,73728,21,9,21
"BudgetCrossing",24000,1,156,24.084,24.072,0.207,22.084,1,0,0.305,1.695,73728,21,9,21
"BudgetCrossing",24000,1,157,24.155,24.152,0.212,21.814,1,0,0.260,2.081,69632,21,9,21
"BudgetCrossing",24000,1,158,22.567,22.597,0.204,21.188,1,0,0.211,1.168,77824,21,9,21
"BudgetCrossing",24000,1,159,22.195,22.197,0.204,20.715,1,0,0.190,1.290,73728,21,9,21
"BudgetCrossing",24000,1,160,23.987,23.846,0.206,21.958,1,0,0.239,1.791,77824,21,9,21
"BudgetCrossing",24000,1,161,30.789,30.905,0.227,26.871,1,0,0.230,3.689,,21,9,21
"BudgetCrossing",24000,1,162,28.564,28.578,0.229,26.552,1,0,0.255,1.757,110592,21,9,21
"BudgetCrossing",24000,1,163,25.637,25.642,0.232,23.987,1,0,0.220,1.430,57344,21,9,21
"BudgetCrossing",24000,1,164,23.158,23.156,0.233,21.447,1,0,0.197,1.515,65536,21,9,21
"BudgetCrossing",24000,1,165,22.886,22.884,0.206,21.417,1,0,0.240,1.229,57344,21,9,21
"BudgetCrossing",24000,1,166,22.480,22.484,0.217,20.897,1,0,0.247,1.336,61440,21,9,21
"BudgetCrossing",24000,1,167,25.590,25.582,0.208,24.092,1,0,0.188,1.310,69632,21,9,21
"BudgetCrossing",24000,1,168,23.141,23.136,0.239,21.641,1,0,0.190,1.310,69632,21,9,21
"BudgetCrossing",24000,1,169,22.651,22.665,0.218,21.136,1,0,0.205,1.310,77824,21,9,21
"BudgetCrossing",24000,1,170,24.425,24.422,0.233,22.357,1,0,0.587,1.481,77824,21,9,21
"BudgetCrossing",24000,1,171,23.723,23.720,0.204,21.917,1,0,0.187,1.620,69632,21,9,21
"BudgetCrossing",24000,1,172,24.146,24.139,0.224,22.410,1,0,0.203,1.534,73728,21,9,21
"BudgetCrossing",24000,1,173,24.718,24.698,0.209,20.808,1,0,0.263,3.647,,21,9,21
"BudgetCrossing",24000,1,174,27.925,27.954,0.231,26.436,1,0,0.206,1.284,61440,21,9,21
"BudgetCrossing",24000,1,175,23.811,23.810,0.209,22.185,1,0,0.275,1.351,57344,21,9,21
"BudgetCrossing",24000,1,176,23.976,23.972,0.205,22.046,1,0,0.242,1.688,65536,21,9,21
"BudgetCrossing",24000,1,177,23.718,23.718,0.260,22.327,1,0,0.229,1.161,57344,21,9,21
"BudgetCrossing",24000,1,178,24.134,24.112,0.212,21.138,1,0,0.243,2.754,61440,21,9,21
"BudgetCrossing",24000,1,179,30.500,30.486,0.209,27.091,1,0,0.276,3.133,69632,21,9,21
"BudgetCrossing",24000,1,180,28.148,28.181,0.233,26.610,1,0,0.319,1.219,69632,21,9,21
"BudgetCrossing",24000,1,181,22.742,22.730,0.205,20.975,1,0,0.206,1.561,73728,21,9,21
"BudgetCrossing",24000,1,182,24.125,24.125,0.208,22.184,1,0,0.264,1.677,77824,21,9,21
"BudgetCrossing",24000,1,183,24.480,24.478,0.206,22.555,1,0,0.206,1.720,69632,21,9,21
"BudgetCrossing",24000,1,184,23.014,23.002,0.210,20.732,1,0,0.338,1.944,73728,21,9,21
"BudgetCrossing",24000,1,185,25.941,25.953,0.214,23.027,1,0,0.249,2.665,73728,21,9,21
"BudgetCrossing",24000,1,186,25.579,25.581,0.233,22.996,1,0,0.214,2.369,,21,9,21
"BudgetCrossing",24000,1,187,20.965,20.971,0.205,20.241,1,0,0.249,0.475,8192,21,9,21
"BudgetCrossing",24000,1,188,22.116,22.113,0.330,21.466,1,0,0.189,0.460,4096,21,9,21
"BudgetCrossing",24000,1,189,21.155,21.154,0.234,20.431,1,0,0.241,0.483,8192,21,9,21
"BudgetCrossing",24000,1,190,26.909,26.902,0.207,26.110,1,0,0.265,0.534,4096,21,9,21
"BudgetCrossing",24000,1,191,24.185,24.164,0.372,20.842,1,0,0.243,3.100,65536,21,9,21
"BudgetCrossing",24000,1,192,23.419,23.440,0.231,21.790,1,0,0.284,1.344,65536,21,9,21
"BudgetCrossing",24000,1,193,25.139,25.132,0.228,22.583,1,0,0.253,2.303,57344,21,9,21
"BudgetCrossing",24000,1,194,21.635,21.648,0.262,20.150,1,0,0.228,1.257,73728,21,9,21
"BudgetCrossing",24000,1,195,21.984,21.908,0.208,20.365,1,0,0.219,1.400,20480,21,9,21
"BudgetCrossing",24000,1,196,22.945,22.973,0.208,21.602,1,0,0.281,1.062,12288,21,9,21
"BudgetCrossing",24000,1,197,22.813,22.845,0.232,21.207,1,0,0.234,1.372,73728,21,9,21
"BudgetCrossing",24000,1,198,22.010,22.009,0.233,20.397,1,0,0.302,1.311,73728,21,9,21
"BudgetCrossing",24000,1,199,21.726,21.744,0.207,20.264,1,0,0.248,1.214,73728,21,9,21
"BudgetCrossing",24000,1,200,23.312,23.289,0.196,20.595,1,0,0.232,2.485,81920,21,9,21
"BudgetCrossing",24000,1,201,25.011,25.011,0.205,22.668,1,0,0.239,2.104,73728,21,9,21
"BudgetCrossing",24000,1,202,24.469,24.483,0.232,22.994,1,0,0.224,1.250,69632,21,9,21
"BudgetCrossing",24000,1,203,21.029,21.033,0.233,20.433,1,0,0.179,0.417,20480,21,9,21
"BudgetCrossing",24000,1,204,24.911,24.903,0.233,23.425,1,0,0.234,1.252,77824,21,9,21
"BudgetCrossing",24000,1,205,22.193,22.163,0.228,19.776,1,0,0.187,2.230,,21,9,21
"BudgetCrossing",24000,1,206,23.965,24.002,0.239,22.551,1,0,0.201,1.213,65536,21,9,21
"BudgetCrossing",24000,1,207,22.895,22.894,0.226,21.393,1,0,0.247,1.254,61440,21,9,21
"BudgetCrossing",24000,1,208,26.226,26.187,0.220,23.299,1,0,0.217,2.710,61440,21,9,21
"BudgetCrossing",24000,1,209,22.370,22.402,0.230,21.037,1,0,0.184,1.149,57344,21,9,21
"BudgetCrossing",24000,1,210,23.940,23.916,0.206,21.791,1,0,0.278,1.871,61440,21,9,21
"BudgetCrossing",24000,1,211,22.552,22.573,0.234,21.052,1,0,0.202,1.298,61440,21,9,21
"BudgetCrossing",24000,1,212,26.841,26.841,0.235,25.473,1,0,0.187,1.181,69632,21,9,21
"BudgetCrossing",24000,1,213,22.647,22.634,0.342,21.090,1,0,0.198,1.359,77824,21,9,21
"BudgetCrossing",24000,1,214,23.548,23.555,0.210,22.038,1,0,0.206,1.305,73728,21,9,21
"BudgetCrossing",24000,1,215,24.950,24.932,0.209,21.980,1,0,0.275,2.695,69632,21,9,21
"BudgetCrossing",24000,1,216,22.945,22.959,0.203,21.369,1,0,0.257,1.319,73728,21,9,21
"BudgetCrossing",24000,1,217,23.561,23.565,0.208,22.059,1,0,0.236,1.266,73728,21,9,21
"BudgetCrossing",24000,1,218,23.854,23.835,0.216,22.162,1,0,0.243,1.449,73728,21,9,21
"BudgetCrossing",24000,1,219,25.241,25.234,0.208,21.533,1,0,0.290,3.418,,21,9,21
"BudgetCrossing",24000,1,220,23.244,23.266,0.229,21.751,1,0,0.260,1.234,65536,21,9,21
"BudgetCrossing",24000,1,221,21.516,21.518,0.206,20.140,1,0,0.198,1.178,57344,21,9,21
"BudgetCrossing",24000,1,222,23.263,23.260,0.208,21.614,1,0,0.344,1.306,65536,21,9,21
"BudgetCrossing",24000,1,223,27.782,27.759,0.390,24.855,1,0,0.463,2.465,57344,21,9,21
"BudgetCrossing",24000,1,224,24.733,24.743,0.360,23.128,1,0,0.285,1.319,61440,21,9,21
"BudgetCrossing",24000,1,225,27.080,27.083,0.209,24.088,1,0,0.222,2.771,65536,21,9,21
"BudgetCrossing",24000,1,226,23.666,23.670,0.344,20.976,1,0,0.286,2.404,65536,21,9,21
"BudgetCrossing",24000,1,227,24.444,24.448,0.210,23.103,1,0,0.186,1.155,73728,21,9,21
"BudgetCrossing",24000,1,228,22.572,22.570,0.210,20.977,1,0,0.249,1.347,73728,21,9,21
"BudgetCrossing",24000,1,229,22.912,22.916,0.218,21.483,1,0,0.180,1.249,69632,21,9,21
"BudgetCrossing",24000,1,230,24.741,24.710,0.209,21.676,1,0,0.225,2.839,73728,21,9,21
"BudgetCrossing",24000,1,231,23.276,23.300,0.207,21.015,1,0,0.220,2.042,77824,21,9,21
"BudgetCrossing",24000,1,232,25.435,25.432,0.232,24.014,1,0,0.187,1.234,73728,21,9,21
"BudgetCrossing",24000,1,233,28.664,28.645,0.206,24.990,1,0,0.197,3.477,,21,9,21
"BudgetCrossing",24000,1,234,23.112,23.138,0.231,21.462,1,0,0.209,1.441,176128,21,9,21
"BudgetCrossing",24000,1,235,23.754,23.756,0.000,22.197,1,0,0.262,1.295,69632,21,9,21
"BudgetCrossing",24000,1,236,24.211,24.204,0.214,22.700,1,0,0.234,1.276,73728,21,9,21
"BudgetCrossing",24000,1,237,25.000,24.979,0.232,21.889,1,0,0.229,2.881,73728,21,9,21
"BudgetCrossing",24000,1,238,24.633,24.654,0.210,23.240,1,0,0.219,1.174,73728,21,9,21
"BudgetCrossing",24000,1,239,24.805,24.779,0.233,23.045,1,0,0.286,1.474,73728,21,9,21
"BudgetCrossing",24000,1,240,25.303,25.307,0.219,22.371,1,0,0.266,2.666,69632,21,9,21
"BudgetCrossing",24000,1,241,27.393,27.369,0.330,23.191,1,0,0.195,4.007,,21,9,21
"BudgetCrossing",24000,1,242,24.742,24.764,0.204,23.081,1,0,0.292,1.370,65536,21,9,21
"BudgetCrossing",24000,1,243,25.921,25.910,0.307,22.468,1,0,0.271,3.183,73728,21,9,21
"BudgetCrossing",24000,1,244,25.886,25.913,0.208,24.520,1,0,0.197,1.168,73728,21,9,21
"BudgetCrossing",24000,1,245,22.910,22.905,0.205,21.437,1,0,0.258,1.214,69632,21,9,21
"BudgetCrossing",24000,1,246,24.505,24.514,0.209,23.163,1,0,0.177,1.165,73728,21,9,21
"BudgetCrossing",24000,1,247,23.593,23.584,0.217,20.981,1,0,0.248,2.365,73728,21,9,21
"BudgetCrossing",24000,1,248,24.323,24.329,0.208,22.957,1,0,0.187,1.179,69632,21,9,21
"BudgetCrossing",24000,1,249,23.892,23.884,0.230,22.318,1,0,0.246,1.328,81920,21,9,21
"BudgetCrossing",24000,1,250,25.803,25.779,0.241,22.676,1,0,0.185,2.942,73728,21,9,21
"BudgetCrossing",24000,1,251,23.924,23.939,0.206,21.447,1,0,0.216,2.261,73728,21,9,21
"BudgetCrossing",24000,1,252,25.717,25.713,0.213,22.549,1,0,0.267,2.901,77824,21,9,21
"BudgetCrossing",24000,1,253,24.204,24.210,0.241,21.508,1,0,0.269,2.426,77824,21,9,21
"BudgetCrossing",24000,1,254,23.748,23.754,0.218,22.121,1,0,0.277,1.350,73728,21,9,21
"BudgetCrossing",24000,1,255,27.576,27.562,0.205,25.176,1,0,0.205,2.196,,21,9,21
"BudgetCrossing",24000,1,256,22.627,22.645,0.209,21.222,1,0,0.196,1.210,65536,21,9,21
"BudgetCrossing",24000,1,257,27.180,27.177,0.000,25.610,1,0,0.256,1.314,65536,21,9,21
"BudgetCrossing",24000,1,258,22.850,22.850,0.209,21.481,1,0,0.192,1.177,73728,21,9,21
"BudgetCrossing",24000,1,259,24.708,24.680,0.212,22.426,1,0,0.267,2.016,69632,21,9,21
"BudgetCrossing",24000,1,260,26.782,26.810,0.216,25.418,1,0,0.177,1.187,73728,21,9,21
"BudgetCrossing",24000,1,261,24.853,24.847,0.283,23.294,1,0,0.221,1.339,77824,21,9,21
"BudgetCrossing",24000,1,262,25.609,25.605,0.210,24.041,1,0,0.219,1.349,69632,21,9,21
"BudgetCrossing",24000,1,263,26.919,26.920,0.208,23.858,1,0,0.268,2.793,77824,21,9,21
"BudgetCrossing",24000,1,264,23.151,23.139,0.233,21.397,1,0,0.259,1.494,73728,21,9,21
"BudgetCrossing",24000,1,265,24.748,24.738,0.307,23.902,1,0,0.217,0.630,12288,21,9,21
"BudgetCrossing",24000,1,266,25.865,25.857,0.206,22.849,1,0,0.239,2.778,77824,21,9,21
"BudgetCrossing",24000,1,267,24.746,24.758,0.203,21.871,1,0,0.263,2.612,73728,21,9,21
"BudgetCrossing",24000,1,268,25.016,25.018,0.217,22.299,1,0,0.257,2.460,77824,21,9,21
"BudgetCrossing",24000,1,269,24.362,24.371,0.219,22.503,1,0,0.236,1.623,77824,21,9,21
"BudgetCrossing",24000,1,270,24.966,24.959,0.207,22.492,1,0,0.222,2.252,,21,9,21
"BudgetCrossing",24000,1,271,31.802,31.812,0.220,30.382,1,0,0.187,1.234,61440,21,9,21
"BudgetCrossing",24000,1,272,28.675,28.669,0.268,27.033,1,0,0.212,1.431,57344,21,9,21
"BudgetCrossing",24000,1,273,26.388,26.386,0.236,24.789,1,0,0.268,1.331,73728,21,9,21
"BudgetCrossing",24000,1,274,23.843,23.858,0.218,22.425,1,0,0.191,1.228,73728,21,9,21
"BudgetCrossing",24000,1,275,24.964,24.950,0.232,23.284,1,0,0.249,1.431,73728,21,9,21
"BudgetCrossing",24000,1,276,26.365,26.347,0.209,23.238,1,0,0.228,2.900,73728,21,9,21
"BudgetCrossing",24000,1,277,24.248,24.268,0.216,22.672,1,0,0.241,1.335,69632,21,9,21
"BudgetCrossing",24000,1,278,24.599,24.593,0.365,23.164,1,0,0.192,1.242,77824,21,9,21
"BudgetCrossing",24000,1,279,23.986,23.976,0.237,21.818,1,0,0.266,1.902,73728,21,9,21
"BudgetCrossing",24000,1,280,24.981,24.988,0.232,22.430,1,0,0.191,2.360,73728,21,9,21
"BudgetCrossing",24000,1,281,25.813,25.785,0.228,22.770,1,0,0.193,2.850,73728,21,9,21
"BudgetCrossing",24000,1,282,24.464,24.495,0.211,22.892,1,0,0.247,1.325,77824,21,9,21
"BudgetCrossing",24000,1,283,26.126,26.121,0.229,23.919,1,0,0.183,2.024,,21,9,21
"BudgetCrossing",24000,1,284,22.759,22.741,0.218,21.764,1,0,0.261,0.733,8192,21,9,21
"BudgetCrossing",24000,1,285,27.295,27.326,0.710,26.007,1,0,0.168,1.120,61440,21,9,21
"BudgetCrossing",24000,1,286,23.258,23.252,0.235,21.729,1,0,0.233,1.296,69632,21,9,21
"BudgetCrossing",24000,1,287,23.387,23.389,0.205,22.783,1,0,0.198,0.406,12288,21,9,21
"BudgetCrossing",24000,1,288,25.114,25.112,0.211,23.535,1,0,0.248,1.332,77824,21,9,21
"BudgetCrossing",24000,1,289,25.339,25.332,0.212,23.464,1,0,0.230,1.646,73728,21,9,21
"BudgetCrossing",24000,1,290,24.765,24.755,0.218,22.170,1,0,0.184,2.411,69632,21,9,21
"BudgetCrossing",24000,1,291,24.669,24.679,0.202,23.215,1,0,0.191,1.264,77824,21,9,21
"BudgetCrossing",24000,1,292,23.642,23.638,0.220,22.059,1,0,0.255,1.328,73728,21,9,21
"BudgetCrossing",24000,1,293,23.966,23.968,0.235,22.294,1,0,0.204,1.468,69632,21,9,21
"BudgetCrossing",24000,1,294,24.840,24.837,0.209,23.332,1,0,0.260,1.248,77824,21,9,21
"BudgetCrossing",24000,1,295,25.823,25.814,0.232,23.610,1,0,0.346,1.868,73728,21,9,21
"BudgetCrossing",24000,1,296,24.138,24.147,0.254,22.527,1,0,0.244,1.367,73728,21,9,21
"BudgetCrossing",24000,1,297,26.405,26.402,0.256,23.536,1,0,0.275,2.594,77824,21,9,21
"BudgetCrossing",24000,1,298,24.844,24.821,0.270,21.952,1,0,0.188,2.704,73728,21,9,21
"BudgetCrossing",24000,1,299,27.442,27.436,0.209,23.997,1,0,0.240,3.205,,21,9,21
"BudgetCrossing",12000,2,0,6.076,6.076,0.542,4.904,1,0,0.088,1.084,73728,14,9,14
"BudgetCrossing",12000,2,1,6.396,6.396,0.217,5.113,1,0,0.115,1.168,77824,14,9,14
"BudgetCrossing",12000,2,2,7.237,7.198,0.191,4.959,1,0,0.115,2.164,73728,14,9,14
"BudgetCrossing",12000,2,3,7.109,7.133,0.206,6.535,1,0,0.109,0.465,16384,15,9,15
"BudgetCrossing",12000,2,4,10.141,10.137,0.198,7.473,1,0,0.134,2.534,,15,9,15
"BudgetCrossing",12000,2,5,6.714,6.729,0.228,5.531,1,0,0.091,1.093,61440,15,9,15
"BudgetCrossing",12000,2,6,6.171,6.173,0.506,5.023,1,0,0.083,1.065,57344,15,9,15
"BudgetCrossing",12000,2,7,6.324,6.317,0.265,5.140,1,0,0.087,1.097,69632,15,9,15
"BudgetCrossing",12000,2,8,6.418,6.426,0.285,5.255,1,0,0.086,1.077,69632,15,9,15
"BudgetCrossing",12000,2,9,5.810,5.802,0.250,5.329,1,0,0.103,0.378,20480,15,9,15
"BudgetCrossing",12000,2,10,7.121,7.101,0.189,4.919,1,0,0.102,2.101,73728,15,9,15
"BudgetCrossing",12000,2,11,9.457,9.477,0.225,8.094,1,0,0.129,1.234,69632,15,9,15
"BudgetCrossing",12000,2,12,8.935,8.932,0.223,7.403,1,0,0.108,1.424,77824,16,9,16
"BudgetCrossing",12000,2,13,5.694,5.696,0.216,4.539,1,0,0.076,1.079,73728,16,9,16
"BudgetCrossing",12000,2,14,7.429,7.405,0.307,4.858,1,0,0.099,2.473,,16,9,16
"BudgetCrossing",12000,2,15,10.870,10.883,0.273,9.142,1,0,0.123,1.606,61440,16,9,16
"BudgetCrossing",12000,2,16,8.035,8.044,0.241,6.635,1,0,0.118,1.282,57344,16,9,16
"BudgetCrossing",12000,2,17,7.499,7.493,0.241,6.234,1,0,0.145,1.121,65536,16,9,16
"BudgetCrossing",12000,2,18,6.197,6.203,0.286,4.965,1,0,0.112,1.120,69632,16,9,16
"BudgetCrossing",12000,2,19,6.403,6.403,0.269,5.231,1,0,0.093,1.079,73728,16,9,16
"BudgetCrossing",12000,2,20,6.533,6.531,0.262,5.233,1,0,0.089,1.211,77824,16,9,16
"BudgetCrossing",12000,2,21,6.514,6.508,0.279,5.304,1,0,0.102,1.109,69632,17,9,17
"BudgetCrossing",12000,2,22,5.460,5.469,0.255,5.038,1,0,0.093,0.329,20480,17,9,17
"BudgetCrossing",12000,2,23,6.136,6.132,0.548,4.963,1,0,0.085,1.087,77824,17,9,17
"BudgetCrossing",12000,2,24,7.823,7.807,0.250,5.138,1,0,0.095,2.590,69632,17,9,17
"BudgetCrossing",12000,2,25,10.979,10.980,0.238,7.523,1,0,0.079,3.377,,17,9,17
"BudgetCrossing",12000,2,26,6.010,6.019,0.206,4.812,1,0,0.091,1.107,61440,17,9,17
"BudgetCrossing",12000,2,27,6.359,6.366,0.358,5.147,1,0,0.087,1.125,61440,17,9,17
"BudgetCrossing",12000,2,28,6.539,6.538,0.292,5.272,1,0,0.106,1.161,65536,17,9,17
"BudgetCrossing",12000,2,29,6.640,6.634,0.266,5.347,1,0,0.105,1.188,69632,17,9,17
"BudgetCrossing",12000,2,30,7.472,7.449,0.241,5.459,1,0,0.106,1.907,73728,18,9,18
"BudgetCrossing",12000,2,31,7.918,7.942,0.251,6.701,1,0,0.084,1.133,73728,18,9,18
"BudgetCrossing",12000,2,32,5.468,5.466,0.230,5.096,1,0,0.085,0.287,12288,18,9,18
"BudgetCrossing",12000,2,33,6.216,6.216,0.312,4.926,1,0,0.084,1.205,77824,18,9,18
"BudgetCrossing",12000,2,34,6.437,6.438,0.287,5.280,1,0,0.084,1.074,77824,18,9,18
"BudgetCrossing",12000,2,35,6.654,6.644,0.288,5.173,1,0,0.094,1.387,69632,18,9,18
"BudgetCrossing",12000,2,36,5.472,5.480,0.261,5.014,1,0,0.086,0.372,16384,18,9,18
"BudgetCrossing",12000,2,37,7.575,7.571,0.427,5.203,1,0,0.084,2.288,,18,9,18
"BudgetCrossing",12000,2,38,5.441,5.441,0.221,5.061,1,0,0.087,0.292,8192,18,9,18
"BudgetCrossing",12000,2,39,6.311,6.312,0.217,5.078,1,0,0.092,1.141,57344,19,9,19
"BudgetCrossing",12000,2,40,6.665,6.666,0.192,5.418,1,0,0.103,1.144,61440,19,9,19
"BudgetCrossing",12000,2,41,6.778,6.770,0.287,5.516,1,0,0.111,1.151,65536,19,9,19
"BudgetCrossing",12000,2,42,6.801,6.805,0.248,5.522,1,0,0.111,1.169,77824,19,9,19
"BudgetCrossing",12000,2,43,6.416,6.415,0.240,5.235,1,0,0.090,1.092,73728,19,9,19
"BudgetCrossing",12000,2,44,7.428,7.408,0.248,5.222,1,0,0.085,2.121,69632,19,9,19
"BudgetCrossing",12000,2,45,6.304,6.326,0.238,5.091,1,0,0.109,1.103,77824,19,9,19
"BudgetCrossing",12000,2,46,5.800,5.799,0.231,5.357,1,0,0.112,0.331,20480,19,9,19
"BudgetCrossing",12000,2,47,6.314,6.311,0.203,4.955,1,0,0.089,1.269,69632,19,9,19
"BudgetCrossing",12000,2,48,7.112,7.099,0.312,5.192,1,0,0.086,1.834,,20,9,20
"BudgetCrossing",12000,2,49,6.417,6.429,0.238,5.202,1,0,0.090,1.125,65536,20,9,20
"BudgetCrossing",12000,2,50,6.588,6.589,0.000,5.396,1,0,0.088,1.104,57344,20,9,20
"BudgetCrossing",12000,2,51,6.622,6.617,0.435,5.422,1,0,0.085,1.115,61440,20,9,20
"BudgetCrossing",12000,2,52,6.749,6.742,0.205,5.441,1,0,0.092,1.216,65536,20,9,20
"BudgetCrossing",12000,2,53,7.391,7.373,0.291,5.153,1,0,0.097,2.142,73728,20,9,20
"BudgetCrossing",12000,2,54,9.543,9.567,0.263,8.259,1,0,0.117,1.167,73728,20,9,20
"BudgetCrossing",12000,2,55,6.340,6.341,0.200,5.108,1,0,0.088,1.144,73728,20,9,20
"BudgetCrossing",12000,2,56,6.762,6.754,0.292,5.350,1,0,0.107,1.305,77824,20,9,20
"BudgetCrossing",12000,2,57,7.931,7.925,0.285,5.314,1,0,0.118,2.499,73728,21,9,21
"BudgetCrossing",12000,2,58,7.944,7.902,0.278,5.882,1,0,0.116,1.946,,21,9,21
"BudgetCrossing",12000,2,59,7.722,7.742,0.224,5.136,1,0,0.111,2.475,61440,21,9,21
"BudgetCrossing",12000,2,60,9.105,9.135,0.000,7.850,1,0,0.109,1.146,57344,21,9,21
"BudgetCrossing",12000,2,61,7.843,7.838,0.222,6.617,1,0,0.106,1.119,65536,21,9,21
"BudgetCrossing",12000,2,62,6.453,6.455,0.200,5.236,1,0,0.111,1.106,61440,21,9,21
"BudgetCrossing",12000,2,63,5.647,5.645,0.289,5.165,1,0,0.099,0.383,20480,21,9,21
"BudgetCrossing",12000,2,64,6.433,6.431,0.283,5.095,1,0,0.101,1.237,73728,21,9,21
"BudgetCrossing",12000,2,65,6.313,6.316,0.329,5.869,1,0,0.087,0.357,12288,21,9,21
"BudgetCrossing",12000,2,66,5.793,5.799,0.228,5.413,1,0,0.087,0.293,20480,21,9,21
"BudgetCrossing",12000,2,67,5.989,5.953,0.366,5.468,1,0,0.080,0.442,20480,21,9,21
"BudgetCrossing",12000,2,68,7.913,7.943,0.225,6.505,1,0,0.096,1.312,69632,21,9,21
"BudgetCrossing",12000,2,69,8.703,8.680,0.193,5.746,1,0,0.081,2.876,73728,21,9,21
"BudgetCrossing",12000,2,70,7.382,7.395,0.188,6.015,1,0,0.081,1.286,77824,21,9,21
"BudgetCrossing",12000,2,71,9.893,9.890,0.225,5.402,1,0,0.081,4.410,77824,21,9,21
"BudgetCrossing",12000,2,72,7.516,7.512,0.291,5.107,1,0,0.088,2.320,,21,9,21
"BudgetCrossing",12000,2,73,6.445,6.455,0.000,5.194,1,0,0.092,1.159,65536,21,9,21
"BudgetCrossing",12000,2,74,5.587,5.593,0.278,5.162,1,0,0.098,0.327,4096,21,9,21
"BudgetCrossing",12000,2,75,5.857,5.859,0.327,5.432,1,0,0.087,0.339,8192,21,9,21
"BudgetCrossing",12000,2,76,5.767,5.756,0.199,5.284,1,0,0.088,0.395,4096,21,9,21
"BudgetCrossing",12000,2,77,6.766,6.771,0.203,5.445,1,0,0.089,1.233,65536,21,9,21
"BudgetCrossing",12000,2,78,5.978,5.979,0.194,5.430,1,0,0.111,0.438,16384,21,9,21
"BudgetCrossing",12000,2,79,6.386,6.381,0.282,5.125,1,0,0.088,1.173,69632,21,9,21
"BudgetCrossing",12000,2,80,6.416,6.420,0.193,5.210,1,0,0.084,1.121,77824,21,9,21
"BudgetCrossing",12000,2,81,6.869,6.867,0.290,5.657,1,0,0.106,1.106,77824,21,9,21
"BudgetCrossing",12000,2,82,6.583,6.579,0.191,5.285,1,0,0.101,1.198,69632,21,9,21
"BudgetCrossing",12000,2,83,6.857,6.860,0.203,5.600,1,0,0.090,1.166,73728,21,9,21
"BudgetCrossing",12000,2,84,7.340,7.329,0.230,5.271,1,0,0.087,1.982,73728,21,9,21
"BudgetCrossing",12000,2,85,8.643,8.649,0.222,8.088,1,0,0.102,0.453,24576,21,9,21
"BudgetCrossing",12000,2,86,7.107,7.103,0.228,5.132,1,0,0.090,1.885,,21,9,21
"BudgetCrossing",12000,2,87,7.990,7.980,0.309,6.654,1,0,0.110,1.226,61440,21,9,21
"BudgetCrossing",12000,2,88,6.542,6.563,0.231,5.314,1,0,0.095,1.134,61440,21,9,21
"BudgetCrossing",12000,2,89,6.863,6.862,0.422,5.573,1,0,0.095,1.194,61440,21,9,21
"BudgetCrossing",12000,2,90,6.210,6.199,0.199,5.695,1,0,0.125,0.389,4096,21,9,21
"BudgetCrossing",12000,2,91,6.452,6.459,0.294,5.135,1,0,0.106,1.211,69632,21,9,21
"BudgetCrossing",12000,2,92,5.924,5.922,0.204,5.457,1,0,0.111,0.356,16384,21,9,21
"BudgetCrossing",12000,2,93,6.572,6.568,0.306,5.247,1,0,0.118,1.206,69632,21,9,21
"BudgetCrossing",12000,2,94,8.963,8.964,0.296,7.705,1,0,0.117,1.141,73728,21,9,21
"BudgetCrossing",12000,2,95,7.548,7.533,0.242,5.274,1,0,0.079,2.194,73728,21,9,21
"BudgetCrossing",12000,2,96,10.515,10.519,0.216,8.983,1,0,0.133,1.399,73728,21,9,21
"BudgetCrossing",12000,2,97,7.650,7.652,0.229,5.328,1,0,0.105,2.217,73728,21,9,21
"BudgetCrossing",12000,2,98,6.762,6.736,0.201,5.950,1,0,0.102,0.710,20480,21,9,21
"BudgetCrossing",12000,2,99,9.714,9.738,0.288,7.402,1,0,0.078,2.234,,21,9,21
"BudgetCrossing",12000,2,100,6.692,6.701,0.227,5.492,1,0,0.087,1.113,61440,21,9,21
"BudgetCrossing",12000,2,101,8.941,8.929,0.310,7.763,1,0,0.084,1.094,57344,21,9,21
"BudgetCrossing",12000,2,102,6.322,6.332,0.193,5.155,1,0,0.084,1.084,65536,21,9,21
"BudgetCrossing",12000,2,103,5.760,5.762,0.201,5.346,1,0,0.087,0.327,4096,21,9,21
"BudgetCrossing",12000,2,104,8.013,8.001,0.208,5.582,1,0,0.083,2.348,73728,21,9,21
"BudgetCrossing",12000,2,105,6.539,6.547,0.226,5.361,1,0,0.085,1.094,73728,21,9,21
"BudgetCrossing",12000,2,106,5.907,5.901,0.204,5.437,1,0,0.087,0.383,16384,21,9,21
"BudgetCrossing",12000,2,107,5.705,5.709,0.192,5.223,1,0,0.099,0.382,16384,21,9,21
"BudgetCrossing",12000,2,108,7.043,7.041,0.201,5.433,1,0,0.103,1.507,73728,21,9,21
"BudgetCrossing",12000,2,109,6.909,6.909,0.202,5.670,1,0,0.098,1.142,69632,21,9,21
"BudgetCrossing",12000,2,110,8.467,8.445,0.285,6.961,1,0,0.095,1.412,73728,21,9,21
"BudgetCrossing",12000,2,111,10.241,10.252,0.218,7.855,1,0,0.114,2.272,,21,9,21
"BudgetCrossing",12000,2,112,7.386,7.393,0.227,6.131,1,0,0.086,1.168,65536,21,9,21
"BudgetCrossing",12000,2,113,6.739,6.745,0.231,5.548,1,0,0.084,1.107,57344,21,9,21
"BudgetCrossing",12000,2,114,6.956,6.956,0.225,5.697,1,0,0.102,1.157,61440,21,9,21
"BudgetCrossing",12000,2,115,6.283,6.271,0.278,5.804,1,0,0.093,0.386,4096,21,9,21
"BudgetCrossing",12000,2,116,5.751,5.760,0.292,5.275,1,0,0.115,0.361,8192,21,9,21
"BudgetCrossing",12000,2,117,6.955,6.951,0.306,5.717,1,0,0.095,1.143,69632,21,9,21
"BudgetCrossing",12000,2,118,7.840,7.834,0.227,6.536,1,0,0.104,1.201,69632,21,9,21
"BudgetCrossing",12000,2,119,7.478,7.484,0.309,6.170,1,0,0.092,1.216,73728,21,9,21
"BudgetCrossing",12000,2,120,6.850,6.843,0.292,5.626,1,0,0.088,1.137,77824,21,9,21
"BudgetCrossing",12000,2,121,6.706,6.712,0.223,5.508,1,0,0.089,1.109,69632,21,9,21
"BudgetCrossing",12000,2,122,5.844,5.842,0.310,5.401,1,0,0.091,0.352,20480,21,9,21
"BudgetCrossing",12000,2,123,7.399,7.385,0.319,5.511,1,0,0.090,1.799,77824,21,9,21
"BudgetCrossing",12000,2,124,8.300,8.313,0.203,7.752,1,0,0.120,0.428,16384,21,9,21
"BudgetCrossing",12000,2,125,7.565,7.565,0.199,5.371,1,0,0.114,2.080,,21,9,21
"BudgetCrossing",12000,2,126,6.999,6.997,0.276,5.749,1,0,0.091,1.159,61440,21,9,21
"BudgetCrossing",12000,2,127,7.023,7.030,0.287,5.806,1,0,0.086,1.131,57344,21,9,21
"BudgetCrossing",12000,2,128,7.100,7.098,0.296,5.848,1,0,0.103,1.149,65536,21,9,21
"BudgetCrossing",12000,2,129,7.211,7.204,0.198,5.889,1,0,0.110,1.212,57344,21,9,21
"BudgetCrossing",12000,2,130,7.171,7.176,0.200,5.862,1,0,0.105,1.204,73728,21,9,21
"BudgetCrossing",12000,2,131,7.120,7.120,0.300,5.847,1,0,0.081,1.192,73728,21,9,21
"BudgetCrossing",12000,2,132,6.340,6.329,0.227,5.875,1,0,0.085,0.380,12288,21,9,21
"BudgetCrossing",12000,2,133,6.061,6.044,0.223,5.351,1,0,0.098,0.612,20480,21,9,21
"BudgetCrossing",12000,2,134,9.132,9.153,0.307,7.954,1,0,0.088,1.090,73728,21,9,21
"BudgetCrossing",12000,2,135,6.940,6.932,0.266,5.186,1,0,0.084,1.670,69632,21,9,21
"BudgetCrossing",12000,2,136,9.681,9.680,0.273,7.303,1,0,0.097,2.281,,21,9,21
"BudgetCrossing",12000,2,137,5.935,5.939,0.225,5.521,1,0,0.089,0.326,8192,21,9,21
"BudgetCrossing",12000,2,138,6.933,6.939,0.000,5.725,1,0,0.086,1.122,57344,21,9,21
"BudgetCrossing",12000,2,139,7.180,7.172,0.197,5.971,1,0,0.094,1.114,61440,21,9,21
"BudgetCrossing",12000,2,140,7.397,7.394,0.289,6.178,1,0,0.085,1.134,57344,21,9,21
"BudgetCrossing",12000,2,141,7.304,7.305,0.194,5.382,1,0,0.088,1.835,61440,21,9,21
"BudgetCrossing",12000,2,142,8.349,8.346,0.201,6.980,1,0,0.121,1.247,69632,21,9,21
"BudgetCrossing",12000,2,143,7.334,7.330,0.206,5.575,1,0,0.110,1.649,73728,21,9,21
"BudgetCrossing",12000,2,144,6.446,6.455,0.287,5.232,1,0,0.109,1.106,73728,21,9,21
"BudgetCrossing",12000,2,145,9.157,9.152,0.222,7.933,1,0,0.091,1.133,73728,21,9,21
"BudgetCrossing",12000,2,146,6.825,6.830,0.308,5.485,1,0,0.115,1.224,69632,21,9,21
"BudgetCrossing",12000,2,147,7.746,7.732,0.226,5.692,1,0,0.087,1.967,,21,9,21
"BudgetCrossing",12000,2,148,7.075,7.084,0.222,5.777,1,0,0.088,1.210,61440,21,9,21
"BudgetCrossing",12000,2,149,7.150,7.155,0.000,5.909,1,0,0.087,1.154,61440,21,9,21
"BudgetCrossing",12000,2,150,6.366,6.366,0.227,5.966,1,0,0.112,0.288,8192,21,9,21
"BudgetCrossing",12000,2,151,6.367,6.365,0.226,6.003,1,0,0.087,0.277,4096,21,9,21
"BudgetCrossing",12000,2,152,7.339,7.340,0.200,6.010,1,0,0.085,1.244,61440,21,9,21
"BudgetCrossing",12000,2,153,10.070,10.046,0.284,7.846,1,0,0.101,2.123,61440,21,9,21
"BudgetCrossing",12000,2,154,10.081,10.100,0.905,8.487,1,0,0.106,1.488,65536,21,9,21
"BudgetCrossing",12000,2,155,7.853,7.851,0.277,6.507,1,0,0.104,1.243,73728,21,9,21
"BudgetCrossing",12000,2,156,7.636,7.637,0.287,5.736,1,0,0.100,1.800,73728,21,9,21
"BudgetCrossing",12000,2,157,6.784,6.785,0.269,5.500,1,0,0.095,1.188,77824,21,9,21
"BudgetCrossing",12000,2,158,6.749,6.741,0.292,5.418,1,0,0.097,1.234,73728,21,9,21
"BudgetCrossing",12000,2,159,7.981,7.969,0.313,5.648,1,0,0.091,2.242,,21,9,21
"BudgetCrossing",12000,2,160,8.018,7.889,0.275,5.563,1,0,0.085,2.370,61440,21,9,21
"BudgetCrossing",12000,2,161,7.110,7.243,0.000,5.459,1,0,0.087,1.565,57344,21,9,21
"BudgetCrossing",12000,2,162,7.037,7.048,0.423,5.746,1,0,0.105,1.186,61440,21,9,21
"BudgetCrossing",12000,2,163,8.011,8.002,0.459,5.689,1,0,0.104,2.218,61440,21,9,21
"BudgetCrossing",12000,2,164,9.936,9.940,0.296,8.574,1,0,0.135,1.228,61440,21,9,21
"BudgetCrossing",12000,2,165,7.183,7.188,0.284,5.945,1,0,0.090,1.148,61440,21,9,21
"BudgetCrossing",12000,2,166,9.072,9.065,0.305,7.789,1,0,0.108,1.175,69632,21,9,21
"BudgetCrossing",12000,2,167,7.077,7.079,0.308,5.840,1,0,0.093,1.144,73728,21,9,21
"BudgetCrossing",12000,2,168,7.280,7.275,0.274,6.002,1,0,0.112,1.165,73728,21,9,21
"BudgetCrossing",12000,2,169,6.046,6.050,0.253,5.547,1,0,0.092,0.407,16384,21,9,21
"BudgetCrossing",12000,2,170,7.300,7.297,0.289,5.774,1,0,0.098,1.429,77824,21,9,21
"BudgetCrossing",12000,2,171,10.021,10.010,0.271,7.685,1,0,0.079,2.257,,21,9,21
"BudgetCrossing",12000,2,172,6.877,6.891,0.315,5.672,1,0,0.085,1.120,61440,21,9,21
"BudgetCrossing",12000,2,173,7.565,7.558,0.261,5.809,1,0,0.085,1.671,57344,21,9,21
"BudgetCrossing",12000,2,174,7.530,7.514,0.313,5.705,1,0,0.104,1.722,61440,21,9,21
"BudgetCrossing",12000,2,175,6.366,6.393,0.275,5.977,1,0,0.077,0.313,4096,21,9,21
"BudgetCrossing",12000,2,176,5.986,5.978,0.253,5.416,1,0,0.078,0.492,8192,21,9,21
"BudgetCrossing",12000,2,177,7.399,7.384,0.255,5.733,1,0,0.081,1.584,61440,21,9,21
"BudgetCrossing",12000,2,178,7.192,7.208,0.321,5.970,1,0,0.086,1.136,73728,21,9,21
"BudgetCrossing",12000,2,179,6.206,6.209,0.248,5.782,1,0,0.086,0.338,20480,21,9,21
"BudgetCrossing",12000,2,180,7.244,7.238,0.228,5.965,1,0,0.084,1.195,73728,21,9,21
"BudgetCrossing",12000,2,181,7.557,7.549,0.293,6.163,1,0,0.119,1.275,69632,21,9,21
"BudgetCrossing",12000,2,182,7.214,7.216,0.257,5.936,1,0,0.093,1.185,77824,21,9,21
"BudgetCrossing",12000,2,183,5.856,5.862,0.189,5.380,1,0,0.086,0.390,20480,21,9,21
"BudgetCrossing",12000,2,184,8.525,8.509,0.291,5.754,1,0,0.108,2.664,,21,9,21
"BudgetCrossing",12000,2,185,7.197,7.207,0.254,5.909,1,0,0.098,1.191,90112,21,9,21
"BudgetCrossing",12000,2,186,7.212,7.218,0.000,5.997,1,0,0.088,1.128,73728,21,9,21
"BudgetCrossing",12000,2,187,7.312,7.310,0.218,6.072,1,0,0.102,1.138,73728,21,9,21
"BudgetCrossing",12000,2,188,8.055,8.042,0.312,5.625,1,0,0.085,2.344,77824,21,9,21
"BudgetCrossing",12000,2,189,7.233,7.244,0.300,6.047,1,0,0.086,1.101,77824,21,9,21
"BudgetCrossing",12000,2,190,7.055,7.051,0.589,5.738,1,0,0.098,1.218,73728,21,9,21
"BudgetCrossing",12000,2,191,6.946,6.946,0.442,5.684,1,0,0.092,1.170,73728,21,9,21
"BudgetCrossing",12000,2,192,7.902,7.903,0.301,5.986,1,0,0.090,1.827,,21,9,21
"BudgetCrossing",12000,2,193,7.077,7.076,0.306,5.825,1,0,0.091,1.161,65536,21,9,21
"BudgetCrossing",12000,2,194,6.393,6.399,0.256,6.015,1,0,0.092,0.287,8192,21,9,21
"BudgetCrossing",12000,2,195,8.667,8.663,0.194,6.188,1,0,0.115,2.365,73728,21,9,21
"BudgetCrossing",12000,2,196,7.077,7.067,0.292,5.690,1,0,0.122,1.265,69632,21,9,21
"BudgetCrossing",12000,2,197,9.294,9.303,0.197,8.073,1,0,0.089,1.133,73728,21,9,21
"BudgetCrossing",12000,2,198,7.308,7.305,0.250,5.839,1,0,0.114,1.354,73728,21,9,21
"BudgetCrossing",12000,2,199,7.210,7.207,0.315,5.918,1,0,0.112,1.179,73728,21,9,21
"BudgetCrossing",12000,2,200,7.195,7.199,0.198,5.964,1,0,0.109,1.122,77824,21,9,21
"BudgetCrossing",12000,2,201,7.845,7.813,0.291,5.821,1,0,0.081,1.942,73728,21,9,21
"BudgetCrossing",12000,2,202,10.730,10.749,0.317,8.437,1,0,0.124,2.169,73728,21,9,21
"BudgetCrossing",12000,2,203,9.083,9.085,0.276,7.699,1,0,0.115,1.268,77824,21,9,21
"BudgetCrossing",12000,2,204,10.311,10.301,0.288,8.065,1,0,0.088,2.158,,21,9,21
"BudgetCrossing",12000,2,205,9.215,9.200,0.250,6.344,1,0,0.087,2.783,69632,21,9,21
"BudgetCrossing",12000,2,206,7.044,7.073,0.312,5.828,1,0,0.091,1.125,69632,21,9,21
"BudgetCrossing",12000,2,207,7.752,7.743,0.317,6.007,1,0,0.092,1.653,73728,21,9,21
"BudgetCrossing",12000,2,208,8.354,8.321,0.279,7.314,1,0,0.183,0.857,16384,21,9,21
"BudgetCrossing",12000,2,209,12.727,12.756,0.200,10.755,1,0,0.158,1.814,69632,21,9,21
"BudgetCrossing",12000,2,210,11.432,11.409,0.273,8.481,1,0,0.098,2.853,73728,21,9,21
"BudgetCrossing",12000,2,211,8.742,8.771,0.293,6.331,1,0,0.091,2.320,77824,21,9,21
"BudgetCrossing",12000,2,212,6.219,6.211,0.276,5.728,1,0,0.091,0.400,12288,21,9,21
"BudgetCrossing",12000,2,213,7.394,7.402,0.274,6.080,1,0,0.092,1.222,77824,21,9,21
"BudgetCrossing",12000,2,214,7.473,7.472,0.283,6.190,1,0,0.087,1.196,73728,21,9,21
"BudgetCrossing",12000,2,215,6.702,6.668,0.267,5.795,1,0,0.088,0.819,24576,21,9,21
"BudgetCrossing",12000,2,216,7.511,7.529,0.223,6.701,1,0,0.116,0.695,20480,21,9,21
"BudgetCrossing",12000,2,217,13.284,13.271,0.294,9.187,1,0,0.136,3.962,,21,9,21
"BudgetCrossing",12000,2,218,7.754,7.781,0.189,6.559,1,0,0.090,1.105,61440,21,9,21
"BudgetCrossing",12000,2,219,8.184,8.148,0.000,5.760,1,0,0.110,2.314,61440,21,9,21
"BudgetCrossing",12000,2,220,11.233,11.262,0.333,9.857,1,0,0.130,1.247,73728,21,9,21
"BudgetCrossing",12000,2,221,7.418,7.409,0.319,5.910,1,0,0.095,1.413,73728,21,9,21
"BudgetCrossing",12000,2,222,7.645,7.657,0.295,6.370,1,0,0.120,1.156,73728,21,9,21
"BudgetCrossing",12000,2,223,7.307,7.305,0.353,5.926,1,0,0.117,1.264,73728,21,9,21
"BudgetCrossing",12000,2,224,7.382,7.375,0.269,6.120,1,0,0.117,1.145,69632,21,9,21
"BudgetCrossing",12000,2,225,7.338,7.343,0.269,5.897,1,0,0.114,1.327,77824,21,9,21
"BudgetCrossing",12000,2,226,7.330,7.330,0.311,5.983,1,0,0.116,1.230,73728,21,9,21
"BudgetCrossing",12000,2,227,7.521,7.517,0.320,6.293,1,0,0.111,1.117,73728,21,9,21
"BudgetCrossing",12000,2,228,10.778,10.774,0.221,8.135,1,0,0.083,2.560,,21,9,21
"BudgetCrossing",12000,2,229,7.200,7.200,0.529,5.906,1,0,0.094,1.200,61440,21,9,21
"BudgetCrossing",12000,2,230,6.585,6.590,0.000,6.121,1,0,0.094,0.370,4096,21,9,21
"BudgetCrossing",12000,2,231,6.526,6.517,0.318,5.971,1,0,0.086,0.470,20480,21,9,21
"BudgetCrossing",12000,2,232,11.018,11.021,0.289,9.330,1,0,0.114,1.574,69632,21,9,21
"BudgetCrossing",12000,2,233,9.967,9.972,0.291,8.475,1,0,0.084,1.408,73728,21,9,21
"BudgetCrossing",12000,2,234,8.290,8.288,0.259,5.873,1,0,0.113,2.305,73728,21,9,21
"BudgetCrossing",12000,2,235,9.968,9.970,0.600,8.685,1,0,0.090,1.194,73728,21,9,21
"BudgetCrossing",12000,2,236,8.501,8.491,0.290,6.054,1,0,0.087,2.360,77824,21,9,21
"BudgetCrossing",12000,2,237,10.214,10.215,0.299,8.053,1,0,0.085,2.076,73728,21,9,21
"BudgetCrossing",12000,2,238,7.044,7.045,0.260,6.306,1,0,0.123,0.615,12288,21,9,21
"BudgetCrossing",12000,2,239,6.423,6.431,0.275,5.979,1,0,0.098,0.346,16384,21,9,21
"BudgetCrossing",12000,2,240,7.145,7.146,0.254,5.870,1,0,0.096,1.180,77824,21,9,21
"BudgetCrossing",12000,2,241,7.518,7.511,0.201,6.203,1,0,0.093,1.223,73728,21,9,21
"BudgetCrossing",12000,2,242,10.493,10.481,0.221,7.398,1,0,0.102,2.993,,21,9,21
"BudgetCrossing",12000,2,243,7.283,7.298,0.297,6.009,1,0,0.105,1.168,65536,21,9,21
"BudgetCrossing",12000,2,244,6.472,6.470,0.314,6.066,1,0,0.107,0.299,4096,21,9,21
"BudgetCrossing",12000,2,245,7.472,7.476,0.302,6.259,1,0,0.084,1.129,73728,21,9,21
"BudgetCrossing",12000,2,246,6.852,6.841,0.297,6.364,1,0,0.086,0.402,12288,21,9,21
"BudgetCrossing",12000,2,247,6.424,6.434,0.269,6.004,1,0,0.094,0.326,20480,21,9,21
"BudgetCrossing",12000,2,248,6.803,6.789,0.211,6.309,1,0,0.100,0.394,16384,21,9,21
"BudgetCrossing",12000,2,249,11.417,11.416,0.276,9.947,1,0,0.139,1.331,69632,21,9,21
"BudgetCrossing",12000,2,250,7.140,7.153,0.240,5.879,1,0,0.090,1.171,77824,21,9,21
"BudgetCrossing",12000,2,251,7.799,7.787,0.252,6.302,1,0,0.118,1.379,73728,21,9,21
"BudgetCrossing",12000,2,252,7.410,7.419,0.366,6.144,1,0,0.115,1.151,69632,21,9,21
"BudgetCrossing",12000,2,253,9.696,9.693,0.265,8.422,1,0,0.090,1.184,77824,21,9,21
"BudgetCrossing",12000,2,254,6.488,6.482,0.247,6.043,1,0,0.089,0.356,16384,21,9,21
"BudgetCrossing",12000,2,255,6.527,6.533,0.294,5.888,1,0,0.089,0.551,20480,21,9,21
"BudgetCrossing",12000,2,256,7.305,7.305,0.273,5.999,1,0,0.091,1.214,73728,21,9,21
"BudgetCrossing",12000,2,257,6.391,6.388,0.206,5.926,1,0,0.106,0.358,20480,21,9,21
"BudgetCrossing",12000,2,258,8.676,8.666,0.192,6.254,1,0,0.103,2.319,,21,9,21
"BudgetCrossing",12000,2,259,7.398,7.406,0.287,6.114,1,0,0.091,1.193,61440,21,9,21
"BudgetCrossing",12000,2,260,6.763,6.767,0.000,6.244,1,0,0.091,0.429,4096,21,9,21
"BudgetCrossing",12000,2,261,6.971,6.970,0.240,6.421,1,0,0.106,0.445,16384,21,9,21
"BudgetCrossing",12000,2,262,7.214,7.213,0.310,5.940,1,0,0.084,1.190,69632,21,9,21
"BudgetCrossing",12000,2,263,9.322,9.322,0.285,8.033,1,0,0.097,1.192,73728,21,9,21
"BudgetCrossing",12000,2,264,6.573,6.577,0.262,6.130,1,0,0.100,0.343,20480,21,9,21
"BudgetCrossing",12000,2,265,8.627,8.616,0.463,8.141,1,0,0.102,0.384,12288,21,9,21
"BudgetCrossing",12000,2,266,6.751,6.735,0.217,5.888,1,0,0.099,0.764,24576,21,9,21
"BudgetCrossing",12000,2,267,6.972,6.990,0.299,6.468,1,0,0.097,0.407,16384,21,9,21
"BudgetCrossing",12000,2,268,6.249,6.246,0.255,5.778,1,0,0.090,0.381,16384,21,9,21
"BudgetCrossing",12000,2,269,6.183,6.194,0.282,5.743,1,0,0.101,0.340,16384,21,9,21
"BudgetCrossing",12000,2,270,6.419,6.414,0.256,5.917,1,0,0.107,0.395,20480,21,9,21
"BudgetCrossing",12000,2,271,6.425,6.420,0.554,5.898,1,0,0.092,0.435,16384,21,9,21
"BudgetCrossing",12000,2,272,6.882,6.879,0.214,6.331,1,0,0.106,0.445,16384,21,9,21
"BudgetCrossing",12000,2,273,9.494,9.496,0.234,8.238,1,0,0.085,1.171,77824,21,9,21
"BudgetCrossing",12000,2,274,8.622,8.624,0.221,6.171,1,0,0.083,2.369,69632,21,9,21
"BudgetCrossing",12000,2,275,6.778,6.758,0.206,6.039,1,0,0.088,0.651,24576,21,9,21
"BudgetCrossing",12000,2,276,9.002,9.012,0.340,7.164,1,0,0.088,1.751,73728,21,9,21
"BudgetCrossing",12000,2,277,9.885,9.894,0.272,8.629,1,0,0.084,1.172,77824,21,9,21
"BudgetCrossing",12000,2,278,6.725,6.719,0.265,6.099,1,0,0.103,0.522,20480,21,9,21
"BudgetCrossing",12000,2,279,8.046,8.049,0.248,6.394,1,0,0.093,1.559,,21,9,21
"BudgetCrossing",12000,2,280,10.631,10.626,0.266,7.984,1,0,0.137,2.510,61440,21,9,21
"BudgetCrossing",12000,2,281,10.228,10.221,0.258,7.994,1,0,0.088,2.147,61440,21,9,21
"BudgetCrossing",12000,2,282,7.551,7.562,0.463,6.249,1,0,0.114,1.188,77824,21,9,21
"BudgetCrossing",12000,2,283,8.030,7.996,0.301,6.025,1,0,0.112,1.893,69632,21,9,21
"BudgetCrossing",12000,2,284,7.176,7.208,0.292,6.713,1,0,0.108,0.354,20480,21,9,21
"BudgetCrossing",12000,2,285,8.254,8.235,0.296,6.087,1,0,0.103,2.063,73728,21,9,21
"BudgetCrossing",12000,2,286,12.192,12.189,0.266,9.194,1,0,0.126,2.872,73728,21,9,21
"BudgetCrossing",12000,2,287,8.775,8.791,0.309,7.411,1,0,0.088,1.276,73728,21,9,21
"BudgetCrossing",12000,2,288,6.942,6.949,0.314,5.763,1,0,0.080,1.100,73728,21,9,21
"BudgetCrossing",12000,2,289,6.742,6.715,0.307,5.970,1,0,0.112,0.660,12288,21,9,21
"BudgetCrossing",12000,2,290,8.396,8.417,0.305,7.970,1,0,0.082,0.344,16384,21,9,21
"BudgetCrossing",12000,2,291,7.414,7.412,0.285,6.077,1,0,0.086,1.251,77824,21,9,21
"BudgetCrossing",12000,2,292,6.593,6.593,0.197,6.049,1,0,0.094,0.450,20480,21,9,21
"BudgetCrossing",12000,2,293,6.386,6.387,0.315,5.989,1,0,0.089,0.307,16384,21,9,21
"BudgetCrossing",12000,2,294,8.319,8.316,0.263,6.385,1,0,0.086,1.849,,21,9,21
"BudgetCrossing",12000,2,295,6.611,6.607,0.300,6.149,1,0,0.084,0.377,4096,21,9,21
"BudgetCrossing",12000,2,296,6.432,6.442,0.300,6.075,1,0,0.086,0.271,4096,21,9,21
"BudgetCrossing",12000,2,297,7.736,7.734,0.193,6.402,1,0,0.104,1.230,69632,21,9,21
"BudgetCrossing",12000,2,298,10.207,10.185,0.274,8.215,1,0,0.099,1.894,69632,21,9,21
"BudgetCrossing",12000,2,299,10.718,10.733,0.277,9.177,1,0,0.103,1.438,73728,21,9,21
"BudgetCrossing",14000,2,0,8.243,8.244,0.226,6.959,1,0,0.114,1.171,65536,14,9,14
"BudgetCrossing",14000,2,1,8.357,8.352,0.199,7.049,1,0,0.113,1.195,73728,14,9,14
"BudgetCrossing",14000,2,2,8.709,8.711,0.270,7.031,1,0,0.112,1.567,73728,14,9,14
"BudgetCrossing",14000,2,3,7.853,7.857,0.304,6.652,1,0,0.105,1.096,73728,15,9,15
"BudgetCrossing",14000,2,4,7.961,7.951,0.291,6.711,1,0,0.112,1.139,69632,15,9,15
"BudgetCrossing",14000,2,5,7.849,7.862,0.314,6.622,1,0,0.105,1.122,73728,15,9,15
"BudgetCrossing",14000,2,6,8.205,8.198,0.285,7.023,1,0,0.106,1.076,73728,15,9,15
"BudgetCrossing",14000,2,7,8.429,8.425,0.277,6.691,1,0,0.105,1.633,73728,15,9,15
"BudgetCrossing",14000,2,8,11.521,11.494,0.200,8.670,1,0,0.116,2.735,73728,15,9,15
"BudgetCrossing",14000,2,9,9.466,9.495,0.197,7.347,1,0,0.106,2.013,,15,9,15
"BudgetCrossing",14000,2,10,7.129,7.126,0.229,6.696,1,0,0.104,0.330,4096,15,9,15
"BudgetCrossing",14000,2,11,9.800,9.784,0.200,6.946,1,0,0.107,2.747,61440,15,9,15
"BudgetCrossing",14000,2,12,7.650,7.674,0.319,7.236,1,0,0.098,0.316,16384,16,9,16
"BudgetCrossing",14000,2,13,8.076,8.065,0.281,7.559,1,0,0.127,0.390,20480,16,9,16
"BudgetCrossing",14000,2,14,8.648,8.653,0.190,7.350,1,0,0.104,1.194,69632,16,9,16
"BudgetCrossing",14000,2,15,8.162,8.158,0.223,6.822,1,0,0.102,1.238,73728,16,9,16
"BudgetCrossing",14000,2,16,8.652,8.647,0.188,7.050,1,0,0.134,1.468,77824,16,9,16
"BudgetCrossing",14000,2,17,7.702,7.714,0.207,6.551,1,0,0.096,1.055,69632,16,9,16
"BudgetCrossing",14000,2,18,7.843,7.831,0.198,6.468,1,0,0.098,1.277,73728,16,9,16
"BudgetCrossing",14000,2,19,7.992,7.996,0.297,6.711,1,0,0.103,1.178,69632,16,9,16
"BudgetCrossing",14000,2,20,10.149,10.137,0.279,8.771,1,0,0.122,1.255,73728,16,9,16
"BudgetCrossing",14000,2,21,9.198,9.200,0.287,7.115,1,0,0.111,1.972,,17,9,17
"BudgetCrossing",14000,2,22,8.216,8.220,0.201,6.929,1,0,0.113,1.174,65536,17,9,17
"BudgetCrossing",14000,2,23,8.498,8.506,0.199,7.222,1,0,0.140,1.136,57344,17,9,17
"BudgetCrossing",14000,2,24,9.607,9.574,0.331,6.677,1,0,0.119,2.811,65536,17,9,17
"BudgetCrossing",14000,2,25,8.359,8.388,0.198,7.127,1,0,0.100,1.132,69632,17,9,17
"BudgetCrossing",14000,2,26,8.571,8.571,0.280,7.377,1,0,0.102,1.092,73728,17,9,17
"BudgetCrossing",14000,2,27,9.196,9.182,0.363,7.466,1,0,0.107,1.623,73728,17,9,17
"BudgetCrossing",14000,2,28,9.841,9.855,0.209,8.346,1,0,0.111,1.384,73728,17,9,17
"BudgetCrossing",14000,2,29,8.267,8.262,0.221,7.023,1,0,0.104,1.140,73728,17,9,17
"BudgetCrossing",14000,2,30,10.928,10.918,0.200,8.816,1,0,0.122,1.989,73728,18,9,18
"BudgetCrossing",14000,2,31,8.333,8.334,0.319,6.720,1,0,0.096,1.516,69632,18,9,18
"BudgetCrossing",14000,2,32,13.390,13.356,0.336,10.423,1,0,0.108,2.859,,18,9,18
"BudgetCrossing",14000,2,33,9.218,9.257,0.286,7.947,1,0,0.106,1.166,61440,18,9,18
"BudgetCrossing",14000,2,34,8.781,8.783,0.000,7.466,1,0,0.135,1.179,61440,18,9,18
"BudgetCrossing",14000,2,35,8.325,8.314,0.285,6.822,1,0,0.130,1.373,65536,18,9,18
"BudgetCrossing",14000,2,36,8.511,8.519,0.348,6.858,1,0,0.115,1.538,69632,18,9,18
"BudgetCrossing",14000,2,37,8.161,8.152,0.203,6.846,1,0,0.138,1.177,73728,18,9,18
"BudgetCrossing",14000,2,38,7.521,7.530,0.332,7.021,1,0,0.130,0.371,20480,18,9,18
"BudgetCrossing",14000,2,39,10.922,10.917,0.215,10.182,1,0,0.105,0.635,12288,19,9,19
"BudgetCrossing",14000,2,40,8.104,8.106,0.298,6.796,1,0,0.098,1.210,73728,19,9,19
"BudgetCrossing",14000,2,41,7.491,7.493,0.292,7.028,1,0,0.122,0.341,20480,19,9,19
"BudgetCrossing",14000,2,42,9.253,9.242,0.226,6.817,1,0,0.117,2.318,69632,19,9,19
"BudgetCrossing",14000,2,43,8.710,8.709,0.274,6.785,1,0,0.103,1.822,81920,19,9,19
"BudgetCrossing",14000,2,44,10.411,10.410,0.223,9.044,1,0,0.129,1.238,73728,19,9,19
"BudgetCrossing",14000,2,45,9.345,9.345,0.225,7.006,1,0,0.131,2.208,,19,9,19
"BudgetCrossing",14000,2,46,9.119,9.122,0.212,7.864,1,0,0.105,1.151,61440,19,9,19
"BudgetCrossing",14000,2,47,8.716,8.721,0.204,7.192,1,0,0.131,1.393,69632,19,9,19
"BudgetCrossing",14000,2,48,8.956,8.952,0.229,7.454,1,0,0.102,1.400,69632,20,9,20
"BudgetCrossing",14000,2,49,8.082,8.078,0.277,6.763,1,0,0.132,1.187,73728,20,9,20
"BudgetCrossing",14000,2,50,7.616,7.622,0.276,7.154,1,0,0.106,0.356,20480,20,9,20
"BudgetCrossing",14000,2,51,7.248,7.227,0.280,6.709,1,0,0.102,0.437,20480,20,9,20
"BudgetCrossing",14000,2,52,7.994,8.016,0.289,6.753,1,0,0.123,1.119,69632,20,9,20
"BudgetCrossing",14000,2,53,13.377,13.365,0.302,11.637,1,0,0.143,1.597,73728,20,9,20
"BudgetCrossing",14000,2,54,11.280,11.263,0.269,8.449,1,0,0.120,2.712,73728,20,9,20
"BudgetCrossing",14000,2,55,10.516,10.528,0.221,7.678,1,0,0.108,2.731,69632,20,9,20
"BudgetCrossing",14000,2,56,8.922,8.932,0.359,7.660,1,0,0.114,1.148,73728,20,9,20
"BudgetCrossing",14000,2,57,9.030,9.024,0.199,6.887,1,0,0.108,2.035,,21,9,21
"BudgetCrossing",14000,2,58,9.535,9.541,0.324,8.806,1,0,0.116,0.613,4096,21,9,21
"BudgetCrossing",14000,2,59,8.519,8.511,0.208,7.020,1,0,0.111,1.388,61440,21,9,21
"BudgetCrossing",14000,2,60,10.256,10.267,0.202,9.072,1,0,0.099,1.084,61440,21,9,21
"BudgetCrossing",14000,2,61,8.206,8.204,0.296,6.887,1,0,0.137,1.183,69632,21,9,21
"BudgetCrossing",14000,2,62,8.515,8.509,0.191,7.127,1,0,0.136,1.252,73728,21,9,21
"BudgetCrossing",14000,2,63,10.219,10.198,0.280,7.215,1,0,0.130,2.873,73728,21,9,21
"BudgetCrossing",14000,2,64,8.324,8.340,0.199,7.044,1,0,0.111,1.169,73728,21,9,21
"BudgetCrossing",14000,2,65,8.281,8.287,0.229,6.953,1,0,0.120,1.208,73728,21,9,21
"BudgetCrossing",14000,2,66,9.456,9.433,0.228,7.305,1,0,0.118,2.033,73728,21,9,21
"BudgetCrossing",14000,2,67,8.100,8.119,0.288,6.783,1,0,0.116,1.201,69632,21,9,21
"BudgetCrossing",14000,2,68,8.880,8.859,0.274,7.420,1,0,0.145,1.315,73728,21,9,21
"BudgetCrossing",14000,2,69,9.178,9.198,0.203,7.077,1,0,0.119,1.982,,21,9,21
"BudgetCrossing",14000,2,70,8.202,8.208,0.288,6.931,1,0,0.111,1.160,65536,21,9,21
"BudgetCrossing",14000,2,71,7.663,7.658,0.290,7.219,1,0,0.114,0.330,4096,21,9,21
"BudgetCrossing",14000,2,72,8.890,8.881,0.282,7.435,1,0,0.144,1.310,61440,21,9,21
"BudgetCrossing",14000,2,73,9.153,9.137,0.203,7.476,1,0,0.140,1.537,65536,21,9,21
"BudgetCrossing",14000,2,74,10.293,10.295,0.285,7.473,1,0,0.143,2.677,73728,21,9,21
"BudgetCrossing",14000,2,75,9.892,9.860,0.218,7.035,1,0,0.222,2.635,73728,21,9,21
"BudgetCrossing",14000,2,76,12.619,12.646,0.295,11.099,1,0,0.157,1.363,69632,21,9,21
"BudgetCrossing",14000,2,77,9.911,9.909,0.292,7.245,1,0,0.146,2.520,77824,21,9,21
"BudgetCrossing",14000,2,78,8.508,8.517,0.282,6.993,1,0,0.164,1.352,73728,21,9,21
"BudgetCrossing",14000,2,79,8.337,8.338,0.285,6.943,1,0,0.180,1.215,69632,21,9,21
"BudgetCrossing",14000,2,80,10.151,10.158,0.296,8.824,1,0,0.131,1.195,73728,21,9,21
"BudgetCrossing",14000,2,81,7.315,7.306,0.204,6.737,1,0,0.137,0.440,20480,21,9,21
"BudgetCrossing",14000,2,82,10.614,10.615,0.204,7.826,1,0,0.125,2.663,,21,9,21
"BudgetCrossing",14000,2,83,10.069,10.071,0.296,7.317,1,0,0.139,2.612,57344,21,9,21
"BudgetCrossing",14000,2,84,8.505,8.518,0.206,7.250,1,0,0.109,1.147,61440,21,9,21
"BudgetCrossing",14000,2,85,7.867,7.868,0.191,7.463,1,0,0.110,0.295,8192,21,9,21
"BudgetCrossing",14000,2,86,9.995,9.963,0.311,7.588,1,0,0.130,2.277,69632,21,9,21
"BudgetCrossing",14000,2,87,9.872,9.875,0.324,7.063,1,0,0.104,2.705,73728,21,9,21
"BudgetCrossing",14000,2,88,8.684,8.683,0.279,7.230,1,0,0.139,1.315,73728,21,9,21
"BudgetCrossing",14000,2,89,7.555,7.573,0.191,7.065,1,0,0.124,0.366,12288,21,9,21
"BudgetCrossing",14000,2,90,7.409,7.405,0.319,6.895,1,0,0.108,0.406,16384,21,9,21
"BudgetCrossing",14000,2,91,8.952,8.937,0.353,6.907,1,0,0.140,1.904,73728,21,9,21
"BudgetCrossing",14000,2,92,9.873,9.859,0.213,7.031,1,0,0.111,2.731,69632,21,9,21
"BudgetCrossing",14000,2,93,8.937,8.955,0.261,7.413,1,0,0.111,1.414,77824,21,9,21
"BudgetCrossing",14000,2,94,10.712,10.709,0.218,9.343,1,0,0.170,1.200,73728,21,9,21
"BudgetCrossing",14000,2,95,8.886,8.872,0.229,6.945,1,0,0.138,1.804,,21,9,21
"BudgetCrossing",14000,2,96,8.466,8.487,0.201,7.191,1,0,0.106,1.169,61440,21,9,21
"BudgetCrossing",14000,2,97,9.523,9.503,0.202,7.277,1,0,0.138,2.108,57344,21,9,21
"BudgetCrossing",14000,2,98,9.042,9.041,0.225,8.323,1,0,0.136,0.583,8192,21,9,21
"BudgetCrossing",14000,2,99,9.272,9.283,0.273,8.799,1,0,0.104,0.369,4096,21,9,21
"BudgetCrossing",14000,2,100,7.934,7.934,0.281,6.661,1,0,0.111,1.162,73728,21,9,21
"BudgetCrossing",14000,2,101,8.542,8.530,0.227,7.069,1,0,0.139,1.334,73728,21,9,21
"BudgetCrossing",14000,2,102,11.310,11.326,0.222,9.946,1,0,0.131,1.233,73728,21,9,21
"BudgetCrossing",14000,2,103,9.321,9.319,0.268,8.089,1,0,0.097,1.136,73728,21,9,21
"BudgetCrossing",14000,2,104,8.288,8.290,0.352,6.957,1,0,0.128,1.203,73728,21,9,21
"BudgetCrossing",14000,2,105,9.497,9.492,0.309,7.051,1,0,0.128,2.318,69632,21,9,21
"BudgetCrossing",14000,2,106,8.600,8.606,0.206,7.243,1,0,0.104,1.254,73728,21,9,21
"BudgetCrossing",14000,2,107,8.970,8.971,0.226,7.614,1,0,0.106,1.250,73728,21,9,21
"BudgetCrossing",14000,2,108,10.531,10.501,0.304,7.794,1,0,0.132,2.605,,21,9,21
"BudgetCrossing",14000,2,109,9.140,9.164,0.285,7.779,1,0,0.112,1.249,61440,21,9,21
"BudgetCrossing",14000,2,110,9.183,9.181,0.340,7.864,1,0,0.110,1.209,57344,21,9,21
"BudgetCrossing",14000,2,111,9.318,9.324,0.274,7.911,1,0,0.138,1.270,61440,21,9,21
"BudgetCrossing",14000,2,112,11.222,11.216,0.369,9.921,1,0,0.136,1.165,61440,21,9,21
"BudgetCrossing",14000,2,113,7.927,7.935,0.202,6.685,1,0,0.130,1.113,73728,21,9,21
"BudgetCrossing",14000,2,114,9.942,9.927,0.313,8.159,1,0,0.141,1.642,77824,21,9,21
"BudgetCrossing",14000,2,115,9.594,9.601,0.226,8.267,1,0,0.150,1.178,69632,21,9,21
"BudgetCrossing",14000,2,116,9.568,9.559,0.230,7.339,1,0,0.110,2.119,73728,21,9,21
"BudgetCrossing",14000,2,117,9.672,9.672,0.223,7.624,1,0,0.139,1.910,73728,21,9,21
"BudgetCrossing",14000,2,118,8.334,8.339,0.313,7.085,1,0,0.129,1.120,69632,21,9,21
"BudgetCrossing",14000,2,119,9.458,9.456,0.203,7.249,1,0,0.135,2.074,,21,9,21
"BudgetCrossing",14000,2,120,11.111,11.113,0.349,9.012,1,0,0.170,1.929,57344,21,9,21
"BudgetCrossing",14000,2,121,8.111,8.116,0.308,6.907,1,0,0.104,1.101,57344,21,9,21
"BudgetCrossing",14000,2,122,8.552,8.553,0.301,7.218,1,0,0.137,1.197,61440,21,9,21
"BudgetCrossing",14000,2,123,9.039,9.035,0.307,7.677,1,0,0.138,1.223,57344,21,9,21
"BudgetCrossing",14000,2,124,9.676,9.663,0.205,7.447,1,0,0.107,2.122,73728,21,9,21
"BudgetCrossing",14000,2,125,12.708,12.714,0.234,10.895,1,0,0.125,1.688,77824,21,9,21
"BudgetCrossing",14000,2,126,8.626,8.630,0.364,7.235,1,0,0.105,1.286,69632,21,9,21
"BudgetCrossing",14000,2,127,11.605,11.590,0.201,9.759,1,0,0.103,1.743,73728,21,9,21
"BudgetCrossing",14000,2,128,9.217,9.215,0.303,7.656,1,0,0.118,1.444,73728,21,9,21
"BudgetCrossing",14000,2,129,8.887,8.902,0.255,7.569,1,0,0.108,1.210,69632,21,9,21
"BudgetCrossing",14000,2,130,9.531,9.529,0.201,7.328,1,0,0.108,2.095,,21,9,21
"BudgetCrossing",14000,2,131,8.185,8.186,0.280,7.767,1,0,0.114,0.304,4096,21,9,21
"BudgetCrossing",14000,2,132,10.346,10.344,0.339,8.929,1,0,0.139,1.279,61440,21,9,21
"BudgetCrossing",14000,2,133,8.630,8.625,0.199,7.295,1,0,0.131,1.205,61440,21,9,21
"BudgetCrossing",14000,2,134,8.047,8.058,0.279,7.550,1,0,0.135,0.362,4096,21,9,21
"BudgetCrossing",14000,2,135,8.159,8.146,0.349,7.634,1,0,0.107,0.418,12288,21,9,21
"BudgetCrossing",14000,2,136,8.223,8.232,0.312,7.751,1,0,0.103,0.369,16384,21,9,21
"BudgetCrossing",14000,2,137,9.201,9.201,0.368,7.736,1,0,0.104,1.361,69632,21,9,21
"BudgetCrossing",14000,2,138,8.763,8.758,0.300,7.392,1,0,0.135,1.236,73728,21,9,21
"BudgetCrossing",14000,2,139,9.336,9.336,0.322,7.699,1,0,0.111,1.526,73728,21,9,21
"BudgetCrossing",14000,2,140,9.803,9.766,0.290,7.285,1,0,0.103,2.416,69632,21,9,21
"BudgetCrossing",14000,2,141,9.077,9.114,0.362,7.647,1,0,0.110,1.320,81920,21,9,21
"BudgetCrossing",14000,2,142,8.903,8.896,0.369,7.492,1,0,0.103,1.308,73728,21,9,21
"BudgetCrossing",14000,2,143,9.036,9.042,0.205,7.740,1,0,0.106,1.190,77824,21,9,21
"BudgetCrossing",14000,2,144,10.026,10.012,0.288,7.805,1,0,0.130,2.091,,21,9,21
"BudgetCrossing",14000,2,145,8.760,8.775,0.285,7.467,1,0,0.108,1.186,57344,21,9,21
"BudgetCrossing",14000,2,146,9.329,9.320,0.205,7.883,1,0,0.135,1.311,57344,21,9,21
"BudgetCrossing",14000,2,147,9.749,9.735,0.304,7.599,1,0,0.137,2.012,65536,21,9,21
"BudgetCrossing",14000,2,148,15.753,15.762,0.202,14.271,1,0,0.105,1.377,57344,21,9,21
"BudgetCrossing",14000,2,149,9.339,9.347,0.202,8.060,1,0,0.112,1.168,69632,21,9,21
"BudgetCrossing",14000,2,150,9.532,9.523,0.228,8.747,1,0,0.137,0.648,16384,21,9,21
"BudgetCrossing",14000,2,151,9.580,9.582,0.359,7.671,1,0,0.126,1.783,69632,21,9,21
"BudgetCrossing",14000,2,152,13.216,13.207,0.204,12.249,1,0,0.160,0.807,16384,21,9,21
"BudgetCrossing",14000,2,153,11.328,11.336,0.306,9.925,1,0,0.113,1.290,73728,21,9,21
"BudgetCrossing",14000,2,154,10.526,10.532,0.308,9.225,1,0,0.101,1.201,69632,21,9,21
"BudgetCrossing",14000,2,155,8.980,8.974,0.241,7.742,1,0,0.103,1.135,77824,21,9,21
"BudgetCrossing",14000,2,156,9.620,9.619,0.216,7.451,1,0,0.135,2.034,,21,9,21
"BudgetCrossing",14000,2,157,8.930,8.935,0.309,7.608,1,0,0.112,1.211,61440,21,9,21
"BudgetCrossing",14000,2,158,8.407,8.405,0.281,7.951,1,0,0.136,0.320,4096,21,9,21
"BudgetCrossing",14000,2,159,9.490,9.492,0.351,8.146,1,0,0.104,1.240,61440,21,9,21
"BudgetCrossing",14000,2,160,8.123,8.117,0.279,7.448,1,0,0.105,0.570,4096,21,9,21
"BudgetCrossing",14000,2,161,8.194,8.180,0.199,7.400,1,0,0.106,0.688,8192,21,9,21
"BudgetCrossing",14000,2,162,10.532,10.548,0.293,9.304,1,0,0.099,1.129,69632,21,9,21
"BudgetCrossing",14000,2,163,9.970,9.968,0.276,8.589,1,0,0.111,1.270,69632,21,9,21
"BudgetCrossing",14000,2,164,9.435,9.424,0.272,8.090,1,0,0.102,1.244,77824,21,9,21
"BudgetCrossing",14000,2,165,8.352,8.369,0.272,7.907,1,0,0.110,0.335,20480,21,9,21
"BudgetCrossing",14000,2,166,8.645,8.635,0.225,8.062,1,0,0.136,0.447,16384,21,9,21
"BudgetCrossing",14000,2,167,9.637,9.633,0.277,7.529,1,0,0.163,1.945,73728,21,9,21
"BudgetCrossing",14000,2,168,12.020,12.022,0.287,10.462,1,0,0.122,1.436,73728,21,9,21
"BudgetCrossing",14000,2,169,9.382,9.390,0.191,7.971,1,0,0.137,1.274,77824,21,9,21
"BudgetCrossing",14000,2,170,9.268,9.260,0.379,7.902,1,0,0.135,1.231,73728,21,9,21
"BudgetCrossing",14000,2,171,10.354,10.343,0.232,8.040,1,0,0.114,2.200,,21,9,21
"BudgetCrossing",14000,2,172,14.099,14.100,0.288,12.679,1,0,0.149,1.272,61440,21,9,21
"BudgetCrossing",14000,2,173,9.611,9.623,0.229,8.363,1,0,0.118,1.129,57344,21,9,21
"BudgetCrossing",14000,2,174,12.605,12.584,0.228,9.938,1,0,0.108,2.559,61440,21,9,21
"BudgetCrossing",14000,2,175,12.151,12.169,0.199,10.606,1,0,0.129,1.416,57344,21,9,21
"BudgetCrossing",14000,2,176,9.295,9.293,0.295,7.991,1,0,0.112,1.191,65536,21,9,21
"BudgetCrossing",14000,2,177,10.799,10.802,0.289,9.583,1,0,0.105,1.111,73728,21,9,21
"BudgetCrossing",14000,2,178,10.713,10.678,0.297,7.612,1,0,0.116,2.984,73728,21,9,21
"BudgetCrossing",14000,2,179,10.666,10.684,0.203,8.710,1,0,0.144,1.813,73728,21,9,21
"BudgetCrossing",14000,2,180,9.675,9.690,0.290,8.336,1,0,0.142,1.198,73728,21,9,21
"BudgetCrossing",14000,2,181,9.163,9.151,0.201,8.661,1,0,0.109,0.393,12288,21,9,21
"BudgetCrossing",14000,2,182,8.611,8.604,0.365,7.732,1,0,0.121,0.757,20480,21,9,21
"BudgetCrossing",14000,2,183,8.014,8.031,0.232,7.483,1,0,0.113,0.418,16384,21,9,21
"BudgetCrossing",14000,2,184,9.135,9.132,0.319,7.811,1,0,0.111,1.214,73728,21,9,21
"BudgetCrossing",14000,2,185,8.206,8.202,0.330,7.622,1,0,0.110,0.474,16384,21,9,21
"BudgetCrossing",14000,2,186,13.499,13.494,0.331,10.942,1,0,0.156,2.401,,21,9,21
"BudgetCrossing",14000,2,187,9.365,9.379,0.275,8.101,1,0,0.107,1.157,57344,21,9,21
"BudgetCrossing",14000,2,188,10.599,10.582,0.306,8.076,1,0,0.144,2.379,61440,21,9,21
"BudgetCrossing",14000,2,189,11.630,11.642,0.280,10.370,1,0,0.135,1.125,61440,21,9,21
"BudgetCrossing",14000,2,190,9.525,9.521,0.354,8.128,1,0,0.109,1.288,57344,21,9,21
"BudgetCrossing",14000,2,191,9.061,9.046,0.332,7.109,1,0,0.102,1.850,65536,21,9,21
"BudgetCrossing",14000,2,192,10.261,10.251,0.438,8.576,1,0,0.130,1.556,73728,21,9,21
"BudgetCrossing",14000,2,193,11.135,11.146,0.232,8.223,1,0,0.114,2.798,69632,21,9,21
"BudgetCrossing",14000,2,194,9.320,9.331,0.293,8.082,1,0,0.109,1.129,77824,21,9,21
"BudgetCrossing",14000,2,195,8.821,8.824,0.312,7.463,1,0,0.141,1.217,73728,21,9,21
"BudgetCrossing",14000,2,196,9.309,9.302,0.304,7.921,1,0,0.139,1.250,69632,21,9,21
"BudgetCrossing",14000,2,197,15.448,15.429,0.293,13.016,1,0,0.147,2.285,,21,9,21
"BudgetCrossing",14000,2,198,8.926,8.953,0.227,7.597,1,0,0.115,1.214,77824,21,9,21
"BudgetCrossing",14000,2,199,13.950,13.941,0.000,12.757,1,0,0.102,1.091,65536,21,9,21
"BudgetCrossing",14000,2,200,8.565,8.571,0.286,7.357,1,0,0.101,1.107,77824,21,9,21
"BudgetCrossing",14000,2,201,9.401,9.390,0.202,7.987,1,0,0.144,1.270,73728,21,9,21
"BudgetCrossing",14000,2,202,9.067,9.071,0.283,7.296,1,0,0.150,1.621,73728,21,9,21
"BudgetCrossing",14000,2,203,10.015,10.017,0.277,8.708,1,0,0.106,1.201,73728,21,9,21
"BudgetCrossing",14000,2,204,8.680,8.683,0.227,7.391,1,0,0.135,1.153,69632,21,9,21
"BudgetCrossing",14000,2,205,9.059,9.056,0.227,7.755,1,0,0.136,1.168,77824,21,9,21
"BudgetCrossing",14000,2,206,8.980,8.977,0.202,7.685,1,0,0.105,1.190,77824,21,9,21
"BudgetCrossing",14000,2,207,11.606,11.596,0.201,10.070,1,0,0.122,1.414,69632,21,9,21
"BudgetCrossing",14000,2,208,11.260,11.268,0.224,8.131,1,0,0.133,2.995,,21,9,21
"BudgetCrossing",14000,2,209,14.041,14.031,0.270,12.425,1,0,0.128,1.488,69632,21,9,21
"BudgetCrossing",14000,2,210,11.808,11.820,0.202,10.508,1,0,0.103,1.196,73728,21,9,21
"BudgetCrossing",14000,2,211,9.215,9.209,0.313,7.599,1,0,0.102,1.515,69632,21,9,21
"BudgetCrossing",14000,2,212,8.909,8.915,0.297,7.720,1,0,0.105,1.084,77824,21,9,21
"BudgetCrossing",14000,2,213,12.981,12.974,0.307,11.411,1,0,0.228,1.342,73728,21,9,21
"BudgetCrossing",14000,2,214,9.044,9.051,0.202,7.693,1,0,0.135,1.216,69632,21,9,21
"BudgetCrossing",14000,2,215,10.377,10.356,0.292,8.116,1,0,0.132,2.130,77824,21,9,21
"BudgetCrossing",14000,2,216,12.655,12.662,0.357,11.037,1,0,0.104,1.514,73728,21,9,21
"BudgetCrossing",14000,2,217,11.798,11.807,0.216,10.574,1,0,0.104,1.120,69632,21,9,21
"BudgetCrossing",14000,2,218,9.059,9.051,0.224,7.529,1,0,0.106,1.424,86016,21,9,21
"BudgetCrossing",14000,2,219,9.508,9.490,0.376,8.008,1,0,0.107,1.394,,21,9,21
"BudgetCrossing",14000,2,220,10.342,10.366,0.206,9.072,1,0,0.103,1.167,65536,21,9,21
"BudgetCrossing",14000,2,221,9.299,9.303,0.285,8.014,1,0,0.109,1.176,61440,21,9,21
"BudgetCrossing",14000,2,222,8.900,8.897,0.375,8.408,1,0,0.141,0.351,16384,21,9,21
"BudgetCrossing",14000,2,223,9.502,9.496,0.272,8.201,1,0,0.106,1.195,69632,21,9,21
"BudgetCrossing",14000,2,224,9.623,9.627,0.283,8.253,1,0,0.110,1.259,73728,21,9,21
"BudgetCrossing",14000,2,225,10.738,10.726,0.307,8.674,1,0,0.107,1.957,73728,21,9,21
"BudgetCrossing",14000,2,226,10.314,10.320,0.216,9.449,1,0,0.245,0.620,12288,21,9,21
"BudgetCrossing",14000,2,227,9.029,9.025,0.286,7.674,1,0,0.121,1.234,81920,21,9,21
"BudgetCrossing",14000,2,228,9.544,9.545,0.315,8.082,1,0,0.120,1.342,73728,21,9,21
"BudgetCrossing",14000,2,229,11.909,11.900,0.286,10.169,1,0,0.137,1.603,69632,21,9,21
"BudgetCrossing",14000,2,230,10.181,10.190,0.297,8.844,1,0,0.110,1.228,73728,21,9,21
"BudgetCrossing",14000,2,231,11.237,11.242,0.285,10.044,1,0,0.100,1.093,81920,21,9,21
"BudgetCrossing",14000,2,232,9.685,9.676,0.207,7.439,1,0,0.101,2.145,,21,9,21
"BudgetCrossing",14000,2,233,11.088,11.097,0.300,9.840,1,0,0.103,1.145,69632,21,9,21
"BudgetCrossing",14000,2,234,9.317,9.308,0.203,7.985,1,0,0.141,1.191,57344,21,9,21
"BudgetCrossing",14000,2,235,8.472,8.477,0.280,7.956,1,0,0.141,0.375,20480,21,9,21
"BudgetCrossing",14000,2,236,10.190,10.176,0.202,7.890,1,0,0.108,2.193,69632,21,9,21
"BudgetCrossing",14000,2,237,11.614,11.627,0.205,10.347,1,0,0.125,1.142,73728,21,9,21
"BudgetCrossing",14000,2,238,10.088,10.078,0.319,8.550,1,0,0.143,1.395,73728,21,9,21
"BudgetCrossing",14000,2,239,9.432,9.443,0.313,8.146,1,0,0.106,1.180,69632,21,9,21
"BudgetCrossing",14000,2,240,9.908,9.884,0.305,9.286,1,0,0.134,0.488,24576,21,9,21
"BudgetCrossing",14000,2,241,12.061,12.084,0.309,10.605,1,0,0.136,1.320,77824,21,9,21
"BudgetCrossing",14000,2,242,9.388,9.379,0.302,8.024,1,0,0.133,1.231,69632,21,9,21
"BudgetCrossing",14000,2,243,8.609,8.614,0.291,7.965,1,0,0.109,0.536,16384,21,9,21
"BudgetCrossing",14000,2,244,8.395,8.389,0.310,7.860,1,0,0.105,0.430,16384,21,9,21
"BudgetCrossing",14000,2,245,11.841,11.826,0.304,11.071,1,0,0.145,0.625,24576,21,9,21
"BudgetCrossing",14000,2,246,12.405,12.420,0.324,11.137,1,0,0.140,1.129,73728,21,9,21
"BudgetCrossing",14000,2,247,12.942,12.937,0.198,10.228,1,0,0.126,2.588,,21,9,21
"BudgetCrossing",14000,2,248,9.363,9.365,0.276,7.872,1,0,0.107,1.384,90112,21,9,21
"BudgetCrossing",14000,2,249,10.757,10.750,0.324,8.332,1,0,0.109,2.316,57344,21,9,21
"BudgetCrossing",14000,2,250,11.499,11.503,0.297,10.219,1,0,0.128,1.152,77824,21,9,21
"BudgetCrossing",14000,2,251,9.908,9.916,0.210,8.708,1,0,0.106,1.094,69632,21,9,21
"BudgetCrossing",14000,2,252,8.677,8.672,0.201,8.047,1,0,0.107,0.524,16384,21,9,21
"BudgetCrossing",14000,2,253,9.047,9.054,0.298,8.427,1,0,0.106,0.515,20480,21,9,21
"BudgetCrossing",14000,2,254,10.174,10.168,0.236,8.510,1,0,0.133,1.531,69632,21,9,21
"BudgetCrossing",14000,2,255,9.081,9.083,0.293,8.535,1,0,0.127,0.419,16384,21,9,21
"BudgetCrossing",14000,2,256,8.296,8.291,0.293,7.790,1,0,0.123,0.383,16384,21,9,21
"BudgetCrossing",14000,2,257,9.028,9.012,0.305,8.298,1,0,0.101,0.628,16384,21,9,21
"BudgetCrossing",14000,2,258,10.411,10.425,0.336,9.202,1,0,0.096,1.114,73728,21,9,21
"BudgetCrossing",14000,2,259,9.517,9.521,0.311,8.195,1,0,0.103,1.220,73728,21,9,21
"BudgetCrossing",14000,2,260,9.791,9.788,0.219,8.478,1,0,0.103,1.210,73728,21,9,21
"BudgetCrossing",14000,2,261,11.194,11.176,0.293,8.428,1,0,0.113,2.653,81920,21,9,21
"BudgetCrossing",14000,2,262,10.901,10.905,0.292,8.944,1,0,0.108,1.849,,21,9,21
"BudgetCrossing",14000,2,263,12.098,12.106,0.231,10.877,1,0,0.109,1.112,61440,21,9,21
"BudgetCrossing",14000,2,264,8.656,8.658,0.281,7.482,1,0,0.106,1.068,57344,21,9,21
"BudgetCrossing",14000,2,265,8.315,8.315,0.296,7.846,1,0,0.103,0.366,20480,21,9,21
"BudgetCrossing",14000,2,266,9.203,9.198,0.201,8.544,1,0,0.183,0.476,16384,21,9,21
"BudgetCrossing",14000,2,267,9.841,9.848,0.286,8.498,1,0,0.135,1.208,73728,21,9,21
"BudgetCrossing",14000,2,268,9.643,9.632,0.283,8.240,1,0,0.140,1.263,73728,21,9,21
"BudgetCrossing",14000,2,269,9.747,9.755,0.192,8.345,1,0,0.136,1.267,73728,21,9,21
"BudgetCrossing",14000,2,270,10.763,10.749,0.218,8.613,1,0,0.132,2.018,73728,21,9,21
"BudgetCrossing",14000,2,271,10.046,10.055,0.307,8.628,1,0,0.124,1.294,73728,21,9,21
"BudgetCrossing",14000,2,272,11.686,11.686,0.316,10.438,1,0,0.110,1.138,69632,21,9,21
"BudgetCrossing",14000,2,273,10.720,10.719,0.314,9.226,1,0,0.137,1.357,73728,21,9,21
"BudgetCrossing",14000,2,274,10.666,10.641,0.316,8.071,1,0,0.110,2.485,73728,21,9,21
"BudgetCrossing",14000,2,275,15.824,15.846,0.294,13.432,1,0,0.133,2.258,,21,9,21
"BudgetCrossing",14000,2,276,9.120,9.125,0.281,7.854,1,0,0.108,1.159,57344,21,9,21
"BudgetCrossing",14000,2,277,8.517,8.514,0.378,8.058,1,0,0.114,0.346,8192,21,9,21
"BudgetCrossing",14000,2,278,9.722,9.720,0.203,8.355,1,0,0.113,1.254,73728,21,9,21
"BudgetCrossing",14000,2,279,10.041,10.048,0.205,8.693,1,0,0.109,1.239,73728,21,9,21
"BudgetCrossing",14000,2,280,11.831,11.823,0.345,10.602,1,0,0.105,1.123,69632,21,9,21
"BudgetCrossing",14000,2,281,9.498,9.497,0.273,8.118,1,0,0.136,1.244,73728,21,9,21
"BudgetCrossing",14000,2,282,11.784,11.787,0.286,10.418,1,0,0.101,1.265,77824,21,9,21
"BudgetCrossing",14000,2,283,10.874,10.855,0.279,10.282,1,0,0.127,0.464,12288,21,9,21
"BudgetCrossing",14000,2,284,13.511,13.518,0.289,12.029,1,0,0.156,1.326,73728,21,9,21
"BudgetCrossing",14000,2,285,11.111,11.108,0.284,9.085,1,0,0.115,1.911,73728,21,9,21
"BudgetCrossing",14000,2,286,9.495,9.510,0.295,8.284,1,0,0.107,1.103,69632,21,9,21
"BudgetCrossing",14000,2,287,11.780,11.755,0.290,11.087,1,0,0.142,0.550,20480,21,9,21
"BudgetCrossing",14000,2,288,11.816,11.825,0.206,9.512,1,0,0.144,2.160,,21,9,21
"BudgetCrossing",14000,2,289,8.677,8.686,0.300,8.080,1,0,0.139,0.458,4096,21,9,21
"BudgetCrossing",14000,2,290,9.880,9.883,0.289,8.502,1,0,0.118,1.259,61440,21,9,21
"BudgetCrossing",14000,2,291,9.965,9.960,0.225,8.637,1,0,0.112,1.217,69632,21,9,21
"BudgetCrossing",14000,2,292,9.763,9.764,0.329,8.418,1,0,0.109,1.236,69632,21,9,21
"BudgetCrossing",14000,2,293,11.166,11.149,0.281,8.965,1,0,0.139,2.063,73728,21,9,21
"BudgetCrossing",14000,2,294,13.402,13.390,0.224,10.300,1,0,0.110,2.992,73728,21,9,21
"BudgetCrossing",14000,2,295,10.076,10.105,0.279,8.735,1,0,0.143,1.198,69632,21,9,21
"BudgetCrossing",14000,2,296,9.652,9.645,0.306,8.325,1,0,0.112,1.215,73728,21,9,21
"BudgetCrossing",14000,2,297,9.073,9.082,0.319,8.604,1,0,0.111,0.358,20480,21,9,21
"BudgetCrossing",14000,2,298,10.187,10.174,0.231,8.656,1,0,0.138,1.393,73728,21,9,21
"BudgetCrossing",14000,2,299,12.379,12.366,0.321,9.289,1,0,0.113,2.977,73728,21,9,21
"BudgetCrossing",16000,2,0,12.155,12.164,0.316,8.878,1,0,0.136,3.141,,14,9,14
"BudgetCrossing",16000,2,1,9.806,9.804,0.356,8.502,1,0,0.155,1.149,65536,14,9,14
"BudgetCrossing",16000,2,2,11.074,11.066,0.357,9.060,1,0,0.163,1.852,57344,14,9,14
"BudgetCrossing",16000,2,3,8.734,8.740,0.277,8.277,1,0,0.149,0.309,8192,15,9,15
"BudgetCrossing",16000,2,4,9.254,9.258,0.290,8.642,1,0,0.159,0.453,16384,15,9,15
"BudgetCrossing",16000,2,5,8.774,8.775,0.290,8.312,1,0,0.121,0.341,16384,15,9,15
"BudgetCrossing",16000,2,6,9.988,9.984,0.378,8.629,1,0,0.154,1.206,73728,15,9,15
"BudgetCrossing",16000,2,7,12.067,12.057,0.299,10.831,1,0,0.118,1.119,73728,15,9,15
"BudgetCrossing",16000,2,8,9.632,9.643,0.318,8.414,1,0,0.133,1.085,77824,15,9,15
"BudgetCrossing",16000,2,9,8.865,8.861,0.281,8.324,1,0,0.162,0.379,16384,15,9,15
"BudgetCrossing",16000,2,10,9.748,9.755,0.222,8.408,1,0,0.153,1.188,69632,15,9,15
"BudgetCrossing",16000,2,11,10.852,10.843,0.289,9.481,1,0,0.154,1.218,73728,15,9,15
"BudgetCrossing",16000,2,12,9.294,9.298,0.278,8.772,1,0,0.151,0.371,20480,16,9,16
"BudgetCrossing",16000,2,13,9.519,9.514,0.289,9.027,1,0,0.132,0.361,16384,16,9,16
"BudgetCrossing",16000,2,14,9.715,9.720,0.319,8.317,1,0,0.135,1.263,73728,16,9,16
"BudgetCrossing",16000,2,15,9.872,9.868,0.308,8.478,1,0,0.118,1.276,77824,16,9,16
"BudgetCrossing",16000,2,16,10.974,10.973,0.210,8.859,1,0,0.118,1.997,,16,9,16
"BudgetCrossing",16000,2,17,9.927,9.927,0.215,8.620,1,0,0.143,1.164,65536,16,9,16
"BudgetCrossing",16000,2,18,10.303,10.306,0.297,8.973,1,0,0.153,1.177,57344,16,9,16
"BudgetCrossing",16000,2,19,9.666,9.659,0.280,8.301,1,0,0.157,1.208,61440,16,9,16
"BudgetCrossing",16000,2,20,11.222,11.221,0.288,8.603,1,0,0.161,2.458,61440,16,9,16
"BudgetCrossing",16000,2,21,11.111,11.111,0.293,9.806,1,0,0.146,1.160,73728,17,9,17
"BudgetCrossing",16000,2,22,11.856,11.862,0.303,10.526,1,0,0.161,1.170,77824,17,9,17
"BudgetCrossing",16000,2,23,10.105,10.099,0.224,8.677,1,0,0.141,1.286,69632,17,9,17
"BudgetCrossing",16000,2,24,9.237,9.243,0.311,8.736,1,0,0.138,0.363,24576,17,9,17
"BudgetCrossing",16000,2,25,10.126,10.115,0.233,8.564,1,0,0.116,1.447,73728,17,9,17
"BudgetCrossing",16000,2,26,10.848,10.857,0.309,10.329,1,0,0.120,0.399,12288,17,9,17
"BudgetCrossing",16000,2,27,9.798,9.795,0.301,8.594,1,0,0.118,1.086,73728,17,9,17
"BudgetCrossing",16000,2,28,9.702,9.707,0.187,8.378,1,0,0.144,1.180,73728,17,9,17
"BudgetCrossing",16000,2,29,11.588,11.529,0.197,8.822,1,0,0.138,2.628,,17,9,17
"BudgetCrossing",16000,2,30,9.503,9.564,0.288,9.071,1,0,0.121,0.312,8192,18,9,18
"BudgetCrossing",16000,2,31,9.780,9.769,0.000,9.240,1,0,0.156,0.384,4096,18,9,18
"BudgetCrossing",16000,2,32,11.250,11.231,0.233,8.832,1,0,0.146,2.273,69632,18,9,18
"BudgetCrossing",16000,2,33,9.407,9.427,0.318,8.852,1,0,0.136,0.419,4096,18,9,18
"BudgetCrossing",16000,2,34,10.460,10.464,0.196,9.076,1,0,0.135,1.249,69632,18,9,18
"BudgetCrossing",16000,2,35,10.602,10.595,0.300,9.224,1,0,0.147,1.231,73728,18,9,18
"BudgetCrossing",16000,2,36,10.541,10.544,0.222,9.180,1,0,0.137,1.224,69632,18,9,18
"BudgetCrossing",16000,2,37,10.726,10.724,0.223,9.183,1,0,0.111,1.432,77824,18,9,18
"BudgetCrossing",16000,2,38,11.014,11.007,0.355,10.393,1,0,0.116,0.505,16384,18,9,18
"BudgetCrossing",16000,2,39,9.642,9.652,0.313,8.227,1,0,0.115,1.300,73728,19,9,19
"BudgetCrossing",16000,2,40,11.386,11.349,0.307,8.479,1,0,0.151,2.755,77824,19,9,19
"BudgetCrossing",16000,2,41,10.267,10.299,0.295,9.013,1,0,0.141,1.113,73728,19,9,19
"BudgetCrossing",16000,2,42,8.981,8.976,0.463,8.443,1,0,0.139,0.399,16384,19,9,19
"BudgetCrossing",16000,2,43,9.421,9.422,0.227,8.879,1,0,0.134,0.409,20480,19,9,19
"BudgetCrossing",16000,2,44,10.365,10.364,0.293,8.957,1,0,0.130,1.278,77824,19,9,19
"BudgetCrossing",16000,2,45,11.292,11.292,0.225,8.748,1,0,0.121,2.423,,19,9,19
"BudgetCrossing",16000,2,46,10.016,10.016,0.300,8.727,1,0,0.123,1.166,65536,19,9,19
"BudgetCrossing",16000,2,47,11.695,11.691,0.189,9.103,1,0,0.156,2.436,57344,19,9,19
"BudgetCrossing",16000,2,48,10.235,10.237,0.502,8.829,1,0,0.122,1.283,65536,20,9,20
"BudgetCrossing",16000,2,49,10.733,10.728,0.199,8.805,1,0,0.157,1.771,57344,20,9,20
"BudgetCrossing",16000,2,50,12.647,12.650,0.201,11.293,1,0,0.144,1.211,73728,20,9,20
"BudgetCrossing",16000,2,51,10.468,10.462,0.315,8.773,1,0,0.141,1.554,73728,20,9,20
"BudgetCrossing",16000,2,52,10.239,10.248,0.341,8.904,1,0,0.127,1.208,69632,20,9,20
"BudgetCrossing",16000,2,53,10.142,10.132,0.312,8.736,1,0,0.130,1.276,77824,20,9,20
"BudgetCrossing",16000,2,54,10.889,10.894,0.306,9.164,1,0,0.338,1.386,77824,20,9,20
"BudgetCrossing",16000,2,55,10.477,10.465,0.285,8.716,1,0,0.158,1.604,69632,20,9,20
"BudgetCrossing",16000,2,56,12.687,12.702,0.207,9.935,1,0,0.157,2.596,73728,20,9,20
"BudgetCrossing",16000,2,57,11.928,11.910,0.267,8.468,1,0,0.153,3.307,,21,9,21
"BudgetCrossing",16000,2,58,10.169,10.183,0.348,8.811,1,0,0.125,1.233,65536,21,9,21
"BudgetCrossing",16000,2,59,11.220,11.210,0.314,9.452,1,0,0.125,1.643,57344,21,9,21
"BudgetCrossing",16000,2,60,10.050,10.063,0.315,8.801,1,0,0.113,1.136,65536,21,9,21
"BudgetCrossing",16000,2,61,10.568,10.552,0.197,8.997,1,0,0.158,1.413,57344,21,9,21
"BudgetCrossing",16000,2,62,10.617,10.629,0.277,9.298,1,0,0.152,1.167,69632,21,9,21
"BudgetCrossing",16000,2,63,9.872,9.843,0.298,9.111,1,0,0.160,0.601,20480,21,9,21
"BudgetCrossing",16000,2,64,14.356,14.333,0.198,11.037,1,0,0.274,3.044,73728,21,9,21
"BudgetCrossing",16000,2,65,11.022,11.069,0.222,9.721,1,0,0.137,1.164,77824,21,9,21
"BudgetCrossing",16000,2,66,9.554,9.551,0.354,8.963,1,0,0.173,0.419,16384,21,9,21
"BudgetCrossing",16000,2,67,10.442,10.438,0.281,9.094,1,0,0.138,1.211,69632,21,9,21
"BudgetCrossing",16000,2,68,9.029,9.014,0.303,8.402,1,0,0.123,0.503,16384,21,9,21
"BudgetCrossing",16000,2,69,13.999,14.021,0.260,12.604,1,0,0.179,1.216,77824,21,9,21
"BudgetCrossing",16000,2,70,11.381,11.363,0.226,8.462,1,0,0.116,2.803,73728,21,9,21
"BudgetCrossing",16000,2,71,14.228,14.232,0.361,12.095,1,0,0.117,2.016,,21,9,21
"BudgetCrossing",16000,2,72,10.001,10.011,0.274,8.709,1,0,0.127,1.164,65536,21,9,21
"BudgetCrossing",16000,2,73,11.374,11.361,0.316,9.307,1,0,0.161,1.906,57344,21,9,21
"BudgetCrossing",16000,2,74,10.058,10.071,0.213,9.508,1,0,0.126,0.424,8192,21,9,21
"BudgetCrossing",16000,2,75,10.978,10.968,0.293,9.537,1,0,0.158,1.283,57344,21,9,21
"BudgetCrossing",16000,2,76,11.075,11.077,0.278,9.631,1,0,0.140,1.303,69632,21,9,21
"BudgetCrossing",16000,2,77,9.976,9.974,0.238,8.619,1,0,0.128,1.229,73728,21,9,21
"BudgetCrossing",16000,2,78,10.433,10.441,0.288,9.214,1,0,0.127,1.092,69632,21,9,21
"BudgetCrossing",16000,2,79,10.090,10.083,0.317,8.774,1,0,0.158,1.158,73728,21,9,21
"BudgetCrossing",16000,2,80,10.570,10.576,0.278,9.254,1,0,0.151,1.165,73728,21,9,21
"BudgetCrossing",16000,2,81,12.685,12.676,0.284,11.420,1,0,0.119,1.147,69632,21,9,21
"BudgetCrossing",16000,2,82,10.129,10.131,0.309,8.827,1,0,0.118,1.184,77824,21,9,21
"BudgetCrossing",16000,2,83,15.960,15.962,0.228,14.568,1,0,0.142,1.250,73728,21,9,21
"BudgetCrossing",16000,2,84,11.369,11.325,0.322,9.015,1,0,0.128,2.226,,21,9,21
"BudgetCrossing",16000,2,85,11.080,11.126,0.612,9.784,1,0,0.129,1.167,65536,21,9,21
"BudgetCrossing",16000,2,86,9.705,9.704,0.000,9.284,1,0,0.128,0.293,4096,21,9,21
"BudgetCrossing",16000,2,87,10.346,10.344,0.209,9.063,1,0,0.120,1.163,61440,21,9,21
"BudgetCrossing",16000,2,88,13.053,13.032,0.292,11.121,1,0,0.123,1.809,57344,21,9,21
"BudgetCrossing",16000,2,89,13.502,13.511,0.285,11.649,1,0,0.243,1.610,73728,21,9,21
"BudgetCrossing",16000,2,90,9.342,9.351,0.318,8.806,1,0,0.117,0.419,16384,21,9,21
"BudgetCrossing",16000,2,91,10.763,10.747,0.284,8.775,1,0,0.153,1.836,69632,21,9,21
"BudgetCrossing",16000,2,92,12.226,12.244,0.220,10.904,1,0,0.145,1.176,73728,21,9,21
"BudgetCrossing",16000,2,93,11.759,11.749,0.322,9.022,1,0,0.136,2.601,73728,21,9,21
"BudgetCrossing",16000,2,94,9.571,9.579,0.274,8.998,1,0,0.124,0.448,16384,21,9,21
"BudgetCrossing",16000,2,95,10.396,10.388,0.234,9.123,1,0,0.125,1.148,73728,21,9,21
"BudgetCrossing",16000,2,96,11.036,11.028,0.302,8.959,1,0,0.123,1.954,147456,21,9,21
"BudgetCrossing",16000,2,97,12.636,12.649,0.301,11.081,1,0,0.119,1.437,,21,9,21
"BudgetCrossing",16000,2,98,10.344,10.338,0.195,8.973,1,0,0.164,1.207,69632,21,9,21
"BudgetCrossing",16000,2,99,11.232,11.237,0.205,9.675,1,0,0.119,1.439,57344,21,9,21
"BudgetCrossing",16000,2,100,10.377,10.370,0.306,9.116,1,0,0.126,1.135,61440,21,9,21
"BudgetCrossing",16000,2,101,12.312,12.294,0.284,9.405,1,0,0.129,2.778,57344,21,9,21
"BudgetCrossing",16000,2,102,11.300,11.319,0.226,9.909,1,0,0.164,1.227,69632,21,9,21
"BudgetCrossing",16000,2,103,11.959,11.959,0.276,10.683,1,0,0.129,1.147,73728,21,9,21
"BudgetCrossing",16000,2,104,12.602,12.604,0.292,11.197,1,0,0.173,1.233,73728,21,9,21
"BudgetCrossing",16000,2,105,10.746,10.734,0.204,9.046,1,0,0.164,1.536,73728,21,9,21
"BudgetCrossing",16000,2,106,11.997,12.006,0.355,10.637,1,0,0.124,1.236,73728,21,9,21
"BudgetCrossing",16000,2,107,11.213,11.207,0.284,9.814,1,0,0.114,1.285,69632,21,9,21
"BudgetCrossing",16000,2,108,11.784,11.787,0.308,10.425,1,0,0.152,1.207,73728,21,9,21
"BudgetCrossing",16000,2,109,13.938,13.926,0.384,9.212,1,0,0.151,4.575,73728,21,9,21
"BudgetCrossing",16000,2,110,12.404,12.403,0.350,9.384,1,0,0.124,2.896,,21,9,21
"BudgetCrossing",16000,2,111,11.126,11.143,0.301,9.856,1,0,0.128,1.142,65536,21,9,21
"BudgetCrossing",16000,2,112,10.965,10.953,0.000,10.126,1,0,0.237,0.602,4096,21,9,21
"BudgetCrossing",16000,2,113,12.269,12.280,0.299,10.922,1,0,0.116,1.231,61440,21,9,21
"BudgetCrossing",16000,2,114,12.884,12.873,0.205,11.306,1,0,0.163,1.415,61440,21,9,21
"BudgetCrossing",16000,2,115,10.795,10.798,0.288,9.407,1,0,0.121,1.266,61440,21,9,21
"BudgetCrossing",16000,2,116,10.744,10.740,0.288,9.192,1,0,0.121,1.431,69632,21,9,21
"BudgetCrossing",16000,2,117,11.007,11.009,0.227,9.563,1,0,0.129,1.315,73728,21,9,21
"BudgetCrossing",16000,2,118,14.144,14.148,0.228,12.803,1,0,0.120,1.221,73728,21,9,21
"BudgetCrossing",16000,2,119,10.735,10.728,0.352,9.381,1,0,0.157,1.196,73728,21,9,21
"BudgetCrossing",16000,2,120,10.374,10.375,0.201,9.036,1,0,0.149,1.188,69632,21,9,21
"BudgetCrossing",16000,2,121,10.633,10.640,0.351,9.374,1,0,0.121,1.138,73728,21,9,21
"BudgetCrossing",16000,2,122,10.970,10.963,0.281,9.610,1,0,0.153,1.207,77824,21,9,21
"BudgetCrossing",16000,2,123,11.509,11.501,0.300,9.432,1,0,0.139,1.938,,21,9,21
"BudgetCrossing",16000,2,124,11.327,11.332,0.312,9.979,1,0,0.129,1.219,65536,21,9,21
"BudgetCrossing",16000,2,125,10.747,10.750,0.000,9.284,1,0,0.157,1.306,57344,21,9,21
"BudgetCrossing",16000,2,126,11.378,11.377,0.231,9.979,1,0,0.159,1.240,61440,21,9,21
"BudgetCrossing",16000,2,127,13.008,13.008,0.301,11.690,1,0,0.116,1.202,57344,21,9,21
"BudgetCrossing",16000,2,128,12.936,12.926,0.357,11.332,1,0,0.150,1.453,61440,21,9,21
"BudgetCrossing",16000,2,129,13.313,13.301,0.316,10.896,1,0,0.155,2.261,73728,21,9,21
"BudgetCrossing",16000,2,130,10.962,10.981,0.199,9.619,1,0,0.124,1.219,69632,21,9,21
"BudgetCrossing",16000,2,131,11.311,11.290,0.229,9.094,1,0,0.167,2.050,73728,21,9,21
"BudgetCrossing",16000,2,132,13.756,13.746,0.304,11.411,1,0,0.129,2.215,73728,21,9,21
"BudgetCrossing",16000,2,133,11.872,11.904,0.298,10.484,1,0,0.133,1.255,69632,21,9,21
"BudgetCrossing",16000,2,134,11.309,11.295,0.276,9.461,1,0,0.133,1.715,73728,21,9,21
"BudgetCrossing",16000,2,135,12.101,12.105,0.341,9.387,1,0,0.161,2.554,,21,9,21
"BudgetCrossing",16000,2,136,10.957,10.959,0.208,9.707,1,0,0.137,1.113,69632,21,9,21
"BudgetCrossing",16000,2,137,9.740,9.745,0.356,9.185,1,0,0.155,0.400,4096,21,9,21
"BudgetCrossing",16000,2,138,10.356,10.341,0.287,9.756,1,0,0.152,0.448,8192,21,9,21
"BudgetCrossing",16000,2,139,10.654,10.669,0.276,9.283,1,0,0.152,1.219,57344,21,9,21
"BudgetCrossing",16000,2,140,11.198,11.190,0.226,9.762,1,0,0.147,1.288,61440,21,9,21
"BudgetCrossing",16000,2,141,10.112,10.102,0.356,9.476,1,0,0.142,0.494,8192,21,9,21
"BudgetCrossing",16000,2,142,12.231,12.230,0.611,9.437,1,0,0.133,2.661,65536,21,9,21
"BudgetCrossing",16000,2,143,10.704,10.715,0.381,9.408,1,0,0.124,1.172,73728,21,9,21
"BudgetCrossing",16000,2,144,10.758,10.760,0.323,9.407,1,0,0.124,1.227,77824,21,9,21
"BudgetCrossing",16000,2,145,10.093,10.083,0.201,9.475,1,0,0.119,0.499,12288,21,9,21
"BudgetCrossing",16000,2,146,10.557,10.564,0.289,9.963,1,0,0.154,0.441,16384,21,9,21
"BudgetCrossing",16000,2,147,13.493,13.493,0.305,12.265,1,0,0.109,1.120,73728,21,9,21
"BudgetCrossing",16000,2,148,10.694,10.694,0.301,9.118,1,0,0.117,1.460,73728,21,9,21
"BudgetCrossing",16000,2,149,11.197,11.189,0.306,9.702,1,0,0.123,1.372,77824,21,9,21
"BudgetCrossing",16000,2,150,10.693,10.696,0.301,9.276,1,0,0.151,1.266,73728,21,9,21
"BudgetCrossing",16000,2,151,11.940,11.939,0.275,9.764,1,0,0.122,2.054,,21,9,21
"BudgetCrossing",16000,2,152,12.913,12.876,0.299,9.985,1,0,0.137,2.791,69632,21,9,21
"BudgetCrossing",16000,2,153,13.153,13.163,0.295,11.255,1,0,0.187,1.711,57344,21,9,21
"BudgetCrossing",16000,2,154,12.784,12.779,0.304,11.554,1,0,0.190,1.040,8192,21,9,21
"BudgetCrossing",16000,2,155,10.998,11.017,0.284,9.478,1,0,0.162,1.358,57344,21,9,21
"BudgetCrossing",16000,2,156,11.522,11.520,0.305,9.958,1,0,0.164,1.400,61440,21,9,21
"BudgetCrossing",16000,2,157,11.119,11.111,0.306,9.434,1,0,0.181,1.504,61440,21,9,21
"BudgetCrossing",16000,2,158,11.192,11.207,0.282,9.730,1,0,0.176,1.286,69632,21,9,21
"BudgetCrossing",16000,2,159,10.937,10.932,0.203,9.450,1,0,0.215,1.271,77824,21,9,21
"BudgetCrossing",16000,2,160,11.106,11.110,0.289,9.552,1,0,0.188,1.366,73728,21,9,21
"BudgetCrossing",16000,2,161,11.303,11.304,0.301,9.922,1,0,0.178,1.203,69632,21,9,21
"BudgetCrossing",16000,2,162,12.184,12.169,0.205,10.174,1,0,0.167,1.843,73728,21,9,21
"BudgetCrossing",16000,2,163,12.475,12.486,0.308,9.654,1,0,0.134,2.688,77824,21,9,21
"BudgetCrossing",16000,2,164,13.702,13.691,0.227,10.612,1,0,0.262,2.827,,21,9,21
"BudgetCrossing",16000,2,165,10.514,10.529,0.309,9.212,1,0,0.126,1.176,69632,21,9,21
"BudgetCrossing",16000,2,166,11.103,11.101,0.230,9.793,1,0,0.164,1.147,57344,21,9,21
"BudgetCrossing",16000,2,167,11.767,11.757,0.208,10.017,1,0,0.157,1.593,61440,21,9,21
"BudgetCrossing",16000,2,168,11.021,11.031,0.281,9.608,1,0,0.156,1.258,57344,21,9,21
"BudgetCrossing",16000,2,169,13.455,13.449,0.362,12.022,1,0,0.170,1.264,61440,21,9,21
"BudgetCrossing",16000,2,170,14.066,14.042,0.381,11.269,1,0,0.115,2.681,61440,21,9,21
"BudgetCrossing",16000,2,171,12.739,12.768,0.317,11.440,1,0,0.120,1.180,73728,21,9,21
"BudgetCrossing",16000,2,172,10.730,10.723,0.319,9.440,1,0,0.124,1.166,73728,21,9,21
"BudgetCrossing",16000,2,173,11.291,11.293,0.314,9.963,1,0,0.152,1.177,73728,21,9,21
"BudgetCrossing",16000,2,174,10.903,10.901,0.297,9.506,1,0,0.155,1.242,69632,21,9,21
"BudgetCrossing",16000,2,175,14.713,14.710,0.300,13.418,1,0,0.137,1.159,73728,21,9,21
"BudgetCrossing",16000,2,176,10.687,10.692,0.366,9.352,1,0,0.162,1.173,73728,21,9,21
"BudgetCrossing",16000,2,177,13.488,13.477,0.351,10.818,1,0,0.163,2.507,,21,9,21
"BudgetCrossing",16000,2,178,13.919,13.928,0.375,12.510,1,0,0.163,1.247,61440,21,9,21
"BudgetCrossing",16000,2,179,11.119,11.117,0.262,9.769,1,0,0.158,1.192,61440,21,9,21
"BudgetCrossing",16000,2,180,13.313,13.310,0.358,11.951,1,0,0.125,1.237,57344,21,9,21
"BudgetCrossing",16000,2,181,11.060,11.063,0.262,9.677,1,0,0.131,1.252,61440,21,9,21
"BudgetCrossing",16000,2,182,11.460,11.457,0.273,10.036,1,0,0.164,1.260,61440,21,9,21
"BudgetCrossing",16000,2,183,10.970,10.965,0.284,9.672,1,0,0.159,1.139,69632,21,9,21
"BudgetCrossing",16000,2,184,14.513,14.504,0.307,12.599,1,0,0.139,1.775,77824,21,9,21
"BudgetCrossing",16000,2,185,13.299,13.290,0.297,10.462,1,0,0.166,2.671,69632,21,9,21
"BudgetCrossing",16000,2,186,12.354,12.372,0.323,10.463,1,0,0.143,1.749,73728,21,9,21
"BudgetCrossing",16000,2,187,11.223,11.220,0.294,9.848,1,0,0.171,1.204,73728,21,9,21
"BudgetCrossing",16000,2,188,12.584,12.569,0.312,9.851,1,0,0.161,2.572,69632,21,9,21
"BudgetCrossing",16000,2,189,12.379,12.397,0.267,9.841,1,0,0.333,2.205,,21,9,21
"BudgetCrossing",16000,2,190,16.289,16.290,0.215,13.719,1,0,0.148,2.422,61440,21,9,21
"BudgetCrossing",16000,2,191,11.165,11.164,0.318,9.612,1,0,0.156,1.396,57344,21,9,21
"BudgetCrossing",16000,2,192,10.984,10.991,0.204,9.645,1,0,0.123,1.217,61440,21,9,21
"BudgetCrossing",16000,2,193,12.034,12.022,0.299,10.489,1,0,0.152,1.393,57344,21,9,21
"BudgetCrossing",16000,2,194,12.067,12.074,0.206,10.387,1,0,0.124,1.556,61440,21,9,21
"BudgetCrossing",16000,2,195,11.647,11.642,0.238,10.207,1,0,0.158,1.282,65536,21,9,21
"BudgetCrossing",16000,2,196,13.264,13.260,0.341,11.517,1,0,0.113,1.634,65536,21,9,21
"BudgetCrossing",16000,2,197,11.132,11.141,0.324,9.759,1,0,0.146,1.227,73728,21,9,21
"BudgetCrossing",16000,2,198,11.928,11.914,0.347,11.288,1,0,0.151,0.489,20480,21,9,21
"BudgetCrossing",16000,2,199,13.299,13.314,0.283,11.959,1,0,0.146,1.195,69632,21,9,21
"BudgetCrossing",16000,2,200,10.356,10.353,0.223,9.849,1,0,0.129,0.377,16384,21,9,21
"BudgetCrossing",16000,2,201,11.328,11.329,0.313,9.885,1,0,0.138,1.306,73728,21,9,21
"BudgetCrossing",16000,2,202,14.331,14.268,0.213,10.687,1,0,0.145,3.499,,21,9,21
"BudgetCrossing",16000,2,203,12.422,12.484,0.321,11.186,1,0,0.121,1.115,69632,21,9,21
"BudgetCrossing",16000,2,204,10.827,10.829,0.000,9.553,1,0,0.166,1.108,57344,21,9,21
"BudgetCrossing",16000,2,205,11.016,11.008,0.281,9.715,1,0,0.155,1.146,61440,21,9,21
"BudgetCrossing",16000,2,206,11.031,11.035,0.312,9.771,1,0,0.151,1.109,57344,21,9,21
"BudgetCrossing",16000,2,207,10.484,10.474,0.228,9.886,1,0,0.136,0.461,8192,21,9,21
"BudgetCrossing",16000,2,208,10.833,10.841,0.305,9.954,1,0,0.151,0.728,8192,21,9,21
"BudgetCrossing",16000,2,209,10.376,10.375,0.306,9.838,1,0,0.147,0.391,4096,21,9,21
"BudgetCrossing",16000,2,210,12.889,12.868,0.301,10.051,1,0,0.119,2.719,65536,21,9,21
"BudgetCrossing",16000,2,211,12.495,12.508,0.310,10.399,1,0,0.129,1.968,77824,21,9,21
"BudgetCrossing",16000,2,212,12.259,12.259,0.366,11.712,1,0,0.128,0.419,12288,21,9,21
"BudgetCrossing",16000,2,213,10.242,10.248,0.317,9.751,1,0,0.122,0.369,16384,21,9,21
"BudgetCrossing",16000,2,214,11.350,11.345,0.263,9.918,1,0,0.153,1.279,77824,21,9,21
"BudgetCrossing",16000,2,215,13.098,13.098,0.298,11.823,1,0,0.115,1.160,77824,21,9,21
"BudgetCrossing",16000,2,216,12.123,12.121,0.242,9.586,1,0,0.119,2.417,77824,21,9,21
"BudgetCrossing",16000,2,217,14.128,14.115,0.352,12.773,1,0,0.168,1.188,77824,21,9,21
"BudgetCrossing",16000,2,218,12.426,12.432,0.322,10.023,1,0,0.133,2.270,,21,9,21
"BudgetCrossing",16000,2,219,11.719,11.726,0.300,10.265,1,0,0.132,1.321,122880,21,9,21
"BudgetCrossing",16000,2,220,11.523,11.493,0.283,10.604,1,0,0.130,0.790,16384,21,9,21
"BudgetCrossing",16000,2,221,12.981,12.999,0.356,10.842,1,0,0.166,1.974,77824,21,9,21
"BudgetCrossing",16000,2,222,13.612,13.613,0.272,12.059,1,0,0.181,1.373,69632,21,9,21
"BudgetCrossing",16000,2,223,11.603,11.610,0.206,10.223,1,0,0.155,1.224,73728,21,9,21
"BudgetCrossing",16000,2,224,10.417,10.419,0.269,9.870,1,0,0.158,0.389,16384,21,9,21
"BudgetCrossing",16000,2,225,13.259,13.252,0.231,12.011,1,0,0.120,1.128,69632,21,9,21
"BudgetCrossing",16000,2,226,11.489,11.490,0.304,10.076,1,0,0.155,1.258,81920,21,9,21
"BudgetCrossing",16000,2,227,9.920,9.918,0.305,9.424,1,0,0.124,0.373,16384,21,9,21
"BudgetCrossing",16000,2,228,11.190,11.198,0.310,10.663,1,0,0.127,0.400,16384,21,9,21
"BudgetCrossing",16000,2,229,12.360,12.351,0.204,10.437,1,0,0.161,1.763,77824,21,9,21
"BudgetCrossing",16000,2,230,13.847,13.835,0.470,10.557,1,0,0.161,3.129,,21,9,21
"BudgetCrossing",16000,2,231,12.598,12.598,0.288,11.126,1,0,0.161,1.310,69632,21,9,21
"BudgetCrossing",16000,2,232,11.799,11.790,0.276,10.204,1,0,0.159,1.437,69632,21,9,21
"BudgetCrossing",16000,2,233,11.725,11.736,0.360,10.184,1,0,0.172,1.369,73728,21,9,21
"BudgetCrossing",16000,2,234,10.998,11.001,0.287,10.351,1,0,0.158,0.488,16384,21,9,21
"BudgetCrossing",16000,2,235,11.848,11.841,0.330,10.458,1,0,0.182,1.208,69632,21,9,21
"BudgetCrossing",16000,2,236,12.755,12.758,0.285,10.122,1,0,0.136,2.497,73728,21,9,21
"BudgetCrossing",16000,2,237,12.451,12.435,0.317,10.965,1,0,0.170,1.316,81920,21,9,21
"BudgetCrossing",16000,2,238,11.749,11.745,0.194,10.140,1,0,0.169,1.440,69632,21,9,21
"BudgetCrossing",16000,2,239,12.362,12.385,0.297,10.767,1,0,0.153,1.442,73728,21,9,21
"BudgetCrossing",16000,2,240,11.366,11.368,0.296,10.062,1,0,0.120,1.184,77824,21,9,21
"BudgetCrossing",16000,2,241,14.123,14.110,0.358,11.372,1,0,0.158,2.592,73728,21,9,21
"BudgetCrossing",16000,2,242,12.494,12.497,0.296,10.245,1,0,0.122,2.127,,21,9,21
"BudgetCrossing",16000,2,243,13.027,13.019,0.302,10.537,1,0,0.128,2.362,65536,21,9,21
"BudgetCrossing",16000,2,244,12.352,12.367,0.000,10.874,1,0,0.169,1.308,69632,21,9,21
"BudgetCrossing",16000,2,245,13.512,13.478,0.311,11.420,1,0,0.138,1.954,73728,21,9,21
"BudgetCrossing",16000,2,246,14.203,14.230,0.205,12.264,1,0,0.119,1.819,69632,21,9,21
"BudgetCrossing",16000,2,247,11.087,11.093,0.359,9.791,1,0,0.153,1.142,73728,21,9,21
"BudgetCrossing",16000,2,248,11.633,11.627,0.282,10.251,1,0,0.134,1.248,73728,21,9,21
"BudgetCrossing",16000,2,249,11.628,11.631,0.300,10.207,1,0,0.132,1.290,73728,21,9,21
"BudgetCrossing",16000,2,250,12.159,12.160,0.224,10.724,1,0,0.156,1.280,77824,21,9,21
"BudgetCrossing",16000,2,251,13.319,13.314,0.354,11.976,1,0,0.155,1.188,73728,21,9,21
"BudgetCrossing",16000,2,252,13.127,13.132,0.356,11.818,1,0,0.157,1.152,69632,21,9,21
"BudgetCrossing",16000,2,253,11.877,11.869,0.233,10.055,1,0,0.130,1.692,73728,21,9,21
"BudgetCrossing",16000,2,254,12.249,12.245,0.305,10.229,1,0,0.161,1.859,73728,21,9,21
"BudgetCrossing",16000,2,255,14.076,14.080,0.230,11.871,1,0,0.117,2.089,,21,9,21
"BudgetCrossing",16000,2,256,13.711,13.711,0.296,12.477,1,0,0.119,1.115,57344,21,9,21
"BudgetCrossing",16000,2,257,11.163,11.169,0.204,9.802,1,0,0.162,1.200,69632,21,9,21
"BudgetCrossing",16000,2,258,12.019,12.014,0.301,10.693,1,0,0.121,1.205,73728,21,9,21
"BudgetCrossing",16000,2,259,12.230,12.235,0.202,10.851,1,0,0.127,1.252,69632,21,9,21
"BudgetCrossing",16000,2,260,13.970,13.965,0.284,11.745,1,0,0.209,2.017,73728,21,9,21
"BudgetCrossing",16000,2,261,11.303,11.306,0.315,9.992,1,0,0.117,1.193,77824,21,9,21
"BudgetCrossing",16000,2,262,11.942,11.940,0.284,10.554,1,0,0.154,1.234,69632,21,9,21
"BudgetCrossing",16000,2,263,12.169,12.171,0.283,10.813,1,0,0.128,1.228,77824,21,9,21
"BudgetCrossing",16000,2,264,14.380,14.362,0.213,12.443,1,0,0.124,1.814,73728,21,9,21
"BudgetCrossing",16000,2,265,12.255,12.258,0.366,10.647,1,0,0.127,1.480,69632,21,9,21
"BudgetCrossing",16000,2,266,13.525,13.491,0.314,10.468,1,0,0.122,2.936,73728,21,9,21
"BudgetCrossing",16000,2,267,13.918,13.944,0.280,11.717,1,0,0.129,2.072,,21,9,21
"BudgetCrossing",16000,2,268,12.058,12.084,0.294,10.629,1,0,0.131,1.299,61440,21,9,21
"BudgetCrossing",16000,2,269,13.766,13.745,0.000,11.712,1,0,0.125,1.929,57344,21,9,21
"BudgetCrossing",16000,2,270,15.571,15.584,0.314,13.460,1,0,0.169,1.942,73728,21,9,21
"BudgetCrossing",16000,2,271,11.709,11.707,0.293,10.329,1,0,0.123,1.257,69632,21,9,21
"BudgetCrossing",16000,2,272,13.066,13.045,0.287,11.527,1,0,0.161,1.378,73728,21,9,21
"BudgetCrossing",16000,2,273,14.015,14.032,0.302,12.529,1,0,0.119,1.368,77824,21,9,21
"BudgetCrossing",16000,2,274,11.954,11.963,0.280,10.584,1,0,0.161,1.209,69632,21,9,21
"BudgetCrossing",16000,2,275,13.117,13.093,0.280,11.005,1,0,0.161,1.951,77824,21,9,21
"BudgetCrossing",16000,2,276,15.422,15.438,0.228,14.000,1,0,0.130,1.291,73728,21,9,21
"BudgetCrossing",16000,2,277,13.039,13.030,0.342,10.657,1,0,0.143,2.239,69632,21,9,21
"BudgetCrossing",16000,2,278,13.797,13.787,0.228,10.851,1,0,0.155,2.792,73728,21,9,21
"BudgetCrossing",16000,2,279,14.000,13.964,0.324,10.816,1,0,0.115,3.069,81920,21,9,21
"BudgetCrossing",16000,2,280,12.706,12.718,0.299,9.923,1,0,0.131,2.651,,21,9,21
"BudgetCrossing",16000,2,281,12.424,12.457,0.293,10.483,1,0,0.124,1.816,61440,21,9,21
"BudgetCrossing",16000,2,282,12.192,12.193,0.000,10.744,1,0,0.158,1.290,57344,21,9,21
"BudgetCrossing",16000,2,283,14.087,14.088,0.229,12.453,1,0,0.116,1.518,118784,21,9,21
"BudgetCrossing",16000,2,284,11.877,11.859,0.321,10.746,1,0,0.302,0.829,12288,21,9,21
"BudgetCrossing",16000,2,285,13.905,13.906,0.298,11.060,1,0,0.123,2.723,73728,21,9,21
"BudgetCrossing",16000,2,286,13.581,13.599,0.325,12.241,1,0,0.123,1.216,81920,21,9,21
"BudgetCrossing",16000,2,287,12.135,12.131,0.362,10.792,1,0,0.160,1.184,69632,21,9,21
"BudgetCrossing",16000,2,288,13.379,13.371,0.288,10.563,1,0,0.149,2.667,81920,21,9,21
"BudgetCrossing",16000,2,289,12.177,12.188,0.334,10.823,1,0,0.125,1.229,73728,21,9,21
"BudgetCrossing",16000,2,290,12.015,12.010,0.343,11.150,1,0,0.116,0.749,16384,21,9,21
"BudgetCrossing",16000,2,291,17.596,17.568,0.237,15.614,1,0,0.193,1.789,77824,21,9,21
"BudgetCrossing",16000,2,292,13.971,13.964,0.224,11.722,1,0,0.150,2.099,73728,21,9,21
"BudgetCrossing",16000,2,293,14.162,14.162,0.276,11.067,1,0,0.137,2.959,,21,9,21
"BudgetCrossing",16000,2,294,12.924,12.961,0.297,11.680,1,0,0.123,1.122,61440,21,9,21
"BudgetCrossing",16000,2,295,11.600,11.596,0.000,10.157,1,0,0.168,1.275,57344,21,9,21
"BudgetCrossing",16000,2,296,11.816,11.813,0.200,10.430,1,0,0.132,1.254,73728,21,9,21
"BudgetCrossing",16000,2,297,10.844,10.844,0.208,10.260,1,0,0.120,0.463,12288,21,9,21
"BudgetCrossing",16000,2,298,11.728,11.728,0.233,10.112,1,0,0.159,1.457,73728,21,9,21
"BudgetCrossing",16000,2,299,14.771,14.769,0.366,13.279,1,0,0.136,1.357,73728,21,9,21
"BudgetCrossing",18000,2,0,12.710,12.710,0.329,10.888,1,0,0.135,1.686,61440,14,9,14
"BudgetCrossing",18000,2,1,12.758,12.774,0.314,11.396,1,0,0.179,1.183,61440,14,9,14
"BudgetCrossing",18000,2,2,12.139,12.134,0.315,10.800,1,0,0.153,1.186,73728,14,9,14
"BudgetCrossing",18000,2,3,10.499,10.501,0.195,9.896,1,0,0.154,0.448,16384,15,9,15
"BudgetCrossing",18000,2,4,11.919,11.916,0.299,10.559,1,0,0.142,1.219,77824,15,9,15
"BudgetCrossing",18000,2,5,11.534,11.536,0.305,11.009,1,0,0.146,0.379,20480,15,9,15
"BudgetCrossing",18000,2,6,12.601,12.602,0.304,11.233,1,0,0.186,1.182,69632,15,9,15
"BudgetCrossing",18000,2,7,11.988,11.986,0.295,10.531,1,0,0.213,1.244,73728,15,9,15
"BudgetCrossing",18000,2,8,12.252,12.256,0.268,10.873,1,0,0.179,1.200,73728,15,9,15
"BudgetCrossing",18000,2,9,12.689,12.680,0.263,11.181,1,0,0.137,1.372,69632,15,9,15
"BudgetCrossing",18000,2,10,11.648,11.650,0.297,11.131,1,0,0.137,0.380,20480,15,9,15
"BudgetCrossing",18000,2,11,13.771,13.773,0.290,12.330,1,0,0.186,1.255,77824,15,9,15
"BudgetCrossing",18000,2,12,13.684,13.671,0.365,11.051,1,0,0.139,2.494,73728,16,9,16
"BudgetCrossing",18000,2,13,13.238,13.244,0.329,10.893,1,0,0.133,2.212,,16,9,16
"BudgetCrossing",18000,2,14,11.172,11.182,0.269,10.721,1,0,0.145,0.307,4096,16,9,16
"BudgetCrossing",18000,2,15,14.412,14.405,0.279,13.056,1,0,0.176,1.181,69632,16,9,16
"BudgetCrossing",18000,2,16,12.600,12.601,0.316,11.310,1,0,0.134,1.156,69632,16,9,16
"BudgetCrossing",18000,2,17,11.490,11.492,0.285,10.682,1,0,0.140,0.667,20480,16,9,16
"BudgetCrossing",18000,2,18,12.214,12.209,0.265,10.853,1,0,0.137,1.225,73728,16,9,16
"BudgetCrossing",18000,2,19,12.557,12.563,0.300,11.255,1,0,0.139,1.163,69632,16,9,16
"BudgetCrossing",18000,2,20,13.392,13.386,0.273,12.140,1,0,0.167,1.085,77824,16,9,16
"BudgetCrossing",18000,2,21,11.920,11.916,0.330,10.654,1,0,0.144,1.122,73728,17,9,17
"BudgetCrossing",18000,2,22,12.909,12.915,0.299,11.549,1,0,0.140,1.219,69632,17,9,17
"BudgetCrossing",18000,2,23,11.481,11.479,0.273,10.918,1,0,0.185,0.377,20480,17,9,17
"BudgetCrossing",18000,2,24,15.414,15.399,0.297,12.541,1,0,0.160,2.713,69632,17,9,17
"BudgetCrossing",18000,2,25,13.839,13.842,0.289,11.073,1,0,0.146,2.620,73728,17,9,17
"BudgetCrossing",18000,2,26,13.225,13.225,0.287,11.701,1,0,0.173,1.350,,17,9,17
"BudgetCrossing",18000,2,27,12.759,12.768,0.291,11.413,1,0,0.143,1.203,61440,17,9,17
"BudgetCrossing",18000,2,28,12.495,12.498,0.000,11.210,1,0,0.132,1.153,61440,17,9,17
"BudgetCrossing",18000,2,29,13.902,13.894,0.292,12.576,1,0,0.132,1.193,69632,17,9,17
"BudgetCrossing",18000,2,30,13.423,13.416,0.278,11.713,1,0,0.177,1.533,73728,18,9,18
"BudgetCrossing",18000,2,31,14.261,14.273,0.342,12.965,1,0,0.173,1.123,69632,18,9,18
"BudgetCrossing",18000,2,32,11.743,11.737,0.274,11.229,1,0,0.140,0.374,16384,18,9,18
"BudgetCrossing",18000,2,33,11.418,11.423,0.276,10.716,1,0,0.135,0.567,16384,18,9,18
"BudgetCrossing",18000,2,34,12.013,12.008,0.310,10.772,1,0,0.131,1.110,73728,18,9,18
"BudgetCrossing",18000,2,35,12.234,12.232,0.289,10.821,1,0,0.171,1.242,73728,18,9,18
"BudgetCrossing",18000,2,36,13.813,13.817,0.272,12.489,1,0,0.137,1.188,73728,18,9,18
"BudgetCrossing",18000,2,37,10.967,10.966,0.275,10.445,1,0,0.171,0.351,20480,18,9,18
"BudgetCrossing",18000,2,38,12.023,12.018,0.325,10.671,1,0,0.146,1.206,73728,18,9,18
"BudgetCrossing",18000,2,39,12.136,12.144,0.289,10.815,1,0,0.139,1.182,77824,19,9,19
"BudgetCrossing",18000,2,40,15.116,15.104,0.296,11.328,1,0,0.134,3.655,,19,9,19
"BudgetCrossing",18000,2,41,13.012,13.012,0.334,11.493,1,0,0.145,1.374,57344,19,9,19
"BudgetCrossing",18000,2,42,14.878,14.877,0.338,12.987,1,0,0.134,1.757,57344,19,9,19
"BudgetCrossing",18000,2,43,15.394,15.394,0.278,13.538,1,0,0.180,1.676,73728,19,9,19
"BudgetCrossing",18000,2,44,13.138,13.133,0.279,11.472,1,0,0.138,1.528,73728,19,9,19
"BudgetCrossing",18000,2,45,14.853,14.857,0.275,12.916,1,0,0.185,1.752,69632,19,9,19
"BudgetCrossing",18000,2,46,12.512,12.509,0.306,11.074,1,0,0.184,1.254,73728,19,9,19
"BudgetCrossing",18000,2,47,12.565,12.572,0.315,11.199,1,0,0.171,1.195,69632,19,9,19
"BudgetCrossing",18000,2,48,14.828,14.823,0.248,13.140,1,0,0.122,1.565,73728,20,9,20
"BudgetCrossing",18000,2,49,12.510,12.510,0.198,10.979,1,0,0.187,1.345,77824,20,9,20
"BudgetCrossing",18000,2,50,12.043,12.044,0.236,10.671,1,0,0.138,1.233,69632,20,9,20
"BudgetCrossing",18000,2,51,16.491,16.478,0.301,11.418,1,0,0.167,4.906,73728,20,9,20
"BudgetCrossing",18000,2,52,13.475,13.483,0.274,10.856,1,0,0.150,2.470,,20,9,20
"BudgetCrossing",18000,2,53,12.928,12.929,0.000,11.547,1,0,0.159,1.223,61440,20,9,20
"BudgetCrossing",18000,2,54,16.955,16.950,0.350,15.216,1,0,0.176,1.563,57344,20,9,20
"BudgetCrossing",18000,2,55,13.156,13.168,0.263,11.809,1,0,0.137,1.210,69632,20,9,20
"BudgetCrossing",18000,2,56,12.252,12.216,0.272,11.495,1,0,0.183,0.575,16384,20,9,20
"BudgetCrossing",18000,2,57,16.378,16.396,0.299,14.204,1,0,0.129,2.045,69632,21,9,21
"BudgetCrossing",18000,2,58,12.428,12.439,0.346,11.112,1,0,0.146,1.170,73728,21,9,21
"BudgetCrossing",18000,2,59,12.497,12.491,0.199,11.138,1,0,0.141,1.218,69632,21,9,21
"BudgetCrossing",18000,2,60,12.567,12.570,0.354,11.247,1,0,0.147,1.174,73728,21,9,21
"BudgetCrossing",18000,2,61,12.484,12.487,0.256,11.131,1,0,0.174,1.179,73728,21,9,21
"BudgetCrossing",18000,2,62,13.098,13.089,0.200,11.443,1,0,0.153,1.501,73728,21,9,21
"BudgetCrossing",18000,2,63,16.845,16.842,0.353,15.075,1,0,0.171,1.600,73728,21,9,21
"BudgetCrossing",18000,2,64,14.599,14.600,0.308,12.628,1,0,0.138,1.834,,21,9,21
"BudgetCrossing",18000,2,65,12.464,12.473,0.308,11.075,1,0,0.141,1.248,61440,21,9,21
"BudgetCrossing",18000,2,66,13.767,13.758,0.202,12.087,1,0,0.139,1.542,57344,21,9,21
"BudgetCrossing",18000,2,67,13.858,13.817,0.261,11.170,1,0,0.178,2.510,57344,21,9,21
"BudgetCrossing",18000,2,68,15.662,15.667,0.204,13.098,1,0,0.188,2.376,77824,21,9,21
"BudgetCrossing",18000,2,69,14.508,14.538,0.309,11.671,1,0,0.155,2.683,69632,21,9,21
"BudgetCrossing",18000,2,70,14.128,14.134,0.285,12.690,1,0,0.142,1.296,73728,21,9,21
"BudgetCrossing",18000,2,71,12.245,12.247,0.281,10.860,1,0,0.167,1.217,69632,21,9,21
"BudgetCrossing",18000,2,72,11.687,11.684,0.253,10.320,1,0,0.178,1.189,73728,21,9,21
"BudgetCrossing",18000,2,73,13.115,13.106,0.208,10.845,1,0,0.135,2.136,73728,21,9,21
"BudgetCrossing",18000,2,74,19.918,19.911,0.300,17.396,1,0,0.189,2.333,73728,21,9,21
"BudgetCrossing",18000,2,75,14.814,14.832,0.302,13.439,1,0,0.139,1.237,73728,21,9,21
"BudgetCrossing",18000,2,76,12.366,12.351,0.309,11.608,1,0,0.177,0.580,24576,21,9,21
"BudgetCrossing",18000,2,77,15.354,15.360,0.214,12.975,1,0,0.128,2.252,,21,9,21
"BudgetCrossing",18000,2,78,12.499,12.507,0.319,11.177,1,0,0.136,1.187,57344,21,9,21
"BudgetCrossing",18000,2,79,11.790,11.756,0.283,11.082,1,0,0.171,0.538,4096,21,9,21
"BudgetCrossing",18000,2,80,13.246,13.270,0.306,12.628,1,0,0.146,0.472,12288,21,9,21
"BudgetCrossing",18000,2,81,11.145,11.156,0.213,10.620,1,0,0.138,0.388,20480,21,9,21
"BudgetCrossing",18000,2,82,12.321,12.316,0.418,10.995,1,0,0.134,1.192,69632,21,9,21
"BudgetCrossing",18000,2,83,14.094,14.092,0.271,12.670,1,0,0.180,1.244,73728,21,9,21
"BudgetCrossing",18000,2,84,11.446,11.443,0.287,10.864,1,0,0.158,0.424,16384,21,9,21
"BudgetCrossing",18000,2,85,12.454,12.431,0.324,11.637,1,0,0.145,0.672,16384,21,9,21
"BudgetCrossing",18000,2,86,12.677,12.709,0.289,12.164,1,0,0.137,0.376,20480,21,9,21
"BudgetCrossing",18000,2,87,14.021,14.011,0.296,12.644,1,0,0.167,1.210,73728,21,9,21
"BudgetCrossing",18000,2,88,12.260,12.258,0.205,10.867,1,0,0.147,1.247,73728,21,9,21
"BudgetCrossing",18000,2,89,12.999,12.982,0.296,10.864,1,0,0.171,1.964,73728,21,9,21
"BudgetCrossing",18000,2,90,15.236,15.243,0.282,13.422,1,0,0.128,1.686,77824,21,9,21
"BudgetCrossing",18000,2,91,12.384,12.395,0.307,10.886,1,0,0.137,1.361,77824,21,9,21
"BudgetCrossing",18000,2,92,18.856,18.824,0.218,16.063,1,0,0.322,2.470,,21,9,21
"BudgetCrossing",18000,2,93,14.105,14.130,0.306,12.642,1,0,0.160,1.302,65536,21,9,21
"BudgetCrossing",18000,2,94,13.016,13.016,0.284,11.623,1,0,0.153,1.240,57344,21,9,21
"BudgetCrossing",18000,2,95,12.430,12.433,0.291,11.878,1,0,0.189,0.362,4096,21,9,21
"BudgetCrossing",18000,2,96,12.467,12.447,0.301,11.636,1,0,0.147,0.684,12288,21,9,21
"BudgetCrossing",18000,2,97,17.182,17.182,0.200,15.017,1,0,0.139,2.026,69632,21,9,21
"BudgetCrossing",18000,2,98,13.495,13.504,0.292,11.737,1,0,0.140,1.618,73728,21,9,21
"BudgetCrossing",18000,2,99,13.538,13.547,0.306,12.263,1,0,0.137,1.138,69632,21,9,21
"BudgetCrossing",18000,2,100,12.525,12.521,0.285,11.267,1,0,0.137,1.121,73728,21,9,21
"BudgetCrossing",18000,2,101,14.502,14.484,0.219,12.340,1,0,0.144,2.019,77824,21,9,21
"BudgetCrossing",18000,2,102,15.571,15.565,0.341,12.717,1,0,0.183,2.671,73728,21,9,21
"BudgetCrossing",18000,2,103,16.071,16.097,0.351,14.700,1,0,0.134,1.237,73728,21,9,21
"BudgetCrossing",18000,2,104,13.164,13.160,0.347,11.896,1,0,0.137,1.131,73728,21,9,21
"BudgetCrossing",18000,2,105,16.278,16.265,0.284,11.485,1,0,0.175,4.619,73728,21,9,21
"BudgetCrossing",18000,2,106,17.373,17.376,0.299,11.932,1,0,0.183,5.258,,21,9,21
"BudgetCrossing",18000,2,107,12.627,12.639,0.278,11.276,1,0,0.145,1.206,61440,21,9,21
"BudgetCrossing",18000,2,108,12.792,12.785,0.000,12.140,1,0,0.221,0.431,4096,21,9,21
"BudgetCrossing",18000,2,109,13.375,13.377,0.201,11.966,1,0,0.171,1.238,57344,21,9,21
"BudgetCrossing",18000,2,110,18.952,18.926,0.336,16.056,1,0,0.175,2.721,61440,21,9,21
"BudgetCrossing",18000,2,111,13.597,13.623,0.296,12.143,1,0,0.167,1.287,61440,21,9,21
"BudgetCrossing",18000,2,112,13.888,13.883,0.311,12.401,1,0,0.140,1.347,73728,21,9,21
"BudgetCrossing",18000,2,113,16.526,16.519,0.322,14.895,1,0,0.181,1.449,69632,21,9,21
"BudgetCrossing",18000,2,114,13.082,13.091,0.309,11.684,1,0,0.137,1.261,77824,21,9,21
"BudgetCrossing",18000,2,115,13.472,13.471,0.234,12.188,1,0,0.142,1.143,73728,21,9,21
"BudgetCrossing",18000,2,116,12.950,12.951,0.305,11.588,1,0,0.141,1.222,69632,21,9,21
"BudgetCrossing",18000,2,117,13.934,13.931,0.301,11.802,1,0,0.136,1.996,73728,21,9,21
"BudgetCrossing",18000,2,118,13.125,13.119,0.200,11.555,1,0,0.178,1.392,73728,21,9,21
"BudgetCrossing",18000,2,119,14.606,14.604,0.303,12.154,1,0,0.142,2.310,,21,9,21
"BudgetCrossing",18000,2,120,18.420,18.421,0.282,17.075,1,0,0.145,1.200,65536,21,9,21
"BudgetCrossing",18000,2,121,14.899,14.897,0.321,13.288,1,0,0.143,1.467,57344,21,9,21
"BudgetCrossing",18000,2,122,15.196,15.191,0.315,13.742,1,0,0.157,1.297,57344,21,9,21
"BudgetCrossing",18000,2,123,12.604,12.607,0.286,11.203,1,0,0.151,1.250,61440,21,9,21
"BudgetCrossing",18000,2,124,11.883,11.892,0.281,11.364,1,0,0.142,0.377,4096,21,9,21
"BudgetCrossing",18000,2,125,16.690,16.685,0.339,15.293,1,0,0.165,1.231,69632,21,9,21
"BudgetCrossing",18000,2,126,13.264,13.260,0.279,11.778,1,0,0.186,1.300,69632,21,9,21
"BudgetCrossing",18000,2,127,15.299,15.299,0.277,13.803,1,0,0.140,1.355,77824,21,9,21
"BudgetCrossing",18000,2,128,14.629,14.610,0.335,11.663,1,0,0.186,2.781,73728,21,9,21
"BudgetCrossing",18000,2,129,17.493,17.497,0.297,15.533,1,0,0.182,1.778,69632,21,9,21
"BudgetCrossing",18000,2,130,14.715,14.693,0.321,12.220,1,0,0.187,2.309,,21,9,21
"BudgetCrossing",18000,2,131,14.492,14.532,0.288,13.159,1,0,0.149,1.184,57344,21,9,21
"BudgetCrossing",18000,2,132,13.770,13.768,0.308,11.953,1,0,0.140,1.677,57344,21,9,21
"BudgetCrossing",18000,2,133,15.440,15.424,0.293,13.634,1,0,0.181,1.625,61440,21,9,21
"BudgetCrossing",18000,2,134,13.756,13.752,0.203,12.194,1,0,0.183,1.380,61440,21,9,21
"BudgetCrossing",18000,2,135,12.997,13.012,0.302,11.587,1,0,0.151,1.259,57344,21,9,21
"BudgetCrossing",18000,2,136,13.548,13.555,0.286,12.170,1,0,0.141,1.237,73728,21,9,21
"BudgetCrossing",18000,2,137,15.220,15.209,0.303,12.926,1,0,0.175,2.119,69632,21,9,21
"BudgetCrossing",18000,2,138,12.933,12.936,0.253,11.560,1,0,0.183,1.189,73728,21,9,21
"BudgetCrossing",18000,2,139,17.190,17.154,0.199,14.126,1,0,0.156,2.908,77824,21,9,21
"BudgetCrossing",18000,2,140,12.923,12.964,0.343,11.649,1,0,0.136,1.137,69632,21,9,21
"BudgetCrossing",18000,2,141,12.888,12.871,0.306,11.403,1,0,0.141,1.344,73728,21,9,21
"BudgetCrossing",18000,2,142,16.974,16.954,0.306,13.784,1,0,0.325,2.865,,21,9,21
"BudgetCrossing",18000,2,143,13.407,13.432,0.287,11.998,1,0,0.165,1.243,57344,21,9,21
"BudgetCrossing",18000,2,144,14.380,14.366,0.309,12.647,1,0,0.203,1.529,57344,21,9,21
"BudgetCrossing",18000,2,145,11.954,11.970,0.300,11.384,1,0,0.176,0.394,4096,21,9,21
"BudgetCrossing",18000,2,146,13.458,13.458,0.295,12.136,1,0,0.138,1.185,65536,21,9,21
"BudgetCrossing",18000,2,147,13.126,13.120,0.203,11.831,1,0,0.178,1.117,57344,21,9,21
"BudgetCrossing",18000,2,148,13.345,13.348,0.304,11.909,1,0,0.174,1.262,69632,21,9,21
"BudgetCrossing",18000,2,149,13.081,13.078,0.361,12.419,1,0,0.180,0.481,12288,21,9,21
"BudgetCrossing",18000,2,150,13.431,13.423,0.310,11.904,1,0,0.206,1.322,73728,21,9,21
"BudgetCrossing",18000,2,151,14.110,14.110,0.305,13.505,1,0,0.147,0.458,16384,21,9,21
"BudgetCrossing",18000,2,152,15.067,15.058,0.309,11.973,1,0,0.135,2.960,69632,21,9,21
"BudgetCrossing",18000,2,153,14.880,14.893,0.276,13.437,1,0,0.139,1.303,73728,21,9,21
"BudgetCrossing",18000,2,154,13.304,13.301,0.324,11.789,1,0,0.181,1.334,81920,21,9,21
"BudgetCrossing",18000,2,155,14.783,14.783,0.455,13.874,1,0,0.139,0.771,20480,21,9,21
"BudgetCrossing",18000,2,156,13.660,13.663,0.305,12.109,1,0,0.144,1.407,77824,21,9,21
"BudgetCrossing",18000,2,157,15.564,15.547,0.318,11.983,1,0,0.145,3.436,,21,9,21
"BudgetCrossing",18000,2,158,14.885,14.899,0.341,13.349,1,0,0.143,1.393,57344,21,9,21
"BudgetCrossing",18000,2,159,15.285,15.281,0.000,12.591,1,0,0.185,2.509,57344,21,9,21
"BudgetCrossing",18000,2,160,15.216,15.225,0.206,13.926,1,0,0.140,1.151,57344,21,9,21
"BudgetCrossing",18000,2,161,15.085,15.081,0.296,13.757,1,0,0.135,1.192,65536,21,9,21
"BudgetCrossing",18000,2,162,13.026,13.021,0.385,11.573,1,0,0.174,1.280,57344,21,9,21
"BudgetCrossing",18000,2,163,12.680,12.684,0.320,11.349,1,0,0.136,1.195,69632,21,9,21
"BudgetCrossing",18000,2,164,15.509,15.505,0.302,14.122,1,0,0.142,1.245,69632,21,9,21
"BudgetCrossing",18000,2,165,14.510,14.479,0.283,12.393,1,0,0.153,1.963,73728,21,9,21
"BudgetCrossing",18000,2,166,14.449,14.475,0.319,13.767,1,0,0.193,0.488,16384,21,9,21
"BudgetCrossing",18000,2,167,14.495,14.498,0.350,12.758,1,0,0.186,1.550,69632,21,9,21
"BudgetCrossing",18000,2,168,12.980,12.981,0.360,11.691,1,0,0.134,1.156,77824,21,9,21
"BudgetCrossing",18000,2,169,13.058,13.061,0.279,11.754,1,0,0.137,1.167,73728,21,9,21
"BudgetCrossing",18000,2,170,12.336,12.341,0.363,11.853,1,0,0.132,0.351,24576,21,9,21
"BudgetCrossing",18000,2,171,12.600,12.582,0.387,12.032,1,0,0.134,0.434,20480,21,9,21
"BudgetCrossing",18000,2,172,16.240,16.234,0.233,12.025,1,0,0.171,4.044,,21,9,21
"BudgetCrossing",18000,2,173,13.421,13.438,0.291,12.070,1,0,0.142,1.210,57344,21,9,21
"BudgetCrossing",18000,2,174,15.395,15.374,0.332,12.685,1,0,0.173,2.537,57344,21,9,21
"BudgetCrossing",18000,2,175,14.638,14.652,0.391,14.042,1,0,0.130,0.467,4096,21,9,21
"BudgetCrossing",18000,2,176,13.289,13.293,0.319,11.885,1,0,0.169,1.234,61440,21,9,21
"BudgetCrossing",18000,2,177,12.761,12.749,0.304,11.919,1,0,0.136,0.706,8192,21,9,21
"BudgetCrossing",18000,2,178,14.221,14.218,0.281,12.276,1,0,0.171,1.775,73728,21,9,21
"BudgetCrossing",18000,2,179,13.938,13.945,0.297,12.478,1,0,0.176,1.283,73728,21,9,21
"BudgetCrossing",18000,2,180,13.752,13.756,0.317,12.278,1,0,0.131,1.343,73728,21,9,21
"BudgetCrossing",18000,2,181,14.729,14.696,0.267,12.373,1,0,0.156,2.201,69632,21,9,21
"BudgetCrossing",18000,2,182,16.606,16.633,0.356,15.288,1,0,0.130,1.189,73728,21,9,21
"BudgetCrossing",18000,2,183,13.488,13.490,0.325,12.038,1,0,0.158,1.293,73728,21,9,21
"BudgetCrossing",18000,2,184,14.521,14.510,0.221,12.580,1,0,0.165,1.776,73728,21,9,21
"BudgetCrossing",18000,2,185,18.239,18.240,0.308,12.181,1,0,0.138,5.920,77824,21,9,21
"BudgetCrossing",18000,2,186,21.342,21.339,0.309,18.293,1,0,0.144,2.905,,21,9,21
"BudgetCrossing",18000,2,187,14.227,14.232,0.311,12.607,1,0,0.156,1.464,57344,21,9,21
"BudgetCrossing",18000,2,188,13.787,13.788,0.000,13.097,1,0,0.187,0.503,4096,21,9,21
"BudgetCrossing",18000,2,189,19.555,19.552,0.308,17.786,1,0,0.169,1.600,57344,21,9,21
"BudgetCrossing",18000,2,190,15.655,15.657,0.350,14.059,1,0,0.142,1.455,57344,21,9,21
"BudgetCrossing",18000,2,191,15.285,15.256,0.357,12.438,1,0,0.149,2.699,61440,21,9,21
"BudgetCrossing",18000,2,192,20.577,20.605,0.351,18.785,1,0,0.196,1.596,61440,21,9,21
"BudgetCrossing",18000,2,193,14.294,14.295,0.304,12.922,1,0,0.139,1.232,69632,21,9,21
"BudgetCrossing",18000,2,194,16.565,16.553,0.348,14.770,1,0,0.143,1.651,73728,21,9,21
"BudgetCrossing",18000,2,195,14.874,14.883,0.306,13.476,1,0,0.162,1.236,73728,21,9,21
"BudgetCrossing",18000,2,196,13.756,13.758,0.321,12.375,1,0,0.144,1.237,69632,21,9,21
"BudgetCrossing",18000,2,197,13.572,13.570,0.302,12.998,1,0,0.147,0.427,16384,21,9,21
"BudgetCrossing",18000,2,198,13.578,13.581,0.298,12.104,1,0,0.195,1.279,77824,21,9,21
"BudgetCrossing",18000,2,199,14.052,14.042,0.357,12.610,1,0,0.142,1.300,73728,21,9,21
"BudgetCrossing",18000,2,200,13.390,13.392,0.357,12.814,1,0,0.145,0.431,24576,21,9,21
"BudgetCrossing",18000,2,201,13.661,13.658,0.245,11.944,1,0,0.174,1.543,,21,9,21
"BudgetCrossing",18000,2,202,15.304,15.312,0.227,13.989,1,0,0.138,1.177,61440,21,9,21
"BudgetCrossing",18000,2,203,13.276,13.269,0.284,11.934,1,0,0.137,1.206,57344,21,9,21
"BudgetCrossing",18000,2,204,12.830,12.813,0.273,12.117,1,0,0.148,0.565,4096,21,9,21
"BudgetCrossing",18000,2,205,13.461,13.475,0.268,12.763,1,0,0.162,0.536,4096,21,9,21
"BudgetCrossing",18000,2,206,13.940,13.928,0.277,12.437,1,0,0.170,1.333,57344,21,9,21
"BudgetCrossing",18000,2,207,15.863,15.842,0.294,14.349,1,0,0.151,1.363,65536,21,9,21
"BudgetCrossing",18000,2,208,12.707,12.735,0.281,12.039,1,0,0.175,0.493,16384,21,9,21
"BudgetCrossing",18000,2,209,13.060,13.038,0.292,12.032,1,0,0.146,0.882,16384,21,9,21
"BudgetCrossing",18000,2,210,14.529,14.547,0.301,13.890,1,0,0.141,0.497,16384,21,9,21
"BudgetCrossing",18000,2,211,15.589,15.596,0.258,14.190,1,0,0.174,1.225,73728,21,9,21
"BudgetCrossing",18000,2,212,15.168,15.148,0.324,12.357,1,0,0.142,2.668,73728,21,9,21
"BudgetCrossing",18000,2,213,14.066,14.086,0.271,12.730,1,0,0.183,1.153,73728,21,9,21
"BudgetCrossing",18000,2,214,14.646,14.647,0.294,13.331,1,0,0.134,1.181,73728,21,9,21
"BudgetCrossing",18000,2,215,14.672,14.673,0.313,13.322,1,0,0.140,1.210,73728,21,9,21
"BudgetCrossing",18000,2,216,13.786,13.779,0.300,12.284,1,0,0.173,1.328,73728,21,9,21
"BudgetCrossing",18000,2,217,14.228,14.229,0.306,13.596,1,0,0.172,0.460,24576,21,9,21
"BudgetCrossing",18000,2,218,19.500,19.492,0.336,16.712,1,0,0.162,2.626,,21,9,21
"BudgetCrossing",18000,2,219,13.556,13.563,0.302,12.201,1,0,0.145,1.210,106496,21,9,21
"BudgetCrossing",18000,2,220,15.833,15.836,0.000,14.520,1,0,0.143,1.171,69632,21,9,21
"BudgetCrossing",18000,2,221,14.196,14.189,0.291,12.886,1,0,0.151,1.158,73728,21,9,21
"BudgetCrossing",18000,2,222,14.269,14.267,0.310,12.775,1,0,0.193,1.301,69632,21,9,21
"BudgetCrossing",18000,2,223,15.128,15.136,0.305,14.625,1,0,0.141,0.363,20480,21,9,21
"BudgetCrossing",18000,2,224,13.955,13.940,0.280,12.411,1,0,0.192,1.352,73728,21,9,21
"BudgetCrossing",18000,2,225,14.314,14.319,0.291,13.043,1,0,0.147,1.124,73728,21,9,21
"BudgetCrossing",18000,2,226,14.644,14.642,0.322,13.199,1,0,0.151,1.293,81920,21,9,21
"BudgetCrossing",18000,2,227,14.371,14.379,0.275,12.973,1,0,0.191,1.207,73728,21,9,21
"BudgetCrossing",18000,2,228,17.784,17.764,0.305,14.368,1,0,0.174,3.242,,21,9,21
"BudgetCrossing",18000,2,229,14.276,14.289,0.360,12.894,1,0,0.222,1.160,65536,21,9,21
"BudgetCrossing",18000,2,230,13.230,13.232,0.357,11.833,1,0,0.136,1.261,69632,21,9,21
"BudgetCrossing",18000,2,231,13.765,13.770,0.306,12.449,1,0,0.142,1.174,77824,21,9,21
"BudgetCrossing",18000,2,232,15.050,15.040,0.273,13.680,1,0,0.144,1.226,69632,21,9,21
"BudgetCrossing",18000,2,233,13.985,13.957,0.284,12.886,1,0,0.147,0.952,16384,21,9,21
"BudgetCrossing",18000,2,234,22.084,22.110,0.291,20.425,1,0,0.209,1.450,73728,21,9,21
"BudgetCrossing",18000,2,235,13.661,13.665,0.354,12.371,1,0,0.135,1.156,69632,21,9,21
"BudgetCrossing",18000,2,236,13.942,13.942,0.356,12.571,1,0,0.142,1.230,77824,21,9,21
"BudgetCrossing",18000,2,237,21.491,21.486,0.338,19.891,1,0,0.259,1.341,73728,21,9,21
"BudgetCrossing",18000,2,238,14.721,14.720,0.294,13.287,1,0,0.147,1.286,77824,21,9,21
"BudgetCrossing",18000,2,239,14.808,14.783,0.360,12.825,1,0,0.196,1.788,77824,21,9,21
"BudgetCrossing",18000,2,240,16.696,16.719,0.335,15.153,1,0,0.208,1.336,77824,21,9,21
"BudgetCrossing",18000,2,241,16.847,16.849,0.322,12.660,1,0,0.185,4.003,,21,9,21
"BudgetCrossing",18000,2,242,15.884,15.856,0.302,12.695,1,0,0.190,3.000,65536,21,9,21
"BudgetCrossing",18000,2,243,14.344,14.375,0.000,12.961,1,0,0.177,1.206,69632,21,9,21
"BudgetCrossing",18000,2,244,14.554,14.556,0.320,13.186,1,0,0.136,1.233,77824,21,9,21
"BudgetCrossing",18000,2,245,14.916,14.916,0.353,13.572,1,0,0.176,1.169,69632,21,9,21
"BudgetCrossing",18000,2,246,14.191,14.186,0.322,12.768,1,0,0.165,1.258,73728,21,9,21
"BudgetCrossing",18000,2,247,14.486,14.479,0.309,13.729,1,0,0.172,0.586,16384,21,9,21
"BudgetCrossing",18000,2,248,13.026,13.034,0.298,12.520,1,0,0.132,0.375,12288,21,9,21
"BudgetCrossing",18000,2,249,15.366,15.347,0.318,12.343,1,0,0.157,2.866,77824,21,9,21
"BudgetCrossing",18000,2,250,15.824,15.835,0.307,13.280,1,0,0.157,2.387,73728,21,9,21
"BudgetCrossing",18000,2,251,14.879,14.868,0.272,14.021,1,0,0.133,0.725,16384,21,9,21
"BudgetCrossing",18000,2,252,16.726,16.721,0.296,13.795,1,0,0.135,2.796,77824,21,9,21
"BudgetCrossing",18000,2,253,16.470,16.469,0.302,14.082,1,0,0.183,2.205,77824,21,9,21
"BudgetCrossing",18000,2,254,13.506,13.526,0.300,12.952,1,0,0.143,0.412,16384,21,9,21
"BudgetCrossing",18000,2,255,14.881,14.873,0.333,13.383,1,0,0.178,1.320,77824,21,9,21
"BudgetCrossing",18000,2,256,17.570,17.555,0.332,14.717,1,0,0.157,2.697,,21,9,21
"BudgetCrossing",18000,2,257,14.947,14.958,0.349,12.652,1,0,0.146,2.149,65536,21,9,21
"BudgetCrossing",18000,2,258,14.767,14.777,0.000,13.322,1,0,0.144,1.302,61440,21,9,21
"BudgetCrossing",18000,2,259,15.207,15.205,0.321,13.948,1,0,0.132,1.126,73728,21,9,21
"BudgetCrossing",18000,2,260,14.285,14.283,0.315,12.711,1,0,0.134,1.439,73728,21,9,21
"BudgetCrossing",18000,2,261,13.487,13.491,0.322,12.714,1,0,0.134,0.639,20480,21,9,21
"BudgetCrossing",18000,2,262,13.675,13.657,0.357,13.050,1,0,0.145,0.480,20480,21,9,21
"BudgetCrossing",18000,2,263,18.226,18.236,0.298,16.865,1,0,0.135,1.226,69632,21,9,21
"BudgetCrossing",18000,2,264,16.266,16.264,0.280,14.951,1,0,0.146,1.169,77824,21,9,21
"BudgetCrossing",18000,2,265,13.581,13.584,0.275,12.276,1,0,0.132,1.173,73728,21,9,21
"BudgetCrossing",18000,2,266,15.604,15.607,0.248,14.240,1,0,0.130,1.235,69632,21,9,21
"BudgetCrossing",18000,2,267,16.623,16.584,0.281,13.542,1,0,0.149,2.932,73728,21,9,21
"BudgetCrossing",18000,2,268,14.739,14.763,0.289,13.315,1,0,0.193,1.231,77824,21,9,21
"BudgetCrossing",18000,2,269,15.587,15.593,0.288,14.269,1,0,0.139,1.180,77824,21,9,21
"BudgetCrossing",18000,2,270,16.434,16.432,0.354,14.422,1,0,0.131,1.881,,21,9,21
"BudgetCrossing",18000,2,271,13.987,13.990,0.291,12.661,1,0,0.143,1.182,65536,21,9,21
"BudgetCrossing",18000,2,272,14.262,14.258,0.315,13.625,1,0,0.154,0.482,4096,21,9,21
"BudgetCrossing",18000,2,273,16.299,16.301,0.284,14.899,1,0,0.141,1.259,73728,21,9,21
"BudgetCrossing",18000,2,274,14.040,14.040,0.277,13.460,1,0,0.145,0.435,16384,21,9,21
"BudgetCrossing",18000,2,275,13.187,13.181,0.287,12.625,1,0,0.138,0.425,16384,21,9,21
"BudgetCrossing",18000,2,276,14.360,14.367,0.199,12.901,1,0,0.179,1.280,73728,21,9,21
"BudgetCrossing",18000,2,277,13.413,13.380,0.313,12.757,1,0,0.139,0.517,12288,21,9,21
"BudgetCrossing",18000,2,278,16.508,16.512,0.346,14.767,1,0,0.189,1.552,81920,21,9,21
"BudgetCrossing",18000,2,279,14.524,14.543,0.510,13.102,1,0,0.160,1.262,73728,21,9,21
"BudgetCrossing",18000,2,280,13.503,13.508,0.381,12.901,1,0,0.191,0.411,16384,21,9,21
"BudgetCrossing",18000,2,281,15.273,15.276,0.327,14.787,1,0,0.132,0.354,16384,21,9,21
"BudgetCrossing",18000,2,282,13.169,13.163,0.276,12.598,1,0,0.160,0.412,16384,21,9,21
"BudgetCrossing",18000,2,283,13.183,13.173,0.323,12.521,1,0,0.175,0.486,20480,21,9,21
"BudgetCrossing",18000,2,284,14.274,14.275,0.314,13.588,1,0,0.166,0.519,20480,21,9,21
"BudgetCrossing",18000,2,285,15.261,15.261,0.294,13.410,1,0,0.145,1.706,73728,21,9,21
"BudgetCrossing",18000,2,286,13.637,13.642,0.290,13.100,1,0,0.167,0.370,16384,21,9,21
"BudgetCrossing",18000,2,287,16.056,16.028,0.272,12.996,1,0,0.188,2.872,77824,21,9,21
"BudgetCrossing",18000,2,288,15.253,15.279,0.279,13.957,1,0,0.141,1.154,69632,21,9,21
"BudgetCrossing",18000,2,289,16.923,16.887,0.307,13.932,1,0,0.180,2.811,81920,21,9,21
"BudgetCrossing",18000,2,290,19.510,19.503,0.274,16.567,1,0,0.144,2.799,,21,9,21
"BudgetCrossing",18000,2,291,15.364,15.387,0.264,13.795,1,0,0.184,1.386,61440,21,9,21
"BudgetCrossing",18000,2,292,15.518,15.526,0.292,13.845,1,0,0.175,1.498,61440,21,9,21
"BudgetCrossing",18000,2,293,15.648,15.655,0.306,14.342,1,0,0.144,1.163,73728,21,9,21
"BudgetCrossing",18000,2,294,16.508,16.508,0.276,15.106,1,0,0.147,1.255,69632,21,9,21
"BudgetCrossing",18000,2,295,14.435,14.428,0.281,12.964,1,0,0.147,1.324,73728,21,9,21
"BudgetCrossing",18000,2,296,15.138,15.127,0.291,13.118,1,0,0.193,1.828,77824,21,9,21
"BudgetCrossing",18000,2,297,17.657,17.670,0.307,16.300,1,0,0.147,1.211,69632,21,9,21
"BudgetCrossing",18000,2,298,16.281,16.256,0.287,13.563,1,0,0.178,2.540,77824,21,9,21
"BudgetCrossing",18000,2,299,14.676,14.701,0.342,13.344,1,0,0.155,1.176,73728,21,9,21
"BudgetCrossing",20000,2,0,16.125,16.122,0.305,13.549,1,0,0.154,2.422,,14,9,14
"BudgetCrossing",20000,2,1,15.084,15.095,0.223,13.643,1,0,0.178,1.262,65536,14,9,14
"BudgetCrossing",20000,2,2,17.866,17.861,0.270,15.114,1,0,0.155,2.597,57344,14,9,14
"BudgetCrossing",20000,2,3,14.540,14.534,0.222,13.116,1,0,0.162,1.262,73728,15,9,15
"BudgetCrossing",20000,2,4,14.818,14.816,0.284,13.537,1,0,0.161,1.120,69632,15,9,15
"BudgetCrossing",20000,2,5,14.299,14.307,0.304,13.750,1,0,0.152,0.397,20480,15,9,15
"BudgetCrossing",20000,2,6,16.929,16.921,0.283,14.674,1,0,0.149,2.106,73728,15,9,15
"BudgetCrossing",20000,2,7,14.907,14.916,0.286,13.532,1,0,0.156,1.219,69632,15,9,15
"BudgetCrossing",20000,2,8,13.782,13.759,0.375,13.103,1,0,0.206,0.473,20480,15,9,15
"BudgetCrossing",20000,2,9,15.425,15.424,0.247,13.319,1,0,0.161,1.945,73728,15,9,15
"BudgetCrossing",20000,2,10,13.048,13.048,0.297,12.292,1,0,0.155,0.601,12288,15,9,15
"BudgetCrossing",20000,2,11,14.417,14.435,0.273,13.089,1,0,0.155,1.173,73728,15,9,15
"BudgetCrossing",20000,2,12,15.282,15.276,0.272,13.753,1,0,0.196,1.333,77824,16,9,16
"BudgetCrossing",20000,2,13,13.861,13.824,0.333,12.981,1,0,0.166,0.713,20480,16,9,16
"BudgetCrossing",20000,2,14,14.677,14.710,0.291,14.062,1,0,0.187,0.428,20480,16,9,16
"BudgetCrossing",20000,2,15,16.468,16.461,0.281,15.044,1,0,0.176,1.249,77824,16,9,16
"BudgetCrossing",20000,2,16,17.903,17.894,0.289,14.351,1,0,0.446,3.106,,16,9,16
"BudgetCrossing",20000,2,17,16.577,16.591,0.291,15.134,1,0,0.226,1.217,65536,16,9,16
"BudgetCrossing",20000,2,18,14.264,14.268,0.000,12.872,1,0,0.162,1.229,57344,16,9,16
"BudgetCrossing",20000,2,19,15.015,15.019,0.286,13.630,1,0,0.206,1.180,65536,16,9,16
"BudgetCrossing",20000,2,20,17.260,17.256,0.290,15.831,1,0,0.207,1.222,73728,16,9,16
"BudgetCrossing",20000,2,21,16.116,16.112,0.276,14.628,1,0,0.153,1.335,73728,17,9,17
"BudgetCrossing",20000,2,22,15.214,15.211,0.300,13.419,1,0,0.198,1.597,73728,17,9,17
"BudgetCrossing",20000,2,23,15.367,15.376,0.372,13.989,1,0,0.161,1.217,69632,17,9,17
"BudgetCrossing",20000,2,24,18.248,18.207,0.286,15.147,1,0,0.177,2.924,73728,17,9,17
"BudgetCrossing",20000,2,25,17.100,17.129,0.280,15.512,1,0,0.156,1.432,73728,17,9,17
"BudgetCrossing",20000,2,26,15.186,15.187,0.299,13.632,1,0,0.199,1.356,73728,17,9,17
"BudgetCrossing",20000,2,27,22.281,22.259,0.283,19.346,1,0,0.172,2.764,73728,17,9,17
"BudgetCrossing",20000,2,28,17.323,17.335,0.281,14.000,1,0,0.212,3.111,,17,9,17
"BudgetCrossing",20000,2,29,16.299,16.309,0.297,14.913,1,0,0.163,1.223,65536,17,9,17
"BudgetCrossing",20000,2,30,16.689,16.682,0.274,14.993,1,0,0.156,1.541,57344,18,9,18
"BudgetCrossing",20000,2,31,14.616,14.616,0.276,12.968,1,0,0.208,1.440,61440,18,9,18
"BudgetCrossing",20000,2,32,14.467,14.462,0.273,13.689,1,0,0.174,0.604,16384,18,9,18
"BudgetCrossing",20000,2,33,14.481,14.497,0.303,13.976,1,0,0.165,0.340,16384,18,9,18
"BudgetCrossing",20000,2,34,16.737,16.729,0.276,14.896,1,0,0.198,1.643,77824,18,9,18
"BudgetCrossing",20000,2,35,15.552,15.555,0.275,13.786,1,0,0.171,1.594,69632,18,9,18
"BudgetCrossing",20000,2,36,17.522,17.495,0.266,14.374,1,0,0.320,2.827,73728,18,9,18
"BudgetCrossing",20000,2,37,16.487,16.489,0.245,13.748,1,0,0.156,2.584,73728,18,9,18
"BudgetCrossing",20000,2,38,15.673,15.688,0.301,14.164,1,0,0.191,1.318,69632,18,9,18
"BudgetCrossing",20000,2,39,15.721,15.730,0.305,14.300,1,0,0.168,1.254,73728,19,9,19
"BudgetCrossing",20000,2,40,16.307,16.300,0.260,14.946,1,0,0.155,1.206,77824,19,9,19
"BudgetCrossing",20000,2,41,14.741,14.750,0.276,13.406,1,0,0.152,1.183,73728,19,9,19
"BudgetCrossing",20000,2,42,21.634,21.618,0.310,15.440,1,0,0.143,6.051,73728,19,9,19
"BudgetCrossing",20000,2,43,24.525,24.505,0.278,17.459,1,0,0.206,6.860,,19,9,19
"BudgetCrossing",20000,2,44,14.726,14.759,0.267,13.271,1,0,0.164,1.291,61440,19,9,19
"BudgetCrossing",20000,2,45,14.630,14.621,0.000,13.918,1,0,0.215,0.496,4096,19,9,19
"BudgetCrossing",20000,2,46,15.113,15.116,0.276,13.741,1,0,0.149,1.224,61440,19,9,19
"BudgetCrossing",20000,2,47,17.373,17.365,0.324,15.531,1,0,0.146,1.696,61440,19,9,19
"BudgetCrossing",20000,2,48,17.316,17.322,0.332,16.013,1,0,0.177,1.126,69632,20,9,20
"BudgetCrossing",20000,2,49,14.188,14.196,0.355,12.872,1,0,0.138,1.178,73728,20,9,20
"BudgetCrossing",20000,2,50,14.988,14.981,0.303,13.543,1,0,0.165,1.280,69632,20,9,20
"BudgetCrossing",20000,2,51,14.945,14.938,0.302,13.539,1,0,0.154,1.252,73728,20,9,20
"BudgetCrossing",20000,2,52,16.291,16.295,0.315,14.966,1,0,0.153,1.172,73728,20,9,20
"BudgetCrossing",20000,2,53,15.322,15.327,0.284,13.832,1,0,0.201,1.290,73728,20,9,20
"BudgetCrossing",20000,2,54,14.075,14.063,0.251,13.514,1,0,0.161,0.400,16384,20,9,20
"BudgetCrossing",20000,2,55,14.591,14.597,0.281,13.986,1,0,0.159,0.446,20480,20,9,20
"BudgetCrossing",20000,2,56,14.909,14.912,0.300,13.388,1,0,0.192,1.329,73728,20,9,20
"BudgetCrossing",20000,2,57,14.796,14.764,0.340,14.115,1,0,0.154,0.528,16384,21,9,21
"BudgetCrossing",20000,2,58,17.160,17.178,0.591,15.348,1,0,0.148,1.664,73728,21,9,21
"BudgetCrossing",20000,2,59,16.326,16.333,0.289,13.721,1,0,0.170,2.435,,21,9,21
"BudgetCrossing",20000,2,60,16.969,16.941,0.417,13.891,1,0,0.205,2.873,61440,21,9,21
"BudgetCrossing",20000,2,61,17.301,17.318,0.271,15.490,1,0,0.165,1.646,57344,21,9,21
"BudgetCrossing",20000,2,62,16.826,16.836,0.299,14.982,1,0,0.161,1.683,65536,21,9,21
"BudgetCrossing",20000,2,63,13.806,13.772,0.348,13.052,1,0,0.157,0.597,4096,21,9,21
"BudgetCrossing",20000,2,64,15.999,16.030,0.276,14.467,1,0,0.151,1.381,73728,21,9,21
"BudgetCrossing",20000,2,65,16.888,16.885,0.282,15.165,1,0,0.142,1.581,73728,21,9,21
"BudgetCrossing",20000,2,66,15.419,15.414,0.354,14.065,1,0,0.158,1.196,69632,21,9,21
"BudgetCrossing",20000,2,67,14.096,14.109,0.488,13.550,1,0,0.158,0.388,20480,21,9,21
"BudgetCrossing",20000,2,68,16.317,16.309,0.287,14.919,1,0,0.153,1.245,73728,21,9,21
"BudgetCrossing",20000,2,69,15.465,15.457,0.345,13.943,1,0,0.155,1.367,69632,21,9,21
"BudgetCrossing",20000,2,70,15.582,15.589,0.287,14.109,1,0,0.163,1.310,77824,21,9,21
"BudgetCrossing",20000,2,71,17.288,17.271,0.355,15.552,1,0,0.196,1.541,73728,21,9,21
"BudgetCrossing",20000,2,72,13.887,13.903,0.286,13.290,1,0,0.176,0.422,16384,21,9,21
"BudgetCrossing",20000,2,73,18.950,18.941,0.294,15.988,1,0,0.160,2.802,,21,9,21
"BudgetCrossing",20000,2,74,14.858,14.867,0.339,13.494,1,0,0.165,1.200,61440,21,9,21
"BudgetCrossing",20000,2,75,16.810,16.804,0.259,15.338,1,0,0.158,1.315,57344,21,9,21
"BudgetCrossing",20000,2,76,15.926,15.929,0.338,14.609,1,0,0.149,1.168,61440,21,9,21
"BudgetCrossing",20000,2,77,14.504,14.509,0.304,13.190,1,0,0.154,1.160,61440,21,9,21
"BudgetCrossing",20000,2,78,15.857,15.833,0.372,13.168,1,0,0.199,2.489,61440,21,9,21
"BudgetCrossing",20000,2,79,15.354,15.374,0.549,13.711,1,0,0.151,1.493,73728,21,9,21
"BudgetCrossing",20000,2,80,14.465,14.460,0.289,13.098,1,0,0.183,1.184,69632,21,9,21
"BudgetCrossing",20000,2,81,14.894,14.881,0.343,13.941,1,0,0.154,0.799,16384,21,9,21
"BudgetCrossing",20000,2,82,16.560,16.576,0.308,15.126,1,0,0.183,1.251,73728,21,9,21
"BudgetCrossing",20000,2,83,17.850,17.847,0.309,16.535,1,0,0.173,1.142,69632,21,9,21
"BudgetCrossing",20000,2,84,14.918,14.916,0.308,13.520,1,0,0.151,1.247,77824,21,9,21
"BudgetCrossing",20000,2,85,15.784,15.768,0.272,13.788,1,0,0.207,1.789,73728,21,9,21
"BudgetCrossing",20000,2,86,17.505,17.524,0.303,15.939,1,0,0.147,1.419,73728,21,9,21
"BudgetCrossing",20000,2,87,17.018,16.998,0.311,14.088,1,0,0.171,2.759,,21,9,21
"BudgetCrossing",20000,2,88,15.590,15.606,0.283,14.205,1,0,0.163,1.223,61440,21,9,21
"BudgetCrossing",20000,2,89,16.478,16.478,0.270,14.812,1,0,0.167,1.498,61440,21,9,21
"BudgetCrossing",20000,2,90,17.317,17.318,0.304,15.916,1,0,0.146,1.255,61440,21,9,21
"BudgetCrossing",20000,2,91,17.987,17.981,0.306,16.213,1,0,0.325,1.449,61440,21,9,21
"BudgetCrossing",20000,2,92,16.891,16.894,0.313,15.305,1,0,0.156,1.430,73728,21,9,21
"BudgetCrossing",20000,2,93,16.036,16.031,0.647,14.567,1,0,0.169,1.300,69632,21,9,21
"BudgetCrossing",20000,2,94,16.999,16.988,0.359,14.293,1,0,0.178,2.528,73728,21,9,21
"BudgetCrossing",20000,2,95,15.781,15.796,0.304,14.448,1,0,0.170,1.164,69632,21,9,21
"BudgetCrossing",20000,2,96,16.801,16.767,0.360,13.958,1,0,0.169,2.673,77824,21,9,21
"BudgetCrossing",20000,2,97,15.924,15.958,0.302,14.517,1,0,0.156,1.252,73728,21,9,21
"BudgetCrossing",20000,2,98,15.300,15.299,0.287,13.824,1,0,0.199,1.277,69632,21,9,21
"BudgetCrossing",20000,2,99,14.422,14.420,0.362,13.870,1,0,0.152,0.400,16384,21,9,21
"BudgetCrossing",20000,2,100,17.814,17.788,0.297,14.564,1,0,0.197,3.053,,21,9,21
"BudgetCrossing",20000,2,101,17.148,17.147,0.380,14.192,1,0,0.157,2.799,61440,21,9,21
"BudgetCrossing",20000,2,102,15.286,15.312,0.369,13.887,1,0,0.153,1.246,57344,21,9,21
"BudgetCrossing",20000,2,103,17.459,17.452,0.336,15.680,1,0,0.194,1.585,65536,21,9,21
"BudgetCrossing",20000,2,104,15.504,15.507,0.297,13.973,1,0,0.160,1.371,57344,21,9,21
"BudgetCrossing",20000,2,105,16.382,16.384,0.277,15.125,1,0,0.153,1.104,61440,21,9,21
"BudgetCrossing",20000,2,106,16.873,16.870,0.250,15.417,1,0,0.178,1.278,73728,21,9,21
"BudgetCrossing",20000,2,107,15.358,15.363,0.288,14.732,1,0,0.189,0.437,12288,21,9,21
"BudgetCrossing",20000,2,108,16.258,16.262,0.312,14.823,1,0,0.185,1.250,73728,21,9,21
"BudgetCrossing",20000,2,109,17.923,17.888,0.257,15.064,1,0,0.179,2.680,73728,21,9,21
"BudgetCrossing",20000,2,110,15.982,16.007,0.369,14.207,1,0,0.160,1.615,73728,21,9,21
"BudgetCrossing",20000,2,111,16.217,16.213,0.300,14.416,1,0,0.170,1.631,73728,21,9,21
"BudgetCrossing",20000,2,112,16.589,16.588,0.312,14.948,1,0,0.151,1.490,73728,21,9,21
"BudgetCrossing",20000,2,113,18.874,18.831,0.381,16.026,1,0,0.148,2.700,,21,9,21
"BudgetCrossing",20000,2,114,15.901,15.951,0.324,15.337,1,0,0.189,0.375,8192,21,9,21
"BudgetCrossing",20000,2,115,14.285,14.266,0.307,13.528,1,0,0.152,0.605,4096,21,9,21
"BudgetCrossing",20000,2,116,18.363,18.372,0.315,16.819,1,0,0.152,1.392,61440,21,9,21
"BudgetCrossing",20000,2,117,15.045,15.048,0.285,13.665,1,0,0.153,1.228,57344,21,9,21
"BudgetCrossing",20000,2,118,15.450,15.448,0.330,14.051,1,0,0.198,1.201,65536,21,9,21
"BudgetCrossing",20000,2,119,14.537,14.521,0.288,14.025,1,0,0.151,0.361,8192,21,9,21
"BudgetCrossing",20000,2,120,22.410,22.415,0.201,20.789,1,0,0.205,1.417,61440,21,9,21
"BudgetCrossing",20000,2,121,17.842,17.838,0.308,14.614,1,0,0.191,3.036,73728,21,9,21
"BudgetCrossing",20000,2,122,15.695,15.708,0.326,14.316,1,0,0.171,1.209,73728,21,9,21
"BudgetCrossing",20000,2,123,16.040,16.037,0.244,14.663,1,0,0.151,1.226,69632,21,9,21
"BudgetCrossing",20000,2,124,16.029,16.029,0.305,14.297,1,0,0.191,1.542,73728,21,9,21
"BudgetCrossing",20000,2,125,15.698,15.701,0.228,14.352,1,0,0.151,1.196,77824,21,9,21
"BudgetCrossing",20000,2,126,16.267,16.272,0.341,14.134,1,0,0.148,1.985,77824,21,9,21
"BudgetCrossing",20000,2,127,16.292,16.283,0.280,15.641,1,0,0.190,0.461,24576,21,9,21
"BudgetCrossing",20000,2,128,17.163,17.161,0.322,15.746,1,0,0.145,1.272,73728,21,9,21
"BudgetCrossing",20000,2,129,17.807,17.804,0.313,15.664,1,0,0.154,1.989,,21,9,21
"BudgetCrossing",20000,2,130,15.753,15.754,0.280,14.350,1,0,0.163,1.240,61440,21,9,21
"BudgetCrossing",20000,2,131,17.565,17.570,0.313,16.176,1,0,0.150,1.240,57344,21,9,21
"BudgetCrossing",20000,2,132,16.234,16.220,0.286,14.510,1,0,0.199,1.525,65536,21,9,21
"BudgetCrossing",20000,2,133,16.422,16.431,0.275,14.964,1,0,0.181,1.276,57344,21,9,21
"BudgetCrossing",20000,2,134,17.364,17.359,0.367,15.887,1,0,0.170,1.307,61440,21,9,21
"BudgetCrossing",20000,2,135,17.377,17.380,0.277,15.934,1,0,0.272,1.171,61440,21,9,21
"BudgetCrossing",20000,2,136,14.915,14.918,0.278,14.275,1,0,0.188,0.452,12288,21,9,21
"BudgetCrossing",20000,2,137,16.325,16.323,0.342,14.815,1,0,0.197,1.312,73728,21,9,21
"BudgetCrossing",20000,2,138,16.274,16.256,0.261,14.607,1,0,0.223,1.443,73728,21,9,21
"BudgetCrossing",20000,2,139,17.545,17.540,0.282,15.311,1,0,0.198,2.037,73728,21,9,21
"BudgetCrossing",20000,2,140,19.014,19.024,0.344,17.031,1,0,0.220,1.763,73728,21,9,21
"BudgetCrossing",20000,2,141,15.812,15.825,0.336,14.551,1,0,0.158,1.104,73728,21,9,21
"BudgetCrossing",20000,2,142,15.797,15.798,0.202,14.374,1,0,0.160,1.263,73728,21,9,21
"BudgetCrossing",20000,2,143,17.717,17.702,0.366,15.125,1,0,0.208,2.384,,21,9,21
"BudgetCrossing",20000,2,144,17.242,17.247,0.323,15.186,1,0,0.160,1.897,61440,21,9,21
"BudgetCrossing",20000,2,145,17.214,17.222,0.330,15.778,1,0,0.160,1.276,61440,21,9,21
"BudgetCrossing",20000,2,146,18.073,18.053,0.275,15.209,1,0,0.162,2.702,61440,21,9,21
"BudgetCrossing",20000,2,147,21.659,21.674,0.310,20.243,1,0,0.193,1.224,57344,21,9,21
"BudgetCrossing",20000,2,148,16.129,16.124,0.329,14.656,1,0,0.165,1.308,61440,21,9,21
"BudgetCrossing",20000,2,149,17.646,17.652,0.353,16.390,1,0,0.157,1.099,65536,21,9,21
"BudgetCrossing",20000,2,150,16.660,16.631,0.229,15.823,1,0,0.160,0.677,8192,21,9,21
"BudgetCrossing",20000,2,151,23.426,23.444,0.303,21.861,1,0,0.177,1.388,73728,21,9,21
"BudgetCrossing",20000,2,152,17.496,17.490,0.334,16.020,1,0,0.163,1.313,77824,21,9,21
"BudgetCrossing",20000,2,153,16.458,16.467,0.269,14.994,1,0,0.200,1.264,69632,21,9,21
"BudgetCrossing",20000,2,154,16.927,16.919,0.295,15.420,1,0,0.172,1.335,73728,21,9,21
"BudgetCrossing",20000,2,155,16.774,16.788,0.285,15.403,1,0,0.166,1.205,73728,21,9,21
"BudgetCrossing",20000,2,156,19.372,19.357,0.282,17.320,1,0,0.155,1.898,73728,21,9,21
"BudgetCrossing",20000,2,157,19.719,19.725,0.269,17.769,1,0,0.153,1.797,,21,9,21
"BudgetCrossing",20000,2,158,19.852,19.822,0.355,16.139,1,0,0.206,3.507,98304,21,9,21
"BudgetCrossing",20000,2,159,15.712,15.740,0.346,14.213,1,0,0.163,1.337,57344,21,9,21
"BudgetCrossing",20000,2,160,19.218,19.212,0.676,16.560,1,0,0.186,2.472,61440,21,9,21
"BudgetCrossing",20000,2,161,15.254,15.261,0.300,14.505,1,0,0.152,0.596,4096,21,9,21
"BudgetCrossing",20000,2,162,15.354,15.350,0.359,14.704,1,0,0.203,0.448,8192,21,9,21
"BudgetCrossing",20000,2,163,15.576,15.582,0.282,14.199,1,0,0.152,1.226,65536,21,9,21
"BudgetCrossing",20000,2,164,16.066,16.061,0.309,14.627,1,0,0.159,1.280,57344,21,9,21
"BudgetCrossing",20000,2,165,15.395,15.395,0.277,14.774,1,0,0.208,0.413,20480,21,9,21
"BudgetCrossing",20000,2,166,17.043,17.048,0.298,15.640,1,0,0.146,1.257,73728,21,9,21
"BudgetCrossing",20000,2,167,17.131,17.129,0.356,15.645,1,0,0.187,1.299,73728,21,9,21
"BudgetCrossing",20000,2,168,16.806,16.776,0.278,16.031,1,0,0.175,0.600,16384,21,9,21
"BudgetCrossing",20000,2,169,16.879,16.911,0.297,15.414,1,0,0.168,1.298,73728,21,9,21
"BudgetCrossing",20000,2,170,16.831,16.827,0.288,15.358,1,0,0.149,1.324,73728,21,9,21
"BudgetCrossing",20000,2,171,16.941,16.941,0.377,15.517,1,0,0.153,1.271,73728,21,9,21
"BudgetCrossing",20000,2,172,21.536,21.479,0.287,16.304,1,0,0.167,5.065,77824,21,9,21
"BudgetCrossing",20000,2,173,23.959,23.985,0.259,18.517,1,0,0.199,5.243,,21,9,21
"BudgetCrossing",20000,2,174,16.035,16.060,0.280,14.628,1,0,0.173,1.235,65536,21,9,21
"BudgetCrossing",20000,2,175,15.280,15.258,0.000,14.507,1,0,0.158,0.616,4096,21,9,21
"BudgetCrossing",20000,2,176,19.906,19.923,0.356,18.092,1,0,0.155,1.659,61440,21,9,21
"BudgetCrossing",20000,2,177,18.204,18.176,0.288,15.220,1,0,0.160,2.824,57344,21,9,21
"BudgetCrossing",20000,2,178,18.060,18.057,0.301,14.905,1,0,0.210,2.945,61440,21,9,21
"BudgetCrossing",20000,2,179,16.695,16.730,0.327,15.302,1,0,0.150,1.242,61440,21,9,21
"BudgetCrossing",20000,2,180,16.255,16.253,0.324,14.815,1,0,0.162,1.277,57344,21,9,21
"BudgetCrossing",20000,2,181,15.104,15.098,0.299,14.495,1,0,0.158,0.451,12288,21,9,21
"BudgetCrossing",20000,2,182,16.064,16.064,0.315,14.567,1,0,0.199,1.298,77824,21,9,21
"BudgetCrossing",20000,2,183,16.969,16.973,0.638,15.508,1,0,0.195,1.266,69632,21,9,21
"BudgetCrossing",20000,2,184,17.886,17.880,0.366,16.403,1,0,0.148,1.335,73728,21,9,21
"BudgetCrossing",20000,2,185,16.638,16.642,0.324,15.323,1,0,0.147,1.168,73728,21,9,21
"BudgetCrossing",20000,2,186,16.238,16.201,0.307,15.563,1,0,0.164,0.511,16384,21,9,21
"BudgetCrossing",20000,2,187,16.984,17.012,0.277,15.439,1,0,0.164,1.381,73728,21,9,21
"BudgetCrossing",20000,2,188,18.770,18.763,0.308,16.513,1,0,0.204,2.053,,21,9,21
"BudgetCrossing",20000,2,189,18.938,18.891,0.363,15.870,1,0,0.207,2.861,65536,21,9,21
"BudgetCrossing",20000,2,190,16.704,16.753,0.244,15.108,1,0,0.197,1.400,57344,21,9,21
"BudgetCrossing",20000,2,191,17.247,17.250,0.279,15.614,1,0,0.238,1.395,61440,21,9,21
"BudgetCrossing",20000,2,192,15.740,15.720,0.285,14.883,1,0,0.166,0.691,4096,21,9,21
"BudgetCrossing",20000,2,193,17.080,17.108,0.288,16.477,1,0,0.198,0.405,8192,21,9,21
"BudgetCrossing",20000,2,194,17.146,17.142,0.300,15.659,1,0,0.195,1.293,61440,21,9,21
"BudgetCrossing",20000,2,195,16.771,16.753,0.299,14.896,1,0,0.173,1.703,57344,21,9,21
"BudgetCrossing",20000,2,196,18.055,18.064,0.279,16.511,1,0,0.227,1.317,61440,21,9,21
"BudgetCrossing",20000,2,197,16.882,16.888,0.306,15.518,1,0,0.163,1.201,77824,21,9,21
"BudgetCrossing",20000,2,198,17.294,17.217,0.366,15.717,1,0,0.197,1.380,69632,21,9,21
"BudgetCrossing",20000,2,199,16.744,16.807,0.296,15.011,1,0,0.155,1.578,73728,21,9,21
"BudgetCrossing",20000,2,200,19.229,19.233,0.317,17.193,1,0,0.350,1.686,73728,21,9,21
"BudgetCrossing",20000,2,201,17.285,17.291,0.305,15.587,1,0,0.199,1.499,73728,21,9,21
"BudgetCrossing",20000,2,202,18.210,18.195,0.327,15.372,1,0,0.191,2.648,73728,21,9,21
"BudgetCrossing",20000,2,203,17.994,17.988,0.392,15.299,1,0,0.150,2.546,,21,9,21
"BudgetCrossing",20000,2,204,16.530,16.543,0.283,15.025,1,0,0.190,1.315,61440,21,9,21
"BudgetCrossing",20000,2,205,15.572,15.576,0.000,14.939,1,0,0.198,0.435,4096,21,9,21
"BudgetCrossing",20000,2,206,16.581,16.567,0.321,15.851,1,0,0.188,0.541,8192,21,9,21
"BudgetCrossing",20000,2,207,18.203,18.203,0.297,16.227,1,0,0.170,1.806,57344,21,9,21
"BudgetCrossing",20000,2,208,16.012,16.014,0.277,15.074,1,0,0.206,0.731,8192,21,9,21
"BudgetCrossing",20000,2,209,18.168,18.167,0.345,16.664,1,0,0.204,1.300,61440,21,9,21
"BudgetCrossing",20000,2,210,16.867,16.874,0.312,15.454,1,0,0.155,1.258,57344,21,9,21
"BudgetCrossing",20000,2,211,17.481,17.474,0.295,16.865,1,0,0.166,0.450,8192,21,9,21
"BudgetCrossing",20000,2,212,17.327,17.313,0.228,15.747,1,0,0.172,1.408,61440,21,9,21
"BudgetCrossing",20000,2,213,17.453,17.475,0.361,16.090,1,0,0.169,1.194,73728,21,9,21
"BudgetCrossing",20000,2,214,18.404,18.404,0.318,17.111,1,0,0.147,1.146,73728,21,9,21
"BudgetCrossing",20000,2,215,15.065,15.067,0.252,14.470,1,0,0.148,0.446,20480,21,9,21
"BudgetCrossing",20000,2,216,16.448,16.445,0.283,15.864,1,0,0.161,0.424,16384,21,9,21
"BudgetCrossing",20000,2,217,17.094,17.091,0.290,15.524,1,0,0.203,1.368,73728,21,9,21
"BudgetCrossing",20000,2,218,17.184,17.185,0.312,15.831,1,0,0.156,1.197,73728,21,9,21
"BudgetCrossing",20000,2,219,18.156,18.121,0.324,15.146,1,0,0.198,2.812,77824,21,9,21
"BudgetCrossing",20000,2,220,21.295,21.325,0.285,19.628,1,0,0.199,1.468,73728,21,9,21
"BudgetCrossing",20000,2,221,16.847,16.847,0.305,14.837,1,0,0.149,1.861,,21,9,21
"BudgetCrossing",20000,2,222,18.336,18.337,0.293,16.964,1,0,0.160,1.212,61440,21,9,21
"BudgetCrossing",20000,2,223,15.727,15.730,0.299,15.081,1,0,0.208,0.439,4096,21,9,21
"BudgetCrossing",20000,2,224,17.132,17.133,0.308,15.765,1,0,0.151,1.216,61440,21,9,21
"BudgetCrossing",20000,2,225,19.097,19.076,0.302,16.693,1,0,0.232,2.172,57344,21,9,21
"BudgetCrossing",20000,2,226,17.932,17.940,0.364,16.273,1,0,0.177,1.482,61440,21,9,21
"BudgetCrossing",20000,2,227,17.745,17.746,0.313,15.839,1,0,0.182,1.724,61440,21,9,21
"BudgetCrossing",20000,2,228,17.473,17.471,0.295,15.815,1,0,0.187,1.471,61440,21,9,21
"BudgetCrossing",20000,2,229,17.830,17.836,0.286,16.435,1,0,0.152,1.243,65536,21,9,21
"BudgetCrossing",20000,2,230,17.129,17.125,0.320,15.562,1,0,0.165,1.402,69632,21,9,21
"BudgetCrossing",20000,2,231,18.744,18.749,0.309,17.357,1,0,0.156,1.232,69632,21,9,21
"BudgetCrossing",20000,2,232,18.576,18.553,0.322,15.889,1,0,0.155,2.532,73728,21,9,21
"BudgetCrossing",20000,2,233,16.645,16.669,0.298,15.136,1,0,0.188,1.321,73728,21,9,21
"BudgetCrossing",20000,2,234,16.653,16.649,0.280,16.059,1,0,0.165,0.430,20480,21,9,21
"BudgetCrossing",20000,2,235,20.637,20.619,0.338,17.344,1,0,0.197,3.097,77824,21,9,21
"BudgetCrossing",20000,2,236,19.171,19.179,0.280,15.788,1,0,0.190,3.193,,21,9,21
"BudgetCrossing",20000,2,237,17.028,17.037,0.283,15.493,1,0,0.155,1.380,143360,21,9,21
"BudgetCrossing",20000,2,238,16.375,16.364,0.275,15.716,1,0,0.155,0.505,16384,21,9,21
"BudgetCrossing",20000,2,239,17.411,17.423,0.297,16.850,1,0,0.194,0.366,16384,21,9,21
"BudgetCrossing",20000,2,240,17.292,17.283,0.293,15.559,1,0,0.194,1.539,69632,21,9,21
"BudgetCrossing",20000,2,241,18.223,18.229,0.379,16.729,1,0,0.194,1.300,73728,21,9,21
"BudgetCrossing",20000,2,242,16.975,16.980,0.315,15.613,1,0,0.152,1.211,73728,21,9,21
"BudgetCrossing",20000,2,243,17.377,17.368,0.313,16.722,1,0,0.190,0.465,12288,21,9,21
"BudgetCrossing",20000,2,244,16.692,16.691,0.307,15.385,1,0,0.160,1.147,81920,21,9,21
"BudgetCrossing",20000,2,245,17.357,17.364,0.299,15.943,1,0,0.165,1.249,73728,21,9,21
"BudgetCrossing",20000,2,246,20.518,20.510,0.280,16.571,1,0,0.208,3.739,,21,9,21
"BudgetCrossing",20000,2,247,18.618,18.604,0.305,16.806,1,0,0.197,1.615,69632,21,9,21
"BudgetCrossing",20000,2,248,16.842,16.853,0.280,15.407,1,0,0.225,1.210,69632,21,9,21
"BudgetCrossing",20000,2,249,17.806,17.811,0.291,16.481,1,0,0.157,1.168,73728,21,9,21
"BudgetCrossing",20000,2,250,17.690,17.692,0.285,17.051,1,0,0.202,0.436,16384,21,9,21
"BudgetCrossing",20000,2,251,17.056,17.051,0.283,15.606,1,0,0.155,1.296,77824,21,9,21
"BudgetCrossing",20000,2,252,17.821,17.823,0.316,17.247,1,0,0.148,0.426,20480,21,9,21
"BudgetCrossing",20000,2,253,15.897,15.893,0.283,15.270,1,0,0.161,0.466,20480,21,9,21
"BudgetCrossing",20000,2,254,18.005,17.997,0.343,16.385,1,0,0.193,1.427,73728,21,9,21
"BudgetCrossing",20000,2,255,17.315,17.317,0.366,16.633,1,0,0.191,0.491,16384,21,9,21
"BudgetCrossing",20000,2,256,17.086,17.091,0.273,16.520,1,0,0.160,0.406,24576,21,9,21
"BudgetCrossing",20000,2,257,16.196,16.182,0.280,15.323,1,0,0.143,0.731,16384,21,9,21
"BudgetCrossing",20000,2,258,18.852,18.861,0.282,17.373,1,0,0.198,1.281,81920,21,9,21
"BudgetCrossing",20000,2,259,16.387,16.383,0.275,14.678,1,0,0.154,1.555,73728,21,9,21
"BudgetCrossing",20000,2,260,17.198,17.188,0.268,15.408,1,0,0.158,1.633,73728,21,9,21
"BudgetCrossing",20000,2,261,17.887,17.904,0.270,16.572,1,0,0.157,1.159,77824,21,9,21
"BudgetCrossing",20000,2,262,17.313,17.309,0.307,15.879,1,0,0.197,1.237,73728,21,9,21
"BudgetCrossing",20000,2,263,19.200,19.196,0.324,16.941,1,0,0.187,2.073,,21,9,21
"BudgetCrossing",20000,2,264,17.772,17.772,0.308,16.248,1,0,0.199,1.325,57344,21,9,21
"BudgetCrossing",20000,2,265,17.407,17.409,0.307,16.780,1,0,0.166,0.462,8192,21,9,21
"BudgetCrossing",20000,2,266,17.603,17.606,0.317,16.934,1,0,0.211,0.458,16384,21,9,21
"BudgetCrossing",20000,2,267,19.440,19.410,0.353,16.355,1,0,0.190,2.896,69632,21,9,21
"BudgetCrossing",20000,2,268,23.712,23.723,0.317,22.015,1,0,0.269,1.428,73728,21,9,21
"BudgetCrossing",20000,2,269,16.864,16.883,0.316,15.355,1,0,0.176,1.333,73728,21,9,21
"BudgetCrossing",20000,2,270,25.439,25.406,0.310,22.619,1,0,0.175,2.646,77824,21,9,21
"BudgetCrossing",20000,2,271,16.908,16.937,0.258,15.531,1,0,0.160,1.218,73728,21,9,21
"BudgetCrossing",20000,2,272,16.793,16.800,0.295,16.225,1,0,0.161,0.407,20480,21,9,21
"BudgetCrossing",20000,2,273,18.679,18.653,0.297,16.548,1,0,0.156,1.974,69632,21,9,21
"BudgetCrossing",20000,2,274,18.253,18.260,0.317,16.556,1,0,0.156,1.541,73728,21,9,21
"BudgetCrossing",20000,2,275,18.032,18.036,0.585,16.515,1,0,0.193,1.324,77824,21,9,21
"BudgetCrossing",20000,2,276,19.068,19.073,0.324,17.677,1,0,0.149,1.243,73728,21,9,21
"BudgetCrossing",20000,2,277,18.763,18.762,0.288,17.465,1,0,0.143,1.155,81920,21,9,21
"BudgetCrossing",20000,2,278,18.822,18.802,0.353,16.109,1,0,0.168,2.545,,21,9,21
"BudgetCrossing",20000,2,279,17.707,17.727,0.306,16.204,1,0,0.172,1.330,57344,21,9,21
"BudgetCrossing",20000,2,280,18.161,18.161,0.309,16.714,1,0,0.170,1.276,57344,21,9,21
"BudgetCrossing",20000,2,281,19.242,19.235,0.305,17.740,1,0,0.201,1.301,73728,21,9,21
"BudgetCrossing",20000,2,282,17.301,17.301,0.286,15.807,1,0,0.200,1.294,69632,21,9,21
"BudgetCrossing",20000,2,283,18.197,18.200,0.307,16.768,1,0,0.186,1.244,77824,21,9,21
"BudgetCrossing",20000,2,284,19.537,19.539,0.284,18.241,1,0,0.172,1.124,73728,21,9,21
"BudgetCrossing",20000,2,285,18.788,18.776,0.308,17.237,1,0,0.159,1.392,69632,21,9,21
"BudgetCrossing",20000,2,286,17.080,17.085,0.278,15.698,1,0,0.199,1.183,77824,21,9,21
"BudgetCrossing",20000,2,287,17.432,17.431,0.475,15.964,1,0,0.161,1.307,73728,21,9,21
"BudgetCrossing",20000,2,288,19.704,19.706,0.311,18.282,1,0,0.156,1.267,69632,21,9,21
"BudgetCrossing",20000,2,289,17.953,17.950,0.292,16.484,1,0,0.195,1.274,77824,21,9,21
"BudgetCrossing",20000,2,290,18.463,18.462,0.298,16.962,1,0,0.159,1.342,73728,21,9,21
"BudgetCrossing",20000,2,291,17.895,17.895,0.281,16.373,1,0,0.207,1.315,73728,21,9,21
"BudgetCrossing",20000,2,292,20.448,20.445,0.307,17.934,1,0,0.202,2.313,,21,9,21
"BudgetCrossing",20000,2,293,18.027,18.025,0.339,16.253,1,0,0.204,1.570,57344,21,9,21
"BudgetCrossing",20000,2,294,19.443,19.447,0.342,18.046,1,0,0.154,1.243,65536,21,9,21
"BudgetCrossing",20000,2,295,18.601,18.596,0.319,17.261,1,0,0.156,1.183,73728,21,9,21
"BudgetCrossing",20000,2,296,17.867,17.864,0.282,16.405,1,0,0.208,1.255,73728,21,9,21
"BudgetCrossing",20000,2,297,17.040,17.051,0.321,15.689,1,0,0.144,1.207,73728,21,9,21
"BudgetCrossing",20000,2,298,17.703,17.687,0.312,16.208,1,0,0.198,1.298,69632,21,9,21
"BudgetCrossing",20000,2,299,17.500,17.508,0.301,16.053,1,0,0.161,1.285,77824,21,9,21
"BudgetCrossing",24000,2,0,22.956,22.963,0.271,21.019,1,0,0.185,1.752,98304,14,9,14
"BudgetCrossing",24000,2,1,19.943,19.943,0.303,18.495,1,0,0.250,1.198,69632,14,9,14
"BudgetCrossing",24000,2,2,19.496,19.500,0.286,18.121,1,0,0.190,1.186,73728,14,9,14
"BudgetCrossing",24000,2,3,20.593,20.586,0.367,19.936,1,0,0.243,0.414,20480,15,9,15
"BudgetCrossing",24000,2,4,20.210,20.210,0.284,18.725,1,0,0.220,1.265,73728,15,9,15
"BudgetCrossing",24000,2,5,24.365,24.357,0.246,22.053,1,0,0.194,2.119,,15,9,15
"BudgetCrossing",24000,2,6,24.113,24.079,0.293,20.215,1,0,0.257,3.641,57344,15,9,15
"BudgetCrossing",24000,2,7,22.105,22.109,0.333,19.863,1,0,0.261,1.982,61440,15,9,15
"BudgetCrossing",24000,2,8,23.578,23.589,0.377,21.978,1,0,0.255,1.345,73728,15,9,15
"BudgetCrossing",24000,2,9,19.496,19.499,0.284,17.649,1,0,0.236,1.610,69632,15,9,15
"BudgetCrossing",24000,2,10,19.824,19.846,0.291,19.239,1,0,0.220,0.365,20480,15,9,15
"BudgetCrossing",24000,2,11,21.868,21.855,0.282,18.718,1,0,0.293,2.857,73728,15,9,15
"BudgetCrossing",24000,2,12,22.705,22.684,0.294,20.602,1,0,0.236,1.868,77824,16,9,16
"BudgetCrossing",24000,2,13,21.892,21.911,0.274,19.952,1,0,0.277,1.663,73728,16,9,16
"BudgetCrossing",24000,2,14,19.868,19.875,0.283,19.084,1,0,0.254,0.530,16384,16,9,16
"BudgetCrossing",24000,2,15,22.160,22.140,0.316,19.291,1,0,0.237,2.632,69632,16,9,16
"BudgetCrossing",24000,2,16,24.059,24.072,0.303,21.196,1,0,0.198,2.665,73728,16,9,16
"BudgetCrossing",24000,2,17,21.286,21.255,0.300,19.065,1,0,0.204,2.017,73728,16,9,16
"BudgetCrossing",24000,2,18,24.309,24.310,0.295,21.224,1,0,0.248,2.836,,16,9,16
"BudgetCrossing",24000,2,19,22.523,22.549,0.291,20.814,1,0,0.297,1.412,65536,16,9,16
"BudgetCrossing",24000,2,20,20.479,20.482,0.248,18.738,1,0,0.276,1.464,57344,16,9,16
"BudgetCrossing",24000,2,21,22.156,22.158,0.297,20.191,1,0,0.253,1.712,69632,17,9,17
"BudgetCrossing",24000,2,22,21.365,21.340,0.290,20.330,1,0,0.235,0.800,12288,17,9,17
"BudgetCrossing",24000,2,23,22.648,22.655,0.284,20.118,1,0,0.207,2.323,73728,17,9,17
"BudgetCrossing",24000,2,24,22.911,22.928,0.300,20.171,1,0,0.213,2.527,73728,17,9,17
"BudgetCrossing",24000,2,25,20.503,20.512,0.294,19.051,1,0,0.190,1.262,69632,17,9,17
"BudgetCrossing",24000,2,26,21.528,21.517,0.309,20.002,1,0,0.208,1.319,77824,17,9,17
"BudgetCrossing",24000,2,27,21.793,21.792,0.315,19.167,1,0,0.260,2.366,73728,17,9,17
"BudgetCrossing",24000,2,28,21.725,21.732,0.361,20.292,1,0,0.194,1.239,69632,17,9,17
"BudgetCrossing",24000,2,29,21.791,21.790,0.288,20.436,1,0,0.198,1.158,73728,17,9,17
"BudgetCrossing",24000,2,30,20.579,20.576,0.278,19.180,1,0,0.194,1.205,73728,18,9,18
"BudgetCrossing",24000,2,31,20.582,20.584,0.283,19.135,1,0,0.197,1.250,77824,18,9,18
"BudgetCrossing",24000,2,32,21.333,21.327,0.271,18.848,1,0,0.191,2.294,,18,9,18
"BudgetCrossing",24000,2,33,22.067,22.070,0.280,20.542,1,0,0.256,1.269,57344,18,9,18
"BudgetCrossing",24000,2,34,20.601,20.604,0.271,19.125,1,0,0.242,1.234,61440,18,9,18
"BudgetCrossing",24000,2,35,21.375,21.372,0.276,20.666,1,0,0.236,0.474,16384,18,9,18
"BudgetCrossing",24000,2,36,22.242,22.231,0.296,19.306,1,0,0.229,2.707,69632,18,9,18
"BudgetCrossing",24000,2,37,21.768,21.776,0.280,19.825,1,0,0.223,1.720,73728,18,9,18
"BudgetCrossing",24000,2,38,22.530,22.500,0.314,19.898,1,0,0.236,2.396,73728,18,9,18
"BudgetCrossing",24000,2,39,22.244,22.271,0.283,20.691,1,0,0.236,1.317,73728,19,9,19
"BudgetCrossing",24000,2,40,21.972,21.966,0.368,20.489,1,0,0.190,1.294,73728,19,9,19
"BudgetCrossing",24000,2,41,20.119,20.123,0.309,18.632,1,0,0.199,1.288,73728,19,9,19
"BudgetCrossing",24000,2,42,21.236,21.232,0.283,19.648,1,0,0.236,1.353,69632,19,9,19
"BudgetCrossing",24000,2,43,20.954,20.959,0.292,19.948,1,0,0.228,0.778,20480,19,9,19
"BudgetCrossing",24000,2,44,21.564,21.537,0.297,18.476,1,0,0.218,2.870,73728,19,9,19
"BudgetCrossing",24000,2,45,22.608,22.617,0.311,19.392,1,0,0.228,2.988,73728,19,9,19
"BudgetCrossing",24000,2,46,22.612,22.627,0.522,19.474,1,0,0.179,2.960,,19,9,19
"BudgetCrossing",24000,2,47,23.348,23.351,0.297,21.982,1,0,0.192,1.174,57344,19,9,19
"BudgetCrossing",24000,2,48,22.313,22.308,0.310,20.825,1,0,0.249,1.239,61440,20,9,20
"BudgetCrossing",24000,2,49,19.880,19.881,0.346,18.431,1,0,0.184,1.264,73728,20,9,20
"BudgetCrossing",24000,2,50,22.041,22.047,0.324,20.719,1,0,0.170,1.153,69632,20,9,20
"BudgetCrossing",24000,2,51,20.943,20.897,0.279,18.936,1,0,0.254,1.753,73728,20,9,20
"BudgetCrossing",24000,2,52,23.626,23.660,0.299,21.319,1,0,0.193,2.114,77824,20,9,20
"BudgetCrossing",24000,2,53,22.095,22.072,0.300,19.060,1,0,0.193,2.843,69632,20,9,20
"BudgetCrossing",24000,2,54,22.066,22.086,0.278,19.481,1,0,0.207,2.379,73728,20,9,20
"BudgetCrossing",24000,2,55,22.048,22.036,0.287,19.301,1,0,0.241,2.506,73728,20,9,20
"BudgetCrossing",24000,2,56,19.345,19.337,0.288,18.531,1,0,0.207,0.606,12288,20,9,20
"BudgetCrossing",24000,2,57,20.496,20.525,0.353,19.835,1,0,0.190,0.472,20480,21,9,21
"BudgetCrossing",24000,2,58,20.583,20.557,0.350,19.458,1,0,0.238,0.887,20480,21,9,21
"BudgetCrossing",24000,2,59,23.741,23.733,0.342,20.612,1,0,0.211,2.917,73728,21,9,21
"BudgetCrossing",24000,2,60,23.488,23.496,0.324,19.521,1,0,0.238,3.729,,21,9,21
"BudgetCrossing",24000,2,61,26.133,26.146,0.313,24.417,1,0,0.257,1.459,65536,21,9,21
"BudgetCrossing",24000,2,62,22.332,22.330,0.341,20.637,1,0,0.221,1.474,57344,21,9,21
"BudgetCrossing",24000,2,63,23.199,23.181,0.339,21.521,1,0,0.253,1.425,65536,21,9,21
"BudgetCrossing",24000,2,64,21.730,21.738,0.296,19.559,1,0,0.313,1.858,69632,21,9,21
"BudgetCrossing",24000,2,65,22.253,22.260,0.313,20.701,1,0,0.245,1.307,73728,21,9,21
"BudgetCrossing",24000,2,66,22.071,22.062,0.319,20.109,1,0,0.259,1.703,73728,21,9,21
"BudgetCrossing",24000,2,67,28.844,28.851,0.345,27.317,1,0,0.240,1.287,73728,21,9,21
"BudgetCrossing",24000,2,68,20.714,20.709,0.309,19.141,1,0,0.239,1.334,73728,21,9,21
"BudgetCrossing",24000,2,69,22.514,22.510,0.283,20.833,1,0,0.194,1.488,73728,21,9,21
"BudgetCrossing",24000,2,70,21.262,21.264,0.374,19.641,1,0,0.268,1.354,69632,21,9,21
"BudgetCrossing",24000,2,71,22.634,22.637,0.326,20.777,1,0,0.255,1.603,73728,21,9,21
"BudgetCrossing",24000,2,72,23.537,23.525,0.335,21.715,1,0,0.311,1.511,73728,21,9,21
"BudgetCrossing",24000,2,73,25.098,25.088,0.275,20.852,1,0,0.273,3.973,,21,9,21
"BudgetCrossing",24000,2,74,22.121,22.145,0.283,20.528,1,0,0.197,1.396,61440,21,9,21
"BudgetCrossing",24000,2,75,22.821,22.819,0.335,21.317,1,0,0.197,1.308,57344,21,9,21
"BudgetCrossing",24000,2,76,22.586,22.580,0.349,20.794,1,0,0.271,1.521,65536,21,9,21
"BudgetCrossing",24000,2,77,24.998,24.991,0.278,22.522,1,0,0.310,2.165,69632,21,9,21
"BudgetCrossing",24000,2,78,23.410,23.401,0.290,21.331,1,0,0.201,1.878,73728,21,9,21
"BudgetCrossing",24000,2,79,23.080,23.097,0.281,21.549,1,0,0.198,1.333,77824,21,9,21
"BudgetCrossing",24000,2,80,21.546,21.546,0.300,19.896,1,0,0.183,1.468,69632,21,9,21
"BudgetCrossing",24000,2,81,21.899,21.894,0.299,20.048,1,0,0.237,1.614,73728,21,9,21
"BudgetCrossing",24000,2,82,23.785,23.772,0.359,20.905,1,0,0.229,2.651,73728,21,9,21
"BudgetCrossing",24000,2,83,22.394,22.390,0.325,19.773,1,0,0.183,2.439,69632,21,9,21
"BudgetCrossing",24000,2,84,21.991,22.003,0.266,20.139,1,0,0.216,1.636,73728,21,9,21
"BudgetCrossing",24000,2,85,22.400,22.404,0.326,20.654,1,0,0.189,1.557,77824,21,9,21
"BudgetCrossing",24000,2,86,21.969,21.954,0.328,18.940,1,0,0.247,2.783,,21,9,21
"BudgetCrossing",24000,2,87,23.528,23.534,0.371,21.372,1,0,0.266,1.891,61440,21,9,21
"BudgetCrossing",24000,2,88,21.161,21.173,0.302,19.568,1,0,0.257,1.337,57344,21,9,21
"BudgetCrossing",24000,2,89,23.352,23.327,0.298,21.629,1,0,0.248,1.475,61440,21,9,21
"BudgetCrossing",24000,2,90,23.015,23.023,0.307,20.995,1,0,0.317,1.703,69632,21,9,21
"BudgetCrossing",24000,2,91,23.568,23.576,0.297,20.918,1,0,0.254,2.397,77824,21,9,21
"BudgetCrossing",24000,2,92,23.264,23.270,0.332,21.779,1,0,0.190,1.294,73728,21,9,21
"BudgetCrossing",24000,2,93,23.073,23.068,0.293,20.222,1,0,0.241,2.610,69632,21,9,21
"BudgetCrossing",24000,2,94,22.558,22.562,0.307,21.065,1,0,0.222,1.271,73728,21,9,21
"BudgetCrossing",24000,2,95,23.025,22.992,0.397,19.945,1,0,0.198,2.882,73728,21,9,21
"BudgetCrossing",24000,2,96,23.114,23.116,0.303,19.956,1,0,0.257,2.901,69632,21,9,21
"BudgetCrossing",24000,2,97,24.300,24.322,0.392,22.697,1,0,0.255,1.348,77824,21,9,21
"BudgetCrossing",24000,2,98,24.248,24.210,0.322,21.117,1,0,0.198,2.933,73728,21,9,21
"BudgetCrossing",24000,2,99,23.040,23.052,0.304,19.827,1,0,0.257,2.956,,21,9,21
"BudgetCrossing",24000,2,100,21.864,21.876,0.323,20.315,1,0,0.239,1.310,61440,21,9,21
"BudgetCrossing",24000,2,101,22.523,22.525,0.311,20.129,1,0,0.212,2.182,57344,21,9,21
"BudgetCrossing",24000,2,102,21.316,21.328,0.320,19.741,1,0,0.259,1.315,61440,21,9,21
"BudgetCrossing",24000,2,103,22.515,22.513,0.283,20.915,1,0,0.202,1.398,69632,21,9,21
"BudgetCrossing",24000,2,104,22.067,22.061,0.282,20.323,1,0,0.225,1.519,73728,21,9,21
"BudgetCrossing",24000,2,105,22.529,22.527,0.475,20.572,1,0,0.218,1.739,77824,21,9,21
"BudgetCrossing",24000,2,106,22.880,22.885,0.289,21.431,1,0,0.187,1.262,69632,21,9,21
"BudgetCrossing",24000,2,107,23.082,23.068,0.309,21.487,1,0,0.226,1.370,73728,21,9,21
"BudgetCrossing",24000,2,108,22.983,22.978,0.281,21.160,1,0,0.279,1.544,73728,21,9,21
"BudgetCrossing",24000,2,109,21.669,21.681,0.249,20.252,1,0,0.216,1.201,73728,21,9,21
"BudgetCrossing",24000,2,110,21.654,21.638,0.290,19.904,1,0,0.303,1.447,73728,21,9,21
"BudgetCrossing",24000,2,111,23.828,23.814,0.366,20.574,1,0,0.280,2.974,77824,21,9,21
"BudgetCrossing",24000,2,112,25.314,25.336,0.294,21.896,1,0,0.243,3.176,,21,9,21
"BudgetCrossing",24000,2,113,21.882,21.896,0.287,20.339,1,0,0.264,1.279,61440,21,9,21
"BudgetCrossing",24000,2,114,23.192,23.184,0.000,20.756,1,0,0.253,2.184,57344,21,9,21
"BudgetCrossing",24000,2,115,24.067,24.050,0.395,22.502,1,0,0.238,1.327,65536,21,9,21
"BudgetCrossing",24000,2,116,24.867,24.846,0.366,21.612,1,0,0.291,2.964,65536,21,9,21
"BudgetCrossing",24000,2,117,23.444,23.477,0.322,22.080,1,0,0.191,1.173,73728,21,9,21
"BudgetCrossing",24000,2,118,22.521,22.517,0.368,20.891,1,0,0.275,1.356,73728,21,9,21
"BudgetCrossing",24000,2,119,23.114,23.114,0.380,21.002,1,0,0.268,1.845,69632,21,9,21
"BudgetCrossing",24000,2,120,25.264,25.243,0.355,22.164,1,0,0.263,2.837,73728,21,9,21
"BudgetCrossing",24000,2,121,22.908,22.915,0.311,20.684,1,0,0.203,2.021,77824,21,9,21
"BudgetCrossing",24000,2,122,22.842,22.845,0.309,20.900,1,0,0.258,1.684,69632,21,9,21
"BudgetCrossing",24000,2,123,23.562,23.576,0.274,22.141,1,0,0.255,1.167,73728,21,9,21
"BudgetCrossing",24000,2,124,22.026,22.029,0.291,20.572,1,0,0.187,1.268,73728,21,9,21
"BudgetCrossing",24000,2,125,22.326,22.322,0.296,21.589,1,0,0.237,0.500,16384,21,9,21
"BudgetCrossing",24000,2,126,24.264,24.258,0.284,20.510,1,0,0.216,3.538,,21,9,21
"BudgetCrossing",24000,2,127,24.059,24.043,0.371,21.011,1,0,0.180,2.868,65536,21,9,21
"BudgetCrossing",24000,2,128,23.720,23.715,0.000,20.583,1,0,0.255,2.882,61440,21,9,21
"BudgetCrossing",24000,2,129,29.761,29.784,0.360,27.579,1,0,0.184,1.997,61440,21,9,21
"BudgetCrossing",24000,2,130,24.447,24.424,0.368,21.731,1,0,0.253,2.464,65536,21,9,21
"BudgetCrossing",24000,2,131,22.749,22.771,0.297,20.845,1,0,0.225,1.679,73728,21,9,21
"BudgetCrossing",24000,2,132,21.585,21.586,0.364,19.909,1,0,0.236,1.440,73728,21,9,21
"BudgetCrossing",24000,2,133,22.671,22.672,0.298,21.176,1,0,0.217,1.278,69632,21,9,21
"BudgetCrossing",24000,2,134,25.320,25.297,0.326,22.767,1,0,0.240,2.313,77824,21,9,21
"BudgetCrossing",24000,2,135,23.393,23.381,0.331,20.257,1,0,0.246,2.889,73728,21,9,21
"BudgetCrossing",24000,2,136,23.054,23.076,0.300,21.081,1,0,0.256,1.717,69632,21,9,21
"BudgetCrossing",24000,2,137,23.918,23.891,0.333,20.728,1,0,0.251,2.939,73728,21,9,21
"BudgetCrossing",24000,2,138,24.002,24.004,0.356,21.321,1,0,0.199,2.481,73728,21,9,21
"BudgetCrossing",24000,2,139,28.418,28.402,0.329,23.838,1,0,0.243,4.337,,21,9,21
"BudgetCrossing",24000,2,140,22.291,22.326,0.296,20.382,1,0,0.249,1.661,65536,21,9,21
"BudgetCrossing",24000,2,141,24.989,24.953,0.327,21.858,1,0,0.244,2.886,57344,21,9,21
"BudgetCrossing",24000,2,142,21.307,21.344,0.298,20.606,1,0,0.223,0.478,8192,21,9,21
"BudgetCrossing",24000,2,143,24.674,24.653,0.306,22.295,1,0,0.209,2.169,61440,21,9,21
"BudgetCrossing",24000,2,144,23.127,23.139,0.327,20.847,1,0,0.275,2.004,73728,21,9,21
"BudgetCrossing",24000,2,145,21.761,21.777,0.301,20.265,1,0,0.192,1.305,73728,21,9,21
"BudgetCrossing",24000,2,146,22.507,22.502,0.277,21.823,1,0,0.201,0.482,12288,21,9,21
"BudgetCrossing",24000,2,147,21.713,21.685,0.358,20.568,1,0,0.242,0.903,20480,21,9,21
"BudgetCrossing",24000,2,148,23.968,23.993,0.290,21.738,1,0,0.227,2.003,73728,21,9,21
"BudgetCrossing",24000,2,149,21.902,21.905,0.305,20.388,1,0,0.233,1.281,73728,21,9,21
"BudgetCrossing",24000,2,150,23.134,23.112,0.304,21.394,1,0,0.256,1.485,73728,21,9,21
"BudgetCrossing",24000,2,151,23.526,23.536,0.588,22.077,1,0,0.236,1.213,77824,21,9,21
"BudgetCrossing",24000,2,152,23.685,23.689,0.307,22.154,1,0,0.256,1.275,73728,21,9,21
"BudgetCrossing",24000,2,153,23.710,23.686,0.328,20.764,1,0,0.257,2.689,77824,21,9,21
"BudgetCrossing",24000,2,154,23.787,23.792,0.304,21.136,1,0,0.234,2.417,73728,21,9,21
"BudgetCrossing",24000,2,155,28.063,28.069,0.303,24.953,1,0,0.230,2.880,,21,9,21
"BudgetCrossing",24000,2,156,23.501,23.487,0.372,20.233,1,0,0.201,3.067,57344,21,9,21
"BudgetCrossing",24000,2,157,21.032,21.054,0.327,19.581,1,0,0.239,1.211,57344,21,9,21
"BudgetCrossing",24000,2,158,23.845,23.828,0.306,21.894,1,0,0.244,1.707,61440,21,9,21
"BudgetCrossing",24000,2,159,24.116,24.121,0.291,22.420,1,0,0.264,1.432,57344,21,9,21
"BudgetCrossing",24000,2,160,24.167,24.167,0.361,22.607,1,0,0.213,1.347,73728,21,9,21
"BudgetCrossing",24000,2,161,22.284,22.290,0.352,20.103,1,0,0.204,1.978,77824,21,9,21
"BudgetCrossing",24000,2,162,23.945,23.949,0.293,22.527,1,0,0.198,1.221,69632,21,9,21
"BudgetCrossing",24000,2,163,21.651,21.650,0.356,20.118,1,0,0.194,1.340,73728,21,9,21
"BudgetCrossing",24000,2,164,21.373,21.374,0.293,20.752,1,0,0.183,0.438,16384,21,9,21
"BudgetCrossing",24000,2,165,24.373,24.367,0.379,22.780,1,0,0.253,1.339,69632,21,9,21
"BudgetCrossing",24000,2,166,23.400,23.405,0.293,21.832,1,0,0.232,1.336,73728,21,9,21
"BudgetCrossing",24000,2,167,23.685,23.679,0.336,22.213,1,0,0.188,1.284,73728,21,9,21
"BudgetCrossing",24000,2,168,23.285,23.267,0.283,20.585,1,0,0.224,2.476,77824,21,9,21
"BudgetCrossing",24000,2,169,24.075,24.079,0.351,20.351,1,0,0.187,3.537,,21,9,21
"BudgetCrossing",24000,2,170,23.949,23.924,0.331,20.834,1,0,0.219,2.896,57344,21,9,21
"BudgetCrossing",24000,2,171,23.381,23.419,0.329,21.902,1,0,0.216,1.262,57344,21,9,21
"BudgetCrossing",24000,2,172,21.703,21.703,0.335,20.335,1,0,0.193,1.175,61440,21,9,21
"BudgetCrossing",24000,2,173,24.619,24.606,0.314,22.524,1,0,0.253,1.842,61440,21,9,21
"BudgetCrossing",24000,2,174,23.965,23.962,0.289,21.711,1,0,0.248,2.006,77824,21,9,21
"BudgetCrossing",24000,2,175,22.700,22.697,0.323,20.711,1,0,0.208,1.780,73728,21,9,21
"BudgetCrossing",24000,2,176,21.622,21.636,0.300,20.887,1,0,0.267,0.469,12288,21,9,21
"BudgetCrossing",24000,2,177,21.662,21.664,0.331,21.005,1,0,0.219,0.438,20480,21,9,21
"BudgetCrossing",24000,2,178,24.093,24.093,0.328,22.692,1,0,0.186,1.215,73728,21,9,21
"BudgetCrossing",24000,2,179,22.624,22.621,0.310,21.122,1,0,0.192,1.310,69632,21,9,21
"BudgetCrossing",24000,2,180,25.010,24.982,0.316,21.951,1,0,0.221,2.837,73728,21,9,21
"BudgetCrossing",24000,2,181,23.609,23.617,0.319,20.989,1,0,0.195,2.425,73728,21,9,21
"BudgetCrossing",24000,2,182,22.904,22.903,0.278,20.854,1,0,0.243,1.807,77824,21,9,21
"BudgetCrossing",24000,2,183,25.054,25.069,0.299,22.101,1,0,0.223,2.730,,21,9,21
"BudgetCrossing",24000,2,184,23.015,22.980,0.394,21.091,1,0,0.295,1.630,57344,21,9,21
"BudgetCrossing",24000,2,185,22.968,22.985,0.309,21.357,1,0,0.253,1.358,57344,21,9,21
"BudgetCrossing",24000,2,186,22.506,22.513,0.342,20.867,1,0,0.328,1.311,61440,21,9,21
"BudgetCrossing",24000,2,187,23.992,23.967,0.308,20.954,1,0,0.255,2.782,57344,21,9,21
"BudgetCrossing",24000,2,188,22.975,22.991,0.673,19.937,1,0,0.254,2.784,77824,21,9,21
"BudgetCrossing",24000,2,189,24.648,24.665,0.297,23.119,1,0,0.259,1.270,73728,21,9,21
"BudgetCrossing",24000,2,190,21.912,21.912,0.310,20.473,1,0,0.252,1.187,69632,21,9,21
"BudgetCrossing",24000,2,191,24.040,24.037,0.333,22.587,1,0,0.218,1.235,77824,21,9,21
"BudgetCrossing",24000,2,192,22.104,22.065,0.310,20.916,1,0,0.207,0.981,20480,21,9,21
"BudgetCrossing",24000,2,193,24.517,24.530,0.372,22.859,1,0,0.255,1.403,69632,21,9,21
"BudgetCrossing",24000,2,194,24.239,24.230,0.382,21.248,1,0,0.210,2.780,73728,21,9,21
"BudgetCrossing",24000,2,195,22.999,23.034,0.319,21.481,1,0,0.250,1.268,77824,21,9,21
"BudgetCrossing",24000,2,196,23.516,23.518,0.281,22.018,1,0,0.235,1.263,73728,21,9,21
"BudgetCrossing",24000,2,197,28.029,27.980,0.347,23.190,1,0,0.256,4.583,,21,9,21
"BudgetCrossing",24000,2,198,23.140,23.159,0.334,21.151,1,0,0.251,1.738,57344,21,9,21
"BudgetCrossing",24000,2,199,22.840,22.829,0.385,21.845,1,0,0.280,0.715,4096,21,9,21
"BudgetCrossing",24000,2,200,25.057,25.065,0.304,22.190,1,0,0.248,2.620,57344,21,9,21
"BudgetCrossing",24000,2,201,26.688,26.662,0.297,23.622,1,0,0.264,2.802,61440,21,9,21
"BudgetCrossing",24000,2,202,23.410,23.437,0.499,21.647,1,0,0.367,1.396,77824,21,9,21
"BudgetCrossing",24000,2,203,24.227,24.227,0.324,22.475,1,0,0.282,1.470,69632,21,9,21
"BudgetCrossing",24000,2,204,25.807,25.804,0.266,23.099,1,0,0.257,2.450,73728,21,9,21
"BudgetCrossing",24000,2,205,25.548,25.564,0.343,24.108,1,0,0.181,1.259,73728,21,9,21
"BudgetCrossing",24000,2,206,23.420,23.391,0.309,20.939,1,0,0.258,2.223,69632,21,9,21
"BudgetCrossing",24000,2,207,29.370,29.399,0.314,27.914,1,0,0.195,1.262,73728,21,9,21
"BudgetCrossing",24000,2,208,23.826,23.820,0.328,21.932,1,0,0.261,1.633,73728,21,9,21
"BudgetCrossing",24000,2,209,24.940,24.945,0.302,22.601,1,0,0.247,2.093,73728,21,9,21
"BudgetCrossing",24000,2,210,23.406,23.401,0.350,20.899,1,0,0.223,2.284,77824,21,9,21
"BudgetCrossing",24000,2,211,26.034,26.029,0.373,22.805,1,0,0.200,3.029,,21,9,21
"BudgetCrossing",24000,2,212,24.309,24.303,0.322,21.982,1,0,0.202,2.125,57344,21,9,21
"BudgetCrossing",24000,2,213,23.786,23.778,0.333,21.961,1,0,0.286,1.539,57344,21,9,21
"BudgetCrossing",24000,2,214,25.516,25.525,0.273,23.655,1,0,0.264,1.598,61440,21,9,21
"BudgetCrossing",24000,2,215,24.748,24.729,0.332,21.635,1,0,0.254,2.859,61440,21,9,21
"BudgetCrossing",24000,2,216,22.108,22.140,0.301,20.754,1,0,0.214,1.140,61440,21,9,21
"BudgetCrossing",24000,2,217,23.917,23.903,0.315,23.048,1,0,0.197,0.672,20480,21,9,21
"BudgetCrossing",24000,2,218,23.291,23.304,0.390,21.723,1,0,0.242,1.325,69632,21,9,21
"BudgetCrossing",24000,2,219,23.133,23.129,0.275,21.651,1,0,0.219,1.263,73728,21,9,21
"BudgetCrossing",24000,2,220,23.993,23.985,0.329,22.222,1,0,0.234,1.538,73728,21,9,21
"BudgetCrossing",24000,2,221,23.898,23.908,0.308,22.433,1,0,0.182,1.282,73728,21,9,21
"BudgetCrossing",24000,2,222,27.836,27.804,0.381,24.458,1,0,0.186,3.192,73728,21,9,21
"BudgetCrossing",24000,2,223,24.197,24.218,0.394,21.885,1,0,0.263,2.050,73728,21,9,21
"BudgetCrossing",24000,2,224,25.620,25.605,0.337,23.459,1,0,0.247,1.914,73728,21,9,21
"BudgetCrossing",24000,2,225,26.616,26.608,0.299,22.091,1,0,0.375,4.149,,21,9,21
"BudgetCrossing",24000,2,226,23.380,23.388,0.334,21.575,1,0,0.339,1.466,155648,21,9,21
"BudgetCrossing",24000,2,227,25.579,25.589,0.341,22.623,1,0,0.289,2.666,73728,21,9,21
"BudgetCrossing",24000,2,228,25.505,25.507,0.300,22.353,1,0,0.428,2.724,77824,21,9,21
"BudgetCrossing",24000,2,229,22.694,22.704,0.305,21.283,1,0,0.191,1.220,69632,21,9,21
"BudgetCrossing",24000,2,230,24.739,24.705,0.298,21.827,1,0,0.251,2.661,73728,21,9,21
"BudgetCrossing",24000,2,231,23.269,23.293,0.327,21.720,1,0,0.243,1.306,73728,21,9,21
"BudgetCrossing",24000,2,232,24.524,24.525,0.392,23.075,1,0,0.221,1.228,69632,21,9,21
"BudgetCrossing",24000,2,233,27.735,27.713,0.308,25.413,1,0,0.229,2.093,,21,9,21
"BudgetCrossing",24000,2,234,25.720,25.711,0.310,22.811,1,0,0.472,2.438,65536,21,9,21
"BudgetCrossing",24000,2,235,25.624,25.621,0.332,23.677,1,0,0.351,1.596,69632,21,9,21
"BudgetCrossing",24000,2,236,26.443,26.444,0.302,23.451,1,0,0.276,2.715,73728,21,9,21
"BudgetCrossing",24000,2,237,24.585,24.588,0.371,21.667,1,0,0.191,2.728,69632,21,9,21
"BudgetCrossing",24000,2,238,25.200,25.183,0.335,22.028,1,0,0.289,2.884,73728,21,9,21
"BudgetCrossing",24000,2,239,27.036,27.037,0.317,24.018,1,0,0.247,2.771,77824,21,9,21
"BudgetCrossing",24000,2,240,24.783,24.777,0.338,21.618,1,0,0.191,2.975,69632,21,9,21
"BudgetCrossing",24000,2,241,24.185,24.188,0.318,22.998,1,0,0.210,0.976,20480,21,9,21
"BudgetCrossing",24000,2,242,25.338,25.356,0.315,22.669,1,0,0.259,2.411,73728,21,9,21
"BudgetCrossing",24000,2,243,24.464,24.481,0.385,22.906,1,0,0.208,1.350,73728,21,9,21
"BudgetCrossing",24000,2,244,25.344,25.321,0.328,22.397,1,0,0.264,2.683,77824,21,9,21
"BudgetCrossing",24000,2,245,24.185,24.206,0.371,22.588,1,0,0.251,1.345,81920,21,9,21
"BudgetCrossing",24000,2,246,25.638,25.608,0.311,22.543,1,0,0.261,2.834,77824,21,9,21
"BudgetCrossing",24000,2,247,25.540,25.561,0.310,22.442,1,0,0.255,2.843,73728,21,9,21
"BudgetCrossing",24000,2,248,26.986,26.975,0.271,22.459,1,0,0.256,4.272,,21,9,21
"BudgetCrossing",24000,2,249,23.283,23.304,0.337,21.793,1,0,0.218,1.273,69632,21,9,21
"BudgetCrossing",24000,2,250,24.752,24.744,0.322,21.896,1,0,0.255,2.601,69632,21,9,21
"BudgetCrossing",24000,2,251,24.829,24.817,0.310,22.406,1,0,0.219,2.205,73728,21,9,21
"BudgetCrossing",24000,2,252,24.383,24.386,0.370,22.638,1,0,0.277,1.468,77824,21,9,21
"BudgetCrossing",24000,2,253,25.863,25.851,0.305,22.691,1,0,0.251,2.920,69632,21,9,21
"BudgetCrossing",24000,2,254,25.677,25.699,0.334,24.228,1,0,0.209,1.240,73728,21,9,21
"BudgetCrossing",24000,2,255,23.415,23.419,0.333,21.841,1,0,0.258,1.316,73728,21,9,21
"BudgetCrossing",24000,2,256,26.208,26.172,0.312,23.100,1,0,0.227,2.882,73728,21,9,21
"BudgetCrossing",24000,2,257,24.348,24.383,0.331,22.872,1,0,0.196,1.280,73728,21,9,21
"BudgetCrossing",24000,2,258,26.709,26.693,0.292,24.018,1,0,0.226,2.465,73728,21,9,21
"BudgetCrossing",24000,2,259,23.443,23.449,0.328,21.845,1,0,0.237,1.361,77824,21,9,21
"BudgetCrossing",24000,2,260,24.905,24.879,0.415,21.754,1,0,0.231,2.919,73728,21,9,21
"BudgetCrossing",24000,2,261,25.625,25.596,0.321,22.340,1,0,0.215,3.070,,21,9,21
"BudgetCrossing",24000,2,262,25.829,25.869,0.302,23.243,1,0,0.218,2.369,65536,21,9,21
"BudgetCrossing",24000,2,263,27.394,27.405,0.000,24.180,1,0,0.259,2.955,65536,21,9,21
"BudgetCrossing",24000,2,264,32.241,32.217,0.309,28.743,1,0,0.247,3.252,77824,21,9,21
"BudgetCrossing",24000,2,265,23.504,23.521,0.311,21.931,1,0,0.247,1.325,69632,21,9,21
"BudgetCrossing",24000,2,266,24.140,24.146,0.295,22.593,1,0,0.202,1.345,73728,21,9,21
"BudgetCrossing",24000,2,267,24.873,24.864,0.335,22.099,1,0,0.259,2.515,73728,21,9,21
"BudgetCrossing",24000,2,268,22.722,22.728,0.354,21.210,1,0,0.247,1.265,69632,21,9,21
"BudgetCrossing",24000,2,269,25.468,25.475,0.347,23.550,1,0,0.186,1.733,77824,21,9,21
"BudgetCrossing",24000,2,270,24.327,24.317,0.280,22.684,1,0,0.256,1.387,77824,21,9,21
"BudgetCrossing",24000,2,271,25.287,25.286,0.641,23.306,1,0,0.239,1.741,69632,21,9,21
"BudgetCrossing",24000,2,272,24.100,24.105,0.300,22.561,1,0,0.222,1.316,73728,21,9,21
"BudgetCrossing",24000,2,273,26.683,26.677,0.284,24.009,1,0,0.242,2.432,73728,21,9,21
"BudgetCrossing",24000,2,274,24.885,24.882,0.307,23.147,1,0,0.257,1.481,77824,21,9,21
"BudgetCrossing",24000,2,275,24.660,24.660,0.373,21.815,1,0,0.248,2.598,,21,9,21
"BudgetCrossing",24000,2,276,25.623,25.603,0.313,22.625,1,0,0.258,2.740,65536,21,9,21
"BudgetCrossing",24000,2,277,23.837,23.863,0.000,22.294,1,0,0.236,1.306,65536,21,9,21
"BudgetCrossing",24000,2,278,25.504,25.504,0.289,24.104,1,0,0.208,1.192,73728,21,9,21
"BudgetCrossing",24000,2,279,25.218,25.212,0.347,23.664,1,0,0.248,1.306,69632,21,9,21
"BudgetCrossing",24000,2,280,24.656,24.660,0.307,23.135,1,0,0.227,1.294,73728,21,9,21
"BudgetCrossing",24000,2,281,26.835,26.809,0.300,23.759,1,0,0.261,2.815,73728,21,9,21
"BudgetCrossing",24000,2,282,26.098,26.112,0.291,23.218,1,0,0.276,2.604,73728,21,9,21
"BudgetCrossing",24000,2,283,25.619,25.621,0.302,22.961,1,0,0.216,2.442,81920,21,9,21
"BudgetCrossing",24000,2,284,26.181,26.156,0.307,23.055,1,0,0.264,2.862,73728,21,9,21
"BudgetCrossing",24000,2,285,25.787,25.816,0.290,24.295,1,0,0.215,1.278,69632,21,9,21
"BudgetCrossing",24000,2,286,23.837,23.837,0.301,22.482,1,0,0.196,1.159,73728,21,9,21
"BudgetCrossing",24000,2,287,24.430,24.348,0.293,22.610,1,0,0.192,1.628,73728,21,9,21
"BudgetCrossing",24000,2,288,25.837,25.915,0.289,24.356,1,0,0.192,1.290,77824,21,9,21
"BudgetCrossing",24000,2,289,25.554,25.539,0.273,23.283,1,0,0.224,2.048,,21,9,21
"BudgetCrossing",24000,2,290,24.874,24.880,0.276,23.265,1,0,0.280,1.330,61440,21,9,21
"BudgetCrossing",24000,2,291,25.444,25.447,0.271,23.813,1,0,0.250,1.381,61440,21,9,21
"BudgetCrossing",24000,2,292,24.215,24.213,0.275,22.689,1,0,0.196,1.330,73728,21,9,21
"BudgetCrossing",24000,2,293,27.696,27.397,0.278,24.345,1,0,0.242,3.110,69632,21,9,21
"BudgetCrossing",24000,2,294,24.919,25.217,0.280,23.313,1,0,0.215,1.391,77824,21,9,21
"BudgetCrossing",24000,2,295,26.928,26.901,0.315,23.946,1,0,0.239,2.743,73728,21,9,21
"BudgetCrossing",24000,2,296,25.701,25.725,0.350,22.918,1,0,0.240,2.543,69632,21,9,21
"BudgetCrossing",24000,2,297,24.517,24.525,0.315,23.041,1,0,0.185,1.290,77824,21,9,21
"BudgetCrossing",24000,2,298,25.296,25.262,0.277,24.255,1,0,0.230,0.811,16384,21,9,21
"BudgetCrossing",24000,2,299,26.170,26.198,0.310,24.582,1,0,0.230,1.357,69632,21,9,21
"BudgetCrossing",12000,3,0,6.428,6.414,0.284,5.309,1,0,0.088,1.031,73728,14,9,14
"BudgetCrossing",12000,3,1,6.015,6.025,0.259,4.903,1,0,0.084,1.028,73728,14,9,14
"BudgetCrossing",12000,3,2,6.118,6.117,0.258,4.958,1,0,0.084,1.077,73728,14,9,14
"BudgetCrossing",12000,3,3,5.395,5.390,0.259,4.980,1,0,0.104,0.311,20480,15,9,15
"BudgetCrossing",12000,3,4,6.308,6.313,0.270,5.097,1,0,0.093,1.117,69632,15,9,15
"BudgetCrossing",12000,3,5,7.826,7.816,0.260,5.296,1,0,0.100,2.430,77824,15,9,15
"BudgetCrossing",12000,3,6,9.771,9.760,0.268,7.991,1,0,0.084,1.696,73728,15,9,15
"BudgetCrossing",12000,3,7,6.148,6.163,0.283,4.928,1,0,0.106,1.114,69632,15,9,15
"BudgetCrossing",12000,3,8,7.497,7.488,0.290,5.106,1,0,0.095,2.296,,15,9,15
"BudgetCrossing",12000,3,9,5.981,5.993,0.314,4.816,1,0,0.096,1.069,65536,15,9,15
"BudgetCrossing",12000,3,10,5.577,5.577,0.265,5.143,1,0,0.095,0.339,8192,15,9,15
"BudgetCrossing",12000,3,11,6.326,6.323,0.267,5.150,1,0,0.087,1.090,73728,15,9,15
"BudgetCrossing",12000,3,12,5.452,5.448,0.261,4.881,1,0,0.088,0.483,12288,16,9,16
"BudgetCrossing",12000,3,13,6.654,6.651,0.271,5.005,1,0,0.116,1.533,73728,16,9,16
"BudgetCrossing",12000,3,14,7.286,7.286,0.258,6.495,1,0,0.127,0.664,20480,16,9,16
"BudgetCrossing",12000,3,15,8.239,8.209,0.268,5.368,1,0,0.112,2.759,69632,16,9,16
"BudgetCrossing",12000,3,16,7.580,7.605,0.280,5.531,1,0,0.114,1.935,77824,16,9,16
"BudgetCrossing",12000,3,17,6.144,6.150,0.296,4.887,1,0,0.093,1.164,77824,16,9,16
"BudgetCrossing",12000,3,18,5.286,5.281,0.288,4.888,1,0,0.087,0.310,16384,16,9,16
"BudgetCrossing",12000,3,19,6.263,6.270,0.293,4.993,1,0,0.092,1.178,77824,16,9,16
"BudgetCrossing",12000,3,20,9.907,9.885,0.271,7.487,1,0,0.126,2.295,,16,9,16
"BudgetCrossing",12000,3,21,6.301,6.322,0.605,5.088,1,0,0.087,1.126,65536,17,9,17
"BudgetCrossing",12000,3,22,6.494,6.494,0.000,5.281,1,0,0.089,1.124,57344,17,9,17
"BudgetCrossing",12000,3,23,5.857,5.856,0.288,5.444,1,0,0.118,0.294,16384,17,9,17
"BudgetCrossing",12000,3,24,5.738,5.736,0.290,5.412,1,0,0.088,0.238,16384,17,9,17
"BudgetCrossing",12000,3,25,6.690,6.693,0.267,5.441,1,0,0.082,1.167,73728,17,9,17
"BudgetCrossing",12000,3,26,6.443,6.416,0.273,5.829,1,0,0.086,0.528,20480,17,9,17
"BudgetCrossing",12000,3,27,11.969,11.962,0.259,9.767,1,0,0.106,2.096,73728,17,9,17
"BudgetCrossing",12000,3,28,6.358,6.385,0.266,5.067,1,0,0.105,1.186,77824,17,9,17
"BudgetCrossing",12000,3,29,6.797,6.789,0.332,5.287,1,0,0.097,1.413,73728,17,9,17
"BudgetCrossing",12000,3,30,5.840,5.842,0.258,5.107,1,0,0.104,0.628,12288,18,9,18
"BudgetCrossing",12000,3,31,5.749,5.734,0.254,5.200,1,0,0.103,0.447,16384,18,9,18
"BudgetCrossing",12000,3,32,6.329,6.341,0.268,5.024,1,0,0.111,1.193,77824,18,9,18
"BudgetCrossing",12000,3,33,5.494,5.497,0.263,5.048,1,0,0.093,0.353,20480,18,9,18
"BudgetCrossing",12000,3,34,6.313,6.316,0.267,5.029,1,0,0.099,1.185,73728,18,9,18
"BudgetCrossing",12000,3,35,8.416,8.399,0.239,5.424,1,0,0.123,2.869,,18,9,18
"BudgetCrossing",12000,3,36,7.952,7.967,0.270,6.598,1,0,0.105,1.250,61440,18,9,18
"BudgetCrossing",12000,3,37,6.708,6.707,0.252,5.527,1,0,0.092,1.089,65536,18,9,18
"BudgetCrossing",12000,3,38,6.436,6.433,0.267,5.230,1,0,0.089,1.116,73728,18,9,18
"BudgetCrossing",12000,3,39,6.698,6.696,0.269,5.409,1,0,0.115,1.174,73728,19,9,19
"BudgetCrossing",12000,3,40,7.893,7.874,0.280,5.138,1,0,0.088,2.668,69632,19,9,19
"BudgetCrossing",12000,3,41,7.325,7.333,0.309,5.711,1,0,0.083,1.531,73728,19,9,19
"BudgetCrossing",12000,3,42,7.515,7.523,0.288,7.015,1,0,0.113,0.386,24576,19,9,19
"BudgetCrossing",12000,3,43,6.536,6.542,0.300,5.312,1,0,0.110,1.114,69632,19,9,19
"BudgetCrossing",12000,3,44,6.613,6.598,0.265,5.223,1,0,0.082,1.308,77824,19,9,19
"BudgetCrossing",12000,3,45,6.609,6.620,0.279,5.440,1,0,0.105,1.064,73728,19,9,19
"BudgetCrossing",12000,3,46,5.465,5.460,0.286,4.993,1,0,0.094,0.379,12288,19,9,19
"BudgetCrossing",12000,3,47,7.709,7.695,0.264,5.195,1,0,0.098,2.417,,19,9,19
"BudgetCrossing",12000,3,48,8.306,8.320,0.270,5.888,1,0,0.090,2.329,57344,20,9,20
"BudgetCrossing",12000,3,49,6.216,6.214,0.276,4.965,1,0,0.090,1.162,57344,20,9,20
"BudgetCrossing",12000,3,50,8.226,8.204,0.365,5.906,1,0,0.105,2.214,73728,20,9,20
"BudgetCrossing",12000,3,51,9.929,9.951,0.274,8.607,1,0,0.114,1.208,73728,20,9,20
"BudgetCrossing",12000,3,52,7.748,7.741,0.246,6.447,1,0,0.098,1.204,73728,20,9,20
"BudgetCrossing",12000,3,53,6.483,6.489,0.295,5.199,1,0,0.089,1.195,73728,20,9,20
"BudgetCrossing",12000,3,54,8.846,8.841,0.274,7.582,1,0,0.117,1.147,73728,20,9,20
"BudgetCrossing",12000,3,55,5.818,5.803,0.325,5.075,1,0,0.085,0.659,16384,20,9,20
"BudgetCrossing",12000,3,56,7.328,7.347,0.245,6.933,1,0,0.079,0.317,16384,20,9,20
"BudgetCrossing",12000,3,57,6.172,6.166,0.279,5.724,1,0,0.083,0.365,16384,21,9,21
"BudgetCrossing",12000,3,58,8.079,8.085,0.272,6.926,1,0,0.078,1.075,73728,21,9,21
"BudgetCrossing",12000,3,59,8.010,8.003,0.252,5.186,1,0,0.102,2.722,,21,9,21
"BudgetCrossing",12000,3,60,6.230,6.229,0.263,5.046,1,0,0.083,1.101,57344,21,9,21
"BudgetCrossing",12000,3,61,6.482,6.488,0.257,5.266,1,0,0.085,1.131,57344,21,9,21
"BudgetCrossing",12000,3,62,5.830,5.825,0.300,5.367,1,0,0.108,0.355,8192,21,9,21
"BudgetCrossing",12000,3,63,7.753,7.734,0.282,5.500,1,0,0.099,2.154,65536,21,9,21
"BudgetCrossing",12000,3,64,8.840,8.859,0.272,7.564,1,0,0.094,1.182,73728,21,9,21
"BudgetCrossing",12000,3,65,7.374,7.374,0.294,6.035,1,0,0.105,1.234,73728,21,9,21
"BudgetCrossing",12000,3,66,8.430,8.423,0.341,7.147,1,0,0.102,1.181,73728,21,9,21
"BudgetCrossing",12000,3,67,6.708,6.716,0.304,5.522,1,0,0.080,1.106,77824,21,9,21
"BudgetCrossing",12000,3,68,6.107,6.075,0.348,5.227,1,0,0.077,0.803,16384,21,9,21
"BudgetCrossing",12000,3,69,7.453,7.480,0.300,6.222,1,0,0.091,1.140,69632,21,9,21
"BudgetCrossing",12000,3,70,7.335,7.329,0.292,5.336,1,0,0.082,1.918,,21,9,21
"BudgetCrossing",12000,3,71,6.635,6.639,0.268,5.360,1,0,0.088,1.187,61440,21,9,21
"BudgetCrossing",12000,3,72,6.765,6.771,0.254,5.504,1,0,0.103,1.158,57344,21,9,21
"BudgetCrossing",12000,3,73,6.900,6.899,0.300,5.615,1,0,0.103,1.182,65536,21,9,21
"BudgetCrossing",12000,3,74,6.866,6.861,0.266,5.625,1,0,0.091,1.150,65536,21,9,21
"BudgetCrossing",12000,3,75,7.033,7.039,0.309,5.711,1,0,0.087,1.235,73728,21,9,21
"BudgetCrossing",12000,3,76,8.294,8.283,0.300,5.681,1,0,0.100,2.513,73728,21,9,21
"BudgetCrossing",12000,3,77,7.726,7.714,0.290,5.715,1,0,0.080,1.931,69632,21,9,21
"BudgetCrossing",12000,3,78,9.378,9.390,0.281,8.076,1,0,0.121,1.181,77824,21,9,21
"BudgetCrossing",12000,3,79,9.233,9.231,0.285,7.785,1,0,0.127,1.321,77824,21,9,21
"BudgetCrossing",12000,3,80,8.245,8.230,0.278,5.206,1,0,0.089,2.950,69632,21,9,21
"BudgetCrossing",12000,3,81,8.415,8.427,0.338,6.024,1,0,0.088,2.304,,21,9,21
"BudgetCrossing",12000,3,82,6.077,6.090,0.298,4.941,1,0,0.086,1.050,57344,21,9,21
"BudgetCrossing",12000,3,83,6.292,6.292,0.270,5.145,1,0,0.086,1.062,61440,21,9,21
"BudgetCrossing",12000,3,84,6.399,6.388,0.326,5.933,1,0,0.090,0.376,4096,21,9,21
"BudgetCrossing",12000,3,85,5.663,5.661,0.280,5.237,1,0,0.085,0.341,16384,21,9,21
"BudgetCrossing",12000,3,86,5.451,5.462,0.269,5.045,1,0,0.086,0.321,20480,21,9,21
"BudgetCrossing",12000,3,87,8.034,8.030,0.304,7.581,1,0,0.100,0.354,12288,21,9,21
"BudgetCrossing",12000,3,88,6.480,6.475,0.313,5.270,1,0,0.098,1.112,77824,21,9,21
"BudgetCrossing",12000,3,89,5.582,5.584,0.265,5.077,1,0,0.112,0.392,16384,21,9,21
"BudgetCrossing",12000,3,90,5.798,5.802,0.319,5.392,1,0,0.083,0.323,16384,21,9,21
"BudgetCrossing",12000,3,91,6.970,6.961,0.276,5.564,1,0,0.087,1.320,77824,21,9,21
"BudgetCrossing",12000,3,92,10.127,10.129,0.291,8.844,1,0,0.092,1.191,73728,21,9,21
"BudgetCrossing",12000,3,93,6.318,6.318,0.267,5.036,1,0,0.087,1.195,73728,21,9,21
"BudgetCrossing",12000,3,94,6.647,6.643,0.307,5.409,1,0,0.091,1.147,81920,21,9,21
"BudgetCrossing",12000,3,95,5.829,5.813,0.269,5.082,1,0,0.113,0.634,16384,21,9,21
"BudgetCrossing",12000,3,96,9.395,9.389,0.292,7.177,1,0,0.108,2.110,,21,9,21
"BudgetCrossing",12000,3,97,6.783,6.801,0.271,5.470,1,0,0.101,1.212,57344,21,9,21
"BudgetCrossing",12000,3,98,6.926,6.935,0.273,5.760,1,0,0.087,1.079,61440,21,9,21
"BudgetCrossing",12000,3,99,6.994,6.977,0.291,5.388,1,0,0.121,1.485,61440,21,9,21
"BudgetCrossing",12000,3,100,6.872,6.886,0.270,5.513,1,0,0.115,1.243,57344,21,9,21
"BudgetCrossing",12000,3,101,6.607,6.610,0.271,5.368,1,0,0.088,1.151,69632,21,9,21
"BudgetCrossing",12000,3,102,7.360,7.343,0.277,5.688,1,0,0.091,1.581,73728,21,9,21
"BudgetCrossing",12000,3,103,8.347,8.360,0.301,7.059,1,0,0.101,1.187,69632,21,9,21
"BudgetCrossing",12000,3,104,6.434,6.435,0.275,5.217,1,0,0.076,1.141,81920,21,9,21
"BudgetCrossing",12000,3,105,8.894,8.883,0.328,7.629,1,0,0.106,1.159,73728,21,9,21
"BudgetCrossing",12000,3,106,5.735,5.743,0.279,5.291,1,0,0.100,0.344,16384,21,9,21
"BudgetCrossing",12000,3,107,7.269,7.245,0.272,5.252,1,0,0.087,1.930,,21,9,21
"BudgetCrossing",12000,3,108,7.400,7.421,0.291,6.205,1,0,0.086,1.108,61440,21,9,21
"BudgetCrossing",12000,3,109,6.751,6.756,0.289,5.506,1,0,0.101,1.144,57344,21,9,21
"BudgetCrossing",12000,3,110,6.903,6.898,0.285,5.708,1,0,0.088,1.107,61440,21,9,21
"BudgetCrossing",12000,3,111,7.091,7.094,0.267,5.812,1,0,0.089,1.190,57344,21,9,21
"BudgetCrossing",12000,3,112,7.502,7.498,0.286,6.294,1,0,0.101,1.107,73728,21,9,21
"BudgetCrossing",12000,3,113,7.773,7.754,0.304,5.298,1,0,0.106,2.369,73728,21,9,21
"BudgetCrossing",12000,3,114,6.199,6.217,0.268,5.781,1,0,0.084,0.334,20480,21,9,21
"BudgetCrossing",12000,3,115,5.751,5.748,0.261,5.307,1,0,0.103,0.340,16384,21,9,21
"BudgetCrossing",12000,3,116,6.215,6.212,0.295,5.744,1,0,0.085,0.387,16384,21,9,21
"BudgetCrossing",12000,3,117,6.878,6.880,0.262,5.557,1,0,0.081,1.239,69632,21,9,21
"BudgetCrossing",12000,3,118,6.739,6.740,0.267,5.487,1,0,0.095,1.157,73728,21,9,21
"BudgetCrossing",12000,3,119,6.764,6.759,0.259,5.554,1,0,0.097,1.112,73728,21,9,21
"BudgetCrossing",12000,3,120,9.939,9.934,0.257,6.399,1,0,0.195,3.345,,21,9,21
"BudgetCrossing",12000,3,121,6.527,6.537,0.293,5.303,1,0,0.083,1.140,61440,21,9,21
"BudgetCrossing",12000,3,122,6.060,6.048,0.294,5.588,1,0,0.085,0.388,4096,21,9,21
"BudgetCrossing",12000,3,123,7.647,7.655,0.285,6.358,1,0,0.109,1.179,61440,21,9,21
"BudgetCrossing",12000,3,124,6.796,6.760,0.248,5.445,1,0,0.091,1.260,57344,21,9,21
"BudgetCrossing",12000,3,125,9.513,9.536,0.275,7.720,1,0,0.083,1.711,61440,21,9,21
"BudgetCrossing",12000,3,126,6.949,6.959,0.319,5.694,1,0,0.102,1.153,69632,21,9,21
"BudgetCrossing",12000,3,127,6.576,6.574,0.260,5.335,1,0,0.086,1.155,69632,21,9,21
"BudgetCrossing",12000,3,128,6.049,6.049,0.273,5.575,1,0,0.087,0.387,24576,21,9,21
"BudgetCrossing",12000,3,129,8.054,8.051,0.308,5.481,1,0,0.088,2.485,77824,21,9,21
"BudgetCrossing",12000,3,130,7.202,7.192,0.272,5.459,1,0,0.084,1.659,69632,21,9,21
"BudgetCrossing",12000,3,131,7.246,7.258,0.260,5.933,1,0,0.090,1.223,73728,21,9,21
"BudgetCrossing",12000,3,132,7.648,7.648,0.281,5.741,1,0,0.085,1.822,,21,9,21
"BudgetCrossing",12000,3,133,6.552,6.548,0.247,5.391,1,0,0.083,1.078,57344,21,9,21
"BudgetCrossing",12000,3,134,6.692,6.697,0.268,5.542,1,0,0.082,1.068,61440,21,9,21
"BudgetCrossing",12000,3,135,6.906,6.902,0.333,5.677,1,0,0.104,1.125,61440,21,9,21
"BudgetCrossing",12000,3,136,6.733,6.728,0.285,5.436,1,0,0.095,1.202,61440,21,9,21
"BudgetCrossing",12000,3,137,6.974,6.978,0.281,5.755,1,0,0.099,1.120,73728,21,9,21
"BudgetCrossing",12000,3,138,11.318,11.262,0.285,8.274,1,0,0.137,2.907,69632,21,9,21
"BudgetCrossing",12000,3,139,8.130,8.181,0.299,6.792,1,0,0.121,1.217,77824,21,9,21
"BudgetCrossing",12000,3,140,6.892,6.894,0.298,5.707,1,0,0.098,1.088,73728,21,9,21
"BudgetCrossing",12000,3,141,7.147,7.128,0.303,5.456,1,0,0.124,1.568,73728,21,9,21
"BudgetCrossing",12000,3,142,8.677,8.692,0.276,6.577,1,0,0.098,2.003,,21,9,21
"BudgetCrossing",12000,3,143,6.789,6.786,0.314,5.525,1,0,0.092,1.172,57344,21,9,21
"BudgetCrossing",12000,3,144,5.880,5.883,0.296,5.394,1,0,0.093,0.393,4096,21,9,21
"BudgetCrossing",12000,3,145,7.037,7.042,0.275,5.768,1,0,0.115,1.154,61440,21,9,21
"BudgetCrossing",12000,3,146,8.604,8.567,0.261,5.777,1,0,0.117,2.710,57344,21,9,21
"BudgetCrossing",12000,3,147,8.590,8.617,0.275,7.306,1,0,0.097,1.187,61440,21,9,21
"BudgetCrossing",12000,3,148,6.654,6.658,0.266,5.430,1,0,0.089,1.136,73728,21,9,21
"BudgetCrossing",12000,3,149,5.718,5.716,0.293,5.293,1,0,0.086,0.340,12288,21,9,21
"BudgetCrossing",12000,3,150,5.996,5.996,0.289,5.525,1,0,0.109,0.362,20480,21,9,21
"BudgetCrossing",12000,3,151,5.851,5.857,0.272,5.414,1,0,0.132,0.304,20480,21,9,21
"BudgetCrossing",12000,3,152,7.509,7.496,0.271,5.794,1,0,0.105,1.611,69632,21,9,21
"BudgetCrossing",12000,3,153,6.609,6.616,0.261,5.346,1,0,0.089,1.174,73728,21,9,21
"BudgetCrossing",12000,3,154,6.177,6.173,0.288,5.687,1,0,0.089,0.400,16384,21,9,21
"BudgetCrossing",12000,3,155,6.964,6.964,0.288,5.766,1,0,0.083,1.115,73728,21,9,21
"BudgetCrossing",12000,3,156,7.260,7.254,0.268,5.426,1,0,0.106,1.727,77824,21,9,21
"BudgetCrossing",12000,3,157,10.452,10.447,0.280,8.285,1,0,0.084,2.084,,21,9,21
"BudgetCrossing",12000,3,158,6.930,6.945,0.264,5.739,1,0,0.088,1.104,61440,21,9,21
"BudgetCrossing",12000,3,159,6.923,6.920,0.298,5.713,1,0,0.088,1.122,57344,21,9,21
"BudgetCrossing",12000,3,160,7.156,7.153,0.297,5.898,1,0,0.091,1.167,57344,21,9,21
"BudgetCrossing",12000,3,161,7.214,7.215,0.245,5.987,1,0,0.088,1.139,61440,21,9,21
"BudgetCrossing",12000,3,162,6.025,6.022,0.256,5.570,1,0,0.112,0.342,4096,21,9,21
"BudgetCrossing",12000,3,163,6.990,6.984,0.263,5.396,1,0,0.109,1.485,73728,21,9,21
"BudgetCrossing",12000,3,164,7.246,7.250,0.263,5.669,1,0,0.088,1.490,77824,21,9,21
"BudgetCrossing",12000,3,165,7.509,7.515,0.294,6.267,1,0,0.085,1.157,73728,21,9,21
"BudgetCrossing",12000,3,166,8.833,8.797,0.291,5.882,1,0,0.109,2.842,73728,21,9,21
"BudgetCrossing",12000,3,167,7.771,7.802,0.267,6.487,1,0,0.107,1.178,69632,21,9,21
"BudgetCrossing",12000,3,168,6.161,6.159,0.306,5.732,1,0,0.082,0.346,20480,21,9,21
"BudgetCrossing",12000,3,169,7.231,7.225,0.304,5.373,1,0,0.080,1.779,,21,9,21
"BudgetCrossing",12000,3,170,6.761,6.768,0.272,5.475,1,0,0.089,1.197,57344,21,9,21
"BudgetCrossing",12000,3,171,7.155,7.155,0.266,5.849,1,0,0.085,1.221,57344,21,9,21
"BudgetCrossing",12000,3,172,9.218,9.209,0.267,7.995,1,0,0.104,1.120,61440,21,9,21
"BudgetCrossing",12000,3,173,6.879,6.889,0.264,5.633,1,0,0.103,1.143,61440,21,9,21
"BudgetCrossing",12000,3,174,6.530,6.502,0.270,5.839,1,0,0.106,0.585,8192,21,9,21
"BudgetCrossing",12000,3,175,11.279,11.301,0.270,9.901,1,0,0.118,1.260,69632,21,9,21
"BudgetCrossing",12000,3,176,6.821,6.816,0.289,5.521,1,0,0.099,1.201,77824,21,9,21
"BudgetCrossing",12000,3,177,7.124,7.127,0.294,5.813,1,0,0.102,1.209,73728,21,9,21
"BudgetCrossing",12000,3,178,6.190,6.178,0.261,5.626,1,0,0.087,0.477,16384,21,9,21
"BudgetCrossing",12000,3,179,9.581,9.588,0.246,8.238,1,0,0.112,1.232,73728,21,9,21
"BudgetCrossing",12000,3,180,8.999,8.992,0.283,6.669,1,0,0.114,2.217,,21,9,21
"BudgetCrossing",12000,3,181,6.817,6.830,0.262,5.558,1,0,0.088,1.171,61440,21,9,21
"BudgetCrossing",12000,3,182,7.086,7.081,0.000,5.848,1,0,0.085,1.153,57344,21,9,21
"BudgetCrossing",12000,3,183,7.367,7.371,0.247,6.038,1,0,0.112,1.218,57344,21,9,21
"BudgetCrossing",12000,3,184,6.552,6.542,0.265,6.109,1,0,0.090,0.353,8192,21,9,21
"BudgetCrossing",12000,3,185,5.834,5.844,0.258,5.415,1,0,0.084,0.335,4096,21,9,21
"BudgetCrossing",12000,3,186,6.172,6.168,0.271,5.752,1,0,0.083,0.338,8192,21,9,21
"BudgetCrossing",12000,3,187,6.800,6.797,0.291,5.546,1,0,0.110,1.144,65536,21,9,21
"BudgetCrossing",12000,3,188,10.394,10.386,0.252,7.939,1,0,0.083,2.372,77824,21,9,21
"BudgetCrossing",12000,3,189,6.670,6.678,0.333,5.463,1,0,0.090,1.117,77824,21,9,21
"BudgetCrossing",12000,3,190,9.090,9.085,0.280,7.917,1,0,0.083,1.091,69632,21,9,21
"BudgetCrossing",12000,3,191,7.683,7.686,0.299,5.842,1,0,0.087,1.754,73728,21,9,21
"BudgetCrossing",12000,3,192,9.197,9.154,0.280,6.814,1,0,0.101,2.283,73728,21,9,21
"BudgetCrossing",12000,3,193,11.706,11.740,0.297,9.572,1,0,0.082,2.052,,21,9,21
"BudgetCrossing",12000,3,194,6.976,6.977,0.277,5.728,1,0,0.091,1.158,94208,21,9,21
"BudgetCrossing",12000,3,195,7.046,7.057,0.246,5.850,1,0,0.087,1.110,73728,21,9,21
"BudgetCrossing",12000,3,196,6.529,6.525,0.339,6.102,1,0,0.090,0.337,20480,21,9,21
"BudgetCrossing",12000,3,197,7.725,7.715,0.314,6.238,1,0,0.092,1.395,69632,21,9,21
"BudgetCrossing",12000,3,198,7.799,7.803,0.277,6.456,1,0,0.085,1.258,73728,21,9,21
"BudgetCrossing",12000,3,199,6.074,6.078,0.295,5.649,1,0,0.089,0.336,16384,21,9,21
"BudgetCrossing",12000,3,200,8.484,8.476,0.267,7.266,1,0,0.089,1.129,69632,21,9,21
"BudgetCrossing",12000,3,201,6.846,6.853,0.283,5.601,1,0,0.119,1.126,77824,21,9,21
"BudgetCrossing",12000,3,202,9.345,9.335,0.278,7.794,1,0,0.100,1.451,73728,21,9,21
"BudgetCrossing",12000,3,203,8.551,8.554,0.268,6.639,1,0,0.087,1.825,,21,9,21
"BudgetCrossing",12000,3,204,7.384,7.389,0.290,6.133,1,0,0.099,1.152,65536,21,9,21
"BudgetCrossing",12000,3,205,6.868,6.863,0.000,5.642,1,0,0.088,1.138,65536,21,9,21
"BudgetCrossing",12000,3,206,6.448,6.434,0.281,5.643,1,0,0.110,0.695,16384,21,9,21
"BudgetCrossing",12000,3,207,8.066,8.084,0.249,7.577,1,0,0.104,0.385,16384,21,9,21
"BudgetCrossing",12000,3,208,7.055,7.046,0.277,6.599,1,0,0.092,0.364,16384,21,9,21
"BudgetCrossing",12000,3,209,7.045,7.053,0.336,5.790,1,0,0.082,1.173,73728,21,9,21
"BudgetCrossing",12000,3,210,6.904,6.901,0.286,5.675,1,0,0.082,1.147,69632,21,9,21
"BudgetCrossing",12000,3,211,8.419,8.410,0.286,5.775,1,0,0.110,2.534,77824,21,9,21
"BudgetCrossing",12000,3,212,7.164,7.173,0.266,5.909,1,0,0.094,1.162,77824,21,9,21
"BudgetCrossing",12000,3,213,7.309,7.302,0.277,5.768,1,0,0.095,1.446,69632,21,9,21
"BudgetCrossing",12000,3,214,9.624,9.627,0.298,8.300,1,0,0.108,1.215,77824,21,9,21
"BudgetCrossing",12000,3,215,6.995,6.997,0.297,5.729,1,0,0.085,1.181,77824,21,9,21
"BudgetCrossing",12000,3,216,10.686,10.659,0.292,8.393,1,0,0.086,2.207,,21,9,21
"BudgetCrossing",12000,3,217,8.120,8.146,0.298,6.455,1,0,0.087,1.577,65536,21,9,21
"BudgetCrossing",12000,3,218,6.915,6.906,0.280,5.652,1,0,0.092,1.172,65536,21,9,21
"BudgetCrossing",12000,3,219,6.510,6.518,0.271,5.945,1,0,0.090,0.475,16384,21,9,21
"BudgetCrossing",12000,3,220,6.379,6.378,0.280,5.907,1,0,0.087,0.385,12288,21,9,21
"BudgetCrossing",12000,3,221,7.441,7.435,0.276,6.091,1,0,0.113,1.237,73728,21,9,21
"BudgetCrossing",12000,3,222,8.598,8.596,0.325,7.203,1,0,0.116,1.279,73728,21,9,21
"BudgetCrossing",12000,3,223,6.602,6.604,0.274,6.061,1,0,0.119,0.423,16384,21,9,21
"BudgetCrossing",12000,3,224,7.592,7.582,0.288,6.110,1,0,0.115,1.367,77824,21,9,21
"BudgetCrossing",12000,3,225,7.682,7.694,0.303,6.507,1,0,0.087,1.088,73728,21,9,21
"BudgetCrossing",12000,3,226,6.688,6.681,0.290,6.258,1,0,0.085,0.345,12288,21,9,21
"BudgetCrossing",12000,3,227,6.773,6.779,0.287,6.290,1,0,0.109,0.374,16384,21,9,21
"BudgetCrossing",12000,3,228,7.061,7.060,0.274,6.594,1,0,0.095,0.372,20480,21,9,21
"BudgetCrossing",12000,3,229,5.957,5.949,0.274,5.537,1,0,0.085,0.335,20480,21,9,21
"BudgetCrossing",12000,3,230,6.261,6.269,0.269,5.770,1,0,0.085,0.406,20480,21,9,21
"BudgetCrossing",12000,3,231,5.992,5.991,0.263,5.566,1,0,0.104,0.322,16384,21,9,21
"BudgetCrossing",12000,3,232,7.484,7.460,0.258,5.904,1,0,0.138,1.442,73728,21,9,21
"BudgetCrossing",12000,3,233,12.683,12.696,0.267,10.537,1,0,0.134,2.012,,21,9,21
"BudgetCrossing",12000,3,234,6.826,6.830,0.268,5.624,1,0,0.092,1.111,65536,21,9,21
"BudgetCrossing",12000,3,235,6.565,6.551,0.290,5.860,1,0,0.091,0.614,4096,21,9,21
"BudgetCrossing",12000,3,236,8.658,8.676,0.279,7.431,1,0,0.116,1.110,73728,21,9,21
"BudgetCrossing",12000,3,237,7.471,7.465,0.526,6.154,1,0,0.117,1.200,69632,21,9,21
"BudgetCrossing",12000,3,238,8.216,8.215,0.274,6.223,1,0,0.089,1.904,73728,21,9,21
"BudgetCrossing",12000,3,239,6.556,6.558,0.267,6.017,1,0,0.114,0.426,16384,21,9,21
"BudgetCrossing",12000,3,240,6.201,6.187,0.275,5.670,1,0,0.094,0.438,12288,21,9,21
"BudgetCrossing",12000,3,241,7.302,7.319,0.274,6.066,1,0,0.098,1.138,77824,21,9,21
"BudgetCrossing",12000,3,242,7.322,7.319,0.247,6.087,1,0,0.093,1.142,77824,21,9,21
"BudgetCrossing",12000,3,243,7.429,7.422,0.279,6.202,1,0,0.094,1.133,69632,21,9,21
"BudgetCrossing",12000,3,244,6.823,6.828,0.286,5.640,1,0,0.080,1.103,73728,21,9,21
"BudgetCrossing",12000,3,245,6.275,6.273,0.289,5.834,1,0,0.080,0.361,20480,21,9,21
"BudgetCrossing",12000,3,246,7.354,7.343,0.303,5.887,1,0,0.096,1.370,73728,21,9,21
"BudgetCrossing",12000,3,247,9.059,9.062,0.264,6.480,1,0,0.089,2.491,,21,9,21
"BudgetCrossing",12000,3,248,8.739,8.741,0.266,7.419,1,0,0.088,1.233,57344,21,9,21
"BudgetCrossing",12000,3,249,7.204,7.209,0.260,5.937,1,0,0.110,1.158,77824,21,9,21
"BudgetCrossing",12000,3,250,6.940,6.938,0.278,5.706,1,0,0.105,1.129,69632,21,9,21
"BudgetCrossing",12000,3,251,7.210,7.209,0.247,6.006,1,0,0.086,1.119,73728,21,9,21
"BudgetCrossing",12000,3,252,6.706,6.707,0.274,6.267,1,0,0.090,0.350,16384,21,9,21
"BudgetCrossing",12000,3,253,6.567,6.571,0.285,5.935,1,0,0.086,0.546,16384,21,9,21
"BudgetCrossing",12000,3,254,6.226,6.218,0.271,5.759,1,0,0.082,0.385,20480,21,9,21
"BudgetCrossing",12000,3,255,7.426,7.429,0.278,6.064,1,0,0.111,1.251,69632,21,9,21
"BudgetCrossing",12000,3,256,7.797,7.787,0.252,6.558,1,0,0.089,1.149,73728,21,9,21
"BudgetCrossing",12000,3,257,10.365,10.360,0.272,8.221,1,0,0.104,2.040,73728,21,9,21
"BudgetCrossing",12000,3,258,10.887,10.894,0.300,9.646,1,0,0.085,1.156,73728,21,9,21
"BudgetCrossing",12000,3,259,8.151,8.152,0.296,6.135,1,0,0.087,1.929,,21,9,21
"BudgetCrossing",12000,3,260,7.803,7.804,0.304,6.579,1,0,0.088,1.135,61440,21,9,21
"BudgetCrossing",12000,3,261,7.370,7.365,0.341,6.123,1,0,0.088,1.159,57344,21,9,21
"BudgetCrossing",12000,3,262,8.255,8.224,0.338,6.334,1,0,0.108,1.814,69632,21,9,21
"BudgetCrossing",12000,3,263,12.360,12.367,0.265,10.362,1,0,0.150,1.848,69632,21,9,21
"BudgetCrossing",12000,3,264,8.246,8.271,0.277,7.035,1,0,0.101,1.110,77824,21,9,21
"BudgetCrossing",12000,3,265,8.196,8.191,0.304,6.925,1,0,0.092,1.178,77824,21,9,21
"BudgetCrossing",12000,3,266,7.269,7.273,0.276,5.899,1,0,0.119,1.251,69632,21,9,21
"BudgetCrossing",12000,3,267,7.147,7.148,0.271,5.885,1,0,0.118,1.144,77824,21,9,21
"BudgetCrossing",12000,3,268,7.679,7.665,0.265,5.930,1,0,0.116,1.633,73728,21,9,21
"BudgetCrossing",12000,3,269,8.856,8.871,0.582,7.437,1,0,0.117,1.302,69632,21,9,21
"BudgetCrossing",12000,3,270,8.573,8.556,0.304,6.195,1,0,0.112,2.266,,21,9,21
"BudgetCrossing",12000,3,271,7.211,7.226,0.302,5.950,1,0,0.099,1.163,61440,21,9,21
"BudgetCrossing",12000,3,272,7.331,7.332,0.000,6.151,1,0,0.086,1.094,57344,21,9,21
"BudgetCrossing",12000,3,273,12.095,12.084,0.305,10.852,1,0,0.110,1.134,65536,21,9,21
"BudgetCrossing",12000,3,274,7.160,7.166,0.278,5.894,1,0,0.108,1.158,69632,21,9,21
"BudgetCrossing",12000,3,275,10.631,10.617,0.270,8.651,1,0,0.128,1.853,73728,21,9,21
"BudgetCrossing",12000,3,276,9.448,9.462,0.335,8.218,1,0,0.121,1.109,77824,21,9,21
"BudgetCrossing",12000,3,277,7.448,7.441,0.530,5.996,1,0,0.093,1.358,69632,21,9,21
"BudgetCrossing",12000,3,278,6.726,6.725,0.324,6.235,1,0,0.095,0.396,24576,21,9,21
"BudgetCrossing",12000,3,279,6.261,6.271,0.246,5.835,1,0,0.091,0.335,20480,21,9,21
"BudgetCrossing",12000,3,280,7.356,7.350,0.273,6.069,1,0,0.090,1.198,69632,21,9,21
"BudgetCrossing",12000,3,281,7.228,7.229,0.320,5.971,1,0,0.114,1.143,73728,21,9,21
"BudgetCrossing",12000,3,282,8.642,8.642,0.260,7.432,1,0,0.115,1.095,73728,21,9,21
"BudgetCrossing",12000,3,283,8.118,8.107,0.262,6.266,1,0,0.092,1.759,,21,9,21
"BudgetCrossing",12000,3,284,9.236,9.222,0.274,6.310,1,0,0.094,2.832,61440,21,9,21
"BudgetCrossing",12000,3,285,7.978,7.997,0.294,6.770,1,0,0.113,1.095,57344,21,9,21
"BudgetCrossing",12000,3,286,7.307,7.312,0.280,6.033,1,0,0.111,1.162,69632,21,9,21
"BudgetCrossing",12000,3,287,7.459,7.457,0.246,6.142,1,0,0.114,1.203,73728,21,9,21
"BudgetCrossing",12000,3,288,6.859,6.857,0.265,6.409,1,0,0.111,0.338,16384,21,9,21
"BudgetCrossing",12000,3,289,8.013,8.009,0.303,6.572,1,0,0.106,1.335,77824,21,9,21
"BudgetCrossing",12000,3,290,8.137,8.137,0.291,6.776,1,0,0.101,1.260,73728,21,9,21
"BudgetCrossing",12000,3,291,9.898,9.900,0.305,8.596,1,0,0.094,1.209,77824,21,9,21
"BudgetCrossing",12000,3,292,8.952,8.949,0.286,7.696,1,0,0.090,1.167,73728,21,9,21
"BudgetCrossing",12000,3,293,7.595,7.602,0.278,6.266,1,0,0.092,1.238,69632,21,9,21
"BudgetCrossing",12000,3,294,8.825,8.815,0.279,6.652,1,0,0.120,2.053,,21,9,21
"BudgetCrossing",12000,3,295,7.189,7.193,0.271,5.953,1,0,0.091,1.145,61440,21,9,21
"BudgetCrossing",12000,3,296,7.496,7.502,0.282,6.292,1,0,0.086,1.117,57344,21,9,21
"BudgetCrossing",12000,3,297,8.403,8.383,0.285,6.524,1,0,0.109,1.770,65536,21,9,21
"BudgetCrossing",12000,3,298,9.883,9.895,0.282,8.560,1,0,0.109,1.213,73728,21,9,21
"BudgetCrossing",12000,3,299,8.770,8.772,0.272,7.573,1,0,0.095,1.102,69632,21,9,21
"BudgetCrossing",14000,3,0,8.155,8.154,0.274,6.602,1,0,0.130,1.423,77824,14,9,14
"BudgetCrossing",14000,3,1,9.801,9.791,0.335,7.653,1,0,0.135,2.013,73728,14,9,14
"BudgetCrossing",14000,3,2,6.959,6.975,0.261,6.502,1,0,0.130,0.327,16384,14,9,14
"BudgetCrossing",14000,3,3,7.634,7.629,0.301,6.425,1,0,0.128,1.080,73728,15,9,15
"BudgetCrossing",14000,3,4,7.916,7.920,0.295,6.587,1,0,0.100,1.229,73728,15,9,15
"BudgetCrossing",14000,3,5,12.245,12.239,0.291,11.030,1,0,0.099,1.116,69632,15,9,15
"BudgetCrossing",14000,3,6,7.915,7.923,0.280,6.655,1,0,0.104,1.156,73728,15,9,15
"BudgetCrossing",14000,3,7,8.997,8.987,0.276,6.964,1,0,0.097,1.936,,15,9,15
"BudgetCrossing",14000,3,8,7.696,7.697,0.278,6.504,1,0,0.103,1.089,57344,15,9,15
"BudgetCrossing",14000,3,9,7.747,7.753,0.284,6.559,1,0,0.102,1.086,61440,15,9,15
"BudgetCrossing",14000,3,10,8.165,8.149,0.264,6.708,1,0,0.134,1.323,73728,15,9,15
"BudgetCrossing",14000,3,11,7.796,7.808,0.251,6.509,1,0,0.102,1.185,69632,15,9,15
"BudgetCrossing",14000,3,12,10.971,10.953,0.242,8.206,1,0,0.114,2.651,73728,16,9,16
"BudgetCrossing",14000,3,13,8.157,8.178,0.692,6.895,1,0,0.131,1.131,77824,16,9,16
"BudgetCrossing",14000,3,14,8.315,8.307,0.266,6.963,1,0,0.107,1.246,69632,16,9,16
"BudgetCrossing",14000,3,15,7.556,7.553,0.274,6.397,1,0,0.102,1.057,73728,16,9,16
"BudgetCrossing",14000,3,16,7.725,7.729,0.284,6.490,1,0,0.127,1.109,73728,16,9,16
"BudgetCrossing",14000,3,17,8.807,8.796,0.289,6.600,1,0,0.135,2.072,,16,9,16
"BudgetCrossing",14000,3,18,6.965,6.974,0.275,6.576,1,0,0.104,0.285,4096,16,9,16
"BudgetCrossing",14000,3,19,8.428,8.420,0.266,6.818,1,0,0.102,1.508,61440,16,9,16
"BudgetCrossing",14000,3,20,9.364,9.365,0.295,8.010,1,0,0.134,1.219,73728,16,9,16
"BudgetCrossing",14000,3,21,10.314,10.312,0.292,8.786,1,0,0.133,1.395,69632,17,9,17
"BudgetCrossing",14000,3,22,8.518,8.518,0.314,7.327,1,0,0.110,1.081,73728,17,9,17
"BudgetCrossing",14000,3,23,7.903,7.907,0.300,6.565,1,0,0.118,1.220,73728,17,9,17
"BudgetCrossing",14000,3,24,7.048,7.049,0.300,6.587,1,0,0.122,0.339,16384,17,9,17
"BudgetCrossing",14000,3,25,8.103,8.097,0.274,6.792,1,0,0.123,1.188,73728,17,9,17
"BudgetCrossing",14000,3,26,8.288,8.291,0.283,7.072,1,0,0.115,1.101,73728,17,9,17
"BudgetCrossing",14000,3,27,7.853,7.846,0.298,6.552,1,0,0.115,1.186,73728,17,9,17
"BudgetCrossing",14000,3,28,7.377,7.383,0.257,6.914,1,0,0.118,0.345,20480,17,9,17
"BudgetCrossing",14000,3,29,10.909,10.903,0.297,9.300,1,0,0.196,1.413,81920,17,9,17
"BudgetCrossing",14000,3,30,12.127,12.098,0.272,8.625,1,0,0.161,3.342,,18,9,18
"BudgetCrossing",14000,3,31,9.858,9.883,0.577,8.477,1,0,0.132,1.250,61440,18,9,18
"BudgetCrossing",14000,3,32,8.235,8.245,0.000,6.971,1,0,0.148,1.116,57344,18,9,18
"BudgetCrossing",14000,3,33,8.591,8.584,0.265,7.379,1,0,0.104,1.109,69632,18,9,18
"BudgetCrossing",14000,3,34,8.210,8.211,0.320,6.974,1,0,0.106,1.130,73728,18,9,18
"BudgetCrossing",14000,3,35,8.414,8.414,0.245,7.126,1,0,0.141,1.147,73728,18,9,18
"BudgetCrossing",14000,3,36,7.255,7.252,0.343,6.796,1,0,0.107,0.352,16384,18,9,18
"BudgetCrossing",14000,3,37,7.691,7.695,0.274,6.961,1,0,0.105,0.626,16384,18,9,18
"BudgetCrossing",14000,3,38,12.978,12.972,0.293,11.236,1,0,0.144,1.598,73728,18,9,18
"BudgetCrossing",14000,3,39,9.326,9.325,0.294,7.573,1,0,0.124,1.630,73728,19,9,19
"BudgetCrossing",14000,3,40,8.163,8.158,0.251,6.778,1,0,0.106,1.278,69632,19,9,19
"BudgetCrossing",14000,3,41,8.474,8.477,0.238,7.136,1,0,0.117,1.221,73728,19,9,19
"BudgetCrossing",14000,3,42,10.082,10.081,0.239,8.854,1,0,0.102,1.126,77824,19,9,19
"BudgetCrossing",14000,3,43,9.218,9.214,0.296,7.112,1,0,0.114,1.992,,19,9,19
"BudgetCrossing",14000,3,44,7.712,7.720,0.279,6.501,1,0,0.109,1.102,57344,19,9,19
"BudgetCrossing",14000,3,45,10.403,10.397,0.274,9.211,1,0,0.100,1.092,61440,19,9,19
"BudgetCrossing",14000,3,46,8.096,8.103,0.267,6.891,1,0,0.099,1.107,73728,19,9,19
"BudgetCrossing",14000,3,47,8.019,8.013,0.255,6.736,1,0,0.138,1.146,69632,19,9,19
"BudgetCrossing",14000,3,48,8.466,8.472,0.239,7.088,1,0,0.139,1.239,77824,20,9,20
"BudgetCrossing",14000,3,49,8.638,8.633,0.247,7.265,1,0,0.137,1.236,73728,20,9,20
"BudgetCrossing",14000,3,50,9.267,9.269,0.269,8.801,1,0,0.100,0.366,12288,20,9,20
"BudgetCrossing",14000,3,51,7.082,7.087,0.268,6.663,1,0,0.100,0.319,20480,20,9,20
"BudgetCrossing",14000,3,52,8.417,8.394,0.296,6.688,1,0,0.122,1.607,73728,20,9,20
"BudgetCrossing",14000,3,53,8.349,8.366,0.274,7.163,1,0,0.104,1.083,69632,20,9,20
"BudgetCrossing",14000,3,54,12.609,12.603,0.235,11.231,1,0,0.152,1.226,73728,20,9,20
"BudgetCrossing",14000,3,55,9.076,9.066,0.293,6.575,1,0,0.124,2.378,,20,9,20
"BudgetCrossing",14000,3,56,7.631,7.615,0.248,6.765,1,0,0.110,0.756,4096,20,9,20
"BudgetCrossing",14000,3,57,13.308,13.329,0.000,11.542,1,0,0.100,1.666,65536,21,9,21
"BudgetCrossing",14000,3,58,8.896,8.894,0.518,7.552,1,0,0.142,1.202,65536,21,9,21
"BudgetCrossing",14000,3,59,8.016,8.023,0.356,6.687,1,0,0.130,1.199,69632,21,9,21
"BudgetCrossing",14000,3,60,8.434,8.351,0.265,7.132,1,0,0.102,1.200,73728,21,9,21
"BudgetCrossing",14000,3,61,8.373,8.459,0.274,7.125,1,0,0.099,1.149,73728,21,9,21
"BudgetCrossing",14000,3,62,8.171,8.169,0.270,6.749,1,0,0.107,1.316,77824,21,9,21
"BudgetCrossing",14000,3,63,8.371,8.361,0.255,6.881,1,0,0.100,1.390,77824,21,9,21
"BudgetCrossing",14000,3,64,8.684,8.685,0.244,6.924,1,0,0.099,1.661,77824,21,9,21
"BudgetCrossing",14000,3,65,8.194,8.198,0.246,6.928,1,0,0.101,1.166,69632,21,9,21
"BudgetCrossing",14000,3,66,8.398,8.399,0.277,7.080,1,0,0.107,1.210,73728,21,9,21
"BudgetCrossing",14000,3,67,9.371,9.347,0.234,7.281,1,0,0.106,1.984,,21,9,21
"BudgetCrossing",14000,3,68,10.432,10.454,0.263,9.246,1,0,0.105,1.082,57344,21,9,21
"BudgetCrossing",14000,3,69,8.200,8.197,0.283,6.959,1,0,0.111,1.130,61440,21,9,21
"BudgetCrossing",14000,3,70,8.532,8.537,0.276,7.244,1,0,0.136,1.153,73728,21,9,21
"BudgetCrossing",14000,3,71,7.936,7.936,0.270,7.442,1,0,0.136,0.358,16384,21,9,21
"BudgetCrossing",14000,3,72,9.908,9.888,0.279,7.494,1,0,0.135,2.279,73728,21,9,21
"BudgetCrossing",14000,3,73,8.273,8.286,0.294,7.032,1,0,0.108,1.133,73728,21,9,21
"BudgetCrossing",14000,3,74,9.786,9.778,0.272,6.974,1,0,0.106,2.706,69632,21,9,21
"BudgetCrossing",14000,3,75,8.135,8.145,0.260,6.902,1,0,0.110,1.123,73728,21,9,21
"BudgetCrossing",14000,3,76,8.372,8.366,0.302,7.129,1,0,0.107,1.136,77824,21,9,21
"BudgetCrossing",14000,3,77,8.232,8.238,0.275,6.949,1,0,0.103,1.180,69632,21,9,21
"BudgetCrossing",14000,3,78,9.387,9.382,0.270,7.327,1,0,0.107,1.953,,21,9,21
"BudgetCrossing",14000,3,79,8.199,8.197,0.271,6.932,1,0,0.107,1.161,61440,21,9,21
"BudgetCrossing",14000,3,80,10.847,10.847,0.278,9.325,1,0,0.128,1.394,57344,21,9,21
"BudgetCrossing",14000,3,81,8.884,8.881,0.247,7.619,1,0,0.131,1.134,61440,21,9,21
"BudgetCrossing",14000,3,82,9.212,9.212,0.246,7.305,1,0,0.127,1.780,73728,21,9,21
"BudgetCrossing",14000,3,83,10.329,10.329,0.281,8.895,1,0,0.207,1.227,73728,21,9,21
"BudgetCrossing",14000,3,84,8.345,8.349,0.244,7.137,1,0,0.104,1.105,73728,21,9,21
"BudgetCrossing",14000,3,85,8.359,8.350,0.301,7.857,1,0,0.130,0.372,12288,21,9,21
"BudgetCrossing",14000,3,86,7.460,7.467,0.349,6.934,1,0,0.125,0.401,20480,21,9,21
"BudgetCrossing",14000,3,87,9.088,9.075,0.276,7.299,1,0,0.124,1.666,73728,21,9,21
"BudgetCrossing",14000,3,88,10.546,10.541,0.259,8.578,1,0,0.129,1.840,69632,21,9,21
"BudgetCrossing",14000,3,89,10.291,10.285,0.240,8.087,1,0,0.101,2.103,73728,21,9,21
"BudgetCrossing",14000,3,90,10.681,10.696,0.265,8.657,1,0,0.128,1.897,81920,21,9,21
"BudgetCrossing",14000,3,91,10.145,10.134,0.303,7.622,1,0,0.126,2.396,,21,9,21
"BudgetCrossing",14000,3,92,8.780,8.786,0.293,7.021,1,0,0.107,1.653,61440,21,9,21
"BudgetCrossing",14000,3,93,11.385,11.383,0.000,9.617,1,0,0.140,1.629,57344,21,9,21
"BudgetCrossing",14000,3,94,9.300,9.303,0.265,7.783,1,0,0.135,1.382,61440,21,9,21
"BudgetCrossing",14000,3,95,10.332,10.333,0.286,9.019,1,0,0.106,1.207,69632,21,9,21
"BudgetCrossing",14000,3,96,8.488,8.490,0.234,7.090,1,0,0.142,1.257,77824,21,9,21
"BudgetCrossing",14000,3,97,7.672,7.665,0.258,7.084,1,0,0.109,0.479,16384,21,9,21
"BudgetCrossing",14000,3,98,8.033,8.017,0.304,7.365,1,0,0.134,0.534,12288,21,9,21
"BudgetCrossing",14000,3,99,9.773,9.796,0.247,8.465,1,0,0.121,1.187,73728,21,9,21
"BudgetCrossing",14000,3,100,10.475,10.470,0.262,9.285,1,0,0.106,1.084,73728,21,9,21
"BudgetCrossing",14000,3,101,8.381,8.383,0.352,7.073,1,0,0.149,1.159,69632,21,9,21
"BudgetCrossing",14000,3,102,8.650,8.646,0.263,7.250,1,0,0.111,1.289,73728,21,9,21
"BudgetCrossing",14000,3,103,8.907,8.904,0.248,7.219,1,0,0.144,1.544,73728,21,9,21
"BudgetCrossing",14000,3,104,11.556,11.552,0.237,9.494,1,0,0.113,1.949,,21,9,21
"BudgetCrossing",14000,3,105,8.713,8.723,0.228,7.413,1,0,0.111,1.189,61440,21,9,21
"BudgetCrossing",14000,3,106,9.054,9.051,0.238,7.706,1,0,0.112,1.236,57344,21,9,21
"BudgetCrossing",14000,3,107,9.638,9.641,0.312,9.167,1,0,0.105,0.366,8192,21,9,21
"BudgetCrossing",14000,3,108,8.570,8.563,0.238,7.050,1,0,0.101,1.419,65536,21,9,21
"BudgetCrossing",14000,3,109,8.389,8.388,0.251,7.194,1,0,0.104,1.091,73728,21,9,21
"BudgetCrossing",14000,3,110,8.545,8.551,0.245,7.233,1,0,0.110,1.202,73728,21,9,21
"BudgetCrossing",14000,3,111,9.018,9.007,0.272,7.610,1,0,0.130,1.278,73728,21,9,21
"BudgetCrossing",14000,3,112,8.386,8.396,0.272,7.109,1,0,0.109,1.167,73728,21,9,21
"BudgetCrossing",14000,3,113,8.075,8.067,0.242,7.555,1,0,0.107,0.413,16384,21,9,21
"BudgetCrossing",14000,3,114,7.633,7.640,0.299,7.141,1,0,0.106,0.386,16384,21,9,21
"BudgetCrossing",14000,3,115,9.400,9.393,0.261,7.604,1,0,0.125,1.671,73728,21,9,21
"BudgetCrossing",14000,3,116,11.796,11.798,0.229,10.556,1,0,0.099,1.142,73728,21,9,21
"BudgetCrossing",14000,3,117,8.466,8.468,0.267,7.114,1,0,0.134,1.218,77824,21,9,21
"BudgetCrossing",14000,3,118,9.696,9.681,0.234,7.287,1,0,0.128,2.281,,21,9,21
"BudgetCrossing",14000,3,119,8.358,8.377,0.237,7.130,1,0,0.104,1.124,57344,21,9,21
"BudgetCrossing",14000,3,120,11.069,11.029,0.247,9.576,1,0,0.133,1.359,57344,21,9,21
"BudgetCrossing",14000,3,121,12.604,12.617,0.272,9.746,1,0,0.120,2.738,61440,21,9,21
"BudgetCrossing",14000,3,122,9.991,9.994,0.245,7.819,1,0,0.109,2.063,69632,21,9,21
"BudgetCrossing",14000,3,123,9.303,9.316,0.248,7.849,1,0,0.107,1.347,73728,21,9,21
"BudgetCrossing",14000,3,124,8.797,8.798,0.245,7.267,1,0,0.134,1.396,77824,21,9,21
"BudgetCrossing",14000,3,125,9.064,9.065,0.270,7.727,1,0,0.140,1.197,69632,21,9,21
"BudgetCrossing",14000,3,126,9.107,9.095,0.252,7.699,1,0,0.130,1.278,73728,21,9,21
"BudgetCrossing",14000,3,127,11.193,11.190,0.265,9.394,1,0,0.142,1.657,73728,21,9,21
"BudgetCrossing",14000,3,128,9.840,9.842,0.265,8.461,1,0,0.131,1.248,69632,21,9,21
"BudgetCrossing",14000,3,129,9.373,9.373,0.270,7.229,1,0,0.109,2.035,,21,9,21
"BudgetCrossing",14000,3,130,9.050,9.053,0.262,7.588,1,0,0.160,1.302,65536,21,9,21
"BudgetCrossing",14000,3,131,9.138,9.149,0.000,7.826,1,0,0.115,1.196,57344,21,9,21
"BudgetCrossing",14000,3,132,9.168,9.159,0.249,7.915,1,0,0.139,1.114,61440,21,9,21
"BudgetCrossing",14000,3,133,9.263,9.266,0.317,7.940,1,0,0.111,1.213,61440,21,9,21
"BudgetCrossing",14000,3,134,9.407,9.402,0.271,7.792,1,0,0.115,1.500,73728,21,9,21
"BudgetCrossing",14000,3,135,8.697,8.704,0.268,7.365,1,0,0.137,1.195,77824,21,9,21
"BudgetCrossing",14000,3,136,10.620,10.612,0.347,9.193,1,0,0.130,1.297,73728,21,9,21
"BudgetCrossing",14000,3,137,8.658,8.665,0.267,7.423,1,0,0.106,1.130,73728,21,9,21
"BudgetCrossing",14000,3,138,8.808,8.802,0.294,7.513,1,0,0.134,1.162,73728,21,9,21
"BudgetCrossing",14000,3,139,10.562,10.528,0.267,7.656,1,0,0.115,2.791,69632,21,9,21
"BudgetCrossing",14000,3,140,9.086,9.114,0.274,7.701,1,0,0.119,1.266,73728,21,9,21
"BudgetCrossing",14000,3,141,9.296,9.301,0.276,8.137,1,0,0.114,1.045,,21,9,21
"BudgetCrossing",14000,3,142,9.217,9.220,0.349,7.904,1,0,0.111,1.202,61440,21,9,21
"BudgetCrossing",14000,3,143,9.587,9.575,0.275,8.175,1,0,0.147,1.265,61440,21,9,21
"BudgetCrossing",14000,3,144,9.640,9.652,0.277,8.241,1,0,0.114,1.285,61440,21,9,21
"BudgetCrossing",14000,3,145,10.887,10.874,0.236,8.152,1,0,0.142,2.593,57344,21,9,21
"BudgetCrossing",14000,3,146,8.615,8.629,0.266,7.362,1,0,0.108,1.145,73728,21,9,21
"BudgetCrossing",14000,3,147,8.477,8.467,0.338,7.567,1,0,0.108,0.803,16384,21,9,21
"BudgetCrossing",14000,3,148,15.101,15.099,0.243,12.959,1,0,0.162,1.980,69632,21,9,21
"BudgetCrossing",14000,3,149,9.841,9.845,0.268,8.204,1,0,0.116,1.521,73728,21,9,21
"BudgetCrossing",14000,3,150,8.587,8.589,0.317,8.086,1,0,0.113,0.388,20480,21,9,21
"BudgetCrossing",14000,3,151,12.029,11.989,0.267,8.829,1,0,0.112,3.088,73728,21,9,21
"BudgetCrossing",14000,3,152,14.694,14.715,0.261,12.888,1,0,0.150,1.657,73728,21,9,21
"BudgetCrossing",14000,3,153,13.182,13.176,0.262,10.171,1,0,0.113,2.897,77824,21,9,21
"BudgetCrossing",14000,3,154,11.227,11.212,0.262,8.481,1,0,0.128,2.618,,21,9,21
"BudgetCrossing",14000,3,155,9.919,9.948,0.276,8.558,1,0,0.143,1.218,61440,21,9,21
"BudgetCrossing",14000,3,156,10.159,10.156,0.306,7.847,1,0,0.108,2.205,57344,21,9,21
"BudgetCrossing",14000,3,157,8.938,8.944,0.297,7.559,1,0,0.103,1.276,65536,21,9,21
"BudgetCrossing",14000,3,158,10.736,10.729,0.274,9.364,1,0,0.139,1.234,57344,21,9,21
"BudgetCrossing",14000,3,159,8.810,8.817,0.300,7.567,1,0,0.129,1.114,69632,21,9,21
"BudgetCrossing",14000,3,160,9.716,9.709,0.239,7.188,1,0,0.119,2.410,77824,21,9,21
"BudgetCrossing",14000,3,161,7.960,7.963,0.299,7.392,1,0,0.112,0.456,16384,21,9,21
"BudgetCrossing",14000,3,162,8.566,8.564,0.287,7.370,1,0,0.104,1.092,73728,21,9,21
"BudgetCrossing",14000,3,163,8.574,8.579,0.293,7.347,1,0,0.102,1.125,73728,21,9,21
"BudgetCrossing",14000,3,164,8.859,8.851,0.296,7.513,1,0,0.105,1.241,73728,21,9,21
"BudgetCrossing",14000,3,165,10.121,10.129,0.295,9.612,1,0,0.127,0.383,20480,21,9,21
"BudgetCrossing",14000,3,166,7.808,7.799,0.290,7.285,1,0,0.132,0.391,16384,21,9,21
"BudgetCrossing",14000,3,167,8.017,8.021,0.264,7.460,1,0,0.116,0.441,20480,21,9,21
"BudgetCrossing",14000,3,168,8.183,8.180,0.302,7.686,1,0,0.104,0.392,20480,21,9,21
"BudgetCrossing",14000,3,169,10.529,10.523,0.334,7.874,1,0,0.102,2.554,,21,9,21
"BudgetCrossing",14000,3,170,8.497,8.505,0.636,8.064,1,0,0.108,0.325,4096,21,9,21
"BudgetCrossing",14000,3,171,9.098,9.092,0.280,7.712,1,0,0.140,1.246,61440,21,9,21
"BudgetCrossing",14000,3,172,9.108,9.115,0.263,7.864,1,0,0.117,1.126,61440,21,9,21
"BudgetCrossing",14000,3,173,9.275,9.260,0.270,7.736,1,0,0.110,1.428,57344,21,9,21
"BudgetCrossing",14000,3,174,9.990,9.996,0.257,7.517,1,0,0.103,2.370,65536,21,9,21
"BudgetCrossing",14000,3,175,13.806,13.799,0.290,12.007,1,0,0.147,1.652,77824,21,9,21
"BudgetCrossing",14000,3,176,9.435,9.451,0.283,8.139,1,0,0.151,1.145,69632,21,9,21
"BudgetCrossing",14000,3,177,9.189,9.180,0.266,7.927,1,0,0.144,1.117,73728,21,9,21
"BudgetCrossing",14000,3,178,11.108,11.112,0.260,9.637,1,0,0.116,1.356,73728,21,9,21
"BudgetCrossing",14000,3,179,8.587,8.577,0.241,7.367,1,0,0.106,1.114,69632,21,9,21
"BudgetCrossing",14000,3,180,8.121,8.120,0.297,7.513,1,0,0.106,0.501,16384,21,9,21
"BudgetCrossing",14000,3,181,11.100,11.099,0.266,9.373,1,0,0.140,1.587,73728,21,9,21
"BudgetCrossing",14000,3,182,10.613,10.604,0.278,7.808,1,0,0.128,2.677,,21,9,21
"BudgetCrossing",14000,3,183,14.443,14.450,0.242,12.750,1,0,0.140,1.552,61440,21,9,21
"BudgetCrossing",14000,3,184,10.269,10.275,0.264,8.754,1,0,0.113,1.402,57344,21,9,21
"BudgetCrossing",14000,3,185,11.668,11.670,0.264,10.399,1,0,0.130,1.139,61440,21,9,21
"BudgetCrossing",14000,3,186,9.754,9.748,0.265,8.175,1,0,0.133,1.446,57344,21,9,21
"BudgetCrossing",14000,3,187,11.158,11.163,0.241,9.810,1,0,0.100,1.248,61440,21,9,21
"BudgetCrossing",14000,3,188,11.698,11.691,0.235,10.398,1,0,0.109,1.190,81920,21,9,21
"BudgetCrossing",14000,3,189,8.458,8.443,0.296,7.446,1,0,0.131,0.881,12288,21,9,21
"BudgetCrossing",14000,3,190,11.487,11.501,0.330,10.185,1,0,0.125,1.178,73728,21,9,21
"BudgetCrossing",14000,3,191,8.966,8.974,0.279,7.610,1,0,0.106,1.250,73728,21,9,21
"BudgetCrossing",14000,3,192,10.280,10.275,0.259,9.828,1,0,0.099,0.353,16384,21,9,21
"BudgetCrossing",14000,3,193,8.489,8.476,0.288,7.570,1,0,0.110,0.809,16384,21,9,21
"BudgetCrossing",14000,3,194,10.453,10.460,0.295,8.788,1,0,0.121,1.544,73728,21,9,21
"BudgetCrossing",14000,3,195,10.260,10.259,0.267,8.079,1,0,0.129,2.052,73728,21,9,21
"BudgetCrossing",14000,3,196,11.082,11.074,0.257,8.414,1,0,0.108,2.560,,21,9,21
"BudgetCrossing",14000,3,197,10.433,10.445,0.339,7.950,1,0,0.110,2.372,81920,21,9,21
"BudgetCrossing",14000,3,198,10.710,10.704,0.304,9.490,1,0,0.127,1.093,65536,21,9,21
"BudgetCrossing",14000,3,199,9.842,9.844,0.264,8.320,1,0,0.118,1.404,73728,21,9,21
"BudgetCrossing",14000,3,200,13.621,13.601,0.269,12.841,1,0,0.175,0.605,16384,21,9,21
"BudgetCrossing",14000,3,201,9.870,9.865,0.268,7.490,1,0,0.109,2.271,73728,21,9,21
"BudgetCrossing",14000,3,202,9.747,9.765,0.300,8.444,1,0,0.107,1.195,73728,21,9,21
"BudgetCrossing",14000,3,203,10.047,10.053,0.245,8.649,1,0,0.159,1.239,69632,21,9,21
"BudgetCrossing",14000,3,204,9.948,9.911,0.298,8.011,1,0,0.139,1.798,81920,21,9,21
"BudgetCrossing",14000,3,205,10.290,10.324,0.308,8.898,1,0,0.117,1.275,73728,21,9,21
"BudgetCrossing",14000,3,206,9.723,9.717,0.311,8.366,1,0,0.146,1.211,69632,21,9,21
"BudgetCrossing",14000,3,207,12.635,12.591,0.302,10.038,1,0,0.103,2.494,73728,21,9,21
"BudgetCrossing",14000,3,208,10.606,10.657,0.270,8.545,1,0,0.103,1.958,,21,9,21
"BudgetCrossing",14000,3,209,8.941,8.936,0.282,7.739,1,0,0.109,1.093,65536,21,9,21
"BudgetCrossing",14000,3,210,9.243,9.248,0.296,7.827,1,0,0.108,1.308,77824,21,9,21
"BudgetCrossing",14000,3,211,10.577,10.569,0.266,9.205,1,0,0.111,1.261,69632,21,9,21
"BudgetCrossing",14000,3,212,9.432,9.436,0.311,8.065,1,0,0.140,1.227,73728,21,9,21
"BudgetCrossing",14000,3,213,9.435,9.435,0.248,7.862,1,0,0.134,1.439,73728,21,9,21
"BudgetCrossing",14000,3,214,8.919,8.911,0.243,8.119,1,0,0.136,0.664,12288,21,9,21
"BudgetCrossing",14000,3,215,9.677,9.673,0.269,7.889,1,0,0.122,1.667,77824,21,9,21
"BudgetCrossing",14000,3,216,12.347,12.351,0.281,10.448,1,0,0.120,1.780,73728,21,9,21
"BudgetCrossing",14000,3,217,10.073,10.071,0.302,8.317,1,0,0.114,1.642,73728,21,9,21
"BudgetCrossing",14000,3,218,9.948,9.953,0.262,8.535,1,0,0.116,1.297,77824,21,9,21
"BudgetCrossing",14000,3,219,10.003,10.000,0.271,8.389,1,0,0.111,1.503,69632,21,9,21
"BudgetCrossing",14000,3,220,16.666,16.659,0.314,12.399,1,0,0.176,4.091,,21,9,21
"BudgetCrossing",14000,3,221,9.115,9.121,0.279,7.825,1,0,0.120,1.171,65536,21,9,21
"BudgetCrossing",14000,3,222,9.379,9.384,0.245,8.089,1,0,0.113,1.177,69632,21,9,21
"BudgetCrossing",14000,3,223,9.042,9.036,0.338,7.787,1,0,0.139,1.117,73728,21,9,21
"BudgetCrossing",14000,3,224,11.932,11.938,0.275,10.594,1,0,0.170,1.168,73728,21,9,21
"BudgetCrossing",14000,3,225,8.178,8.176,0.273,7.726,1,0,0.135,0.317,12288,21,9,21
"BudgetCrossing",14000,3,226,9.556,9.555,0.278,8.255,1,0,0.109,1.193,73728,21,9,21
"BudgetCrossing",14000,3,227,8.207,8.183,0.311,7.719,1,0,0.112,0.376,20480,21,9,21
"BudgetCrossing",14000,3,228,9.545,9.568,0.293,8.181,1,0,0.137,1.227,73728,21,9,21
"BudgetCrossing",14000,3,229,9.162,9.158,0.293,7.906,1,0,0.136,1.120,73728,21,9,21
"BudgetCrossing",14000,3,230,9.465,9.469,0.284,8.215,1,0,0.124,1.126,69632,21,9,21
"BudgetCrossing",14000,3,231,9.701,9.694,0.294,8.272,1,0,0.132,1.298,81920,21,9,21
"BudgetCrossing",14000,3,232,10.539,10.534,0.312,8.258,1,0,0.165,2.116,,21,9,21
"BudgetCrossing",14000,3,233,10.559,10.547,0.266,8.260,1,0,0.107,2.191,61440,21,9,21
"BudgetCrossing",14000,3,234,13.516,13.516,0.302,10.394,1,0,0.136,2.986,57344,21,9,21
"BudgetCrossing",14000,3,235,11.410,11.397,0.268,8.420,1,0,0.131,2.859,69632,21,9,21
"BudgetCrossing",14000,3,236,9.699,9.729,0.277,8.454,1,0,0.134,1.111,73728,21,9,21
"BudgetCrossing",14000,3,237,8.330,8.323,0.288,7.812,1,0,0.125,0.393,16384,21,9,21
"BudgetCrossing",14000,3,238,10.970,10.958,0.301,8.138,1,0,0.119,2.714,81920,21,9,21
"BudgetCrossing",14000,3,239,14.645,14.649,0.310,12.592,1,0,0.146,1.907,69632,21,9,21
"BudgetCrossing",14000,3,240,10.371,10.381,0.298,9.002,1,0,0.143,1.226,77824,21,9,21
"BudgetCrossing",14000,3,241,10.565,10.557,0.287,8.003,1,0,0.108,2.454,73728,21,9,21
"BudgetCrossing",14000,3,242,14.911,14.906,0.291,13.217,1,0,0.135,1.559,69632,21,9,21
"BudgetCrossing",14000,3,243,9.662,9.676,0.253,8.355,1,0,0.138,1.168,73728,21,9,21
"BudgetCrossing",14000,3,244,10.443,10.438,0.305,9.018,1,0,0.191,1.234,77824,21,9,21
"BudgetCrossing",14000,3,245,15.470,15.457,0.316,12.712,1,0,0.134,2.624,,21,9,21
"BudgetCrossing",14000,3,246,10.643,10.661,0.268,9.471,1,0,0.102,1.071,57344,21,9,21
"BudgetCrossing",14000,3,247,11.039,11.014,0.305,7.979,1,0,0.136,2.925,61440,21,9,21
"BudgetCrossing",14000,3,248,9.988,10.013,0.282,8.714,1,0,0.107,1.166,69632,21,9,21
"BudgetCrossing",14000,3,249,8.702,8.691,0.269,8.168,1,0,0.113,0.420,16384,21,9,21
"BudgetCrossing",14000,3,250,10.285,10.280,0.274,8.057,1,0,0.108,2.120,69632,21,9,21
"BudgetCrossing",14000,3,251,11.824,11.830,0.287,10.535,1,0,0.112,1.178,77824,21,9,21
"BudgetCrossing",14000,3,252,9.354,9.358,0.283,7.867,1,0,0.143,1.344,69632,21,9,21
"BudgetCrossing",14000,3,253,9.451,9.446,0.308,8.047,1,0,0.141,1.262,77824,21,9,21
"BudgetCrossing",14000,3,254,9.790,9.794,0.273,8.451,1,0,0.110,1.229,73728,21,9,21
"BudgetCrossing",14000,3,255,8.967,8.963,0.272,8.442,1,0,0.141,0.384,12288,21,9,21
"BudgetCrossing",14000,3,256,8.587,8.592,0.309,8.055,1,0,0.135,0.397,20480,21,9,21
"BudgetCrossing",14000,3,257,10.298,10.283,0.270,8.570,1,0,0.130,1.598,73728,21,9,21
"BudgetCrossing",14000,3,258,8.945,8.956,0.267,8.162,1,0,0.117,0.666,20480,21,9,21
"BudgetCrossing",14000,3,259,8.890,8.891,0.265,8.113,1,0,0.104,0.673,16384,21,8,21
"BudgetCrossing",14000,3,260,10.146,10.135,0.261,7.978,1,0,0.096,2.071,,21,9,21
"BudgetCrossing",14000,3,261,9.975,9.984,0.270,8.213,1,0,0.112,1.650,65536,21,9,21
"BudgetCrossing",14000,3,262,14.067,14.053,0.249,12.135,1,0,0.162,1.770,57344,21,9,21
"BudgetCrossing",14000,3,263,12.058,12.041,0.275,8.998,1,0,0.106,2.954,61440,21,9,21
"BudgetCrossing",14000,3,264,9.898,9.926,0.322,8.280,1,0,0.135,1.484,73728,21,9,21
"BudgetCrossing",14000,3,265,10.068,10.065,0.278,8.337,1,0,0.111,1.620,69632,21,9,21
"BudgetCrossing",14000,3,266,10.155,10.159,0.306,8.578,1,0,0.111,1.467,73728,21,9,21
"BudgetCrossing",14000,3,267,10.981,10.949,0.282,8.620,1,0,0.106,2.255,73728,21,9,21
"BudgetCrossing",14000,3,268,13.125,13.156,0.290,11.791,1,0,0.133,1.200,77824,21,9,21
"BudgetCrossing",14000,3,269,10.478,10.471,0.289,9.172,1,0,0.117,1.190,73728,21,9,21
"BudgetCrossing",14000,3,270,10.391,10.383,0.279,8.137,1,0,0.108,2.146,73728,21,9,21
"BudgetCrossing",14000,3,271,9.796,9.803,0.306,9.266,1,0,0.127,0.403,16384,21,9,21
"BudgetCrossing",14000,3,272,11.007,11.004,0.292,8.021,1,0,0.108,2.878,,21,9,21
"BudgetCrossing",14000,3,273,12.737,12.740,0.250,11.047,1,0,0.141,1.549,61440,21,9,21
"BudgetCrossing",14000,3,274,10.771,10.769,0.292,9.452,1,0,0.141,1.178,61440,21,9,21
"BudgetCrossing",14000,3,275,9.382,9.369,0.346,8.428,1,0,0.108,0.847,4096,21,9,21
"BudgetCrossing",14000,3,276,9.663,9.651,0.326,8.684,1,0,0.135,0.844,16384,21,9,21
"BudgetCrossing",14000,3,277,11.813,11.842,0.247,10.569,1,0,0.133,1.111,69632,21,9,21
"BudgetCrossing",14000,3,278,9.697,9.692,0.269,8.294,1,0,0.108,1.294,73728,21,9,21
"BudgetCrossing",14000,3,279,9.861,9.863,0.269,8.308,1,0,0.109,1.444,69632,21,9,21
"BudgetCrossing",14000,3,280,13.603,13.589,0.293,11.309,1,0,0.221,2.073,77824,21,9,21
"BudgetCrossing",14000,3,281,10.178,10.190,0.364,8.578,1,0,0.138,1.462,73728,21,9,21
"BudgetCrossing",14000,3,282,8.909,8.905,0.273,8.283,1,0,0.101,0.525,12288,21,9,21
"BudgetCrossing",14000,3,283,8.486,8.491,0.287,8.037,1,0,0.101,0.348,20480,21,9,21
"BudgetCrossing",14000,3,284,12.789,12.776,0.293,10.992,1,0,0.186,1.611,77824,21,9,21
"BudgetCrossing",14000,3,285,9.822,9.833,0.300,8.473,1,0,0.120,1.230,73728,21,9,21
"BudgetCrossing",14000,3,286,10.660,10.625,0.260,8.258,1,0,0.105,2.297,73728,21,9,21
"BudgetCrossing",14000,3,287,11.908,11.930,0.288,9.147,1,0,0.103,2.657,,21,9,21
"BudgetCrossing",14000,3,288,12.553,12.563,0.272,10.991,1,0,0.128,1.434,61440,21,9,21
"BudgetCrossing",14000,3,289,9.880,9.874,0.286,8.454,1,0,0.137,1.289,57344,21,9,21
"BudgetCrossing",14000,3,290,9.628,9.632,0.272,8.121,1,0,0.134,1.372,61440,21,9,21
"BudgetCrossing",14000,3,291,15.629,15.615,0.249,13.551,1,0,0.182,1.897,73728,21,9,21
"BudgetCrossing",14000,3,292,10.196,10.204,0.248,8.663,1,0,0.149,1.383,69632,21,9,21
"BudgetCrossing",14000,3,293,10.250,10.248,0.353,8.483,1,0,0.128,1.639,73728,21,9,21
"BudgetCrossing",14000,3,294,11.695,11.667,0.361,8.597,1,0,0.128,2.969,69632,21,9,21
"BudgetCrossing",14000,3,295,16.203,16.211,0.473,13.110,1,0,0.147,2.947,77824,21,9,21
"BudgetCrossing",14000,3,296,10.152,10.171,0.304,8.842,1,0,0.131,1.178,77824,21,9,21
"BudgetCrossing",14000,3,297,10.360,10.357,0.292,8.990,1,0,0.129,1.240,69632,21,9,21
"BudgetCrossing",14000,3,298,11.529,11.526,0.243,10.193,1,0,0.116,1.221,73728,21,9,21
"BudgetCrossing",14000,3,299,10.982,10.976,0.305,8.275,1,0,0.143,2.564,,21,9,21
"BudgetCrossing",16000,3,0,11.527,11.533,0.292,8.438,1,0,0.139,2.950,,14,9,14
"BudgetCrossing",16000,3,1,11.340,11.385,0.283,10.048,1,0,0.124,1.168,61440,14,9,14
"BudgetCrossing",16000,3,2,11.082,11.077,0.000,9.694,1,0,0.134,1.255,57344,14,9,14
"BudgetCrossing",16000,3,3,9.734,9.739,0.299,8.485,1,0,0.127,1.123,73728,15,9,15
"BudgetCrossing",16000,3,4,13.661,13.657,0.298,12.284,1,0,0.167,1.210,69632,15,9,15
"BudgetCrossing",16000,3,5,11.205,11.207,0.300,9.944,1,0,0.169,1.092,77824,15,9,15
"BudgetCrossing",16000,3,6,11.372,11.338,0.248,8.479,1,0,0.163,2.730,73728,15,9,15
"BudgetCrossing",16000,3,7,13.815,13.842,0.281,12.252,1,0,0.146,1.417,69632,15,9,15
"BudgetCrossing",16000,3,8,9.016,9.021,0.349,8.440,1,0,0.158,0.418,24576,15,9,15
"BudgetCrossing",16000,3,9,15.678,15.668,0.306,14.067,1,0,0.107,1.505,73728,15,9,15
"BudgetCrossing",16000,3,10,11.414,11.424,0.279,9.996,1,0,0.144,1.274,69632,15,9,15
"BudgetCrossing",16000,3,11,10.068,10.065,0.287,8.791,1,0,0.126,1.151,73728,15,9,15
"BudgetCrossing",16000,3,12,10.450,10.452,0.237,9.200,1,0,0.119,1.131,77824,16,9,16
"BudgetCrossing",16000,3,13,10.606,10.598,0.308,8.751,1,0,0.120,1.735,,16,9,16
"BudgetCrossing",16000,3,14,12.858,12.853,0.275,11.526,1,0,0.128,1.204,61440,16,9,16
"BudgetCrossing",16000,3,15,9.878,9.883,0.260,8.485,1,0,0.134,1.260,57344,16,9,16
"BudgetCrossing",16000,3,16,9.972,9.971,0.247,8.712,1,0,0.124,1.137,69632,16,9,16
"BudgetCrossing",16000,3,17,11.463,11.456,0.333,10.837,1,0,0.154,0.472,12288,16,9,16
"BudgetCrossing",16000,3,18,11.456,11.446,0.287,8.895,1,0,0.137,2.425,73728,16,9,16
"BudgetCrossing",16000,3,19,9.661,9.681,0.276,8.396,1,0,0.127,1.139,77824,16,9,16
"BudgetCrossing",16000,3,20,10.280,10.272,0.281,8.859,1,0,0.164,1.257,69632,16,9,16
"BudgetCrossing",16000,3,21,11.034,11.038,0.270,9.373,1,0,0.134,1.528,77824,17,9,17
"BudgetCrossing",16000,3,22,10.736,10.734,0.245,9.392,1,0,0.161,1.183,73728,17,9,17
"BudgetCrossing",16000,3,23,11.734,11.719,0.336,9.018,1,0,0.124,2.591,69632,17,9,17
"BudgetCrossing",16000,3,24,10.850,10.844,0.275,8.832,1,0,0.167,1.850,73728,17,9,17
"BudgetCrossing",16000,3,25,13.808,13.817,0.258,11.167,1,0,0.131,2.509,,17,9,17
"BudgetCrossing",16000,3,26,14.123,14.137,0.295,11.436,1,0,0.207,2.481,61440,17,9,17
"BudgetCrossing",16000,3,27,14.153,14.132,0.000,11.458,1,0,0.274,2.421,57344,17,9,17
"BudgetCrossing",16000,3,28,9.728,9.750,0.370,8.468,1,0,0.121,1.139,61440,17,9,17
"BudgetCrossing",16000,3,29,10.265,10.259,0.255,8.921,1,0,0.156,1.188,69632,17,9,17
"BudgetCrossing",16000,3,30,10.859,10.856,0.254,9.527,1,0,0.153,1.178,73728,18,9,18
"BudgetCrossing",16000,3,31,9.904,9.908,0.285,8.664,1,0,0.124,1.115,77824,18,9,18
"BudgetCrossing",16000,3,32,10.179,10.170,0.299,8.823,1,0,0.163,1.193,69632,18,9,18
"BudgetCrossing",16000,3,33,11.247,11.254,0.364,10.426,1,0,0.175,0.646,24576,18,9,18
"BudgetCrossing",16000,3,34,10.303,10.293,0.278,8.483,1,0,0.113,1.706,73728,18,9,18
"BudgetCrossing",16000,3,35,16.443,16.445,0.306,14.281,1,0,0.155,2.006,69632,18,9,18
"BudgetCrossing",16000,3,36,10.584,10.573,0.311,8.545,1,0,0.134,1.905,73728,18,9,18
"BudgetCrossing",16000,3,37,10.024,10.032,0.269,8.722,1,0,0.156,1.146,73728,18,9,18
"BudgetCrossing",16000,3,38,13.149,13.148,0.250,8.476,1,0,0.123,4.550,77824,18,9,18
"BudgetCrossing",16000,3,39,11.913,11.908,0.281,8.747,1,0,0.136,3.030,,19,9,19
"BudgetCrossing",16000,3,40,10.071,10.085,0.289,8.625,1,0,0.130,1.316,61440,19,9,19
"BudgetCrossing",16000,3,41,12.164,12.158,0.000,10.550,1,0,0.294,1.320,57344,19,9,19
"BudgetCrossing",16000,3,42,9.979,9.985,0.334,8.675,1,0,0.125,1.179,61440,19,9,19
"BudgetCrossing",16000,3,43,11.216,11.206,0.251,10.605,1,0,0.175,0.436,8192,19,9,19
"BudgetCrossing",16000,3,44,10.232,10.239,0.275,8.893,1,0,0.124,1.214,73728,19,9,19
"BudgetCrossing",16000,3,45,9.826,9.822,0.292,8.494,1,0,0.119,1.213,77824,19,9,19
"BudgetCrossing",16000,3,46,11.976,11.955,0.301,9.050,1,0,0.155,2.771,69632,19,9,19
"BudgetCrossing",16000,3,47,10.667,10.686,0.302,9.350,1,0,0.114,1.203,77824,19,9,19
"BudgetCrossing",16000,3,48,9.103,9.111,0.275,8.615,1,0,0.119,0.369,16384,20,9,20
"BudgetCrossing",16000,3,49,10.131,10.120,0.290,8.784,1,0,0.139,1.208,69632,20,9,20
"BudgetCrossing",16000,3,50,11.234,11.220,0.317,9.013,1,0,0.136,2.085,73728,20,9,20
"BudgetCrossing",16000,3,51,10.518,10.533,0.253,9.950,1,0,0.127,0.441,20480,20,9,20
"BudgetCrossing",16000,3,52,9.368,9.369,0.276,8.883,1,0,0.125,0.360,20480,20,9,20
"BudgetCrossing",16000,3,53,10.644,10.648,0.288,9.225,1,0,0.159,1.260,77824,20,9,20
"BudgetCrossing",16000,3,54,11.382,11.371,0.317,9.291,1,0,0.121,1.971,,20,9,20
"BudgetCrossing",16000,3,55,11.069,11.078,0.327,9.621,1,0,0.132,1.316,61440,20,9,20
"BudgetCrossing",16000,3,56,11.247,11.237,0.320,9.901,1,0,0.164,1.182,57344,20,9,20
"BudgetCrossing",16000,3,57,13.210,13.209,0.378,11.134,1,0,0.149,1.927,61440,21,9,21
"BudgetCrossing",16000,3,58,11.030,11.030,0.247,9.586,1,0,0.119,1.324,57344,21,9,21
"BudgetCrossing",16000,3,59,10.178,10.184,0.278,8.805,1,0,0.148,1.225,73728,21,9,21
"BudgetCrossing",16000,3,60,14.083,14.071,0.396,12.023,1,0,0.197,1.863,77824,21,9,21
"BudgetCrossing",16000,3,61,12.070,12.081,0.545,10.661,1,0,0.191,1.218,69632,21,9,21
"BudgetCrossing",16000,3,62,11.666,11.667,0.277,8.898,1,0,0.119,2.649,77824,21,9,21
"BudgetCrossing",16000,3,63,12.128,12.123,0.366,10.802,1,0,0.125,1.201,73728,21,9,21
"BudgetCrossing",16000,3,64,12.648,12.640,0.253,11.301,1,0,0.129,1.218,69632,21,9,21
"BudgetCrossing",16000,3,65,10.079,10.091,0.290,8.757,1,0,0.126,1.196,73728,21,9,21
"BudgetCrossing",16000,3,66,11.172,11.167,0.302,10.612,1,0,0.163,0.397,16384,21,9,21
"BudgetCrossing",16000,3,67,11.507,11.499,0.287,9.292,1,0,0.136,2.078,,21,9,21
"BudgetCrossing",16000,3,68,10.132,10.141,0.258,8.791,1,0,0.132,1.209,65536,21,9,21
"BudgetCrossing",16000,3,69,9.993,9.999,0.287,9.481,1,0,0.169,0.344,4096,21,9,21
"BudgetCrossing",16000,3,70,11.166,11.157,0.304,9.670,1,0,0.160,1.336,61440,21,9,21
"BudgetCrossing",16000,3,71,11.686,11.677,0.294,9.853,1,0,0.167,1.666,57344,21,9,21
"BudgetCrossing",16000,3,72,12.670,12.671,0.285,11.277,1,0,0.153,1.239,65536,21,9,21
"BudgetCrossing",16000,3,73,10.524,10.532,0.274,9.198,1,0,0.119,1.208,73728,21,9,21
"BudgetCrossing",16000,3,74,10.617,10.616,0.365,9.145,1,0,0.149,1.323,73728,21,9,21
"BudgetCrossing",16000,3,75,14.925,14.921,0.325,13.628,1,0,0.120,1.177,77824,21,9,21
"BudgetCrossing",16000,3,76,11.495,11.496,0.345,10.028,1,0,0.133,1.334,73728,21,9,21
"BudgetCrossing",16000,3,77,11.889,11.863,0.281,8.784,1,0,0.121,2.985,69632,21,9,21
"BudgetCrossing",16000,3,78,12.932,12.958,0.334,11.628,1,0,0.119,1.185,73728,21,9,21
"BudgetCrossing",16000,3,79,11.215,11.213,0.284,9.841,1,0,0.152,1.222,73728,21,9,21
"BudgetCrossing",16000,3,80,13.168,13.159,0.283,10.460,1,0,0.158,2.551,,21,9,21
"BudgetCrossing",16000,3,81,15.628,15.622,0.354,13.420,1,0,0.158,2.049,61440,21,9,21
"BudgetCrossing",16000,3,82,12.984,12.998,0.286,10.114,1,0,0.159,2.711,57344,21,9,21
"BudgetCrossing",16000,3,83,11.656,11.655,0.373,11.182,1,0,0.114,0.360,8192,21,9,21
"BudgetCrossing",16000,3,84,10.290,10.294,0.257,8.796,1,0,0.146,1.348,57344,21,9,21
"BudgetCrossing",16000,3,85,11.421,11.415,0.311,10.066,1,0,0.119,1.237,61440,21,9,21
"BudgetCrossing",16000,3,86,11.044,11.043,0.290,9.186,1,0,0.121,1.738,135168,21,9,21
"BudgetCrossing",16000,3,87,10.498,10.506,0.663,9.165,1,0,0.119,1.213,73728,21,9,21
"BudgetCrossing",16000,3,88,11.370,11.347,0.301,9.049,1,0,0.161,2.161,77824,21,9,21
"BudgetCrossing",16000,3,89,11.333,11.349,0.242,10.656,1,0,0.126,0.551,24576,21,9,21
"BudgetCrossing",16000,3,90,11.792,11.780,0.305,9.906,1,0,0.123,1.763,69632,21,9,21
"BudgetCrossing",16000,3,91,13.137,13.149,0.296,11.461,1,0,0.130,1.546,77824,21,9,21
"BudgetCrossing",16000,3,92,12.019,12.010,0.310,9.190,1,0,0.128,2.701,77824,21,9,21
"BudgetCrossing",16000,3,93,13.733,13.726,0.276,11.121,1,0,0.159,2.453,,21,9,21
"BudgetCrossing",16000,3,94,12.350,12.363,0.343,10.455,1,0,0.124,1.771,61440,21,9,21
"BudgetCrossing",16000,3,95,10.529,10.524,0.263,8.933,1,0,0.124,1.473,57344,21,9,21
"BudgetCrossing",16000,3,96,11.638,11.643,0.316,10.365,1,0,0.120,1.153,61440,21,9,21
"BudgetCrossing",16000,3,97,10.859,10.845,0.293,9.235,1,0,0.156,1.469,61440,21,9,21
"BudgetCrossing",16000,3,98,11.472,11.482,0.360,9.866,1,0,0.139,1.467,73728,21,9,21
"BudgetCrossing",16000,3,99,10.530,10.531,0.314,9.141,1,0,0.147,1.242,73728,21,9,21
"BudgetCrossing",16000,3,100,10.999,10.996,0.283,9.624,1,0,0.120,1.255,77824,21,9,21
"BudgetCrossing",16000,3,101,13.513,13.495,0.274,11.852,1,0,0.153,1.508,73728,21,9,21
"BudgetCrossing",16000,3,102,14.605,14.585,0.299,12.204,1,0,0.211,2.189,73728,21,9,21
"BudgetCrossing",16000,3,103,14.637,14.633,0.313,12.734,1,0,0.187,1.716,69632,21,9,21
"BudgetCrossing",16000,3,104,12.752,12.772,0.339,11.232,1,0,0.163,1.357,73728,21,9,21
"BudgetCrossing",16000,3,105,12.016,12.020,0.348,9.627,1,0,0.143,2.247,,21,9,21
"BudgetCrossing",16000,3,106,10.313,10.317,0.289,8.957,1,0,0.130,1.226,57344,21,9,21
"BudgetCrossing",16000,3,107,11.103,11.114,0.306,9.741,1,0,0.168,1.193,57344,21,9,21
"BudgetCrossing",16000,3,108,11.369,11.363,0.282,9.991,1,0,0.131,1.247,61440,21,9,21
"BudgetCrossing",16000,3,109,12.934,12.912,0.303,10.080,1,0,0.128,2.726,57344,21,9,21
"BudgetCrossing",16000,3,110,10.977,10.988,0.293,9.203,1,0,0.172,1.602,61440,21,9,21
"BudgetCrossing",16000,3,111,10.618,10.631,0.289,9.326,1,0,0.121,1.171,77824,21,9,21
"BudgetCrossing",16000,3,112,10.986,10.979,0.262,9.723,1,0,0.126,1.137,69632,21,9,21
"BudgetCrossing",16000,3,113,12.165,12.165,0.303,10.893,1,0,0.119,1.153,81920,21,9,21
"BudgetCrossing",16000,3,114,11.498,11.478,0.343,9.413,1,0,0.122,1.962,73728,21,9,21
"BudgetCrossing",16000,3,115,13.937,13.954,0.313,12.398,1,0,0.171,1.368,69632,21,9,21
"BudgetCrossing",16000,3,116,10.974,10.977,0.288,9.544,1,0,0.121,1.310,73728,21,9,21
"BudgetCrossing",16000,3,117,12.905,12.882,0.297,9.433,1,0,0.141,3.331,,21,9,21
"BudgetCrossing",16000,3,118,13.598,13.618,0.370,12.143,1,0,0.146,1.309,57344,21,9,21
"BudgetCrossing",16000,3,119,10.944,10.945,0.283,9.457,1,0,0.174,1.314,57344,21,9,21
"BudgetCrossing",16000,3,120,11.877,11.857,0.287,9.175,1,0,0.122,2.580,61440,21,9,21
"BudgetCrossing",16000,3,121,11.788,11.804,0.292,11.000,1,0,0.131,0.657,4096,21,9,21
"BudgetCrossing",16000,3,122,10.931,10.925,0.263,9.970,1,0,0.164,0.797,8192,21,9,21
"BudgetCrossing",16000,3,123,11.511,11.510,0.331,9.718,1,0,0.143,1.651,65536,21,9,21
"BudgetCrossing",16000,3,124,13.041,13.049,0.347,11.519,1,0,0.119,1.404,69632,21,9,21
"BudgetCrossing",16000,3,125,12.099,12.093,0.284,10.841,1,0,0.136,1.122,81920,21,9,21
"BudgetCrossing",16000,3,126,11.744,11.748,0.280,10.324,1,0,0.136,1.284,73728,21,9,21
"BudgetCrossing",16000,3,127,11.435,11.431,0.354,10.006,1,0,0.156,1.272,69632,21,9,21
"BudgetCrossing",16000,3,128,12.864,12.843,0.291,11.043,1,0,0.159,1.662,73728,21,9,21
"BudgetCrossing",16000,3,129,13.936,13.944,0.294,12.502,1,0,0.161,1.273,77824,21,9,21
"BudgetCrossing",16000,3,130,10.957,10.960,0.286,9.580,1,0,0.145,1.231,73728,21,9,21
"BudgetCrossing",16000,3,131,12.181,12.181,0.387,9.222,1,0,0.186,2.773,,21,9,21
"BudgetCrossing",16000,3,132,12.232,12.235,0.329,10.791,1,0,0.124,1.318,57344,21,9,21
"BudgetCrossing",16000,3,133,10.946,10.948,0.262,9.527,1,0,0.163,1.256,57344,21,9,21
"BudgetCrossing",16000,3,134,16.631,16.632,0.304,14.910,1,0,0.163,1.558,61440,21,9,21
"BudgetCrossing",16000,3,135,12.414,12.405,0.290,10.593,1,0,0.170,1.651,57344,21,9,21
"BudgetCrossing",16000,3,136,13.421,13.414,0.298,11.326,1,0,0.131,1.964,61440,21,9,21
"BudgetCrossing",16000,3,137,13.783,13.802,0.326,12.359,1,0,0.135,1.288,77824,21,9,21
"BudgetCrossing",16000,3,138,11.990,11.969,0.320,9.680,1,0,0.165,2.145,69632,21,9,21
"BudgetCrossing",16000,3,139,16.710,16.725,0.353,14.788,1,0,0.180,1.742,77824,21,9,21
"BudgetCrossing",16000,3,140,11.229,11.231,0.293,9.705,1,0,0.122,1.402,73728,21,9,21
"BudgetCrossing",16000,3,141,10.316,10.312,0.270,9.681,1,0,0.128,0.507,16384,21,9,21
"BudgetCrossing",16000,3,142,10.498,10.472,0.289,9.562,1,0,0.126,0.810,16384,21,9,21
"BudgetCrossing",16000,3,143,14.259,14.272,0.291,11.377,1,0,0.165,2.718,73728,21,9,21
"BudgetCrossing",16000,3,144,11.257,11.247,0.306,9.778,1,0,0.153,1.326,73728,21,9,21
"BudgetCrossing",16000,3,145,12.261,12.286,0.288,11.385,1,0,0.126,0.751,20480,21,9,21
"BudgetCrossing",16000,3,146,9.974,9.969,0.291,9.283,1,0,0.156,0.535,20480,21,9,21
"BudgetCrossing",16000,3,147,16.023,16.004,0.396,11.812,1,0,0.204,4.008,,21,9,21
"BudgetCrossing",16000,3,148,10.767,10.785,0.339,9.397,1,0,0.125,1.246,57344,21,9,21
"BudgetCrossing",16000,3,149,12.669,12.670,0.350,11.414,1,0,0.124,1.131,57344,21,9,21
"BudgetCrossing",16000,3,150,10.810,10.814,0.435,9.440,1,0,0.166,1.203,61440,21,9,21
"BudgetCrossing",16000,3,151,10.366,10.324,0.316,9.358,1,0,0.132,0.876,4096,21,9,21
"BudgetCrossing",16000,3,152,15.003,15.026,0.304,13.161,1,0,0.168,1.675,61440,21,9,21
"BudgetCrossing",16000,3,153,13.315,13.309,0.301,10.124,1,0,0.125,3.066,69632,21,9,21
"BudgetCrossing",16000,3,154,11.117,11.134,0.323,9.764,1,0,0.152,1.201,73728,21,9,21
"BudgetCrossing",16000,3,155,11.305,11.310,0.246,9.930,1,0,0.158,1.217,77824,21,9,21
"BudgetCrossing",16000,3,156,11.447,11.443,0.331,10.122,1,0,0.127,1.198,73728,21,9,21
"BudgetCrossing",16000,3,157,10.336,10.335,0.271,9.723,1,0,0.158,0.455,12288,21,9,21
"BudgetCrossing",16000,3,158,14.010,13.980,0.283,11.628,1,0,0.131,2.252,73728,21,9,21
"BudgetCrossing",16000,3,159,13.026,13.045,0.338,11.558,1,0,0.126,1.341,73728,21,9,21
"BudgetCrossing",16000,3,160,11.035,11.045,0.314,9.589,1,0,0.171,1.275,73728,21,9,21
"BudgetCrossing",16000,3,161,11.545,11.540,0.319,10.128,1,0,0.128,1.289,,21,9,21
"BudgetCrossing",16000,3,162,11.528,11.530,0.284,10.235,1,0,0.123,1.170,61440,21,9,21
"BudgetCrossing",16000,3,163,11.196,11.193,0.250,9.769,1,0,0.168,1.259,57344,21,9,21
"BudgetCrossing",16000,3,164,11.392,11.391,0.285,9.998,1,0,0.142,1.252,61440,21,9,21
"BudgetCrossing",16000,3,165,12.673,12.673,0.290,11.317,1,0,0.161,1.196,61440,21,9,21
"BudgetCrossing",16000,3,166,10.969,10.966,0.342,9.550,1,0,0.160,1.259,61440,21,9,21
"BudgetCrossing",16000,3,167,11.482,11.488,0.309,10.095,1,0,0.144,1.243,65536,21,9,21
"BudgetCrossing",16000,3,168,15.891,15.886,0.271,14.596,1,0,0.129,1.167,77824,21,9,21
"BudgetCrossing",16000,3,169,10.962,10.963,0.330,9.683,1,0,0.121,1.158,73728,21,9,21
"BudgetCrossing",16000,3,170,13.738,13.730,0.332,11.662,1,0,0.150,1.926,73728,21,9,21
"BudgetCrossing",16000,3,171,13.530,13.530,0.319,11.173,1,0,0.157,2.200,69632,21,9,21
"BudgetCrossing",16000,3,172,16.590,16.591,0.305,14.929,1,0,0.154,1.507,73728,21,9,21
"BudgetCrossing",16000,3,173,12.334,12.336,0.292,10.898,1,0,0.161,1.276,73728,21,9,21
"BudgetCrossing",16000,3,174,14.208,14.209,0.312,11.723,1,0,0.113,2.372,,21,9,21
"BudgetCrossing",16000,3,175,11.198,11.201,0.293,9.867,1,0,0.128,1.203,57344,21,9,21
"BudgetCrossing",16000,3,176,11.153,11.155,0.000,9.924,1,0,0.121,1.108,57344,21,9,21
"BudgetCrossing",16000,3,177,10.660,10.654,0.288,10.141,1,0,0.126,0.393,8192,21,9,21
"BudgetCrossing",16000,3,178,11.325,11.322,0.305,9.873,1,0,0.160,1.293,57344,21,9,21
"BudgetCrossing",16000,3,179,13.775,13.780,0.351,12.213,1,0,0.130,1.432,61440,21,9,21
"BudgetCrossing",16000,3,180,10.431,10.427,0.292,9.916,1,0,0.149,0.366,8192,21,9,21
"BudgetCrossing",16000,3,181,11.431,11.416,0.306,9.800,1,0,0.154,1.477,61440,21,9,21
"BudgetCrossing",16000,3,182,18.335,18.347,0.284,16.846,1,0,0.157,1.331,81920,21,9,21
"BudgetCrossing",16000,3,183,11.349,11.352,0.258,10.020,1,0,0.124,1.205,73728,21,9,21
"BudgetCrossing",16000,3,184,14.330,14.325,0.300,11.804,1,0,0.120,2.406,69632,21,9,21
"BudgetCrossing",16000,3,185,14.318,14.305,0.305,12.744,1,0,0.155,1.420,73728,21,9,21
"BudgetCrossing",16000,3,186,11.181,11.198,0.287,9.862,1,0,0.137,1.181,73728,21,9,21
"BudgetCrossing",16000,3,187,13.834,13.824,0.256,11.939,1,0,0.131,1.765,77824,21,9,21
"BudgetCrossing",16000,3,188,13.585,13.550,0.297,10.235,1,0,0.123,3.227,,21,9,21
"BudgetCrossing",16000,3,189,14.151,14.184,0.262,11.541,1,0,0.261,2.348,57344,21,9,21
"BudgetCrossing",16000,3,190,11.198,11.213,0.306,9.909,1,0,0.121,1.168,57344,21,9,21
"BudgetCrossing",16000,3,191,10.502,10.479,0.370,9.812,1,0,0.164,0.526,8192,21,9,21
"BudgetCrossing",16000,3,192,10.904,10.910,0.296,10.263,1,0,0.124,0.516,4096,21,9,21
"BudgetCrossing",16000,3,193,12.125,12.114,0.264,10.321,1,0,0.127,1.677,61440,21,9,21
"BudgetCrossing",16000,3,194,13.257,13.265,0.311,11.700,1,0,0.163,1.394,61440,21,9,21
"BudgetCrossing",16000,3,195,11.459,11.470,0.285,10.117,1,0,0.124,1.219,61440,21,9,21
"BudgetCrossing",16000,3,196,11.596,11.590,0.281,10.289,1,0,0.162,1.145,81920,21,9,21
"BudgetCrossing",16000,3,197,10.439,10.446,0.345,9.775,1,0,0.127,0.537,16384,21,9,21
"BudgetCrossing",16000,3,198,10.932,10.925,0.357,9.543,1,0,0.145,1.243,69632,21,9,21
"BudgetCrossing",16000,3,199,11.280,11.281,0.367,9.909,1,0,0.120,1.251,73728,21,9,21
"BudgetCrossing",16000,3,200,11.458,11.460,0.283,10.133,1,0,0.143,1.182,73728,21,9,21
"BudgetCrossing",16000,3,201,12.603,12.602,0.289,11.401,1,0,0.117,1.085,77824,21,9,21
"BudgetCrossing",16000,3,202,16.365,16.329,0.328,13.136,1,0,0.170,3.059,73728,21,9,21
"BudgetCrossing",16000,3,203,12.578,12.610,0.308,10.438,1,0,0.128,2.012,,21,9,21
"BudgetCrossing",16000,3,204,12.854,12.853,0.365,11.583,1,0,0.124,1.147,57344,21,9,21
"BudgetCrossing",16000,3,205,13.000,13.006,0.292,11.757,1,0,0.115,1.128,57344,21,9,21
"BudgetCrossing",16000,3,206,13.906,13.898,0.287,12.573,1,0,0.155,1.178,61440,21,9,21
"BudgetCrossing",16000,3,207,11.083,11.085,0.293,9.758,1,0,0.115,1.210,57344,21,9,21
"BudgetCrossing",16000,3,208,11.083,11.079,0.285,10.478,1,0,0.168,0.436,8192,21,9,21
"BudgetCrossing",16000,3,209,12.801,12.787,0.293,10.479,1,0,0.157,2.164,61440,21,9,21
"BudgetCrossing",16000,3,210,11.978,11.980,0.316,10.185,1,0,0.131,1.663,65536,21,9,21
"BudgetCrossing",16000,3,211,12.127,12.140,0.285,11.619,1,0,0.124,0.383,20480,21,9,21
"BudgetCrossing",16000,3,212,10.402,10.403,0.298,9.913,1,0,0.129,0.360,16384,21,9,21
"BudgetCrossing",16000,3,213,11.956,11.958,0.292,10.521,1,0,0.154,1.281,69632,21,9,21
"BudgetCrossing",16000,3,214,15.881,15.872,0.299,14.498,1,0,0.112,1.271,73728,21,9,21
"BudgetCrossing",16000,3,215,11.635,11.632,0.277,10.157,1,0,0.166,1.312,73728,21,9,21
"BudgetCrossing",16000,3,216,10.643,10.647,0.357,10.135,1,0,0.127,0.382,20480,21,9,21
"BudgetCrossing",16000,3,217,13.275,13.270,0.327,11.875,1,0,0.128,1.272,81920,21,9,21
"BudgetCrossing",16000,3,218,12.633,12.640,0.292,11.093,1,0,0.129,1.410,77824,21,9,21
"BudgetCrossing",16000,3,219,12.692,12.676,0.288,9.803,1,0,0.152,2.738,,21,9,21
"BudgetCrossing",16000,3,220,13.430,13.439,0.340,12.119,1,0,0.125,1.185,106496,21,9,21
"BudgetCrossing",16000,3,221,11.556,11.561,0.303,10.222,1,0,0.164,1.171,69632,21,9,21
"BudgetCrossing",16000,3,222,12.905,12.901,0.297,12.399,1,0,0.116,0.390,20480,21,9,21
"BudgetCrossing",16000,3,223,10.904,10.906,0.300,9.568,1,0,0.143,1.193,69632,21,9,21
"BudgetCrossing",16000,3,224,14.472,14.466,0.355,11.998,1,0,0.120,2.354,73728,21,9,21
"BudgetCrossing",16000,3,225,13.077,13.048,0.319,10.252,1,0,0.155,2.670,73728,21,9,21
"BudgetCrossing",16000,3,226,12.700,12.715,0.329,10.570,1,0,0.155,1.975,73728,21,9,21
"BudgetCrossing",16000,3,227,12.555,12.575,0.311,11.226,1,0,0.115,1.215,73728,21,9,21
"BudgetCrossing",16000,3,228,11.525,11.515,0.287,10.102,1,0,0.129,1.294,73728,21,9,21
"BudgetCrossing",16000,3,229,13.255,13.251,0.308,10.673,1,0,0.165,2.417,,21,9,21
"BudgetCrossing",16000,3,230,10.505,10.503,0.259,9.860,1,0,0.127,0.518,8192,21,9,21
"BudgetCrossing",16000,3,231,13.664,13.672,0.313,12.273,1,0,0.129,1.261,69632,21,9,21
"BudgetCrossing",16000,3,232,14.180,14.174,0.364,12.271,1,0,0.122,1.787,73728,21,9,21
"BudgetCrossing",16000,3,233,15.606,15.595,0.349,12.949,1,0,0.143,2.515,73728,21,9,21
"BudgetCrossing",16000,3,234,13.529,13.533,0.331,11.041,1,0,0.169,2.318,73728,21,9,21
"BudgetCrossing",16000,3,235,11.458,11.472,0.318,10.218,1,0,0.129,1.111,73728,21,9,21
"BudgetCrossing",16000,3,236,13.409,13.400,0.305,12.201,1,0,0.139,1.068,16384,21,9,21
"BudgetCrossing",16000,3,237,13.112,13.112,0.302,11.601,1,0,0.120,1.391,73728,21,9,21
"BudgetCrossing",16000,3,238,11.281,11.289,0.386,9.948,1,0,0.124,1.209,73728,21,9,21
"BudgetCrossing",16000,3,239,12.022,12.017,0.296,10.762,1,0,0.129,1.132,69632,21,9,21
"BudgetCrossing",16000,3,240,11.670,11.673,0.345,10.114,1,0,0.126,1.430,81920,21,9,21
"BudgetCrossing",16000,3,241,11.952,11.948,0.287,10.427,1,0,0.217,1.307,77824,21,9,21
"BudgetCrossing",16000,3,242,12.033,12.034,0.298,10.457,1,0,0.119,1.458,77824,21,9,21
"BudgetCrossing",16000,3,243,14.957,14.956,0.279,13.133,1,0,0.125,1.700,,21,9,21
"BudgetCrossing",16000,3,244,11.876,11.873,0.286,10.554,1,0,0.128,1.193,65536,21,9,21
"BudgetCrossing",16000,3,245,12.106,12.105,0.339,10.630,1,0,0.129,1.346,69632,21,9,21
"BudgetCrossing",16000,3,246,13.874,13.878,0.311,12.516,1,0,0.157,1.201,77824,21,9,21
"BudgetCrossing",16000,3,247,11.698,11.695,0.303,10.347,1,0,0.142,1.209,69632,21,9,21
"BudgetCrossing",16000,3,248,12.218,12.214,0.311,10.180,1,0,0.119,1.919,73728,21,9,21
"BudgetCrossing",16000,3,249,11.619,11.622,0.291,10.277,1,0,0.128,1.215,73728,21,9,21
"BudgetCrossing",16000,3,250,12.484,12.485,0.285,11.038,1,0,0.161,1.285,69632,21,9,21
"BudgetCrossing",16000,3,251,12.702,12.702,0.294,11.240,1,0,0.145,1.317,73728,21,9,21
"BudgetCrossing",16000,3,252,11.864,11.862,0.264,10.547,1,0,0.151,1.166,77824,21,9,21
"BudgetCrossing",16000,3,253,11.457,11.460,0.286,10.062,1,0,0.126,1.269,69632,21,9,21
"BudgetCrossing",16000,3,254,12.710,12.700,0.287,11.315,1,0,0.170,1.225,73728,21,9,21
"BudgetCrossing",16000,3,255,11.703,11.705,0.308,10.080,1,0,0.121,1.502,77824,21,9,21
"BudgetCrossing",16000,3,256,15.039,15.001,0.312,12.511,1,0,0.168,2.360,,21,9,21
"BudgetCrossing",16000,3,257,12.031,12.074,0.385,11.583,1,0,0.123,0.325,8192,21,9,21
"BudgetCrossing",16000,3,258,10.466,10.466,0.000,9.992,1,0,0.122,0.352,8192,21,9,21
"BudgetCrossing",16000,3,259,11.504,11.505,0.262,10.181,1,0,0.154,1.170,77824,21,9,21
"BudgetCrossing",16000,3,260,12.118,12.105,0.333,10.250,1,0,0.150,1.718,73728,21,9,21
"BudgetCrossing",16000,3,261,13.588,13.598,0.278,12.286,1,0,0.139,1.163,73728,21,9,21
"BudgetCrossing",16000,3,262,12.368,12.362,0.322,10.999,1,0,0.153,1.216,73728,21,9,21
"BudgetCrossing",16000,3,263,13.449,13.444,0.330,12.040,1,0,0.160,1.250,69632,21,9,21
"BudgetCrossing",16000,3,264,12.092,12.100,0.282,10.595,1,0,0.148,1.349,77824,21,9,21
"BudgetCrossing",16000,3,265,13.445,13.416,0.320,10.965,1,0,0.144,2.336,73728,21,9,21
"BudgetCrossing",16000,3,266,12.293,12.315,0.372,10.863,1,0,0.141,1.289,73728,21,9,21
"BudgetCrossing",16000,3,267,12.076,12.082,0.321,10.661,1,0,0.162,1.253,73728,21,9,21
"BudgetCrossing",16000,3,268,12.387,12.374,0.317,10.885,1,0,0.129,1.373,73728,21,9,21
"BudgetCrossing",16000,3,269,12.028,12.041,0.268,10.588,1,0,0.164,1.276,77824,21,9,21
"BudgetCrossing",16000,3,270,12.580,12.570,0.373,11.096,1,0,0.164,1.320,73728,21,9,21
"BudgetCrossing",16000,3,271,12.960,12.956,0.332,9.718,1,0,0.137,3.106,,21,9,21
"BudgetCrossing",16000,3,272,17.088,17.074,0.351,15.321,1,0,0.178,1.590,65536,21,9,21
"BudgetCrossing",16000,3,273,12.076,12.102,0.340,10.754,1,0,0.128,1.193,73728,21,9,21
"BudgetCrossing",16000,3,274,11.395,11.377,0.274,10.056,1,0,0.129,1.210,69632,21,9,21
"BudgetCrossing",16000,3,275,12.218,12.235,0.296,10.832,1,0,0.126,1.260,73728,21,9,21
"BudgetCrossing",16000,3,276,12.510,12.503,0.300,11.162,1,0,0.160,1.188,73728,21,9,21
"BudgetCrossing",16000,3,277,12.980,12.974,0.294,9.739,1,0,0.144,3.096,126976,21,9,21
"BudgetCrossing",16000,3,278,13.109,13.094,0.369,10.219,1,0,0.123,2.767,77824,21,9,21
"BudgetCrossing",16000,3,279,13.201,13.212,0.318,11.428,1,0,0.127,1.646,73728,21,9,21
"BudgetCrossing",16000,3,280,18.611,18.615,0.280,16.761,1,0,0.152,1.699,73728,21,9,21
"BudgetCrossing",16000,3,281,11.553,11.560,0.594,10.241,1,0,0.129,1.183,73728,21,9,21
"BudgetCrossing",16000,3,282,13.633,13.622,0.309,11.594,1,0,0.126,1.913,,21,9,21
"BudgetCrossing",16000,3,283,11.950,11.959,0.308,10.646,1,0,0.127,1.177,57344,21,9,21
"BudgetCrossing",16000,3,284,12.092,12.072,0.333,11.388,1,0,0.127,0.577,4096,21,9,21
"BudgetCrossing",16000,3,285,11.881,11.901,0.296,11.420,1,0,0.118,0.343,12288,21,9,21
"BudgetCrossing",16000,3,286,13.697,13.691,0.371,12.343,1,0,0.125,1.228,73728,21,9,21
"BudgetCrossing",16000,3,287,13.161,13.157,0.318,11.368,1,0,0.145,1.648,73728,21,9,21
"BudgetCrossing",16000,3,288,12.730,12.719,0.332,10.654,1,0,0.128,1.948,73728,21,9,21
"BudgetCrossing",16000,3,289,12.944,12.949,0.266,10.905,1,0,0.165,1.874,69632,21,9,21
"BudgetCrossing",16000,3,290,13.854,13.852,0.318,12.402,1,0,0.158,1.294,73728,21,9,21
"BudgetCrossing",16000,3,291,11.125,11.116,0.290,10.458,1,0,0.158,0.509,16384,21,9,21
"BudgetCrossing",16000,3,292,12.014,12.025,0.356,9.927,1,0,0.130,1.957,69632,21,9,21
"BudgetCrossing",16000,3,293,15.318,15.320,0.290,13.814,1,0,0.175,1.329,77824,21,9,21
"BudgetCrossing",16000,3,294,12.099,12.101,0.307,10.819,1,0,0.160,1.120,73728,21,9,21
"BudgetCrossing",16000,3,295,11.155,11.154,0.335,9.902,1,0,0.126,1.127,73728,21,9,21
"BudgetCrossing",16000,3,296,10.963,10.966,0.524,10.445,1,0,0.128,0.390,24576,21,9,21
"BudgetCrossing",16000,3,297,13.555,13.542,0.288,11.050,1,0,0.161,2.344,,21,9,21
"BudgetCrossing",16000,3,298,13.888,13.895,0.288,12.036,1,0,0.175,1.678,61440,21,9,21
"BudgetCrossing",16000,3,299,13.308,13.305,0.000,11.886,1,0,0.175,1.247,57344,21,9,21
"BudgetCrossing",18000,3,0,14.211,14.182,0.348,10.980,1,0,0.183,3.049,73728,14,9,14
"BudgetCrossing",18000,3,1,19.374,19.378,0.310,16.295,1,0,0.190,2.889,73728,14,9,14
"BudgetCrossing",18000,3,2,12.785,12.809,0.284,11.484,1,0,0.135,1.167,69632,14,9,14
"BudgetCrossing",18000,3,3,13.791,13.777,0.278,12.894,1,0,0.167,0.730,20480,15,9,15
"BudgetCrossing",18000,3,4,11.529,11.530,0.301,10.207,1,0,0.135,1.187,77824,15,9,15
"BudgetCrossing",18000,3,5,15.370,15.368,0.321,10.543,1,0,0.136,4.692,73728,15,9,15
"BudgetCrossing",18000,3,6,16.206,16.202,0.317,10.843,1,0,0.139,5.224,,15,9,15
"BudgetCrossing",18000,3,7,12.286,12.300,0.280,10.899,1,0,0.155,1.232,61440,15,9,15
"BudgetCrossing",18000,3,8,12.998,12.993,0.000,11.664,1,0,0.170,1.165,57344,15,9,15
"BudgetCrossing",18000,3,9,13.273,13.269,0.306,12.641,1,0,0.199,0.433,8192,15,9,15
"BudgetCrossing",18000,3,10,12.462,12.473,0.278,10.996,1,0,0.157,1.309,57344,15,9,15
"BudgetCrossing",18000,3,11,12.166,12.158,0.338,10.706,1,0,0.199,1.261,73728,15,9,15
"BudgetCrossing",18000,3,12,12.242,12.250,0.301,10.873,1,0,0.148,1.221,77824,16,9,16
"BudgetCrossing",18000,3,13,13.822,13.804,0.312,13.184,1,0,0.138,0.501,16384,16,9,16
"BudgetCrossing",18000,3,14,15.805,15.817,0.271,14.394,1,0,0.129,1.282,73728,16,9,16
"BudgetCrossing",18000,3,15,13.537,13.506,0.282,10.647,1,0,0.153,2.738,73728,16,9,16
"BudgetCrossing",18000,3,16,13.147,13.176,0.303,11.832,1,0,0.132,1.183,69632,16,9,16
"BudgetCrossing",18000,3,17,12.572,12.563,0.291,11.138,1,0,0.187,1.247,73728,16,9,16
"BudgetCrossing",18000,3,18,12.333,12.342,0.282,10.890,1,0,0.172,1.271,73728,16,9,16
"BudgetCrossing",18000,3,19,15.484,15.471,0.279,13.580,1,0,0.150,1.754,,16,9,16
"BudgetCrossing",18000,3,20,13.869,13.870,0.335,12.491,1,0,0.151,1.227,61440,16,9,16
"BudgetCrossing",18000,3,21,12.349,12.359,0.286,11.008,1,0,0.146,1.195,57344,17,9,17
"BudgetCrossing",18000,3,22,13.324,13.315,0.603,11.008,1,0,0.179,2.137,61440,17,9,17
"BudgetCrossing",18000,3,23,12.558,12.561,0.344,11.974,1,0,0.178,0.406,8192,17,9,17
"BudgetCrossing",18000,3,24,12.049,12.058,0.274,11.572,1,0,0.145,0.332,20480,17,9,17
"BudgetCrossing",18000,3,25,13.582,13.543,0.302,10.646,1,0,0.174,2.762,73728,17,9,17
"BudgetCrossing",18000,3,26,13.045,13.076,0.308,11.767,1,0,0.129,1.148,69632,17,9,17
"BudgetCrossing",18000,3,27,11.441,11.443,0.266,10.107,1,0,0.134,1.201,77824,17,9,17
"BudgetCrossing",18000,3,28,12.195,12.188,0.265,10.875,1,0,0.145,1.175,73728,17,9,17
"BudgetCrossing",18000,3,29,12.293,12.285,0.287,10.769,1,0,0.163,1.360,69632,17,9,17
"BudgetCrossing",18000,3,30,12.351,12.365,0.298,10.872,1,0,0.151,1.328,73728,18,9,18
"BudgetCrossing",18000,3,31,11.677,11.672,0.289,10.256,1,0,0.178,1.243,73728,18,9,18
"BudgetCrossing",18000,3,32,17.390,17.379,0.336,12.721,1,0,0.138,4.531,73728,18,9,18
"BudgetCrossing",18000,3,33,13.341,13.350,0.285,11.042,1,0,0.148,2.152,,18,9,18
"BudgetCrossing",18000,3,34,11.550,11.549,0.000,10.252,1,0,0.144,1.154,61440,18,9,18
"BudgetCrossing",18000,3,35,12.132,12.139,0.308,10.869,1,0,0.149,1.114,57344,18,9,18
"BudgetCrossing",18000,3,36,12.891,12.870,0.331,11.191,1,0,0.185,1.516,61440,18,9,18
"BudgetCrossing",18000,3,37,12.346,12.361,0.281,11.047,1,0,0.130,1.168,57344,18,9,18
"BudgetCrossing",18000,3,38,13.680,13.682,0.310,12.340,1,0,0.142,1.198,69632,18,9,18
"BudgetCrossing",18000,3,39,11.787,11.779,0.260,10.369,1,0,0.217,1.201,77824,19,9,19
"BudgetCrossing",18000,3,40,14.073,14.078,0.320,12.757,1,0,0.135,1.182,69632,19,9,19
"BudgetCrossing",18000,3,41,12.380,12.384,0.361,11.079,1,0,0.173,1.128,73728,19,9,19
"BudgetCrossing",18000,3,42,17.093,17.078,0.282,15.160,1,0,0.173,1.761,73728,19,9,19
"BudgetCrossing",18000,3,43,13.308,13.316,0.345,11.912,1,0,0.182,1.214,69632,19,9,19
"BudgetCrossing",18000,3,44,12.951,12.955,0.311,11.540,1,0,0.143,1.268,73728,19,9,19
"BudgetCrossing",18000,3,45,14.256,14.255,0.343,11.769,1,0,0.150,2.337,,19,9,19
"BudgetCrossing",18000,3,46,13.327,13.325,0.303,12.799,1,0,0.134,0.394,8192,19,9,19
"BudgetCrossing",18000,3,47,12.584,12.585,0.281,11.135,1,0,0.180,1.270,57344,19,9,19
"BudgetCrossing",18000,3,48,13.111,13.116,0.301,11.675,1,0,0.164,1.273,61440,20,9,20
"BudgetCrossing",18000,3,49,14.722,14.680,0.284,11.868,1,0,0.137,2.717,57344,20,9,20
"BudgetCrossing",18000,3,50,16.397,16.423,0.488,15.040,1,0,0.137,1.220,65536,20,9,20
"BudgetCrossing",18000,3,51,12.263,12.271,0.304,10.852,1,0,0.163,1.249,73728,20,9,20
"BudgetCrossing",18000,3,52,14.621,14.591,0.281,11.799,1,0,0.178,2.645,73728,20,9,20
"BudgetCrossing",18000,3,53,12.790,12.805,0.299,10.718,1,0,0.134,1.938,73728,20,9,20
"BudgetCrossing",18000,3,54,13.306,13.303,0.311,10.921,1,0,0.172,2.214,73728,20,9,20
"BudgetCrossing",18000,3,55,11.445,11.445,0.298,10.794,1,0,0.169,0.482,16384,20,9,20
"BudgetCrossing",18000,3,56,11.117,11.097,0.257,10.358,1,0,0.146,0.614,20480,20,9,20
"BudgetCrossing",18000,3,57,13.053,13.084,0.256,12.408,1,0,0.174,0.471,16384,21,9,21
"BudgetCrossing",18000,3,58,11.741,11.740,0.297,10.486,1,0,0.131,1.124,77824,21,9,21
"BudgetCrossing",18000,3,59,12.469,12.466,0.336,11.014,1,0,0.144,1.311,73728,21,9,21
"BudgetCrossing",18000,3,60,14.558,14.507,0.277,11.375,1,0,0.186,2.997,,21,9,21
"BudgetCrossing",18000,3,61,13.537,13.587,0.294,12.188,1,0,0.145,1.205,65536,21,9,21
"BudgetCrossing",18000,3,62,14.382,14.379,0.000,12.993,1,0,0.142,1.247,57344,21,9,21
"BudgetCrossing",18000,3,63,11.991,11.995,0.330,11.039,1,0,0.143,0.809,8192,21,9,21
"BudgetCrossing",18000,3,64,12.065,12.065,0.277,10.653,1,0,0.131,1.281,57344,21,9,21
"BudgetCrossing",18000,3,65,13.765,13.767,0.348,12.193,1,0,0.139,1.434,61440,21,9,21
"BudgetCrossing",18000,3,66,12.671,12.661,0.299,11.275,1,0,0.183,1.213,69632,21,9,21
"BudgetCrossing",18000,3,67,12.769,12.773,0.292,11.015,1,0,0.145,1.609,69632,21,9,21
"BudgetCrossing",18000,3,68,12.907,12.912,0.353,11.594,1,0,0.164,1.150,77824,21,9,21
"BudgetCrossing",18000,3,69,13.900,13.882,0.308,11.787,1,0,0.130,1.983,73728,21,9,21
"BudgetCrossing",18000,3,70,15.325,15.302,0.321,12.521,1,0,0.172,2.633,69632,21,9,21
"BudgetCrossing",18000,3,71,12.968,13.004,0.315,11.423,1,0,0.136,1.408,73728,21,9,21
"BudgetCrossing",18000,3,72,14.965,14.935,0.311,12.782,1,0,0.157,2.026,73728,21,9,21
"BudgetCrossing",18000,3,73,15.621,15.608,0.260,13.027,1,0,0.130,2.463,,21,9,21
"BudgetCrossing",18000,3,74,13.901,13.944,0.313,12.654,1,0,0.128,1.119,69632,21,9,21
"BudgetCrossing",18000,3,75,11.692,11.678,0.000,11.006,1,0,0.182,0.504,4096,21,9,21
"BudgetCrossing",18000,3,76,12.251,12.241,0.324,11.488,1,0,0.182,0.581,8192,21,9,21
"BudgetCrossing",18000,3,77,13.478,13.497,0.252,12.813,1,0,0.212,0.454,4096,21,9,21
"BudgetCrossing",18000,3,78,12.328,12.331,0.303,10.933,1,0,0.138,1.258,61440,21,9,21
"BudgetCrossing",18000,3,79,13.064,13.041,0.285,11.589,1,0,0.186,1.290,65536,21,9,21
"BudgetCrossing",18000,3,80,11.817,11.835,0.330,11.200,1,0,0.154,0.464,16384,21,9,21
"BudgetCrossing",18000,3,81,12.443,12.437,0.344,10.961,1,0,0.186,1.295,73728,21,9,21
"BudgetCrossing",18000,3,82,13.878,13.883,0.291,12.662,1,0,0.133,1.083,73728,21,9,21
"BudgetCrossing",18000,3,83,12.869,12.870,0.331,11.518,1,0,0.177,1.175,69632,21,9,21
"BudgetCrossing",18000,3,84,15.315,15.283,0.316,12.380,1,0,0.137,2.798,77824,21,9,21
"BudgetCrossing",18000,3,85,13.815,13.837,0.308,12.358,1,0,0.136,1.321,73728,21,9,21
"BudgetCrossing",18000,3,86,12.550,12.553,0.293,10.670,1,0,0.131,1.749,73728,21,9,21
"BudgetCrossing",18000,3,87,13.681,13.675,0.286,12.822,1,0,0.141,0.718,16384,21,9,21
"BudgetCrossing",18000,3,88,11.721,11.711,0.301,11.007,1,0,0.165,0.549,16384,21,9,21
"BudgetCrossing",18000,3,89,12.371,12.387,0.360,11.755,1,0,0.169,0.447,20480,21,9,21
"BudgetCrossing",18000,3,90,11.472,11.470,0.301,10.911,1,0,0.141,0.421,20480,21,9,21
"BudgetCrossing",18000,3,91,14.832,14.803,0.253,12.313,1,0,0.133,2.385,,21,9,21
"BudgetCrossing",18000,3,92,14.230,14.249,0.311,12.078,1,0,0.142,2.010,61440,21,9,21
"BudgetCrossing",18000,3,93,12.127,12.133,0.274,10.795,1,0,0.138,1.194,57344,21,9,21
"BudgetCrossing",18000,3,94,13.805,13.789,0.333,13.093,1,0,0.180,0.531,8192,21,9,21
"BudgetCrossing",18000,3,95,13.342,13.359,0.312,11.890,1,0,0.140,1.312,61440,21,9,21
"BudgetCrossing",18000,3,96,14.472,14.462,0.309,13.083,1,0,0.153,1.237,61440,21,9,21
"BudgetCrossing",18000,3,97,12.586,12.589,0.292,11.137,1,0,0.182,1.267,61440,21,9,21
"BudgetCrossing",18000,3,98,13.445,13.441,0.373,11.404,1,0,0.141,1.900,69632,21,9,21
"BudgetCrossing",18000,3,99,16.091,16.097,0.286,14.608,1,0,0.182,1.302,73728,21,9,21
"BudgetCrossing",18000,3,100,15.027,15.023,0.343,13.384,1,0,0.143,1.500,73728,21,9,21
"BudgetCrossing",18000,3,101,12.858,12.851,0.291,11.030,1,0,0.188,1.641,73728,21,9,21
"BudgetCrossing",18000,3,102,13.535,13.547,0.301,12.110,1,0,0.169,1.256,73728,21,9,21
"BudgetCrossing",18000,3,103,15.110,15.074,0.327,11.638,1,0,0.143,3.329,73728,21,9,21
"BudgetCrossing",18000,3,104,14.367,14.389,0.362,12.059,1,0,0.180,2.127,,21,9,21
"BudgetCrossing",18000,3,105,12.733,12.744,0.371,11.336,1,0,0.144,1.254,61440,21,9,21
"BudgetCrossing",18000,3,106,16.120,16.108,0.343,15.474,1,0,0.154,0.491,4096,21,9,21
"BudgetCrossing",18000,3,107,13.170,13.179,0.303,12.541,1,0,0.185,0.445,8192,21,9,21
"BudgetCrossing",18000,3,108,13.012,13.018,0.392,11.600,1,0,0.146,1.266,57344,21,9,21
"BudgetCrossing",18000,3,109,14.006,13.994,0.256,12.215,1,0,0.176,1.615,65536,21,9,21
"BudgetCrossing",18000,3,110,13.026,13.030,0.259,11.651,1,0,0.147,1.228,61440,21,9,21
"BudgetCrossing",18000,3,111,13.562,13.568,0.269,12.169,1,0,0.137,1.257,69632,21,9,21
"BudgetCrossing",18000,3,112,14.408,14.366,0.308,12.521,1,0,0.153,1.734,73728,21,9,21
"BudgetCrossing",18000,3,113,13.980,14.018,0.323,12.731,1,0,0.121,1.128,73728,21,9,21
"BudgetCrossing",18000,3,114,14.835,14.825,0.315,13.515,1,0,0.128,1.192,69632,21,9,21
"BudgetCrossing",18000,3,115,13.607,13.606,0.291,12.015,1,0,0.154,1.439,77824,21,9,21
"BudgetCrossing",18000,3,116,13.412,13.409,0.325,11.597,1,0,0.156,1.659,73728,21,9,21
"BudgetCrossing",18000,3,117,19.348,19.327,0.617,17.756,1,0,0.210,1.381,73728,21,9,21
"BudgetCrossing",18000,3,118,15.950,15.964,0.339,13.621,1,0,0.137,2.192,,21,9,21
"BudgetCrossing",18000,3,119,13.218,13.228,0.367,11.702,1,0,0.146,1.369,61440,21,9,21
"BudgetCrossing",18000,3,120,12.838,12.835,0.260,11.477,1,0,0.177,1.184,57344,21,9,21
"BudgetCrossing",18000,3,121,13.747,13.750,0.289,12.380,1,0,0.148,1.218,65536,21,9,21
"BudgetCrossing",18000,3,122,14.680,14.674,0.259,12.754,1,0,0.153,1.772,57344,21,9,21
"BudgetCrossing",18000,3,123,13.524,13.506,0.366,12.009,1,0,0.181,1.334,61440,21,9,21
"BudgetCrossing",18000,3,124,13.763,13.764,0.265,12.265,1,0,0.173,1.326,61440,21,9,21
"BudgetCrossing",18000,3,125,12.729,12.746,0.300,11.457,1,0,0.152,1.121,69632,21,9,21
"BudgetCrossing",18000,3,126,15.630,15.626,0.282,14.176,1,0,0.149,1.305,73728,21,9,21
"BudgetCrossing",18000,3,127,13.409,13.402,0.289,11.886,1,0,0.200,1.323,77824,21,9,21
"BudgetCrossing",18000,3,128,13.181,13.173,0.346,11.314,1,0,0.142,1.726,69632,21,9,21
"BudgetCrossing",18000,3,129,14.399,14.405,0.304,12.941,1,0,0.158,1.299,,21,9,21
"BudgetCrossing",18000,3,130,13.256,13.263,0.355,11.810,1,0,0.150,1.296,61440,21,9,21
"BudgetCrossing",18000,3,131,14.022,14.027,0.321,12.495,1,0,0.196,1.331,57344,21,9,21
"BudgetCrossing",18000,3,132,14.563,14.558,0.253,12.777,1,0,0.145,1.641,61440,21,9,21
"BudgetCrossing",18000,3,133,14.373,14.365,0.295,12.794,1,0,0.197,1.382,57344,21,9,21
"BudgetCrossing",18000,3,134,14.066,14.075,0.372,12.757,1,0,0.134,1.175,65536,21,9,21
"BudgetCrossing",18000,3,135,15.805,15.779,0.318,13.305,1,0,0.133,2.367,61440,21,9,21
"BudgetCrossing",18000,3,136,15.344,15.368,0.264,13.926,1,0,0.144,1.274,65536,21,9,21
"BudgetCrossing",18000,3,137,15.187,15.184,0.329,13.885,1,0,0.138,1.164,73728,21,9,21
"BudgetCrossing",18000,3,138,14.157,14.152,0.290,12.580,1,0,0.184,1.393,73728,21,9,21
"BudgetCrossing",18000,3,139,13.095,13.106,0.303,11.861,1,0,0.129,1.106,69632,21,9,21
"BudgetCrossing",18000,3,140,17.726,17.714,0.369,15.893,1,0,0.203,1.631,77824,21,9,21
"BudgetCrossing",18000,3,141,19.516,19.474,0.284,14.570,1,0,0.137,4.810,73728,21,9,21
"BudgetCrossing",18000,3,142,19.287,19.277,0.307,12.999,1,0,0.135,6.153,,21,9,21
"BudgetCrossing",18000,3,143,13.602,13.650,0.594,11.890,1,0,0.147,1.565,61440,21,9,21
"BudgetCrossing",18000,3,144,14.257,14.258,0.000,12.622,1,0,0.181,1.454,57344,21,9,21
"BudgetCrossing",18000,3,145,14.915,14.923,0.314,13.567,1,0,0.137,1.211,61440,21,9,21
"BudgetCrossing",18000,3,146,18.007,17.996,0.295,16.270,1,0,0.165,1.572,61440,21,9,21
"BudgetCrossing",18000,3,147,15.534,15.513,0.291,12.640,1,0,0.138,2.756,61440,21,9,21
"BudgetCrossing",18000,3,148,15.248,15.251,0.288,12.674,1,0,0.144,2.431,61440,21,9,21
"BudgetCrossing",18000,3,149,20.464,20.465,0.346,17.522,1,0,0.185,2.756,57344,21,9,21
"BudgetCrossing",18000,3,150,13.825,13.843,0.263,12.288,1,0,0.148,1.390,73728,21,9,21
"BudgetCrossing",18000,3,151,14.075,14.082,0.301,12.748,1,0,0.147,1.179,73728,21,9,21
"BudgetCrossing",18000,3,152,14.363,14.345,0.264,12.347,1,0,0.141,1.875,73728,21,9,21
"BudgetCrossing",18000,3,153,14.441,14.449,0.306,12.986,1,0,0.175,1.280,73728,21,9,21
"BudgetCrossing",18000,3,154,17.100,17.081,0.365,14.006,1,0,0.210,2.884,73728,21,9,21
"BudgetCrossing",18000,3,155,15.278,15.292,0.292,12.663,1,0,0.174,2.442,,21,9,21
"BudgetCrossing",18000,3,156,15.465,15.280,0.296,13.989,1,0,0.130,1.346,61440,21,9,21
"BudgetCrossing",18000,3,157,17.688,17.878,0.285,15.873,1,0,0.179,1.636,57344,21,9,21
"BudgetCrossing",18000,3,158,15.385,15.386,0.264,14.099,1,0,0.129,1.157,65536,21,9,21
"BudgetCrossing",18000,3,159,13.686,13.686,0.300,11.956,1,0,0.161,1.570,57344,21,9,21
"BudgetCrossing",18000,3,160,13.055,13.054,0.287,11.671,1,0,0.132,1.251,61440,21,9,21
"BudgetCrossing",18000,3,161,13.855,13.820,0.371,11.970,1,0,0.139,1.746,61440,21,9,21
"BudgetCrossing",18000,3,162,14.390,14.419,0.343,12.896,1,0,0.152,1.342,57344,21,9,21
"BudgetCrossing",18000,3,163,15.789,15.791,0.284,13.995,1,0,0.135,1.660,73728,21,9,21
"BudgetCrossing",18000,3,164,13.506,13.503,0.292,12.090,1,0,0.180,1.237,77824,21,9,21
"BudgetCrossing",18000,3,165,11.948,11.951,0.317,11.375,1,0,0.148,0.426,12288,21,9,21
"BudgetCrossing",18000,3,166,13.413,13.410,0.302,12.813,1,0,0.158,0.442,20480,21,9,21
"BudgetCrossing",18000,3,167,17.111,17.109,0.340,15.641,1,0,0.141,1.329,73728,21,9,21
"BudgetCrossing",18000,3,168,14.056,14.055,0.327,11.708,1,0,0.139,2.208,,21,9,21
"BudgetCrossing",18000,3,169,12.644,12.654,0.345,11.358,1,0,0.138,1.148,61440,21,9,21
"BudgetCrossing",18000,3,170,13.018,13.009,0.303,12.090,1,0,0.144,0.783,4096,21,9,21
"BudgetCrossing",18000,3,171,15.701,15.695,0.315,14.259,1,0,0.181,1.261,61440,21,9,21
"BudgetCrossing",18000,3,172,12.643,12.651,0.296,12.114,1,0,0.137,0.392,4096,21,9,21
"BudgetCrossing",18000,3,173,14.571,14.575,0.280,13.253,1,0,0.133,1.185,61440,21,9,21
"BudgetCrossing",18000,3,174,13.885,13.869,0.340,11.855,1,0,0.169,1.861,65536,21,9,21
"BudgetCrossing",18000,3,175,13.716,13.726,0.296,12.212,1,0,0.137,1.366,61440,21,9,21
"BudgetCrossing",18000,3,176,13.865,13.867,0.298,12.433,1,0,0.136,1.297,65536,21,9,21
"BudgetCrossing",18000,3,177,14.336,14.323,0.310,12.305,1,0,0.176,1.856,73728,21,9,21
"BudgetCrossing",18000,3,178,15.426,15.433,0.371,12.932,1,0,0.144,2.349,69632,21,9,21
"BudgetCrossing",18000,3,179,15.478,15.479,0.352,14.120,1,0,0.133,1.224,73728,21,9,21
"BudgetCrossing",18000,3,180,13.929,13.931,0.289,12.502,1,0,0.164,1.263,77824,21,9,21
"BudgetCrossing",18000,3,181,14.407,14.404,0.329,12.934,1,0,0.161,1.312,77824,21,9,21
"BudgetCrossing",18000,3,182,16.043,16.038,0.364,14.181,1,0,0.127,1.734,,21,9,21
"BudgetCrossing",18000,3,183,12.204,12.210,0.343,11.547,1,0,0.136,0.522,8192,21,9,21
"BudgetCrossing",18000,3,184,12.464,12.462,0.315,11.941,1,0,0.138,0.386,4096,21,9,21
"BudgetCrossing",18000,3,185,13.155,13.150,0.377,11.680,1,0,0.131,1.345,61440,21,9,21
"BudgetCrossing",18000,3,186,12.672,12.681,0.289,12.167,1,0,0.139,0.367,4096,21,9,21
"BudgetCrossing",18000,3,187,12.846,12.838,0.300,12.079,1,0,0.137,0.630,8192,21,9,21
"BudgetCrossing",18000,3,188,20.708,20.707,0.257,18.925,1,0,0.225,1.559,61440,21,9,21
"BudgetCrossing",18000,3,189,13.794,13.795,0.316,12.415,1,0,0.152,1.227,57344,21,9,21
"BudgetCrossing",18000,3,190,13.640,13.645,0.282,12.185,1,0,0.136,1.319,65536,21,9,21
"BudgetCrossing",18000,3,191,15.993,15.985,0.280,14.736,1,0,0.137,1.121,65536,21,9,21
"BudgetCrossing",18000,3,192,13.484,13.483,0.317,11.984,1,0,0.189,1.311,69632,21,9,21
"BudgetCrossing",18000,3,193,13.265,13.268,0.311,11.882,1,0,0.136,1.248,73728,21,9,21
"BudgetCrossing",18000,3,194,14.171,14.176,0.290,12.860,1,0,0.171,1.140,73728,21,9,21
"BudgetCrossing",18000,3,195,13.778,13.769,0.295,12.365,1,0,0.132,1.280,73728,21,9,21
"BudgetCrossing",18000,3,196,14.956,14.955,0.314,13.485,1,0,0.147,1.325,81920,21,9,21
"BudgetCrossing",18000,3,197,14.799,14.792,0.290,13.246,1,0,0.178,1.376,77824,21,9,21
"BudgetCrossing",18000,3,198,13.741,13.735,0.278,11.542,1,0,0.145,2.054,,21,9,21
"BudgetCrossing",18000,3,199,13.759,13.772,0.296,12.388,1,0,0.148,1.223,65536,21,9,21
"BudgetCrossing",18000,3,200,13.457,13.462,0.300,12.845,1,0,0.146,0.466,4096,21,9,21
"BudgetCrossing",18000,3,201,12.244,12.243,0.291,11.707,1,0,0.137,0.401,8192,21,9,21
"BudgetCrossing",18000,3,202,16.400,16.393,0.291,14.511,1,0,0.234,1.655,57344,21,9,21
"BudgetCrossing",18000,3,203,14.373,14.361,0.271,12.212,1,0,0.133,2.029,61440,21,9,21
"BudgetCrossing",18000,3,204,15.451,15.466,0.279,14.071,1,0,0.143,1.236,65536,21,9,21
"BudgetCrossing",18000,3,205,14.685,14.675,0.271,12.915,1,0,0.199,1.572,57344,21,9,21
"BudgetCrossing",18000,3,206,14.029,14.026,0.322,12.558,1,0,0.144,1.327,61440,21,9,21
"BudgetCrossing",18000,3,207,15.894,15.857,0.301,12.757,1,0,0.190,2.947,69632,21,9,21
"BudgetCrossing",18000,3,208,16.252,16.299,0.293,14.907,1,0,0.144,1.201,69632,21,9,21
"BudgetCrossing",18000,3,209,15.185,15.175,0.340,13.312,1,0,0.186,1.687,73728,21,9,21
"BudgetCrossing",18000,3,210,15.880,15.878,0.363,13.239,1,0,0.152,2.489,77824,21,9,21
"BudgetCrossing",18000,3,211,15.194,15.200,0.257,13.830,1,0,0.136,1.228,73728,21,9,21
"BudgetCrossing",18000,3,212,12.986,12.991,0.357,12.346,1,0,0.186,0.453,20480,21,9,21
"BudgetCrossing",18000,3,213,13.853,13.789,0.300,11.821,1,0,0.171,1.861,,21,9,21
"BudgetCrossing",18000,3,214,19.308,19.362,0.288,17.851,1,0,0.152,1.305,61440,21,9,21
"BudgetCrossing",18000,3,215,13.154,13.160,0.290,11.740,1,0,0.154,1.260,57344,21,9,21
"BudgetCrossing",18000,3,216,14.247,14.237,0.270,12.507,1,0,0.184,1.557,61440,21,9,21
"BudgetCrossing",18000,3,217,12.447,12.454,0.307,11.879,1,0,0.156,0.413,4096,21,9,21
"BudgetCrossing",18000,3,218,15.039,15.031,0.260,14.427,1,0,0.157,0.455,8192,21,9,21
"BudgetCrossing",18000,3,219,14.523,14.526,0.311,12.936,1,0,0.251,1.337,65536,21,9,21
"BudgetCrossing",18000,3,220,14.847,14.855,0.259,14.302,1,0,0.184,0.361,4096,21,9,21
"BudgetCrossing",18000,3,221,14.376,14.367,0.341,12.870,1,0,0.177,1.329,61440,21,9,21
"BudgetCrossing",18000,3,222,14.536,14.537,0.337,13.117,1,0,0.190,1.229,69632,21,9,21
"BudgetCrossing",18000,3,223,16.106,16.079,0.306,13.713,1,0,0.133,2.260,69632,21,9,21
"BudgetCrossing",18000,3,224,14.545,14.580,0.272,13.146,1,0,0.174,1.225,73728,21,9,21
"BudgetCrossing",18000,3,225,14.659,14.651,0.313,13.270,1,0,0.178,1.211,73728,21,9,21
"BudgetCrossing",18000,3,226,16.719,16.695,0.273,13.739,1,0,0.154,2.827,81920,21,9,21
"BudgetCrossing",18000,3,227,14.494,14.514,0.298,13.005,1,0,0.168,1.322,73728,21,9,21
"BudgetCrossing",18000,3,228,17.524,17.529,0.310,12.914,1,0,0.161,4.449,77824,21,9,21
"BudgetCrossing",18000,3,229,16.617,16.542,0.365,13.275,1,0,0.140,3.202,,21,9,21
"BudgetCrossing",18000,3,230,14.868,14.944,0.283,13.495,1,0,0.141,1.232,118784,21,9,21
"BudgetCrossing",18000,3,231,14.240,14.230,0.000,12.873,1,0,0.150,1.218,65536,21,9,21
"BudgetCrossing",18000,3,232,14.666,14.676,0.345,14.074,1,0,0.186,0.406,20480,21,9,21
"BudgetCrossing",18000,3,233,14.234,14.230,0.302,12.831,1,0,0.140,1.262,73728,21,9,21
"BudgetCrossing",18000,3,234,13.457,13.451,0.359,12.853,1,0,0.178,0.426,16384,21,9,21
"BudgetCrossing",18000,3,235,14.018,14.020,0.283,12.618,1,0,0.142,1.258,73728,21,9,21
"BudgetCrossing",18000,3,236,13.428,13.427,0.357,12.639,1,0,0.153,0.635,12288,21,9,21
"BudgetCrossing",18000,3,237,14.169,14.168,0.284,12.673,1,0,0.182,1.315,77824,21,9,21
"BudgetCrossing",18000,3,238,16.347,16.347,0.344,14.940,1,0,0.137,1.270,73728,21,9,21
"BudgetCrossing",18000,3,239,13.748,13.733,0.344,12.729,1,0,0.142,0.877,16384,21,9,21
"BudgetCrossing",18000,3,240,22.358,22.330,0.329,20.255,1,0,0.159,1.945,73728,21,9,21
"BudgetCrossing",18000,3,241,16.729,16.769,0.291,14.304,1,0,0.138,2.287,,21,9,21
"BudgetCrossing",18000,3,242,13.804,13.800,0.341,12.412,1,0,0.191,1.201,69632,21,9,21
"BudgetCrossing",18000,3,243,14.460,14.464,0.341,12.954,1,0,0.138,1.367,65536,21,9,21
"BudgetCrossing",18000,3,244,16.048,16.048,0.255,14.722,1,0,0.142,1.185,73728,21,9,21
"BudgetCrossing",18000,3,245,15.207,15.197,0.273,13.362,1,0,0.188,1.657,69632,21,9,21
"BudgetCrossing",18000,3,246,17.017,17.019,0.325,15.094,1,0,0.135,1.789,73728,21,9,21
"BudgetCrossing",18000,3,247,14.711,14.718,0.302,13.328,1,0,0.138,1.245,73728,21,9,21
"BudgetCrossing",18000,3,248,14.819,14.819,0.317,13.429,1,0,0.143,1.247,73728,21,9,21
"BudgetCrossing",18000,3,249,15.267,15.262,0.285,13.787,1,0,0.158,1.322,73728,21,9,21
"BudgetCrossing",18000,3,250,16.858,16.859,0.251,14.402,1,0,0.146,2.311,73728,21,9,21
"BudgetCrossing",18000,3,251,16.183,16.169,0.357,13.187,1,0,0.178,2.819,69632,21,9,21
"BudgetCrossing",18000,3,252,14.613,14.630,0.307,13.218,1,0,0.133,1.262,73728,21,9,21
"BudgetCrossing",18000,3,253,14.799,14.800,0.282,13.381,1,0,0.163,1.255,77824,21,9,21
"BudgetCrossing",18000,3,254,15.697,15.695,0.306,13.669,1,0,0.130,1.898,,21,9,21
"BudgetCrossing",18000,3,255,16.102,16.091,0.300,14.639,1,0,0.189,1.275,61440,21,9,21
"BudgetCrossing",18000,3,256,13.831,13.839,0.323,13.301,1,0,0.167,0.363,4096,21,9,21
"BudgetCrossing",18000,3,257,13.439,13.449,0.367,12.908,1,0,0.146,0.386,20480,21,9,21
"BudgetCrossing",18000,3,258,16.593,16.580,0.290,15.222,1,0,0.140,1.230,69632,21,9,21
"BudgetCrossing",18000,3,259,14.388,14.391,0.294,12.942,1,0,0.185,1.261,73728,21,9,21
"BudgetCrossing",18000,3,260,16.257,16.245,0.300,13.532,1,0,0.183,2.542,73728,21,9,21
"BudgetCrossing",18000,3,261,15.592,15.604,0.253,15.061,1,0,0.135,0.396,12288,21,9,21
"BudgetCrossing",18000,3,262,14.771,14.771,0.302,13.244,1,0,0.136,1.392,73728,21,9,21
"BudgetCrossing",18000,3,263,16.497,16.477,0.317,14.897,1,0,0.177,1.423,77824,21,9,21
"BudgetCrossing",18000,3,264,14.791,14.809,0.379,13.148,1,0,0.157,1.486,69632,21,9,21
"BudgetCrossing",18000,3,265,14.286,14.289,0.289,12.880,1,0,0.146,1.260,73728,21,9,21
"BudgetCrossing",18000,3,266,16.021,16.019,0.256,14.622,1,0,0.170,1.229,77824,21,9,21
"BudgetCrossing",18000,3,267,13.827,13.826,0.284,12.517,1,0,0.136,1.174,77824,21,9,21
"BudgetCrossing",18000,3,268,15.311,15.282,0.292,12.811,1,0,0.137,2.362,,21,9,21
"BudgetCrossing",18000,3,269,15.328,15.343,0.261,13.498,1,0,0.142,1.688,65536,21,9,21
"BudgetCrossing",18000,3,270,14.327,14.344,0.362,12.985,1,0,0.139,1.203,57344,21,9,21
"BudgetCrossing",18000,3,271,15.058,15.048,0.286,13.637,1,0,0.146,1.275,69632,21,9,21
"BudgetCrossing",18000,3,272,14.941,14.944,0.285,13.660,1,0,0.147,1.135,69632,21,9,21
"BudgetCrossing",18000,3,273,16.155,16.156,0.289,14.792,1,0,0.141,1.222,73728,21,9,21
"BudgetCrossing",18000,3,274,15.922,15.922,0.354,14.491,1,0,0.182,1.248,73728,21,9,21
"BudgetCrossing",18000,3,275,13.977,13.974,0.282,12.589,1,0,0.174,1.214,73728,21,9,21
"BudgetCrossing",18000,3,276,17.190,17.188,0.259,15.700,1,0,0.121,1.369,77824,21,9,21
"BudgetCrossing",18000,3,277,14.418,14.418,0.344,13.081,1,0,0.174,1.163,73728,21,9,21
"BudgetCrossing",18000,3,278,14.252,14.258,0.360,12.800,1,0,0.168,1.284,69632,21,9,21
"BudgetCrossing",18000,3,279,14.950,14.944,0.389,13.556,1,0,0.156,1.238,73728,21,9,21
"BudgetCrossing",18000,3,280,18.012,18.012,0.293,16.603,1,0,0.185,1.224,73728,21,9,21
"BudgetCrossing",18000,3,281,19.606,19.564,0.304,14.803,1,0,0.129,4.675,77824,21,9,21
"BudgetCrossing",18000,3,282,16.615,16.643,0.298,13.706,1,0,0.133,2.776,,21,9,21
"BudgetCrossing",18000,3,283,14.217,14.226,0.329,12.754,1,0,0.178,1.286,61440,21,9,21
"BudgetCrossing",18000,3,284,15.087,15.094,0.000,13.640,1,0,0.162,1.285,57344,21,9,21
"BudgetCrossing",18000,3,285,15.402,15.398,0.312,13.955,1,0,0.144,1.303,61440,21,9,21
"BudgetCrossing",18000,3,286,15.400,15.395,0.297,13.927,1,0,0.189,1.285,65536,21,9,21
"BudgetCrossing",18000,3,287,21.437,21.431,0.306,19.629,1,0,0.235,1.573,77824,21,9,21
"BudgetCrossing",18000,3,288,15.038,15.047,0.619,13.714,1,0,0.141,1.183,73728,21,9,21
"BudgetCrossing",18000,3,289,21.440,21.430,0.359,19.729,1,0,0.198,1.513,69632,21,9,21
"BudgetCrossing",18000,3,290,14.959,14.969,0.290,13.538,1,0,0.161,1.259,73728,21,9,21
"BudgetCrossing",18000,3,291,15.557,15.557,0.328,13.727,1,0,0.153,1.677,73728,21,9,21
"BudgetCrossing",18000,3,292,20.696,20.686,0.309,18.992,1,0,0.184,1.520,69632,21,9,21
"BudgetCrossing",18000,3,293,15.347,15.328,0.326,13.698,1,0,0.159,1.490,77824,21,9,21
"BudgetCrossing",18000,3,294,17.028,17.043,0.322,15.369,1,0,0.151,1.507,73728,21,9,21
"BudgetCrossing",18000,3,295,16.616,16.622,0.379,14.164,1,0,0.137,2.315,,21,9,21
"BudgetCrossing",18000,3,296,16.573,16.563,0.325,14.869,1,0,0.148,1.556,65536,21,9,21
"BudgetCrossing",18000,3,297,16.295,16.297,0.285,13.960,1,0,0.145,2.189,57344,21,9,21
"BudgetCrossing",18000,3,298,16.544,16.550,0.320,15.120,1,0,0.187,1.238,61440,21,9,21
"BudgetCrossing",18000,3,299,14.761,14.767,0.262,13.419,1,0,0.137,1.205,65536,21,9,21
"BudgetCrossing",20000,3,0,14.880,14.901,0.275,13.325,1,0,0.172,1.383,77824,14,9,14
"BudgetCrossing",20000,3,1,15.429,15.415,0.372,13.394,1,0,0.172,1.862,,14,9,14
"BudgetCrossing",20000,3,2,13.461,13.471,0.274,12.854,1,0,0.174,0.434,8192,14,9,14
"BudgetCrossing",20000,3,3,14.140,14.142,0.295,12.694,1,0,0.214,1.232,61440,15,9,15
"BudgetCrossing",20000,3,4,15.238,15.244,0.274,14.006,1,0,0.168,1.065,69632,15,9,15
"BudgetCrossing",20000,3,5,12.782,12.770,0.275,12.206,1,0,0.206,0.370,16384,15,9,15
"BudgetCrossing",20000,3,6,14.070,14.078,0.312,12.806,1,0,0.159,1.105,73728,15,9,15
"BudgetCrossing",20000,3,7,15.202,15.193,0.274,14.380,1,0,0.159,0.664,20480,15,9,15
"BudgetCrossing",20000,3,8,15.051,15.053,0.301,13.431,1,0,0.187,1.433,69632,15,9,15
"BudgetCrossing",20000,3,9,14.195,14.198,0.265,13.331,1,0,0.152,0.712,20480,15,9,15
"BudgetCrossing",20000,3,10,16.169,16.159,0.295,13.673,1,0,0.185,2.311,73728,15,9,15
"BudgetCrossing",20000,3,11,17.148,17.149,0.239,15.504,1,0,0.141,1.503,69632,15,9,15
"BudgetCrossing",20000,3,12,16.852,16.857,0.276,15.318,1,0,0.164,1.370,73728,16,9,16
"BudgetCrossing",20000,3,13,15.316,15.312,0.242,13.857,1,0,0.157,1.301,77824,16,9,16
"BudgetCrossing",20000,3,14,14.145,14.151,0.277,13.159,1,0,0.150,0.836,16384,16,9,16
"BudgetCrossing",20000,3,15,14.956,14.950,0.323,13.339,1,0,0.198,1.419,73728,16,9,16
"BudgetCrossing",20000,3,16,15.119,15.130,0.282,13.722,1,0,0.173,1.225,77824,16,9,16
"BudgetCrossing",20000,3,17,18.260,18.196,0.306,13.812,1,0,0.171,4.277,,16,9,16
"BudgetCrossing",20000,3,18,15.897,15.947,0.372,14.543,1,0,0.159,1.195,65536,16,9,16
"BudgetCrossing",20000,3,19,14.371,14.372,0.000,13.046,1,0,0.159,1.165,57344,16,9,16
"BudgetCrossing",20000,3,20,15.050,15.048,0.312,13.788,1,0,0.150,1.112,69632,16,9,16
"BudgetCrossing",20000,3,21,14.828,14.821,0.316,13.287,1,0,0.204,1.336,69632,17,9,17
"BudgetCrossing",20000,3,22,15.059,15.056,0.288,13.276,1,0,0.193,1.591,73728,17,9,17
"BudgetCrossing",20000,3,23,15.708,15.721,0.283,14.359,1,0,0.158,1.191,73728,17,9,17
"BudgetCrossing",20000,3,24,16.057,16.042,0.303,13.979,1,0,0.205,1.872,69632,17,9,17
"BudgetCrossing",20000,3,25,19.889,19.879,0.255,17.788,1,0,0.210,1.891,73728,17,9,17
"BudgetCrossing",20000,3,26,17.229,17.251,0.343,15.780,1,0,0.206,1.243,77824,17,9,17
"BudgetCrossing",20000,3,27,15.020,15.013,0.289,13.604,1,0,0.165,1.250,69632,17,9,17
"BudgetCrossing",20000,3,28,13.752,13.760,0.325,12.420,1,0,0.196,1.136,73728,17,9,17
"BudgetCrossing",20000,3,29,16.135,16.133,0.291,14.902,1,0,0.151,1.083,73728,17,9,17
"BudgetCrossing",20000,3,30,17.819,17.807,0.281,15.310,1,0,0.319,2.190,,18,9,18
"BudgetCrossing",20000,3,31,14.089,14.098,0.370,12.628,1,0,0.163,1.298,65536,18,9,18
"BudgetCrossing",20000,3,32,14.381,14.377,0.000,12.953,1,0,0.165,1.263,61440,18,9,18
"BudgetCrossing",20000,3,33,14.663,14.650,0.560,13.853,1,0,0.198,0.611,8192,18,9,18
"BudgetCrossing",20000,3,34,15.712,15.718,0.291,14.178,1,0,0.157,1.377,69632,18,9,18
"BudgetCrossing",20000,3,35,13.965,13.977,0.274,12.633,1,0,0.149,1.183,73728,18,9,18
"BudgetCrossing",20000,3,36,14.183,14.177,0.239,13.630,1,0,0.151,0.402,20480,18,9,18
"BudgetCrossing",20000,3,37,16.914,16.910,0.268,15.579,1,0,0.183,1.152,69632,18,9,18
"BudgetCrossing",20000,3,38,21.686,21.673,0.270,19.952,1,0,0.190,1.544,73728,18,9,18
"BudgetCrossing",20000,3,39,15.846,15.859,0.287,14.456,1,0,0.156,1.234,73728,19,9,19
"BudgetCrossing",20000,3,40,16.408,16.404,0.261,14.958,1,0,0.196,1.254,73728,19,9,19
"BudgetCrossing",20000,3,41,14.529,14.539,0.355,13.327,1,0,0.136,1.066,73728,19,9,19
"BudgetCrossing",20000,3,42,15.135,15.119,0.282,13.372,1,0,0.158,1.605,73728,19,9,19
"BudgetCrossing",20000,3,43,15.910,15.914,0.285,14.468,1,0,0.196,1.246,73728,19,9,19
"BudgetCrossing",20000,3,44,18.979,18.949,0.245,14.435,1,0,0.184,4.359,,19,9,19
"BudgetCrossing",20000,3,45,15.129,15.165,0.312,13.632,1,0,0.212,1.284,65536,19,9,19
"BudgetCrossing",20000,3,46,15.523,15.503,0.339,13.617,1,0,0.173,1.733,61440,19,9,19
"BudgetCrossing",20000,3,47,21.877,21.874,0.298,19.671,1,0,0.222,1.985,61440,19,9,19
"BudgetCrossing",20000,3,48,14.039,14.057,0.261,12.677,1,0,0.172,1.191,69632,20,9,20
"BudgetCrossing",20000,3,49,14.544,14.542,0.273,13.246,1,0,0.189,1.109,73728,20,9,20
"BudgetCrossing",20000,3,50,14.954,14.943,0.347,13.067,1,0,0.196,1.692,73728,20,9,20
"BudgetCrossing",20000,3,51,20.706,20.714,0.285,19.310,1,0,0.181,1.214,69632,20,9,20
"BudgetCrossing",20000,3,52,16.444,16.447,0.307,15.042,1,0,0.188,1.214,77824,20,9,20
"BudgetCrossing",20000,3,53,16.986,16.979,0.337,15.549,1,0,0.193,1.244,73728,20,9,20
"BudgetCrossing",20000,3,54,14.305,14.307,0.264,13.305,1,0,0.152,0.848,12288,20,9,20
"BudgetCrossing",20000,3,55,15.364,15.360,0.247,13.580,1,0,0.186,1.598,73728,20,9,20
"BudgetCrossing",20000,3,56,14.653,14.640,0.322,13.584,1,0,0.150,0.919,20480,20,9,20
"BudgetCrossing",20000,3,57,15.014,15.031,0.307,14.495,1,0,0.140,0.379,16384,21,9,21
"BudgetCrossing",20000,3,58,15.192,15.186,0.246,13.252,1,0,0.164,1.775,73728,21,9,21
"BudgetCrossing",20000,3,59,24.544,24.517,0.279,21.279,1,0,0.251,3.014,,21,9,21
"BudgetCrossing",20000,3,60,13.897,13.932,0.268,13.403,1,0,0.154,0.339,8192,21,9,21
"BudgetCrossing",20000,3,61,14.971,14.962,0.000,13.366,1,0,0.162,1.443,61440,21,9,21
"BudgetCrossing",20000,3,62,16.066,16.073,0.277,15.517,1,0,0.152,0.398,8192,21,9,21
"BudgetCrossing",20000,3,63,14.904,14.896,0.229,13.568,1,0,0.148,1.188,61440,21,9,21
"BudgetCrossing",20000,3,64,16.382,16.373,0.295,13.850,1,0,0.165,2.367,73728,21,9,21
"BudgetCrossing",20000,3,65,15.991,15.989,0.348,14.566,1,0,0.165,1.260,73728,21,9,21
"BudgetCrossing",20000,3,66,15.505,15.516,0.330,14.005,1,0,0.178,1.322,69632,21,9,21
"BudgetCrossing",20000,3,67,17.055,17.058,0.345,14.592,1,0,0.147,2.316,73728,21,9,21
"BudgetCrossing",20000,3,68,13.957,13.955,0.330,12.611,1,0,0.146,1.200,73728,21,9,21
"BudgetCrossing",20000,3,69,15.000,14.992,0.363,13.349,1,0,0.162,1.489,73728,21,9,21
"BudgetCrossing",20000,3,70,17.448,17.451,0.277,16.067,1,0,0.198,1.182,73728,21,9,21
"BudgetCrossing",20000,3,71,15.090,15.092,0.314,13.716,1,0,0.149,1.225,73728,21,9,21
"BudgetCrossing",20000,3,72,15.842,15.833,0.286,13.298,1,0,0.150,2.395,73728,21,9,21
"BudgetCrossing",20000,3,73,17.815,17.790,0.245,14.635,1,0,0.179,3.001,73728,21,9,21
"BudgetCrossing",20000,3,74,17.870,17.897,0.347,15.453,1,0,0.141,2.276,,21,9,21
"BudgetCrossing",20000,3,75,16.452,16.454,0.278,15.115,1,0,0.153,1.184,61440,21,9,21
"BudgetCrossing",20000,3,76,15.158,15.152,0.282,13.000,1,0,0.154,2.004,61440,21,9,21
"BudgetCrossing",20000,3,77,14.391,14.400,0.273,12.933,1,0,0.153,1.306,61440,21,9,21
"BudgetCrossing",20000,3,78,14.842,14.834,0.286,13.393,1,0,0.203,1.246,73728,21,9,21
"BudgetCrossing",20000,3,79,16.619,16.580,0.366,15.719,1,0,0.152,0.748,20480,21,9,21
"BudgetCrossing",20000,3,80,15.792,15.836,0.268,15.216,1,0,0.189,0.386,16384,21,9,21
"BudgetCrossing",20000,3,81,14.651,14.631,0.340,13.612,1,0,0.196,0.843,16384,21,9,21
"BudgetCrossing",20000,3,82,16.647,16.658,0.300,15.207,1,0,0.134,1.306,73728,21,9,21
"BudgetCrossing",20000,3,83,16.890,16.848,0.346,14.198,1,0,0.186,2.506,69632,21,9,21
"BudgetCrossing",20000,3,84,17.356,17.397,0.258,15.876,1,0,0.173,1.307,77824,21,9,21
"BudgetCrossing",20000,3,85,16.118,16.100,0.353,15.344,1,0,0.163,0.611,16384,21,9,21
"BudgetCrossing",20000,3,86,17.950,17.969,0.310,16.495,1,0,0.201,1.255,73728,21,9,21
"BudgetCrossing",20000,3,87,15.831,15.829,0.284,14.288,1,0,0.186,1.357,73728,21,9,21
"BudgetCrossing",20000,3,88,17.793,17.772,0.248,14.823,1,0,0.195,2.776,73728,21,9,21
"BudgetCrossing",20000,3,89,19.303,19.303,0.303,15.966,1,0,0.327,3.010,,21,9,21
"BudgetCrossing",20000,3,90,15.324,15.349,0.259,13.886,1,0,0.174,1.264,65536,21,9,21
"BudgetCrossing",20000,3,91,16.595,16.593,0.000,15.330,1,0,0.153,1.113,61440,21,9,21
"BudgetCrossing",20000,3,92,14.566,14.560,0.278,13.978,1,0,0.161,0.428,8192,21,9,21
"BudgetCrossing",20000,3,93,14.786,14.788,0.280,13.184,1,0,0.206,1.396,57344,21,9,21
"BudgetCrossing",20000,3,94,15.603,15.597,0.303,15.017,1,0,0.156,0.431,20480,21,9,21
"BudgetCrossing",20000,3,95,14.177,14.172,0.261,13.540,1,0,0.161,0.477,20480,21,9,21
"BudgetCrossing",20000,3,96,16.054,16.060,0.252,14.272,1,0,0.217,1.565,69632,21,9,21
"BudgetCrossing",20000,3,97,15.150,15.155,0.339,13.745,1,0,0.158,1.246,73728,21,9,21
"BudgetCrossing",20000,3,98,16.134,16.130,0.260,15.569,1,0,0.155,0.411,16384,21,9,21
"BudgetCrossing",20000,3,99,16.509,16.506,0.239,14.726,1,0,0.195,1.587,69632,21,9,21
"BudgetCrossing",20000,3,100,17.676,17.646,0.274,14.648,1,0,0.155,2.873,73728,21,9,21
"BudgetCrossing",20000,3,101,18.694,18.715,0.329,17.053,1,0,0.154,1.487,77824,21,9,21
"BudgetCrossing",20000,3,102,15.899,15.906,0.279,14.393,1,0,0.162,1.345,73728,21,9,21
"BudgetCrossing",20000,3,103,16.097,16.072,0.300,15.253,1,0,0.151,0.692,16384,21,9,21
"BudgetCrossing",20000,3,104,17.492,17.519,0.241,16.000,1,0,0.160,1.332,73728,21,9,21
"BudgetCrossing",20000,3,105,16.753,16.734,0.249,14.420,1,0,0.161,2.172,69632,21,9,21
"BudgetCrossing",20000,3,106,15.882,15.861,0.304,13.659,1,0,0.156,2.067,,21,9,21
"BudgetCrossing",20000,3,107,16.612,16.639,0.267,15.988,1,0,0.179,0.444,8192,21,9,21
"BudgetCrossing",20000,3,108,15.752,15.747,0.268,14.485,1,0,0.552,0.715,4096,21,9,21
"BudgetCrossing",20000,3,109,17.580,17.567,0.290,14.760,1,0,0.204,2.617,65536,21,9,21
"BudgetCrossing",20000,3,110,21.530,21.552,0.270,20.005,1,0,0.197,1.329,61440,21,9,21
"BudgetCrossing",20000,3,111,16.925,16.926,0.318,15.565,1,0,0.147,1.213,69632,21,9,21
"BudgetCrossing",20000,3,112,18.828,18.809,0.237,16.258,1,0,0.152,2.419,73728,21,9,21
"BudgetCrossing",20000,3,113,17.902,17.916,0.247,16.467,1,0,0.152,1.283,69632,21,9,21
"BudgetCrossing",20000,3,114,16.712,16.699,0.298,14.052,1,0,0.194,2.466,73728,21,9,21
"BudgetCrossing",20000,3,115,14.940,14.946,0.249,14.295,1,0,0.188,0.458,20480,21,9,21
"BudgetCrossing",20000,3,116,15.680,15.683,0.305,14.086,1,0,0.182,1.412,69632,21,9,21
"BudgetCrossing",20000,3,117,14.752,14.758,0.281,14.137,1,0,0.185,0.431,16384,21,9,21
"BudgetCrossing",20000,3,118,16.729,16.724,0.277,15.396,1,0,0.162,1.170,77824,21,9,21
"BudgetCrossing",20000,3,119,14.521,14.525,0.263,13.935,1,0,0.171,0.414,16384,21,9,21
"BudgetCrossing",20000,3,120,15.934,15.928,0.293,14.404,1,0,0.196,1.335,73728,21,9,21
"BudgetCrossing",20000,3,121,17.078,17.075,0.263,15.732,1,0,0.151,1.195,73728,21,9,21
"BudgetCrossing",20000,3,122,15.546,15.551,0.284,14.003,1,0,0.196,1.347,69632,21,9,21
"BudgetCrossing",20000,3,123,17.389,17.340,0.286,14.952,1,0,0.238,2.199,,21,9,21
"BudgetCrossing",20000,3,124,18.301,18.344,0.270,16.625,1,0,0.162,1.514,65536,21,9,21
"BudgetCrossing",20000,3,125,16.312,16.315,0.238,14.538,1,0,0.259,1.515,61440,21,9,21
"BudgetCrossing",20000,3,126,19.736,19.705,0.302,16.961,1,0,0.206,2.569,61440,21,9,21
"BudgetCrossing",20000,3,127,19.496,19.490,0.277,16.585,1,0,0.169,2.742,57344,21,9,21
"BudgetCrossing",20000,3,128,16.970,16.994,0.281,14.450,1,0,0.165,2.355,73728,21,9,21
"BudgetCrossing",20000,3,129,17.836,17.844,0.268,16.438,1,0,0.154,1.245,73728,21,9,21
"BudgetCrossing",20000,3,130,17.424,17.416,0.282,14.835,1,0,0.203,2.385,69632,21,9,21
"BudgetCrossing",20000,3,131,16.422,16.430,0.247,14.169,1,0,0.154,2.099,77824,21,9,21
"BudgetCrossing",20000,3,132,15.480,15.466,0.350,13.670,1,0,0.164,1.646,73728,21,9,21
"BudgetCrossing",20000,3,133,15.456,15.425,0.458,14.543,1,0,0.207,0.706,16384,21,9,21
"BudgetCrossing",20000,3,134,17.968,18.009,0.272,16.548,1,0,0.141,1.278,73728,21,9,21
"BudgetCrossing",20000,3,135,14.902,14.891,0.270,14.197,1,0,0.195,0.510,20480,21,9,21
"BudgetCrossing",20000,3,136,16.873,16.884,0.259,15.370,1,0,0.196,1.308,73728,21,9,21
"BudgetCrossing",20000,3,137,17.063,17.056,0.289,15.429,1,0,0.160,1.474,73728,21,9,21
"BudgetCrossing",20000,3,138,17.092,17.093,0.310,14.801,1,0,0.209,2.082,,21,9,21
"BudgetCrossing",20000,3,139,16.553,16.530,0.263,14.696,1,0,0.159,1.699,61440,21,9,21
"BudgetCrossing",20000,3,140,18.548,18.575,0.353,17.220,1,0,0.148,1.179,57344,21,9,21
"BudgetCrossing",20000,3,141,16.441,16.439,0.271,13.965,1,0,0.202,2.273,61440,21,9,21
"BudgetCrossing",20000,3,142,15.942,15.941,0.292,14.243,1,0,0.194,1.506,57344,21,9,21
"BudgetCrossing",20000,3,143,17.351,17.351,0.265,15.083,1,0,0.174,2.095,73728,21,9,21
"BudgetCrossing",20000,3,144,16.096,16.094,0.338,14.666,1,0,0.164,1.267,77824,21,9,21
"BudgetCrossing",20000,3,145,16.724,16.728,0.270,15.294,1,0,0.158,1.272,69632,21,9,21
"BudgetCrossing",20000,3,146,23.953,23.923,0.356,21.518,1,0,0.204,2.230,73728,21,9,21
"BudgetCrossing",20000,3,147,18.694,18.716,0.250,16.393,1,0,0.207,2.094,73728,21,9,21
"BudgetCrossing",20000,3,148,19.629,19.581,0.267,15.681,1,0,0.215,3.734,102400,21,9,21
"BudgetCrossing",20000,3,149,22.689,22.716,0.250,19.869,1,0,0.196,2.625,,21,9,21
"BudgetCrossing",20000,3,150,16.275,16.298,0.251,14.825,1,0,0.186,1.264,69632,21,9,21
"BudgetCrossing",20000,3,151,14.870,14.860,0.276,14.209,1,0,0.168,0.494,4096,21,9,21
"BudgetCrossing",20000,3,152,14.564,14.580,0.296,14.059,1,0,0.155,0.350,8192,21,9,21
"BudgetCrossing",20000,3,153,14.800,14.803,0.248,14.227,1,0,0.199,0.374,4096,21,9,21
"BudgetCrossing",20000,3,154,14.981,14.976,0.336,14.466,1,0,0.155,0.360,8192,21,9,21
"BudgetCrossing",20000,3,155,14.968,14.961,0.312,14.407,1,0,0.161,0.400,16384,21,9,21
"BudgetCrossing",20000,3,156,14.898,14.869,0.235,13.914,1,0,0.202,0.782,12288,21,9,21
"BudgetCrossing",20000,3,157,16.616,16.654,0.351,16.067,1,0,0.153,0.397,16384,21,9,21
"BudgetCrossing",20000,3,158,16.976,16.969,0.270,15.415,1,0,0.189,1.373,73728,21,9,21
"BudgetCrossing",20000,3,159,18.699,18.680,0.241,15.815,1,0,0.201,2.683,69632,21,9,21
"BudgetCrossing",20000,3,160,16.930,16.942,0.262,15.015,1,0,0.152,1.763,73728,21,9,21
"BudgetCrossing",20000,3,161,16.179,16.183,0.272,14.697,1,0,0.160,1.323,73728,21,9,21
"BudgetCrossing",20000,3,162,16.542,16.537,0.305,15.056,1,0,0.171,1.315,73728,21,9,21
"BudgetCrossing",20000,3,163,17.515,17.520,0.268,15.923,1,0,0.195,1.397,77824,21,9,21
"BudgetCrossing",20000,3,164,17.583,17.586,0.304,16.042,1,0,0.199,1.341,73728,21,9,21
"BudgetCrossing",20000,3,165,18.576,18.544,0.349,15.847,1,0,0.154,2.576,73728,21,9,21
"BudgetCrossing",20000,3,166,18.271,18.278,0.269,15.178,1,0,0.167,2.925,73728,21,9,21
"BudgetCrossing",20000,3,167,17.721,17.707,0.332,14.782,1,0,0.188,2.752,73728,21,9,21
"BudgetCrossing",20000,3,168,19.257,19.278,0.273,16.197,1,0,0.207,2.853,,21,9,21
"BudgetCrossing",20000,3,169,21.856,21.844,0.278,19.213,1,0,0.235,2.408,61440,21,9,21
"BudgetCrossing",20000,3,170,16.230,16.248,0.245,14.655,1,0,0.161,1.414,57344,21,9,21
"BudgetCrossing",20000,3,171,18.500,18.479,0.279,17.754,1,0,0.151,0.594,8192,21,9,21
"BudgetCrossing",20000,3,172,16.238,16.255,0.283,14.877,1,0,0.183,1.177,61440,21,9,21
"BudgetCrossing",20000,3,173,17.532,17.511,0.297,14.600,1,0,0.156,2.776,73728,21,9,21
"BudgetCrossing",20000,3,174,24.351,24.350,0.327,21.316,1,0,0.162,2.873,73728,21,9,21
"BudgetCrossing",20000,3,175,17.702,17.722,0.273,16.216,1,0,0.188,1.298,69632,21,9,21
"BudgetCrossing",20000,3,176,16.387,16.387,0.268,14.919,1,0,0.186,1.282,77824,21,9,21
"BudgetCrossing",20000,3,177,17.532,17.536,0.283,16.102,1,0,0.169,1.261,73728,21,9,21
"BudgetCrossing",20000,3,178,16.738,16.733,0.284,15.240,1,0,0.174,1.324,69632,21,9,21
"BudgetCrossing",20000,3,179,17.098,17.100,0.270,15.635,1,0,0.171,1.292,73728,21,9,21
"BudgetCrossing",20000,3,180,17.534,17.503,0.298,14.463,1,0,0.162,2.908,73728,21,9,21
"BudgetCrossing",20000,3,181,17.507,17.524,0.267,15.338,1,0,0.204,1.965,,21,9,21
"BudgetCrossing",20000,3,182,16.725,16.733,0.302,15.197,1,0,0.170,1.359,65536,21,9,21
"BudgetCrossing",20000,3,183,19.989,19.975,0.299,17.705,1,0,0.148,2.136,57344,21,9,21
"BudgetCrossing",20000,3,184,19.150,19.150,0.292,16.587,1,0,0.171,2.392,61440,21,9,21
"BudgetCrossing",20000,3,185,16.799,16.810,0.271,15.350,1,0,0.162,1.286,57344,21,9,21
"BudgetCrossing",20000,3,186,16.917,16.906,0.242,15.052,1,0,0.158,1.707,61440,21,9,21
"BudgetCrossing",20000,3,187,16.799,16.803,0.290,15.094,1,0,0.205,1.499,73728,21,9,21
"BudgetCrossing",20000,3,188,15.304,15.313,0.285,14.749,1,0,0.148,0.407,16384,21,9,21
"BudgetCrossing",20000,3,189,15.230,15.232,0.272,14.615,1,0,0.197,0.418,16384,21,9,21
"BudgetCrossing",20000,3,190,17.000,16.997,0.284,15.678,1,0,0.152,1.170,77824,21,9,21
"BudgetCrossing",20000,3,191,16.906,16.906,0.265,15.487,1,0,0.150,1.268,69632,21,9,21
"BudgetCrossing",20000,3,192,17.473,17.467,0.269,15.984,1,0,0.193,1.296,73728,21,9,21
"BudgetCrossing",20000,3,193,20.746,20.746,0.284,19.357,1,0,0.167,1.222,73728,21,9,21
"BudgetCrossing",20000,3,194,16.468,16.468,0.309,15.086,1,0,0.182,1.200,73728,21,9,21
"BudgetCrossing",20000,3,195,20.934,20.840,0.269,17.715,1,0,0.193,3.026,73728,21,9,21
"BudgetCrossing",20000,3,196,19.565,19.632,0.295,16.862,1,0,0.207,2.496,,21,9,21
"BudgetCrossing",20000,3,197,16.206,16.183,0.293,14.749,1,0,0.174,1.283,61440,21,9,21
"BudgetCrossing",20000,3,198,17.258,17.311,0.279,15.886,1,0,0.162,1.210,57344,21,9,21
"BudgetCrossing",20000,3,199,19.246,19.213,0.287,16.189,1,0,0.200,2.857,61440,21,9,21
"BudgetCrossing",20000,3,200,19.753,19.764,0.243,17.612,1,0,0.164,1.977,57344,21,9,21
"BudgetCrossing",20000,3,201,17.659,17.660,0.298,15.889,1,0,0.214,1.556,61440,21,9,21
"BudgetCrossing",20000,3,202,17.454,17.466,0.323,15.960,1,0,0.209,1.285,73728,21,9,21
"BudgetCrossing",20000,3,203,19.327,19.324,0.311,17.554,1,0,0.186,1.587,69632,21,9,21
"BudgetCrossing",20000,3,204,17.668,17.671,0.278,16.288,1,0,0.153,1.228,73728,21,9,21
"BudgetCrossing",20000,3,205,16.984,16.972,0.274,16.305,1,0,0.194,0.484,16384,21,9,21
"BudgetCrossing",20000,3,206,18.369,18.373,0.268,16.907,1,0,0.181,1.282,69632,21,9,21
"BudgetCrossing",20000,3,207,18.636,18.616,0.340,16.220,1,0,0.183,2.233,73728,21,9,21
"BudgetCrossing",20000,3,208,22.941,22.956,0.272,21.306,1,0,0.223,1.413,73728,21,9,21
"BudgetCrossing",20000,3,209,16.933,16.940,0.300,15.541,1,0,0.211,1.180,77824,21,9,21
"BudgetCrossing",20000,3,210,19.836,19.806,0.282,17.194,1,0,0.216,2.426,,21,9,21
"BudgetCrossing",20000,3,211,17.387,17.411,0.293,15.817,1,0,0.205,1.365,61440,21,9,21
"BudgetCrossing",20000,3,212,19.361,19.342,0.244,16.528,1,0,0.182,2.651,57344,21,9,21
"BudgetCrossing",20000,3,213,17.184,17.206,0.360,15.775,1,0,0.206,1.202,61440,21,9,21
"BudgetCrossing",20000,3,214,17.143,17.146,0.253,15.798,1,0,0.159,1.186,57344,21,9,21
"BudgetCrossing",20000,3,215,17.826,17.814,0.253,16.077,1,0,0.200,1.549,69632,21,9,21
"BudgetCrossing",20000,3,216,17.107,17.106,0.253,14.284,1,0,0.189,2.633,69632,21,9,21
"BudgetCrossing",20000,3,217,16.890,16.890,0.699,15.244,1,0,0.193,1.454,69632,21,9,21
"BudgetCrossing",20000,3,218,18.972,18.976,0.238,17.568,1,0,0.158,1.246,73728,21,9,21
"BudgetCrossing",20000,3,219,19.107,19.093,0.270,16.684,1,0,0.208,2.215,73728,21,9,21
"BudgetCrossing",20000,3,220,17.667,17.675,0.248,16.110,1,0,0.157,1.400,69632,21,9,21
"BudgetCrossing",20000,3,221,18.677,18.653,0.303,16.122,1,0,0.181,2.375,77824,21,9,21
"BudgetCrossing",20000,3,222,19.168,19.189,0.284,17.614,1,0,0.172,1.382,73728,21,9,21
"BudgetCrossing",20000,3,223,16.943,16.950,0.306,15.419,1,0,0.213,1.310,73728,21,9,21
"BudgetCrossing",20000,3,224,17.328,17.326,0.288,16.203,1,0,0.160,0.965,,21,9,21
"BudgetCrossing",20000,3,225,17.709,17.713,0.283,16.245,1,0,0.160,1.303,61440,21,9,21
"BudgetCrossing",20000,3,226,19.243,19.237,0.278,17.819,1,0,0.212,1.212,57344,21,9,21
"BudgetCrossing",20000,3,227,16.303,16.301,0.351,14.890,1,0,0.190,1.224,61440,21,9,21
"BudgetCrossing",20000,3,228,16.076,16.078,0.261,15.190,1,0,0.203,0.682,4096,21,9,21
"BudgetCrossing",20000,3,229,15.766,15.766,0.279,14.461,1,0,0.143,1.163,65536,21,9,21
"BudgetCrossing",20000,3,230,17.934,17.936,0.275,16.642,1,0,0.146,1.146,65536,21,9,21
"BudgetCrossing",20000,3,231,19.606,19.575,0.469,16.876,1,0,0.193,2.537,69632,21,9,21
"BudgetCrossing",20000,3,232,18.461,18.491,0.541,17.199,1,0,0.146,1.117,73728,21,9,21
"BudgetCrossing",20000,3,233,18.151,18.140,0.278,16.624,1,0,0.194,1.333,73728,21,9,21
"BudgetCrossing",20000,3,234,16.368,16.354,0.717,15.433,1,0,0.151,0.785,12288,21,9,21
"BudgetCrossing",20000,3,235,18.676,18.695,0.366,17.223,1,0,0.179,1.274,73728,21,9,21
"BudgetCrossing",20000,3,236,19.060,19.048,0.306,17.182,1,0,0.206,1.672,77824,21,9,21
"BudgetCrossing",20000,3,237,18.129,18.109,0.310,16.438,1,0,0.170,1.521,73728,21,9,21
"BudgetCrossing",20000,3,238,24.616,24.643,0.536,22.481,1,0,0.228,1.908,77824,21,9,21
"BudgetCrossing",20000,3,239,19.954,19.926,0.377,15.531,1,0,0.156,4.267,,21,9,21
"BudgetCrossing",20000,3,240,21.090,21.093,0.307,17.984,1,0,0.177,2.929,90112,21,9,21
"BudgetCrossing",20000,3,241,19.401,19.422,0.000,17.831,1,0,0.212,1.358,65536,21,9,21
"BudgetCrossing",20000,3,242,16.591,16.596,0.248,15.186,1,0,0.168,1.237,73728,21,9,21
"BudgetCrossing",20000,3,243,19.542,19.532,0.316,17.774,1,0,0.162,1.605,69632,21,9,21
"BudgetCrossing",20000,3,244,18.758,18.767,0.291,17.399,1,0,0.204,1.155,73728,21,9,21
"BudgetCrossing",20000,3,245,17.476,17.469,0.334,15.636,1,0,0.195,1.646,73728,21,9,21
"BudgetCrossing",20000,3,246,18.226,18.237,0.299,16.835,1,0,0.150,1.241,73728,21,9,21
"BudgetCrossing",20000,3,247,16.887,16.875,0.311,15.089,1,0,0.144,1.654,77824,21,9,21
"BudgetCrossing",20000,3,248,19.031,19.037,0.295,18.465,1,0,0.180,0.387,20480,21,9,21
"BudgetCrossing",20000,3,249,16.957,16.958,0.358,15.485,1,0,0.156,1.315,69632,21,9,21
"BudgetCrossing",20000,3,250,19.080,19.073,0.295,16.201,1,0,0.195,2.683,,21,9,21
"BudgetCrossing",20000,3,251,19.035,19.036,0.272,17.467,1,0,0.219,1.349,69632,21,9,21
"BudgetCrossing",20000,3,252,17.659,17.668,0.302,16.190,1,0,0.215,1.254,73728,21,9,21
"BudgetCrossing",20000,3,253,18.370,18.334,0.550,16.538,1,0,0.195,1.637,69632,21,9,21
"BudgetCrossing",20000,3,254,21.437,21.442,0.561,19.608,1,0,0.191,1.638,73728,21,9,21
"BudgetCrossing",20000,3,255,17.568,17.584,0.337,16.137,1,0,0.164,1.268,73728,21,9,21
"BudgetCrossing",20000,3,256,15.681,15.687,0.304,15.089,1,0,0.178,0.413,12288,21,9,21
"BudgetCrossing",20000,3,257,16.049,16.012,0.287,15.307,1,0,0.149,0.592,24576,21,9,21
"BudgetCrossing",20000,3,258,17.559,17.592,0.286,16.088,1,0,0.205,1.266,73728,21,9,21
"BudgetCrossing",20000,3,259,17.146,17.147,0.282,15.779,1,0,0.191,1.176,69632,21,9,21
"BudgetCrossing",20000,3,260,16.748,16.746,0.275,15.297,1,0,0.153,1.299,81920,21,9,21
"BudgetCrossing",20000,3,261,17.552,17.539,0.264,16.041,1,0,0.209,1.302,69632,21,9,21
"BudgetCrossing",20000,3,262,20.486,20.473,0.290,17.529,1,0,0.320,2.637,81920,21,9,21
"BudgetCrossing",20000,3,263,19.866,19.861,0.365,17.078,1,0,0.206,2.582,,21,9,21
"BudgetCrossing",20000,3,264,17.710,17.733,0.374,15.911,1,0,0.169,1.630,65536,21,9,21
"BudgetCrossing",20000,3,265,18.992,18.975,0.000,16.518,1,0,0.205,2.269,69632,21,9,21
"BudgetCrossing",20000,3,266,25.015,24.991,0.571,21.870,1,0,0.210,2.936,73728,21,9,21
"BudgetCrossing",20000,3,267,17.612,17.651,0.312,16.137,1,0,0.248,1.227,69632,21,9,21
"BudgetCrossing",20000,3,268,19.064,19.062,0.281,17.627,1,0,0.152,1.285,73728,21,9,21
"BudgetCrossing",20000,3,269,18.259,18.255,0.739,16.361,1,0,0.203,1.696,73728,21,9,21
"BudgetCrossing",20000,3,270,18.146,18.156,0.293,16.856,1,0,0.155,1.135,69632,21,9,21
"BudgetCrossing",20000,3,271,19.320,19.318,0.311,18.002,1,0,0.145,1.173,81920,21,9,21
"BudgetCrossing",20000,3,272,17.933,17.919,0.275,15.877,1,0,0.201,1.855,73728,21,9,21
"BudgetCrossing",20000,3,273,16.828,16.839,0.283,15.368,1,0,0.157,1.303,69632,21,9,21
"BudgetCrossing",20000,3,274,15.677,15.679,0.252,15.111,1,0,0.149,0.417,16384,21,9,21
"BudgetCrossing",20000,3,275,17.974,17.975,0.283,16.499,1,0,0.189,1.286,77824,21,9,21
"BudgetCrossing",20000,3,276,16.960,16.950,0.305,15.602,1,0,0.159,1.199,73728,21,9,21
"BudgetCrossing",20000,3,277,18.008,17.987,0.289,15.754,1,0,0.220,2.033,,21,9,21
"BudgetCrossing",20000,3,278,19.231,19.255,0.291,17.754,1,0,0.216,1.261,61440,21,9,21
"BudgetCrossing",20000,3,279,17.926,17.924,0.300,16.492,1,0,0.162,1.271,77824,21,9,21
"BudgetCrossing",20000,3,280,18.528,18.516,0.267,16.217,1,0,0.171,2.139,69632,21,9,21
"BudgetCrossing",20000,3,281,16.372,16.387,0.271,14.959,1,0,0.204,1.209,73728,21,9,21
"BudgetCrossing",20000,3,282,18.174,18.161,0.576,16.502,1,0,0.170,1.502,73728,21,9,21
"BudgetCrossing",20000,3,283,20.012,20.020,0.348,18.350,1,0,0.181,1.481,69632,21,9,21
"BudgetCrossing",20000,3,284,20.670,20.656,0.695,18.237,1,0,0.156,2.278,77824,21,9,21
"BudgetCrossing",20000,3,285,18.225,18.236,0.277,15.882,1,0,0.161,2.182,73728,21,9,21
"BudgetCrossing",20000,3,286,16.910,16.910,0.297,15.288,1,0,0.197,1.425,73728,21,9,21
"BudgetCrossing",20000,3,287,18.931,18.926,0.716,17.464,1,0,0.155,1.313,73728,21,9,21
"BudgetCrossing",20000,3,288,20.177,20.182,0.278,18.833,1,0,0.151,1.193,69632,21,9,21
"BudgetCrossing",20000,3,289,17.077,17.071,0.276,15.200,1,0,0.198,1.679,73728,21,9,21
"BudgetCrossing",20000,3,290,19.839,19.825,0.303,16.878,1,0,0.148,2.813,,21,9,21
"BudgetCrossing",20000,3,291,18.280,18.296,0.274,16.800,1,0,0.180,1.301,61440,21,9,21
"BudgetCrossing",20000,3,292,16.717,16.692,0.257,15.685,1,0,0.174,0.858,4096,21,9,21
"BudgetCrossing",20000,3,293,20.746,20.758,0.271,18.902,1,0,0.265,1.579,73728,21,9,21
"BudgetCrossing",20000,3,294,19.749,19.755,0.349,18.225,1,0,0.204,1.320,69632,21,9,21
"BudgetCrossing",20000,3,295,16.938,16.931,0.331,15.139,1,0,0.173,1.627,73728,21,9,21
"BudgetCrossing",20000,3,296,17.699,17.713,0.344,16.378,1,0,0.162,1.159,73728,21,9,21
"BudgetCrossing",20000,3,297,16.744,16.735,0.321,16.062,1,0,0.190,0.491,12288,21,9,21
"BudgetCrossing",20000,3,298,19.915,19.885,0.291,17.130,1,0,0.156,2.629,77824,21,9,21
"BudgetCrossing",20000,3,299,16.313,16.352,0.262,15.666,1,0,0.214,0.433,20480,21,9,21
"BudgetCrossing",24000,3,0,22.130,22.141,0.692,20.839,1,0,0.190,1.102,69632,14,9,14
"BudgetCrossing",24000,3,1,19.483,19.478,0.687,18.011,1,0,0.243,1.230,73728,14,9,14
"BudgetCrossing",24000,3,2,20.376,20.375,0.769,19.062,1,0,0.184,1.130,73728,14,9,14
"BudgetCrossing",24000,3,3,20.575,20.577,0.682,19.045,1,0,0.229,1.301,73728,15,9,15
"BudgetCrossing",24000,3,4,22.763,22.754,0.730,21.334,1,0,0.179,1.250,73728,15,9,15
"BudgetCrossing",24000,3,5,20.257,20.234,0.777,19.410,1,0,0.224,0.622,24576,15,9,15
"BudgetCrossing",24000,3,6,24.425,24.392,0.507,21.423,1,0,0.193,2.809,69632,15,9,15
"BudgetCrossing",24000,3,7,21.965,22.011,0.779,20.413,1,0,0.212,1.340,73728,15,9,15
"BudgetCrossing",24000,3,8,19.059,19.043,0.519,17.087,1,0,0.197,1.775,,15,9,15
"BudgetCrossing",24000,3,9,20.612,20.635,0.686,19.116,1,0,0.257,1.239,65536,15,9,15
"BudgetCrossing",24000,3,10,24.667,24.668,0.753,23.163,1,0,0.207,1.297,69632,15,9,15
"BudgetCrossing",24000,3,11,21.322,21.294,0.653,18.398,1,0,0.203,2.721,77824,15,9,15
"BudgetCrossing",24000,3,12,28.513,28.524,0.659,25.666,1,0,0.256,2.592,73728,16,9,16
"BudgetCrossing",24000,3,13,21.533,21.547,0.615,20.010,1,0,0.251,1.273,69632,16,9,16
"BudgetCrossing",24000,3,14,23.894,23.896,0.755,22.550,1,0,0.169,1.175,73728,16,9,16
"BudgetCrossing",24000,3,15,19.861,19.832,0.755,17.697,1,0,0.185,1.978,73728,16,9,16
"BudgetCrossing",24000,3,16,23.906,23.932,0.742,22.227,1,0,0.253,1.427,69632,16,9,16
"BudgetCrossing",24000,3,17,21.489,21.488,0.776,19.952,1,0,0.224,1.313,77824,16,9,16
"BudgetCrossing",24000,3,18,19.465,19.467,0.726,18.804,1,0,0.232,0.430,16384,16,9,16
"BudgetCrossing",24000,3,19,23.562,23.527,0.567,19.927,1,0,0.393,3.241,73728,16,9,16
"BudgetCrossing",24000,3,20,21.913,21.934,0.764,19.055,1,0,0.265,2.594,73728,16,9,16
"BudgetCrossing",24000,3,21,21.577,21.571,0.585,19.624,1,0,0.269,1.684,73728,17,9,17
"BudgetCrossing",24000,3,22,27.766,27.766,0.559,25.024,1,0,0.247,2.495,,17,9,17
"BudgetCrossing",24000,3,23,21.199,21.213,0.761,19.532,1,0,0.259,1.408,65536,17,9,17
"BudgetCrossing",24000,3,24,22.274,22.267,0.000,20.693,1,0,0.206,1.375,65536,17,9,17
"BudgetCrossing",24000,3,25,21.806,21.795,0.583,19.633,1,0,0.276,1.898,73728,17,9,17
"BudgetCrossing",24000,3,26,22.791,22.766,0.725,21.375,1,0,0.204,1.211,12288,17,9,17
"BudgetCrossing",24000,3,27,22.665,22.690,0.742,20.196,1,0,0.262,2.207,73728,17,9,17
"BudgetCrossing",24000,3,28,25.114,25.110,0.763,22.944,1,0,0.183,1.987,73728,17,9,17
"BudgetCrossing",24000,3,29,20.928,20.944,0.754,19.544,1,0,0.197,1.187,69632,17,9,17
"BudgetCrossing",24000,3,30,21.517,21.519,0.712,19.948,1,0,0.244,1.326,73728,18,9,18
"BudgetCrossing",24000,3,31,21.130,21.123,0.688,19.685,1,0,0.229,1.215,77824,18,9,18
"BudgetCrossing",24000,3,32,19.000,18.998,0.742,18.426,1,0,0.177,0.397,16384,18,9,18
"BudgetCrossing",24000,3,33,21.250,21.234,0.577,20.218,1,0,0.308,0.724,16384,18,9,18
"BudgetCrossing",24000,3,34,23.712,23.705,0.750,21.290,1,0,0.240,2.182,73728,18,9,18
"BudgetCrossing",24000,3,35,22.168,22.177,0.713,19.265,1,0,0.211,2.692,73728,18,9,18
"BudgetCrossing",24000,3,36,22.272,22.281,0.537,20.657,1,0,0.256,1.359,77824,18,9,18
"BudgetCrossing",24000,3,37,23.319,23.297,0.540,18.981,1,0,0.255,4.084,,18,9,18
"BudgetCrossing",24000,3,38,23.159,23.179,0.705,21.683,1,0,0.197,1.279,65536,18,9,18
"BudgetCrossing",24000,3,39,20.736,20.740,0.000,19.243,1,0,0.200,1.293,61440,19,9,19
"BudgetCrossing",24000,3,40,21.632,21.622,0.745,19.761,1,0,0.197,1.674,73728,19,9,19
"BudgetCrossing",24000,3,41,20.696,20.696,0.743,18.905,1,0,0.265,1.525,69632,19,9,19
"BudgetCrossing",24000,3,42,21.772,21.775,0.684,20.210,1,0,0.199,1.363,73728,19,9,19
"BudgetCrossing",24000,3,43,22.489,22.478,0.783,20.440,1,0,0.208,1.841,73728,19,9,19
"BudgetCrossing",24000,3,44,23.050,23.058,0.659,21.066,1,0,0.194,1.790,69632,19,9,19
"BudgetCrossing",24000,3,45,20.448,20.451,0.655,18.893,1,0,0.259,1.296,77824,19,9,19
"BudgetCrossing",24000,3,46,20.778,20.780,0.776,19.309,1,0,0.245,1.224,73728,19,9,19
"BudgetCrossing",24000,3,47,20.202,20.201,0.740,18.806,1,0,0.202,1.195,69632,19,9,19
"BudgetCrossing",24000,3,48,27.608,27.595,0.727,25.309,1,0,0.196,2.103,73728,20,9,20
"BudgetCrossing",24000,3,49,21.849,21.855,0.528,20.363,1,0,0.242,1.243,73728,20,9,20
"BudgetCrossing",24000,3,50,19.518,19.524,0.532,18.876,1,0,0.191,0.452,20480,20,9,20
"BudgetCrossing",24000,3,51,23.891,23.894,0.509,23.303,1,0,0.188,0.400,16384,20,9,20
"BudgetCrossing",24000,3,52,22.751,22.711,0.686,19.494,1,0,0.199,3.058,,20,9,20
"BudgetCrossing",24000,3,53,22.064,22.101,0.723,20.343,1,0,0.212,1.509,69632,20,9,20
"BudgetCrossing",24000,3,54,19.610,19.611,0.000,18.950,1,0,0.247,0.413,4096,20,9,20
"BudgetCrossing",24000,3,55,19.602,19.596,0.506,18.046,1,0,0.181,1.375,65536,20,9,20
"BudgetCrossing",24000,3,56,21.074,21.078,0.732,19.288,1,0,0.235,1.551,69632,20,9,20
"BudgetCrossing",24000,3,57,21.643,21.643,0.676,20.932,1,0,0.220,0.491,20480,21,9,21
"BudgetCrossing",24000,3,58,20.201,20.200,0.574,19.537,1,0,0.219,0.445,16384,21,9,21
"BudgetCrossing",24000,3,59,22.821,22.812,0.672,20.545,1,0,0.182,2.095,69632,21,9,21
"BudgetCrossing",24000,3,60,23.441,23.437,0.537,20.617,1,0,0.191,2.634,73728,21,9,21
"BudgetCrossing",24000,3,61,23.635,23.645,0.653,22.132,1,0,0.175,1.329,73728,21,9,21
"BudgetCrossing",24000,3,62,22.172,22.166,0.673,19.869,1,0,0.236,2.067,73728,21,9,21
"BudgetCrossing",24000,3,63,21.362,21.369,0.701,19.854,1,0,0.193,1.315,73728,21,9,21
"BudgetCrossing",24000,3,64,21.882,21.885,0.735,20.327,1,0,0.245,1.309,73728,21,9,21
"BudgetCrossing",24000,3,65,22.317,22.307,0.712,20.517,1,0,0.264,1.536,73728,21,9,21
"BudgetCrossing",24000,3,66,22.267,22.271,0.566,20.577,1,0,0.280,1.411,77824,21,9,21
"BudgetCrossing",24000,3,67,23.163,23.156,0.700,21.177,1,0,0.231,1.755,73728,21,9,21
"BudgetCrossing",24000,3,68,21.861,21.868,0.760,19.526,1,0,0.255,2.080,,21,9,21
"BudgetCrossing",24000,3,69,20.963,20.955,0.759,18.986,1,0,0.238,1.739,61440,21,9,21
"BudgetCrossing",24000,3,70,21.749,21.752,0.758,20.153,1,0,0.218,1.378,57344,21,9,21
"BudgetCrossing",24000,3,71,24.165,24.131,0.674,21.752,1,0,0.403,2.010,73728,21,9,21
"BudgetCrossing",24000,3,72,22.386,22.417,0.533,20.896,1,0,0.194,1.296,69632,21,9,21
"BudgetCrossing",24000,3,73,21.914,21.917,0.803,20.332,1,0,0.252,1.331,73728,21,9,21
"BudgetCrossing",24000,3,74,22.444,22.442,0.801,21.031,1,0,0.204,1.209,77824,21,9,21
"BudgetCrossing",24000,3,75,22.296,22.287,0.769,20.499,1,0,0.238,1.559,69632,21,9,21
"BudgetCrossing",24000,3,76,23.802,23.811,0.757,22.362,1,0,0.183,1.256,73728,21,9,21
"BudgetCrossing",24000,3,77,19.666,19.665,0.874,18.286,1,0,0.223,1.157,73728,21,9,21
"BudgetCrossing",24000,3,78,22.086,22.082,0.833,20.427,1,0,0.183,1.476,69632,21,9,21
"BudgetCrossing",24000,3,79,25.649,25.644,0.871,24.034,1,0,0.197,1.418,73728,21,9,21
"BudgetCrossing",24000,3,80,19.882,19.888,0.844,19.205,1,0,0.207,0.470,16384,21,9,21
"BudgetCrossing",24000,3,81,24.138,24.127,0.714,21.732,1,0,0.268,2.138,,21,9,21
"BudgetCrossing",24000,3,82,22.787,22.791,0.865,21.189,1,0,0.255,1.342,65536,21,9,21
"BudgetCrossing",24000,3,83,22.063,22.070,0.862,20.379,1,0,0.253,1.432,57344,21,9,21
"BudgetCrossing",24000,3,84,22.035,22.031,0.800,20.316,1,0,0.188,1.531,65536,21,9,21
"BudgetCrossing",24000,3,85,22.482,22.472,0.837,20.976,1,0,0.232,1.274,69632,21,9,21
"BudgetCrossing",24000,3,86,22.793,22.788,0.866,19.971,1,0,0.207,2.616,73728,21,9,21
"BudgetCrossing",24000,3,87,21.444,21.453,0.875,19.784,1,0,0.270,1.390,77824,21,9,21
"BudgetCrossing",24000,3,88,23.263,23.255,0.847,21.359,1,0,0.200,1.704,69632,21,9,21
"BudgetCrossing",24000,3,89,21.163,21.168,0.859,19.246,1,0,0.193,1.724,73728,21,9,21
"BudgetCrossing",24000,3,90,22.572,22.573,0.841,21.055,1,0,0.201,1.316,73728,21,9,21
"BudgetCrossing",24000,3,91,21.696,21.690,0.870,19.826,1,0,0.266,1.604,69632,21,9,21
"BudgetCrossing",24000,3,92,23.068,23.037,0.854,19.742,1,0,0.241,3.085,73728,21,9,21
"BudgetCrossing",24000,3,93,21.993,22.030,0.856,20.599,1,0,0.218,1.177,77824,21,9,21
"BudgetCrossing",24000,3,94,21.371,21.373,0.854,19.758,1,0,0.198,1.416,73728,21,9,21
"BudgetCrossing",24000,3,95,28.744,28.726,0.840,23.860,1,0,0.222,4.662,,21,9,21
"BudgetCrossing",24000,3,96,21.915,21.926,0.884,20.325,1,0,0.261,1.329,61440,21,9,21
"BudgetCrossing",24000,3,97,22.047,22.050,0.853,20.493,1,0,0.201,1.354,57344,21,9,21
"BudgetCrossing",24000,3,98,23.227,23.223,0.866,21.699,1,0,0.196,1.332,73728,21,9,21
"BudgetCrossing",24000,3,99,24.603,24.591,0.858,21.782,1,0,0.241,2.581,73728,21,9,21
"BudgetCrossing",24000,3,100,21.048,21.062,0.640,19.526,1,0,0.239,1.283,73728,21,9,21
"BudgetCrossing",24000,3,101,23.711,23.703,0.745,20.933,1,0,0.244,2.534,73728,21,9,21
"BudgetCrossing",24000,3,102,22.108,22.085,0.757,18.895,1,0,0.211,3.003,69632,21,9,21
"BudgetCrossing",24000,3,103,23.233,23.259,0.878,20.688,1,0,0.197,2.347,73728,21,9,21
"BudgetCrossing",24000,3,104,22.431,22.412,0.876,19.848,1,0,0.227,2.356,73728,21,9,21
"BudgetCrossing",24000,3,105,20.634,20.655,0.873,19.815,1,0,0.215,0.604,12288,21,9,21
"BudgetCrossing",24000,3,106,28.091,28.070,0.638,27.253,1,0,0.229,0.609,16384,21,9,21
"BudgetCrossing",24000,3,107,23.300,23.286,0.844,22.215,1,0,0.187,0.898,20480,21,9,21
"BudgetCrossing",24000,3,108,23.253,23.273,0.883,21.128,1,0,0.290,1.834,77824,21,9,21
"BudgetCrossing",24000,3,109,20.929,20.941,0.796,19.296,1,0,0.181,1.452,81920,21,9,21
"BudgetCrossing",24000,3,110,26.231,26.225,0.821,24.190,1,0,0.199,1.841,,21,9,21
"BudgetCrossing",24000,3,111,23.383,23.385,0.805,21.821,1,0,0.281,1.281,65536,21,9,21
"BudgetCrossing",24000,3,112,20.581,20.579,0.852,18.980,1,0,0.253,1.348,57344,21,9,21
"BudgetCrossing",24000,3,113,21.942,21.935,0.680,19.934,1,0,0.229,1.779,61440,21,9,21
"BudgetCrossing",24000,3,114,23.094,23.105,0.532,21.551,1,0,0.241,1.302,73728,21,9,21
"BudgetCrossing",24000,3,115,23.570,23.547,0.841,21.026,1,0,0.185,2.359,73728,21,9,21
"BudgetCrossing",24000,3,116,29.860,29.883,0.866,28.318,1,0,0.234,1.309,73728,21,9,21
"BudgetCrossing",24000,3,117,25.177,25.159,0.872,22.329,1,0,0.256,2.592,69632,21,9,21
"BudgetCrossing",24000,3,118,24.773,24.749,0.877,21.500,1,0,0.196,3.077,73728,21,9,21
"BudgetCrossing",24000,3,119,22.644,22.685,0.863,21.209,1,0,0.188,1.248,73728,21,9,21
"BudgetCrossing",24000,3,120,21.463,21.456,0.863,19.867,1,0,0.188,1.407,73728,21,9,21
"BudgetCrossing",24000,3,121,23.077,23.050,0.736,19.977,1,0,0.228,2.871,73728,21,9,21
"BudgetCrossing",24000,3,122,24.852,24.857,0.840,21.924,1,0,0.242,2.686,73728,21,9,21
"BudgetCrossing",24000,3,123,23.767,23.788,0.844,22.396,1,0,0.188,1.183,73728,21,9,21
"BudgetCrossing",24000,3,124,22.725,22.722,0.857,20.317,1,0,0.200,2.208,,21,9,21
"BudgetCrossing",24000,3,125,21.404,21.405,0.804,20.724,1,0,0.267,0.414,8192,21,9,21
"BudgetCrossing",24000,3,126,20.207,20.208,0.816,19.537,1,0,0.249,0.421,4096,21,9,21
"BudgetCrossing",24000,3,127,22.492,22.492,0.835,21.837,1,0,0.216,0.439,8192,21,9,21
"BudgetCrossing",24000,3,128,19.660,19.662,0.698,19.034,1,0,0.221,0.405,4096,21,9,21
"BudgetCrossing",24000,3,129,23.298,23.285,0.798,22.508,1,0,0.236,0.555,20480,21,9,21
"BudgetCrossing",24000,3,130,23.657,23.625,0.811,21.316,1,0,0.295,2.046,73728,21,9,21
"BudgetCrossing",24000,3,131,23.979,23.982,0.833,20.751,1,0,0.269,2.959,73728,21,9,21
"BudgetCrossing",24000,3,132,23.453,23.447,0.819,20.462,1,0,0.323,2.669,73728,21,9,21
"BudgetCrossing",24000,3,133,20.859,20.892,0.811,19.298,1,0,0.212,1.350,73728,21,9,21
"BudgetCrossing",24000,3,134,23.154,23.153,0.865,22.401,1,0,0.274,0.479,12288,21,9,21
"BudgetCrossing",24000,3,135,22.924,22.935,0.881,21.404,1,0,0.242,1.278,73728,21,9,21
"BudgetCrossing",24000,3,136,21.094,21.090,0.852,19.539,1,0,0.229,1.327,73728,21,9,21
"BudgetCrossing",24000,3,137,24.881,24.879,0.853,23.336,1,0,0.220,1.325,77824,21,9,21
"BudgetCrossing",24000,3,138,24.212,24.209,0.793,22.762,1,0,0.233,1.217,77824,21,9,21
"BudgetCrossing",24000,3,139,20.847,20.844,0.863,19.322,1,0,0.238,1.287,77824,21,9,21
"BudgetCrossing",24000,3,140,24.594,24.528,0.820,21.973,1,0,0.213,2.408,69632,21,9,21
"BudgetCrossing",24000,3,141,23.926,23.996,0.854,20.285,1,0,0.199,3.443,,21,9,21
"BudgetCrossing",24000,3,142,28.126,28.107,0.829,25.306,1,0,0.219,2.602,65536,21,9,21
"BudgetCrossing",24000,3,143,23.006,23.021,0.852,21.323,1,0,0.258,1.425,57344,21,9,21
"BudgetCrossing",24000,3,144,25.118,25.093,0.840,21.919,1,0,0.223,2.977,65536,21,9,21
"BudgetCrossing",24000,3,145,30.176,30.189,0.859,27.727,1,0,0.258,2.191,57344,21,9,21
"BudgetCrossing",24000,3,146,24.580,24.579,0.858,23.018,1,0,0.227,1.335,69632,21,9,21
"BudgetCrossing",24000,3,147,25.112,25.125,0.671,23.414,1,0,0.328,1.370,73728,21,9,21
"BudgetCrossing",24000,3,148,22.800,22.797,0.860,20.373,1,0,0.219,2.208,69632,21,9,21
"BudgetCrossing",24000,3,149,20.339,20.340,0.876,19.655,1,0,0.181,0.503,16384,21,9,21
"BudgetCrossing",24000,3,150,31.276,31.268,0.695,29.300,1,0,0.312,1.664,73728,21,9,21
"BudgetCrossing",24000,3,151,23.378,23.385,0.882,21.876,1,0,0.203,1.299,73728,21,9,21
"BudgetCrossing",24000,3,152,24.516,24.498,0.872,22.093,1,0,0.211,2.213,73728,21,9,21
"BudgetCrossing",24000,3,153,26.041,26.054,0.810,23.602,1,0,0.210,2.229,73728,21,9,21
"BudgetCrossing",24000,3,154,23.864,23.855,0.856,21.117,1,0,0.258,2.490,73728,21,9,21
"BudgetCrossing",24000,3,155,23.415,23.429,0.875,22.069,1,0,0.181,1.166,73728,21,9,21
"BudgetCrossing",24000,3,156,22.374,22.371,0.841,19.894,1,0,0.239,2.241,,21,9,21
"BudgetCrossing",24000,3,157,20.519,20.519,0.857,19.620,1,0,0.231,0.669,8192,21,9,21
"BudgetCrossing",24000,3,158,22.243,22.238,0.865,20.536,1,0,0.300,1.407,57344,21,9,21
"BudgetCrossing",24000,3,159,23.431,23.428,0.854,21.579,1,0,0.256,1.596,61440,21,9,21
"BudgetCrossing",24000,3,160,25.120,25.118,0.852,23.228,1,0,0.228,1.664,61440,21,9,21
"BudgetCrossing",24000,3,161,27.065,27.064,0.777,25.494,1,0,0.261,1.310,73728,21,9,21
"BudgetCrossing",24000,3,162,23.458,23.469,0.847,22.137,1,0,0.172,1.148,73728,21,9,21
"BudgetCrossing",24000,3,163,20.994,20.988,0.844,19.544,1,0,0.186,1.265,73728,21,9,21
"BudgetCrossing",24000,3,164,21.627,21.630,0.839,20.184,1,0,0.215,1.228,73728,21,9,21
"BudgetCrossing",24000,3,165,21.964,21.950,0.839,20.397,1,0,0.237,1.330,73728,21,9,21
"BudgetCrossing",24000,3,166,23.672,23.669,0.867,22.059,1,0,0.279,1.333,69632,21,9,21
"BudgetCrossing",24000,3,167,23.689,23.700,0.820,22.211,1,0,0.244,1.234,73728,21,9,21
"BudgetCrossing",24000,3,168,24.911,24.893,0.664,22.864,1,0,0.351,1.697,73728,21,9,21
"BudgetCrossing",24000,3,169,22.259,22.274,0.829,20.731,1,0,0.215,1.314,77824,21,9,21
"BudgetCrossing",24000,3,170,27.770,27.754,0.852,23.061,1,0,0.247,4.462,,21,9,21
"BudgetCrossing",24000,3,171,22.161,22.184,0.855,20.543,1,0,0.266,1.352,65536,21,9,21
"BudgetCrossing",24000,3,172,23.548,23.536,0.000,22.018,1,0,0.275,1.255,57344,21,9,21
"BudgetCrossing",24000,3,173,23.226,23.204,0.855,19.996,1,0,0.255,2.976,61440,21,9,21
"BudgetCrossing",24000,3,174,23.979,24.006,0.872,21.103,1,0,0.262,2.614,98304,21,9,21
"BudgetCrossing",24000,3,175,30.541,30.508,0.868,27.240,1,0,0.223,3.078,73728,21,9,21
"BudgetCrossing",24000,3,176,25.541,25.552,0.862,22.746,1,0,0.270,2.526,73728,21,9,21
"BudgetCrossing",24000,3,177,25.276,25.288,0.782,23.670,1,0,0.266,1.340,69632,21,9,21
"BudgetCrossing",24000,3,178,25.032,25.032,0.839,22.805,1,0,0.242,1.985,73728,21,9,21
"BudgetCrossing",24000,3,179,22.359,22.367,0.856,20.628,1,0,0.194,1.536,73728,21,9,21
"BudgetCrossing",24000,3,180,22.924,22.921,0.859,21.400,1,0,0.198,1.325,69632,21,9,21
"BudgetCrossing",24000,3,181,23.707,23.697,0.874,22.177,1,0,0.216,1.314,77824,21,9,21
"BudgetCrossing",24000,3,182,21.637,21.645,0.857,20.511,1,0,0.197,0.930,16384,21,9,21
"BudgetCrossing",24000,3,183,23.119,23.121,0.864,22.438,1,0,0.194,0.487,16384,21,9,21
"BudgetCrossing",24000,3,184,24.796,24.786,0.693,22.261,1,0,0.181,2.354,,21,9,21
"BudgetCrossing",24000,3,185,24.007,23.980,0.857,22.317,1,0,0.265,1.426,65536,21,9,21
"BudgetCrossing",24000,3,186,24.705,24.738,0.850,22.979,1,0,0.187,1.539,57344,21,9,21
"BudgetCrossing",24000,3,187,24.346,24.312,0.806,22.764,1,0,0.317,1.265,61440,21,9,21
"BudgetCrossing",24000,3,188,25.262,25.280,0.849,22.476,1,0,0.181,2.606,57344,21,9,21
"BudgetCrossing",24000,3,189,22.525,22.531,0.890,20.551,1,0,0.201,1.773,69632,21,9,21
"BudgetCrossing",24000,3,190,24.000,24.000,0.848,22.315,1,0,0.246,1.438,73728,21,9,21
"BudgetCrossing",24000,3,191,23.999,24.004,0.842,22.539,1,0,0.238,1.222,69632,21,9,21
"BudgetCrossing",24000,3,192,20.903,20.908,0.644,20.245,1,0,0.214,0.445,20480,21,9,21
"BudgetCrossing",24000,3,193,30.189,30.176,0.838,28.496,1,0,0.189,1.504,73728,21,9,21
"BudgetCrossing",24000,3,194,26.921,26.907,0.859,25.305,1,0,0.203,1.413,69632,21,9,21
"BudgetCrossing",24000,3,195,21.553,21.570,0.653,20.157,1,0,0.189,1.207,73728,21,9,21
"BudgetCrossing",24000,3,196,22.202,22.209,0.807,20.793,1,0,0.191,1.217,77824,21,9,21
"BudgetCrossing",24000,3,197,27.647,27.641,0.855,26.123,1,0,0.241,1.284,73728,21,9,21
"BudgetCrossing",24000,3,198,22.375,22.375,0.855,20.803,1,0,0.244,1.327,73728,21,9,21
"BudgetCrossing",24000,3,199,23.195,23.170,0.870,22.152,1,0,0.212,0.830,20480,21,9,21
"BudgetCrossing",24000,3,200,31.450,31.462,0.876,28.376,1,0,0.180,2.894,,21,9,21
"BudgetCrossing",24000,3,201,22.481,22.501,0.893,21.065,1,0,0.201,1.215,57344,21,9,21
"BudgetCrossing",24000,3,202,24.103,24.099,0.867,22.625,1,0,0.207,1.272,57344,21,9,21
"BudgetCrossing",24000,3,203,26.434,26.428,0.827,24.923,1,0,0.245,1.266,65536,21,9,21
"BudgetCrossing",24000,3,204,25.214,25.212,0.746,23.168,1,0,0.253,1.794,65536,21,9,21
"BudgetCrossing",24000,3,205,26.723,26.702,0.860,23.607,1,0,0.228,2.887,69632,21,9,21
"BudgetCrossing",24000,3,206,24.326,24.329,0.853,22.455,1,0,0.241,1.631,73728,21,9,21
"BudgetCrossing",24000,3,207,22.268,22.269,0.845,20.575,1,0,0.243,1.450,77824,21,9,21
"BudgetCrossing",24000,3,208,22.851,22.852,0.871,21.280,1,0,0.243,1.328,69632,21,9,21
"BudgetCrossing",24000,3,209,29.620,29.629,0.837,28.088,1,0,0.218,1.314,77824,21,9,21
"BudgetCrossing",24000,3,210,25.553,25.555,0.851,22.682,1,0,0.179,2.693,73728,21,9,21
"BudgetCrossing",24000,3,211,23.563,23.560,0.650,21.201,1,0,0.383,1.978,69632,21,9,21
"BudgetCrossing",24000,3,212,22.605,22.601,0.862,21.171,1,0,0.191,1.244,73728,21,9,21
"BudgetCrossing",24000,3,213,27.661,27.657,0.872,25.346,1,0,0.202,2.112,,21,9,21
"BudgetCrossing",24000,3,214,23.570,23.569,0.770,21.664,1,0,0.219,1.687,61440,21,9,21
"BudgetCrossing",24000,3,215,22.771,22.777,0.865,20.468,1,0,0.252,2.051,61440,21,9,21
"BudgetCrossing",24000,3,216,25.932,25.921,0.856,24.714,1,0,0.323,0.895,8192,21,9,21
"BudgetCrossing",24000,3,217,25.224,25.204,0.851,22.994,1,0,0.252,1.978,57344,21,9,21
"BudgetCrossing",24000,3,218,24.061,24.091,0.867,22.515,1,0,0.260,1.286,61440,21,9,21
"BudgetCrossing",24000,3,219,26.147,26.144,0.738,24.557,1,0,0.249,1.341,73728,21,9,21
"BudgetCrossing",24000,3,220,22.884,22.889,0.749,21.339,1,0,0.199,1.347,69632,21,9,21
"BudgetCrossing",24000,3,221,26.676,26.672,0.855,24.896,1,0,0.235,1.546,73728,21,9,21
"BudgetCrossing",24000,3,222,23.932,23.916,0.874,22.161,1,0,0.315,1.456,77824,21,9,21
"BudgetCrossing",24000,3,223,23.390,23.398,0.850,21.642,1,0,0.270,1.478,69632,21,9,21
"BudgetCrossing",24000,3,224,24.043,24.026,0.871,23.133,1,0,0.192,0.718,16384,21,9,21
"BudgetCrossing",24000,3,225,23.695,23.718,0.713,22.251,1,0,0.193,1.252,73728,21,9,21
"BudgetCrossing",24000,3,226,23.391,23.389,0.645,21.823,1,0,0.196,1.372,73728,21,9,21
"BudgetCrossing",24000,3,227,24.909,24.880,0.856,21.838,1,0,0.239,2.833,73728,21,9,21
"BudgetCrossing",24000,3,228,25.925,25.951,0.842,24.308,1,0,0.245,1.373,73728,21,9,21
"BudgetCrossing",24000,3,229,24.150,24.141,0.858,21.571,1,0,0.219,2.360,,21,9,21
"BudgetCrossing",24000,3,230,23.753,23.742,0.859,21.580,1,0,0.282,1.892,57344,21,9,21
"BudgetCrossing",24000,3,231,22.979,23.001,0.851,22.256,1,0,0.245,0.479,4096,21,9,21
"BudgetCrossing",24000,3,232,30.747,30.745,0.855,29.342,1,0,0.185,1.220,61440,21,9,21
"BudgetCrossing",24000,3,233,25.851,25.839,0.855,24.319,1,0,0.220,1.312,57344,21,9,21
"BudgetCrossing",24000,3,234,26.206,26.186,0.860,24.355,1,0,0.326,1.525,61440,21,9,21
"BudgetCrossing",24000,3,235,25.066,25.088,0.832,23.443,1,0,0.263,1.360,65536,21,9,21
"BudgetCrossing",24000,3,236,25.765,25.773,0.834,24.028,1,0,0.247,1.491,73728,21,9,21
"BudgetCrossing",24000,3,237,23.438,23.426,0.857,21.785,1,0,0.246,1.408,73728,21,9,21
"BudgetCrossing",24000,3,238,24.994,25.001,0.854,23.344,1,0,0.275,1.376,73728,21,9,21
"BudgetCrossing",24000,3,239,24.358,24.357,0.853,22.330,1,0,0.251,1.778,69632,21,9,21
"BudgetCrossing",24000,3,240,27.655,27.653,0.854,24.912,1,0,0.202,2.541,73728,21,9,21
"BudgetCrossing",24000,3,241,25.390,25.391,0.858,23.793,1,0,0.264,1.333,73728,21,9,21
"BudgetCrossing",24000,3,242,23.458,23.455,0.867,21.793,1,0,0.262,1.404,77824,21,9,21
"BudgetCrossing",24000,3,243,27.156,27.146,0.882,23.592,1,0,0.216,3.347,,21,9,21
"BudgetCrossing",24000,3,244,25.669,25.652,0.705,22.412,1,0,0.221,3.036,172032,21,9,21
"BudgetCrossing",24000,3,245,23.633,23.662,0.873,21.822,1,0,0.257,1.553,69632,21,9,21
"BudgetCrossing",24000,3,246,26.212,26.196,0.897,24.496,1,0,0.248,1.468,73728,21,9,21
"BudgetCrossing",24000,3,247,26.000,26.004,0.835,23.084,1,0,0.214,2.702,69632,21,9,21
"BudgetCrossing",24000,3,248,24.656,24.665,0.773,23.030,1,0,0.255,1.371,77824,21,9,21
"BudgetCrossing",24000,3,249,26.880,26.851,0.877,23.816,1,0,0.246,2.819,73728,21,9,21
"BudgetCrossing",24000,3,250,26.660,26.689,0.871,24.114,1,0,0.200,2.347,69632,21,9,21
"BudgetCrossing",24000,3,251,28.746,28.731,0.948,24.784,1,0,0.255,3.707,,21,9,21
"BudgetCrossing",24000,3,252,28.417,28.424,0.950,25.147,1,0,0.355,2.915,65536,21,9,21
"BudgetCrossing",24000,3,253,28.060,28.060,0.955,26.465,1,0,0.303,1.292,69632,21,9,21
"BudgetCrossing",24000,3,254,31.400,31.385,0.947,29.061,1,0,0.304,2.035,77824,21,9,21
"BudgetCrossing",24000,3,255,26.325,26.321,0.934,23.506,1,0,0.253,2.567,69632,21,9,21
"BudgetCrossing",24000,3,256,28.578,28.572,0.926,25.601,1,0,0.200,2.778,73728,21,9,21
"BudgetCrossing",24000,3,257,27.388,27.402,0.936,25.748,1,0,0.268,1.372,73728,21,9,21
"BudgetCrossing",24000,3,258,24.186,24.192,0.942,22.568,1,0,0.267,1.351,69632,21,9,21
"BudgetCrossing",24000,3,259,24.989,24.992,0.955,23.415,1,0,0.250,1.323,77824,21,9,21
"BudgetCrossing",24000,3,260,26.557,26.511,0.939,23.760,1,0,0.261,2.536,77824,21,9,21
"BudgetCrossing",24000,3,261,26.417,26.457,0.790,24.151,1,0,0.330,1.937,69632,21,9,21
"BudgetCrossing",24000,3,262,23.226,23.235,0.941,21.643,1,0,0.260,1.323,77824,21,9,21
"BudgetCrossing",24000,3,263,23.622,23.619,0.963,22.171,1,0,0.221,1.230,77824,21,9,21
"BudgetCrossing",24000,3,264,23.422,23.426,0.937,21.912,1,0,0.215,1.296,73728,21,9,21
"BudgetCrossing",24000,3,265,25.211,25.167,0.916,22.189,1,0,0.267,2.755,,21,9,21
"BudgetCrossing",24000,3,266,24.817,24.862,0.934,23.211,1,0,0.258,1.348,69632,21,9,21
"BudgetCrossing",24000,3,267,27.204,27.195,0.000,25.800,1,0,0.187,1.217,65536,21,9,21
"BudgetCrossing",24000,3,268,24.232,24.235,0.940,22.691,1,0,0.243,1.298,73728,21,9,21
"BudgetCrossing",24000,3,269,24.444,24.435,0.938,22.855,1,0,0.247,1.342,69632,21,9,21
"BudgetCrossing",24000,3,270,23.802,23.807,0.939,22.235,1,0,0.227,1.340,73728,21,9,21
"BudgetCrossing",24000,3,271,25.619,25.588,0.935,22.556,1,0,0.224,2.839,73728,21,9,21
"BudgetCrossing",24000,3,272,27.109,27.120,0.960,24.955,1,0,0.201,1.953,73728,21,9,21
"BudgetCrossing",24000,3,273,23.732,23.752,0.954,22.269,1,0,0.192,1.271,77824,21,9,21
"BudgetCrossing",24000,3,274,23.965,23.945,0.955,22.268,1,0,0.280,1.416,73728,21,9,21
"BudgetCrossing",24000,3,275,25.111,25.118,0.961,23.495,1,0,0.261,1.355,69632,21,9,21
"BudgetCrossing",24000,3,276,24.275,24.281,0.936,22.691,1,0,0.252,1.332,73728,21,9,21
"BudgetCrossing",24000,3,277,26.538,26.546,0.929,25.232,1,0,0.171,1.134,73728,21,9,21
"BudgetCrossing",24000,3,278,25.910,25.903,0.956,24.427,1,0,0.230,1.254,77824,21,9,21
"BudgetCrossing",24000,3,279,25.589,25.547,0.955,23.197,1,0,0.214,2.178,,21,9,21
"BudgetCrossing",24000,3,280,26.426,26.461,0.953,24.384,1,0,0.271,1.771,65536,21,9,21
"BudgetCrossing",24000,3,281,23.407,23.413,0.941,22.682,1,0,0.255,0.470,8192,21,9,21
"BudgetCrossing",24000,3,282,31.297,31.289,0.955,29.737,1,0,0.242,1.318,73728,21,9,21
"BudgetCrossing",24000,3,283,26.001,26.002,0.900,24.302,1,0,0.210,1.489,69632,21,9,21
"BudgetCrossing",24000,3,284,24.690,24.694,0.944,23.120,1,0,0.254,1.317,73728,21,9,21
"BudgetCrossing",24000,3,285,23.445,23.403,0.908,22.387,1,0,0.275,0.783,16384,21,9,21
"BudgetCrossing",24000,3,286,25.095,25.133,0.933,24.397,1,0,0.254,0.443,12288,21,9,21
"BudgetCrossing",24000,3,287,24.747,24.753,0.938,23.283,1,0,0.182,1.282,81920,21,9,21
"BudgetCrossing",24000,3,288,25.525,25.522,0.945,24.831,1,0,0.243,0.452,20480,21,9,21
"BudgetCrossing",24000,3,289,24.891,24.896,0.876,23.360,1,0,0.216,1.315,69632,21,9,21
"BudgetCrossing",24000,3,290,26.191,26.150,0.887,23.233,1,0,0.245,2.713,73728,21,9,21
"BudgetCrossing",24000,3,291,30.482,30.499,0.938,28.580,1,0,0.353,1.549,73728,21,9,21
"BudgetCrossing",24000,3,292,26.430,26.413,0.888,24.154,1,0,0.310,1.967,73728,21,9,21
"BudgetCrossing",24000,3,293,32.666,32.666,0.943,29.454,1,0,0.279,2.933,73728,21,9,21
"BudgetCrossing",24000,3,294,24.866,24.899,0.950,23.351,1,0,0.206,1.309,81920,21,9,21
"BudgetCrossing",24000,3,295,26.090,26.074,0.934,24.379,1,0,0.277,1.434,69632,21,9,21
"BudgetCrossing",24000,3,296,28.143,28.140,0.932,23.920,1,0,0.265,3.958,,21,9,21
"BudgetCrossing",24000,3,297,23.460,23.479,0.935,22.003,1,0,0.209,1.249,65536,21,9,21
"BudgetCrossing",24000,3,298,24.219,24.217,0.000,22.696,1,0,0.198,1.326,61440,21,9,21
"BudgetCrossing",24000,3,299,26.724,26.720,0.925,25.158,1,0,0.242,1.323,73728,21,9,21
"BudgetCrossing",12000,4,0,6.778,6.774,0.908,5.555,1,0,0.092,1.131,61440,14,9,14
"BudgetCrossing",12000,4,1,6.518,6.520,0.884,5.325,1,0,0.119,1.075,73728,14,9,14
"BudgetCrossing",12000,4,2,5.239,5.245,0.887,4.888,1,0,0.085,0.265,16384,14,9,14
"BudgetCrossing",12000,4,3,6.048,6.014,0.885,5.119,1,0,0.087,0.842,16384,15,9,15
"BudgetCrossing",12000,4,4,10.767,10.785,0.908,7.309,1,0,0.141,3.318,86016,15,9,15
"BudgetCrossing",12000,4,5,7.686,7.692,0.887,6.163,1,0,0.085,1.439,69632,15,9,15
"BudgetCrossing",12000,4,6,7.572,7.572,0.834,6.308,1,0,0.093,1.171,81920,15,9,15
"BudgetCrossing",12000,4,7,9.662,9.663,0.789,7.258,1,0,0.144,2.260,73728,15,9,15
"BudgetCrossing",12000,4,8,5.285,5.282,0.889,4.869,1,0,0.090,0.326,16384,15,9,15
"BudgetCrossing",12000,4,9,6.784,6.783,0.888,4.879,1,0,0.082,1.823,,15,9,15
"BudgetCrossing",12000,4,10,7.239,7.244,0.897,6.867,1,0,0.088,0.285,8192,15,9,15
"BudgetCrossing",12000,4,11,6.126,6.123,0.889,4.918,1,0,0.086,1.122,61440,15,9,15
"BudgetCrossing",12000,4,12,6.520,6.518,0.836,5.173,1,0,0.089,1.257,73728,16,9,16
"BudgetCrossing",12000,4,13,6.251,6.253,0.885,5.055,1,0,0.086,1.110,69632,16,9,16
"BudgetCrossing",12000,4,14,7.118,7.099,0.834,5.015,1,0,0.084,2.019,77824,16,9,16
"BudgetCrossing",12000,4,15,7.190,7.200,0.888,5.402,1,0,0.093,1.696,73728,16,9,16
"BudgetCrossing",12000,4,16,7.684,7.690,0.893,6.501,1,0,0.096,1.087,69632,16,9,16
"BudgetCrossing",12000,4,17,8.493,8.471,0.850,7.126,1,0,0.109,1.258,77824,16,9,16
"BudgetCrossing",12000,4,18,5.810,5.825,0.888,5.113,1,0,0.099,0.598,16384,16,9,16
"BudgetCrossing",12000,4,19,5.934,5.940,0.892,4.804,1,0,0.089,1.042,69632,16,9,16
"BudgetCrossing",12000,4,20,6.284,6.281,0.000,5.082,1,0,0.096,1.107,77824,16,9,16
"BudgetCrossing",12000,4,21,5.771,5.770,0.848,5.371,1,0,0.084,0.315,16384,17,9,17
"BudgetCrossing",12000,4,22,7.409,7.406,0.801,4.983,1,0,0.116,2.311,,17,9,17
"BudgetCrossing",12000,4,23,5.482,5.483,0.888,5.093,1,0,0.104,0.284,8192,17,9,17
"BudgetCrossing",12000,4,24,5.727,5.731,0.893,5.369,1,0,0.091,0.267,16384,17,9,17
"BudgetCrossing",12000,4,25,6.803,6.803,0.847,5.542,1,0,0.095,1.166,69632,17,9,17
"BudgetCrossing",12000,4,26,7.017,7.008,0.891,5.705,1,0,0.103,1.210,73728,17,9,17
"BudgetCrossing",12000,4,27,6.400,6.404,0.832,5.059,1,0,0.081,1.260,69632,17,9,17
"BudgetCrossing",12000,4,28,6.003,5.981,0.843,4.958,1,0,0.082,0.963,20480,17,9,17
"BudgetCrossing",12000,4,29,10.128,10.112,0.891,7.229,1,0,0.108,2.791,77824,17,9,17
"BudgetCrossing",12000,4,30,7.636,7.676,0.000,6.426,1,0,0.095,1.115,69632,18,9,18
"BudgetCrossing",12000,4,31,6.617,6.610,0.884,5.211,1,0,0.093,1.313,77824,18,9,18
"BudgetCrossing",12000,4,32,6.480,6.481,0.836,5.306,1,0,0.080,1.094,73728,18,9,18
"BudgetCrossing",12000,4,33,6.004,6.000,0.908,5.341,1,0,0.086,0.578,16384,18,9,18
"BudgetCrossing",12000,4,34,7.813,7.812,0.903,4.888,1,0,0.081,2.844,,18,9,18
"BudgetCrossing",12000,4,35,8.219,8.216,0.000,6.996,1,0,0.088,1.135,61440,18,9,18
"BudgetCrossing",12000,4,36,6.128,6.131,0.845,5.090,1,0,0.087,0.951,4096,18,9,18
"BudgetCrossing",12000,4,37,6.383,6.385,0.889,5.079,1,0,0.119,1.185,65536,18,9,18
"BudgetCrossing",12000,4,38,6.104,6.048,0.000,5.295,1,0,0.087,0.722,16384,18,9,18
"BudgetCrossing",12000,4,39,7.986,8.045,0.837,6.793,1,0,0.085,1.108,73728,19,9,19
"BudgetCrossing",12000,4,40,6.966,6.948,0.000,5.243,1,0,0.110,1.613,77824,19,9,19
"BudgetCrossing",12000,4,41,7.312,7.318,0.892,6.041,1,0,0.097,1.173,69632,19,9,19
"BudgetCrossing",12000,4,42,5.595,5.596,0.833,5.109,1,0,0.104,0.382,24576,19,9,19
"BudgetCrossing",12000,4,43,7.332,7.310,0.910,5.085,1,0,0.103,2.144,73728,19,9,19
"BudgetCrossing",12000,4,44,9.775,9.793,0.913,8.315,1,0,0.116,1.344,69632,19,9,19
"BudgetCrossing",12000,4,45,8.715,8.718,0.905,7.486,1,0,0.084,1.145,73728,19,9,19
"BudgetCrossing",12000,4,46,6.135,6.097,0.850,5.201,1,0,0.114,0.821,16384,19,9,19
"BudgetCrossing",12000,4,47,7.661,7.692,0.893,5.331,1,0,0.092,2.237,,19,9,19
"BudgetCrossing",12000,4,48,5.442,5.451,0.000,5.048,1,0,0.089,0.305,8192,20,9,20
"BudgetCrossing",12000,4,49,5.933,5.902,0.905,5.326,1,0,0.109,0.499,4096,20,9,20
"BudgetCrossing",12000,4,50,7.432,7.455,0.843,6.122,1,0,0.109,1.201,65536,20,9,20
"BudgetCrossing",12000,4,51,5.722,5.720,0.890,5.227,1,0,0.093,0.403,12288,20,9,20
"BudgetCrossing",12000,4,52,5.563,5.551,0.837,5.027,1,0,0.090,0.445,20480,20,9,20
"BudgetCrossing",12000,4,53,7.926,7.940,0.854,6.542,1,0,0.090,1.294,73728,20,9,20
"BudgetCrossing",12000,4,54,6.563,6.562,0.898,5.379,1,0,0.078,1.107,69632,20,9,20
"BudgetCrossing",12000,4,55,7.687,7.669,0.838,6.940,1,0,0.166,0.582,24576,20,9,20
"BudgetCrossing",12000,4,56,9.270,9.287,0.865,7.715,1,0,0.103,1.453,73728,20,9,20
"BudgetCrossing",12000,4,57,7.332,7.328,0.889,6.105,1,0,0.105,1.122,69632,21,9,21
"BudgetCrossing",12000,4,58,8.948,8.951,0.900,7.689,1,0,0.083,1.176,73728,21,9,21
"BudgetCrossing",12000,4,59,6.668,6.668,0.836,5.327,1,0,0.109,1.232,77824,21,9,21
"BudgetCrossing",12000,4,60,6.901,6.895,0.891,5.489,1,0,0.108,1.304,77824,21,9,21
"BudgetCrossing",12000,4,61,7.783,7.775,0.888,5.605,1,0,0.106,2.072,,21,9,21
"BudgetCrossing",12000,4,62,9.076,9.083,0.918,7.808,1,0,0.088,1.180,61440,21,9,21
"BudgetCrossing",12000,4,63,6.459,6.442,0.904,5.218,1,0,0.085,1.156,4096,21,9,21
"BudgetCrossing",12000,4,64,6.594,6.615,0.904,5.352,1,0,0.087,1.155,61440,21,9,21
"BudgetCrossing",12000,4,65,6.613,6.605,0.000,5.432,1,0,0.082,1.099,69632,21,9,21
"BudgetCrossing",12000,4,66,6.573,6.579,0.899,5.340,1,0,0.089,1.145,77824,21,9,21
"BudgetCrossing",12000,4,67,6.863,6.860,0.865,5.591,1,0,0.094,1.178,73728,21,9,21
"BudgetCrossing",12000,4,68,6.755,6.748,0.895,5.521,1,0,0.093,1.140,69632,21,9,21
"BudgetCrossing",12000,4,69,7.284,7.273,0.920,5.152,1,0,0.086,2.046,73728,21,9,21
"BudgetCrossing",12000,4,70,7.252,7.259,0.892,5.504,1,0,0.101,1.647,73728,21,9,21
"BudgetCrossing",12000,4,71,8.612,8.608,0.920,6.871,1,0,0.108,1.633,69632,21,9,21
"BudgetCrossing",12000,4,72,8.960,8.936,0.911,5.635,1,0,0.108,3.216,,21,9,21
"BudgetCrossing",12000,4,73,6.970,6.990,0.922,5.626,1,0,0.105,1.239,61440,21,9,21
"BudgetCrossing",12000,4,74,6.300,6.316,0.000,5.861,1,0,0.099,0.341,4096,21,9,21
"BudgetCrossing",12000,4,75,6.370,6.370,0.917,5.907,1,0,0.119,0.344,8192,21,9,21
"BudgetCrossing",12000,4,76,6.326,6.327,0.908,5.924,1,0,0.115,0.287,8192,21,9,21
"BudgetCrossing",12000,4,77,6.865,6.651,0.900,5.914,1,0,0.113,0.839,16384,21,9,21
"BudgetCrossing",12000,4,78,10.414,10.612,0.847,7.702,1,0,0.112,2.601,73728,21,9,21
"BudgetCrossing",12000,4,79,7.010,7.014,0.862,5.750,1,0,0.087,1.173,69632,21,9,21
"BudgetCrossing",12000,4,80,6.393,6.399,0.877,5.074,1,0,0.087,1.232,73728,21,9,21
"BudgetCrossing",12000,4,81,7.265,7.253,0.865,5.190,1,0,0.091,1.984,73728,21,9,21
"BudgetCrossing",12000,4,82,9.269,9.273,0.906,7.966,1,0,0.121,1.182,73728,21,9,21
"BudgetCrossing",12000,4,83,6.693,6.696,0.902,5.404,1,0,0.087,1.202,73728,21,9,21
"BudgetCrossing",12000,4,84,6.834,6.831,0.921,5.520,1,0,0.087,1.227,73728,21,9,21
"BudgetCrossing",12000,4,85,6.534,6.537,0.877,5.284,1,0,0.086,1.164,73728,21,9,21
"BudgetCrossing",12000,4,86,7.435,7.432,0.920,5.270,1,0,0.081,2.084,,21,9,21
"BudgetCrossing",12000,4,87,8.187,8.180,0.909,5.707,1,0,0.092,2.388,61440,21,9,21
"BudgetCrossing",12000,4,88,8.778,8.787,0.906,7.604,1,0,0.090,1.085,61440,21,9,21
"BudgetCrossing",12000,4,89,6.544,6.546,0.903,5.345,1,0,0.090,1.109,73728,21,9,21
"BudgetCrossing",12000,4,90,6.779,6.770,0.915,5.528,1,0,0.113,1.139,69632,21,9,21
"BudgetCrossing",12000,4,91,8.399,8.397,0.902,5.735,1,0,0.180,2.484,73728,21,9,21
"BudgetCrossing",12000,4,92,6.865,6.870,0.893,5.688,1,0,0.084,1.093,73728,21,9,21
"BudgetCrossing",12000,4,93,6.939,6.933,0.903,5.376,1,0,0.085,1.478,69632,21,9,21
"BudgetCrossing",12000,4,94,7.384,7.382,0.897,5.597,1,0,0.113,1.675,77824,21,9,21
"BudgetCrossing",12000,4,95,9.648,9.647,0.903,8.193,1,0,0.086,1.369,73728,21,9,21
"BudgetCrossing",12000,4,96,7.921,7.914,0.902,5.583,1,0,0.084,2.254,,21,9,21
"BudgetCrossing",12000,4,97,7.793,7.807,0.926,6.501,1,0,0.092,1.201,61440,21,9,21
"BudgetCrossing",12000,4,98,5.939,5.927,0.929,5.412,1,0,0.090,0.438,4096,21,9,21
"BudgetCrossing",12000,4,99,7.093,7.103,0.912,6.523,1,0,0.116,0.454,8192,21,9,21
"BudgetCrossing",12000,4,100,7.320,7.322,0.903,6.030,1,0,0.108,1.182,57344,21,9,21
"BudgetCrossing",12000,4,101,8.831,8.825,0.920,6.328,1,0,0.086,2.417,73728,21,9,21
"BudgetCrossing",12000,4,102,8.158,8.165,0.873,7.753,1,0,0.077,0.329,20480,21,9,21
"BudgetCrossing",12000,4,103,6.624,6.614,0.861,5.264,1,0,0.086,1.274,73728,21,9,21
"BudgetCrossing",12000,4,104,6.688,6.697,0.923,5.416,1,0,0.088,1.185,73728,21,9,21
"BudgetCrossing",12000,4,105,10.299,10.278,0.908,8.068,1,0,0.077,2.154,73728,21,9,21
"BudgetCrossing",12000,4,106,6.919,6.936,0.847,5.615,1,0,0.082,1.222,69632,21,9,21
"BudgetCrossing",12000,4,107,6.631,6.631,0.898,5.427,1,0,0.087,1.116,73728,21,9,21
"BudgetCrossing",12000,4,108,6.747,6.743,0.920,5.473,1,0,0.091,1.183,73728,21,9,21
"BudgetCrossing",12000,4,109,7.250,7.252,0.897,5.308,1,0,0.084,1.858,,21,9,21
"BudgetCrossing",12000,4,110,6.894,6.896,0.903,5.609,1,0,0.090,1.195,61440,21,9,21
"BudgetCrossing",12000,4,111,7.039,7.035,0.916,5.795,1,0,0.089,1.155,57344,21,9,21
"BudgetCrossing",12000,4,112,7.289,7.285,0.886,5.828,1,0,0.112,1.349,61440,21,9,21
"BudgetCrossing",12000,4,113,8.100,8.105,0.921,5.612,1,0,0.085,2.403,61440,21,9,21
"BudgetCrossing",12000,4,114,6.176,6.162,0.829,5.621,1,0,0.118,0.437,20480,21,9,21
"BudgetCrossing",12000,4,115,8.257,8.271,0.773,6.811,1,0,0.097,1.349,73728,21,9,21
"BudgetCrossing",12000,4,116,7.400,7.392,0.697,5.636,1,0,0.113,1.651,73728,21,9,21
"BudgetCrossing",12000,4,117,8.616,8.611,0.901,6.966,1,0,0.099,1.552,73728,21,9,21
"BudgetCrossing",12000,4,118,7.289,7.287,0.854,5.451,1,0,0.087,1.751,73728,21,9,21
"BudgetCrossing",12000,4,119,8.513,8.512,0.901,6.537,1,0,0.095,1.881,69632,21,9,21
"BudgetCrossing",12000,4,120,6.186,6.200,0.905,5.707,1,0,0.091,0.389,16384,21,9,21
"BudgetCrossing",12000,4,121,7.918,7.906,0.910,5.669,1,0,0.114,2.135,,21,9,21
"BudgetCrossing",12000,4,122,6.710,6.717,0.902,5.446,1,0,0.090,1.173,61440,21,9,21
"BudgetCrossing",12000,4,123,9.621,9.617,0.000,8.004,1,0,0.093,1.524,61440,21,9,21
"BudgetCrossing",12000,4,124,6.912,6.914,0.868,5.675,1,0,0.091,1.146,61440,21,9,21
"BudgetCrossing",12000,4,125,8.570,8.555,0.879,5.823,1,0,0.095,2.652,57344,21,9,21
"BudgetCrossing",12000,4,126,7.593,7.603,0.820,5.603,1,0,0.113,1.877,73728,21,9,21
"BudgetCrossing",12000,4,127,6.294,6.296,0.910,5.799,1,0,0.108,0.387,16384,21,9,21
"BudgetCrossing",12000,4,128,7.397,7.379,0.902,5.729,1,0,0.105,1.563,69632,21,9,21
"BudgetCrossing",12000,4,129,12.174,12.184,0.912,10.302,1,0,0.124,1.748,73728,21,9,21
"BudgetCrossing",12000,4,130,9.928,9.939,0.926,8.759,1,0,0.080,1.089,77824,21,9,21
"BudgetCrossing",12000,4,131,6.844,6.842,0.840,5.502,1,0,0.085,1.257,69632,21,9,21
"BudgetCrossing",12000,4,132,9.417,9.398,0.794,7.611,1,0,0.106,1.700,73728,21,9,21
"BudgetCrossing",12000,4,133,12.102,12.087,0.898,5.714,1,0,0.091,6.298,,21,9,21
"BudgetCrossing",12000,4,134,6.703,6.733,0.912,5.400,1,0,0.117,1.186,61440,21,9,21
"BudgetCrossing",12000,4,135,6.666,6.663,0.000,5.422,1,0,0.096,1.148,57344,21,9,21
"BudgetCrossing",12000,4,136,6.904,6.902,0.932,5.622,1,0,0.096,1.186,65536,21,9,21
"BudgetCrossing",12000,4,137,7.325,7.329,0.910,5.963,1,0,0.096,1.267,65536,21,9,21
"BudgetCrossing",12000,4,138,6.085,6.070,0.916,5.472,1,0,0.096,0.517,16384,21,9,21
"BudgetCrossing",12000,4,139,10.409,10.414,0.920,8.824,1,0,0.115,1.470,73728,21,9,21
"BudgetCrossing",12000,4,140,7.944,7.953,0.905,6.702,1,0,0.127,1.116,69632,21,9,21
"BudgetCrossing",12000,4,141,7.998,7.988,0.907,5.573,1,0,0.116,2.308,73728,21,9,21
"BudgetCrossing",12000,4,142,6.868,6.876,0.848,5.674,1,0,0.087,1.108,73728,21,9,21
"BudgetCrossing",12000,4,143,9.151,9.145,0.917,7.541,1,0,0.110,1.501,73728,21,9,21
"BudgetCrossing",12000,4,144,9.163,9.140,0.927,6.577,1,0,0.108,2.479,,21,9,21
"BudgetCrossing",12000,4,145,8.208,8.235,0.906,6.566,1,0,0.126,1.516,61440,21,9,21
"BudgetCrossing",12000,4,146,7.263,7.259,0.000,5.791,1,0,0.087,1.385,57344,21,9,21
"BudgetCrossing",12000,4,147,8.032,8.036,0.918,6.826,1,0,0.105,1.102,61440,21,9,21
"BudgetCrossing",12000,4,148,7.261,7.259,0.905,6.085,1,0,0.104,1.071,57344,21,9,21
"BudgetCrossing",12000,4,149,6.850,6.843,0.902,5.522,1,0,0.107,1.220,77824,21,9,21
"BudgetCrossing",12000,4,150,7.147,7.153,0.904,5.782,1,0,0.096,1.269,73728,21,9,21
"BudgetCrossing",12000,4,151,7.501,7.489,0.917,5.939,1,0,0.093,1.470,69632,21,9,21
"BudgetCrossing",12000,4,152,7.173,7.172,0.934,5.786,1,0,0.108,1.280,73728,21,9,21
"BudgetCrossing",12000,4,153,7.604,7.608,0.908,5.829,1,0,0.104,1.671,73728,21,9,21
"BudgetCrossing",12000,4,154,7.947,7.949,0.900,7.387,1,0,0.134,0.426,12288,21,9,21
"BudgetCrossing",12000,4,155,7.504,7.503,0.903,6.131,1,0,0.116,1.257,73728,21,9,21
"BudgetCrossing",12000,4,156,5.946,5.951,0.913,5.468,1,0,0.091,0.388,16384,21,9,21
"BudgetCrossing",12000,4,157,7.811,7.806,0.905,5.681,1,0,0.091,2.039,,21,9,21
"BudgetCrossing",12000,4,158,7.437,7.440,0.871,6.230,1,0,0.092,1.115,57344,21,9,21
"BudgetCrossing",12000,4,159,6.785,6.786,0.895,5.611,1,0,0.091,1.083,61440,21,9,21
"BudgetCrossing",12000,4,160,6.461,6.456,0.850,5.950,1,0,0.088,0.423,4096,21,9,21
"BudgetCrossing",12000,4,161,8.095,8.088,0.904,6.002,1,0,0.083,2.009,65536,21,9,21
"BudgetCrossing",12000,4,162,9.552,9.550,0.903,7.893,1,0,0.086,1.573,73728,21,9,21
"BudgetCrossing",12000,4,163,7.667,7.677,0.916,6.442,1,0,0.090,1.135,69632,21,9,21
"BudgetCrossing",12000,4,164,7.000,6.999,0.853,5.657,1,0,0.086,1.257,77824,21,9,21
"BudgetCrossing",12000,4,165,6.925,6.919,0.902,5.724,1,0,0.088,1.113,73728,21,9,21
"BudgetCrossing",12000,4,166,8.485,8.471,0.868,5.646,1,0,0.086,2.753,69632,21,9,21
"BudgetCrossing",12000,4,167,7.744,7.763,0.923,6.505,1,0,0.086,1.154,73728,21,9,21
"BudgetCrossing",12000,4,168,8.920,8.895,0.910,5.996,1,0,0.115,2.810,,21,9,21
"BudgetCrossing",12000,4,169,6.968,6.995,0.907,5.725,1,0,0.090,1.153,61440,21,9,21
"BudgetCrossing",12000,4,170,6.217,6.214,0.000,5.856,1,0,0.090,0.271,4096,21,9,21
"BudgetCrossing",12000,4,171,8.361,8.352,0.925,6.018,1,0,0.109,2.235,65536,21,9,21
"BudgetCrossing",12000,4,172,7.181,7.188,0.923,5.918,1,0,0.111,1.152,57344,21,9,21
"BudgetCrossing",12000,4,173,7.406,7.399,0.905,6.947,1,0,0.085,0.374,8192,21,9,21
"BudgetCrossing",12000,4,174,6.003,6.007,0.849,5.522,1,0,0.104,0.377,16384,21,9,21
"BudgetCrossing",12000,4,175,6.770,6.774,0.925,5.522,1,0,0.087,1.161,69632,21,9,21
"BudgetCrossing",12000,4,176,6.526,6.516,0.906,5.905,1,0,0.087,0.534,20480,21,9,21
"BudgetCrossing",12000,4,177,7.902,7.909,0.846,6.630,1,0,0.113,1.159,73728,21,9,21
"BudgetCrossing",12000,4,178,6.206,6.208,0.871,5.775,1,0,0.090,0.341,12288,21,9,21
"BudgetCrossing",12000,4,179,7.437,7.429,0.901,6.086,1,0,0.113,1.238,73728,21,9,21
"BudgetCrossing",12000,4,180,6.776,6.781,0.872,6.207,1,0,0.113,0.457,24576,21,9,21
"BudgetCrossing",12000,4,181,7.339,7.335,0.906,6.492,1,0,0.200,0.647,16384,21,9,21
"BudgetCrossing",12000,4,182,7.598,7.586,0.869,5.878,1,0,0.083,1.638,77824,21,9,21
"BudgetCrossing",12000,4,183,9.651,9.659,0.925,8.094,1,0,0.157,1.400,77824,21,9,21
"BudgetCrossing",12000,4,184,8.297,8.285,0.868,5.929,1,0,0.109,2.259,,21,9,21
"BudgetCrossing",12000,4,185,7.880,7.895,0.850,6.688,1,0,0.087,1.105,69632,21,9,21
"BudgetCrossing",12000,4,186,6.856,6.857,0.909,5.642,1,0,0.082,1.132,57344,21,9,21
"BudgetCrossing",12000,4,187,6.341,6.316,0.925,5.683,1,0,0.104,0.553,8192,21,9,21
"BudgetCrossing",12000,4,188,12.560,12.576,0.909,10.537,1,0,0.120,1.903,57344,21,9,21
"BudgetCrossing",12000,4,189,9.229,9.225,0.902,7.590,1,0,0.104,1.535,61440,21,9,21
"BudgetCrossing",12000,4,190,8.372,8.378,0.903,6.648,1,0,0.193,1.531,73728,21,9,21
"BudgetCrossing",12000,4,191,8.362,8.360,0.849,7.094,1,0,0.088,1.180,69632,21,9,21
"BudgetCrossing",12000,4,192,7.884,7.870,0.901,6.024,1,0,0.091,1.769,73728,21,9,21
"BudgetCrossing",12000,4,193,12.538,12.543,0.915,10.694,1,0,0.138,1.706,73728,21,9,21
"BudgetCrossing",12000,4,194,8.333,8.347,0.936,6.935,1,0,0.109,1.289,69632,21,9,21
"BudgetCrossing",12000,4,195,9.447,9.438,0.906,8.134,1,0,0.107,1.206,73728,21,9,21
"BudgetCrossing",12000,4,196,9.537,9.539,0.923,7.078,1,0,0.116,2.344,,21,9,21
"BudgetCrossing",12000,4,197,6.887,6.887,0.925,5.663,1,0,0.083,1.141,94208,21,9,21
"BudgetCrossing",12000,4,198,6.341,6.339,0.929,5.946,1,0,0.087,0.308,12288,21,9,21
"BudgetCrossing",12000,4,199,7.389,7.393,0.914,6.132,1,0,0.088,1.169,73728,21,9,21
"BudgetCrossing",12000,4,200,7.497,7.493,0.915,6.136,1,0,0.115,1.247,69632,21,9,21
"BudgetCrossing",12000,4,201,6.657,6.628,0.907,5.840,1,0,0.102,0.714,16384,21,9,21
"BudgetCrossing",12000,4,202,8.398,8.423,0.850,7.927,1,0,0.088,0.384,16384,21,9,21
"BudgetCrossing",12000,4,203,7.340,7.335,0.907,5.917,1,0,0.090,1.334,69632,21,9,21
"BudgetCrossing",12000,4,204,8.289,8.295,0.929,7.026,1,0,0.104,1.159,73728,21,9,21
"BudgetCrossing",12000,4,205,7.137,7.141,0.869,5.861,1,0,0.091,1.184,77824,21,9,21
"BudgetCrossing",12000,4,206,6.518,6.507,0.841,5.787,1,0,0.166,0.564,16384,21,9,21
"BudgetCrossing",12000,4,207,7.167,7.176,0.900,5.887,1,0,0.111,1.169,77824,21,9,21
"BudgetCrossing",12000,4,208,8.335,8.325,0.910,5.767,1,0,0.113,2.456,,21,9,21
"BudgetCrossing",12000,4,209,10.061,10.051,0.915,8.199,1,0,0.086,1.776,65536,21,9,21
"BudgetCrossing",12000,4,210,9.089,9.103,0.884,7.756,1,0,0.119,1.215,65536,21,9,21
"BudgetCrossing",12000,4,211,7.354,7.347,0.927,6.034,1,0,0.110,1.209,73728,21,9,21
"BudgetCrossing",12000,4,212,9.516,9.509,0.908,7.102,1,0,0.087,2.327,73728,21,9,21
"BudgetCrossing",12000,4,213,9.436,9.413,0.900,6.707,1,0,0.089,2.640,73728,21,9,21
"BudgetCrossing",12000,4,214,8.637,8.675,0.928,7.377,1,0,0.100,1.160,73728,21,9,21
"BudgetCrossing",12000,4,215,9.960,9.948,0.907,8.078,1,0,0.087,1.795,77824,21,9,21
"BudgetCrossing",12000,4,216,6.398,6.403,0.909,5.883,1,0,0.087,0.428,16384,21,9,21
"BudgetCrossing",12000,4,217,8.259,8.239,0.902,5.974,1,0,0.080,2.206,73728,21,9,21
"BudgetCrossing",12000,4,218,7.430,7.446,0.926,6.213,1,0,0.086,1.131,69632,21,9,21
"BudgetCrossing",12000,4,219,9.155,9.154,0.904,6.010,1,0,0.087,3.059,,21,9,21
"BudgetCrossing",12000,4,220,7.573,7.566,0.906,6.211,1,0,0.090,1.272,65536,21,9,21
"BudgetCrossing",12000,4,221,8.460,8.470,0.000,7.290,1,0,0.077,1.093,65536,21,9,21
"BudgetCrossing",12000,4,222,6.649,6.648,0.905,6.134,1,0,0.099,0.416,16384,21,9,21
"BudgetCrossing",12000,4,223,6.438,6.393,0.901,5.914,1,0,0.106,0.418,16384,21,9,21
"BudgetCrossing",12000,4,224,8.828,8.874,0.909,7.568,1,0,0.083,1.177,73728,21,9,21
"BudgetCrossing",12000,4,225,10.376,10.364,0.919,8.532,1,0,0.213,1.630,73728,21,9,21
"BudgetCrossing",12000,4,226,7.248,7.257,0.873,6.793,1,0,0.103,0.352,12288,21,9,21
"BudgetCrossing",12000,4,227,9.859,9.836,0.844,7.259,1,0,0.099,2.501,73728,21,9,21
"BudgetCrossing",12000,4,228,11.207,11.222,0.906,9.553,1,0,0.126,1.528,77824,21,9,21
"BudgetCrossing",12000,4,229,8.448,8.448,0.919,7.170,1,0,0.103,1.174,69632,21,9,21
"BudgetCrossing",12000,4,230,6.954,6.962,0.864,5.730,1,0,0.089,1.134,77824,21,9,21
"BudgetCrossing",12000,4,231,6.525,6.520,0.781,6.116,1,0,0.085,0.324,24576,21,9,21
"BudgetCrossing",12000,4,232,6.622,6.603,0.804,5.917,1,0,0.165,0.539,16384,21,9,21
"BudgetCrossing",12000,4,233,10.961,10.977,0.717,9.457,1,0,0.120,1.383,77824,21,9,21
"BudgetCrossing",12000,4,234,9.682,9.668,0.838,7.142,1,0,0.099,2.441,,21,9,21
"BudgetCrossing",12000,4,235,7.876,7.891,0.592,6.661,1,0,0.087,1.127,61440,21,9,21
"BudgetCrossing",12000,4,236,8.810,8.803,0.678,8.322,1,0,0.085,0.402,4096,21,9,21
"BudgetCrossing",12000,4,237,7.602,7.599,0.741,6.379,1,0,0.101,1.122,77824,21,9,21
"BudgetCrossing",12000,4,238,8.639,8.645,0.829,6.208,1,0,0.089,2.343,69632,21,9,21
"BudgetCrossing",12000,4,239,9.186,9.176,0.629,8.635,1,0,0.116,0.436,16384,21,9,21
"BudgetCrossing",12000,4,240,8.930,8.940,0.783,7.693,1,0,0.081,1.156,73728,21,9,21
"BudgetCrossing",12000,4,241,7.450,7.445,0.846,5.933,1,0,0.104,1.413,69632,21,9,21
"BudgetCrossing",12000,4,242,7.315,7.315,0.843,6.802,1,0,0.108,0.405,20480,21,9,21
"BudgetCrossing",12000,4,243,6.722,6.723,0.655,6.240,1,0,0.100,0.383,16384,21,9,21
"BudgetCrossing",12000,4,244,7.234,7.233,0.824,5.938,1,0,0.099,1.198,69632,21,9,21
"BudgetCrossing",12000,4,245,6.320,6.323,0.822,5.878,1,0,0.087,0.355,24576,21,9,21
"BudgetCrossing",12000,4,246,9.188,9.185,0.634,7.974,1,0,0.085,1.128,73728,21,9,21
"BudgetCrossing",12000,4,247,7.705,7.695,0.802,6.183,1,0,0.087,1.434,81920,21,9,21
"BudgetCrossing",12000,4,248,8.034,8.039,0.655,5.956,1,0,0.110,1.969,,21,9,21
"BudgetCrossing",12000,4,249,7.845,7.850,0.650,6.481,1,0,0.095,1.269,65536,21,9,21
"BudgetCrossing",12000,4,250,7.992,7.986,0.686,6.679,1,0,0.095,1.218,57344,21,9,21
"BudgetCrossing",12000,4,251,8.189,8.193,0.657,6.811,1,0,0.135,1.243,69632,21,9,21
"BudgetCrossing",12000,4,252,9.731,9.690,0.664,6.824,1,0,0.118,2.789,69632,21,9,21
"BudgetCrossing",12000,4,253,8.062,8.100,0.608,6.793,1,0,0.112,1.157,77824,21,9,21
"BudgetCrossing",12000,4,254,8.340,8.321,0.825,5.917,1,0,0.109,2.314,73728,21,9,21
"BudgetCrossing",12000,4,255,7.689,7.704,0.761,6.339,1,0,0.110,1.239,69632,21,9,21
"BudgetCrossing",12000,4,256,8.790,8.792,0.825,6.353,1,0,0.111,2.326,73728,21,9,21
"BudgetCrossing",12000,4,257,7.261,7.257,0.833,6.104,1,0,0.076,1.081,73728,21,9,21
"BudgetCrossing",12000,4,258,8.946,8.941,0.791,6.115,1,0,0.081,2.751,69632,21,9,21
"BudgetCrossing",12000,4,259,12.543,12.534,0.705,9.335,1,0,0.087,3.121,,21,9,21
"BudgetCrossing",12000,4,260,7.305,7.320,0.756,6.046,1,0,0.096,1.164,65536,21,9,21
"BudgetCrossing",12000,4,261,7.302,7.298,0.829,6.061,1,0,0.091,1.151,57344,21,9,21
"BudgetCrossing",12000,4,262,7.618,7.627,0.660,6.326,1,0,0.114,1.178,69632,21,9,21
"BudgetCrossing",12000,4,263,6.842,6.843,0.623,6.443,1,0,0.112,0.287,12288,21,9,21
"BudgetCrossing",12000,4,264,7.867,7.858,0.698,6.521,1,0,0.097,1.249,73728,21,9,21
"BudgetCrossing",12000,4,265,8.682,8.679,0.654,8.164,1,0,0.099,0.418,20480,21,9,21
"BudgetCrossing",12000,4,266,7.730,7.729,0.851,6.527,1,0,0.090,1.113,69632,21,9,21
"BudgetCrossing",12000,4,267,6.494,6.500,0.811,6.045,1,0,0.090,0.359,20480,21,9,21
"BudgetCrossing",12000,4,268,6.882,6.880,0.703,6.441,1,0,0.088,0.353,20480,21,9,21
"BudgetCrossing",12000,4,269,6.865,6.849,0.714,6.100,1,0,0.099,0.666,12288,21,9,21
"BudgetCrossing",12000,4,270,7.242,7.258,0.636,5.947,1,0,0.101,1.194,77824,21,9,21
"BudgetCrossing",12000,4,271,6.707,6.699,0.684,6.226,1,0,0.094,0.387,16384,21,9,21
"BudgetCrossing",12000,4,272,7.022,7.019,0.684,6.519,1,0,0.093,0.409,24576,21,9,21
"BudgetCrossing",12000,4,273,6.635,6.624,0.704,6.044,1,0,0.080,0.511,16384,21,9,21
"BudgetCrossing",12000,4,274,11.011,11.028,0.841,9.663,1,0,0.120,1.229,73728,21,9,21
"BudgetCrossing",12000,4,275,7.184,7.179,0.592,6.004,1,0,0.086,1.095,73728,21,9,21
"BudgetCrossing",12000,4,276,10.129,10.100,0.738,6.206,1,0,0.090,3.832,,21,9,21
"BudgetCrossing",12000,4,277,9.851,9.874,0.743,8.520,1,0,0.108,1.223,65536,21,9,21
"BudgetCrossing",12000,4,278,7.075,7.065,0.000,6.255,1,0,0.097,0.723,4096,21,9,21
"BudgetCrossing",12000,4,279,8.625,8.641,0.833,7.380,1,0,0.119,1.126,61440,21,9,21
"BudgetCrossing",12000,4,280,7.886,7.883,0.783,6.298,1,0,0.117,1.471,73728,21,9,21
"BudgetCrossing",12000,4,281,7.320,7.323,0.635,6.121,1,0,0.088,1.112,73728,21,9,21
"BudgetCrossing",12000,4,282,6.873,6.850,0.791,6.276,1,0,0.088,0.510,20480,21,9,21
"BudgetCrossing",12000,4,283,7.771,7.793,0.862,6.492,1,0,0.107,1.173,69632,21,9,21
"BudgetCrossing",12000,4,284,7.528,7.527,0.848,6.247,1,0,0.104,1.177,73728,21,9,21
"BudgetCrossing",12000,4,285,7.655,7.646,0.660,6.339,1,0,0.098,1.219,73728,21,9,21
"BudgetCrossing",12000,4,286,8.151,8.150,0.668,6.376,1,0,0.099,1.676,69632,21,9,21
"BudgetCrossing",12000,4,287,9.637,9.634,0.635,8.093,1,0,0.111,1.434,77824,21,9,21
"BudgetCrossing",12000,4,288,8.118,8.126,0.654,6.838,1,0,0.107,1.173,73728,21,9,21
"BudgetCrossing",12000,4,289,8.462,8.453,0.783,6.076,1,0,0.089,2.298,,21,9,21
"BudgetCrossing",12000,4,290,7.565,7.576,0.740,6.277,1,0,0.088,1.201,61440,21,9,21
"BudgetCrossing",12000,4,291,7.965,7.965,0.793,6.695,1,0,0.089,1.182,57344,21,9,21
"BudgetCrossing",12000,4,292,8.266,8.257,0.721,6.920,1,0,0.106,1.240,61440,21,9,21
"BudgetCrossing",12000,4,293,8.234,8.240,0.629,6.939,1,0,0.103,1.191,69632,21,9,21
"BudgetCrossing",12000,4,294,8.954,8.921,0.834,6.027,1,0,0.097,2.830,73728,21,9,21
"BudgetCrossing",12000,4,295,8.721,8.746,0.772,7.140,1,0,0.090,1.491,73728,21,9,21
"BudgetCrossing",12000,4,296,9.837,9.818,0.743,7.477,1,0,0.107,2.253,73728,21,9,21
"BudgetCrossing",12000,4,297,12.351,12.352,0.834,10.658,1,0,0.123,1.569,73728,21,9,21
"BudgetCrossing",12000,4,298,8.517,8.528,0.771,7.070,1,0,0.110,1.337,73728,21,9,21
"BudgetCrossing",12000,4,299,8.918,8.919,0.844,6.294,1,0,0.123,2.501,73728,21,9,21
"BudgetCrossing",14000,4,0,12.302,12.305,0.818,10.589,1,0,0.107,1.606,57344,14,9,14
"BudgetCrossing",14000,4,1,9.181,9.180,0.704,7.739,1,0,0.138,1.304,69632,14,9,14
"BudgetCrossing",14000,4,2,8.548,8.557,0.595,7.309,1,0,0.131,1.108,69632,14,9,14
"BudgetCrossing",14000,4,3,9.921,9.922,0.728,8.762,1,0,0.098,1.061,73728,15,9,15
"BudgetCrossing",14000,4,4,7.484,7.453,0.714,6.698,1,0,0.101,0.685,16384,15,9,15
"BudgetCrossing",14000,4,5,8.139,8.166,0.836,7.705,1,0,0.121,0.313,12288,15,9,15
"BudgetCrossing",14000,4,6,8.360,8.352,0.746,6.917,1,0,0.127,1.316,81920,15,9,15
"BudgetCrossing",14000,4,7,9.032,9.026,0.583,6.673,1,0,0.117,2.242,73728,15,9,15
"BudgetCrossing",14000,4,8,7.593,7.602,0.622,7.134,1,0,0.113,0.346,16384,15,9,15
"BudgetCrossing",14000,4,9,7.545,7.542,0.628,7.037,1,0,0.123,0.384,16384,15,9,15
"BudgetCrossing",14000,4,10,9.974,9.980,0.677,8.512,1,0,0.216,1.246,77824,15,9,15
"BudgetCrossing",14000,4,11,7.996,7.992,0.739,6.824,1,0,0.096,1.076,73728,15,9,15
"BudgetCrossing",14000,4,12,8.945,8.940,0.791,6.628,1,0,0.100,2.218,,16,9,16
"BudgetCrossing",14000,4,13,7.886,7.890,0.691,6.650,1,0,0.106,1.130,65536,16,9,16
"BudgetCrossing",14000,4,14,9.738,9.737,0.811,9.234,1,0,0.145,0.358,4096,16,9,16
"BudgetCrossing",14000,4,15,8.919,8.917,0.821,7.494,1,0,0.126,1.300,65536,16,9,16
"BudgetCrossing",14000,4,16,7.149,7.151,0.594,6.658,1,0,0.111,0.380,16384,16,9,16
"BudgetCrossing",14000,4,17,7.748,7.742,0.780,7.269,1,0,0.109,0.370,16384,16,9,16
"BudgetCrossing",14000,4,18,11.286,11.266,0.733,8.156,1,0,0.134,2.997,73728,16,9,16
"BudgetCrossing",14000,4,19,10.912,10.920,0.829,8.034,1,0,0.141,2.737,69632,16,9,16
"BudgetCrossing",14000,4,20,10.505,10.506,0.601,9.059,1,0,0.115,1.331,77824,16,9,16
"BudgetCrossing",14000,4,21,8.783,8.789,0.644,7.466,1,0,0.120,1.197,73728,17,9,17
"BudgetCrossing",14000,4,22,7.076,7.075,0.764,6.526,1,0,0.103,0.448,12288,17,9,17
"BudgetCrossing",14000,4,23,8.605,8.616,0.682,8.160,1,0,0.103,0.343,20480,17,9,17
"BudgetCrossing",14000,4,24,7.398,7.380,0.679,6.840,1,0,0.145,0.413,16384,17,9,17
"BudgetCrossing",14000,4,25,8.103,8.118,0.815,6.775,1,0,0.113,1.215,73728,17,9,17
"BudgetCrossing",14000,4,26,8.445,8.444,0.644,7.234,1,0,0.113,1.098,81920,17,9,17
"BudgetCrossing",14000,4,27,7.492,7.484,0.602,6.955,1,0,0.111,0.426,16384,17,9,17
"BudgetCrossing",14000,4,28,8.702,8.705,0.591,6.628,1,0,0.109,1.966,,17,9,17
"BudgetCrossing",14000,4,29,8.083,8.082,0.622,6.799,1,0,0.116,1.167,65536,17,9,17
"BudgetCrossing",14000,4,30,9.962,9.949,0.667,7.711,1,0,0.143,2.108,57344,18,9,18
"BudgetCrossing",14000,4,31,11.940,11.947,0.594,10.296,1,0,0.155,1.489,61440,18,9,18
"BudgetCrossing",14000,4,32,10.256,10.263,0.608,8.955,1,0,0.109,1.192,69632,18,9,18
"BudgetCrossing",14000,4,33,9.462,9.454,0.644,7.051,1,0,0.143,2.267,77824,18,9,18
"BudgetCrossing",14000,4,34,8.263,8.271,0.779,6.905,1,0,0.129,1.229,73728,18,9,18
"BudgetCrossing",14000,4,35,10.434,10.427,0.827,9.131,1,0,0.133,1.170,69632,18,9,18
"BudgetCrossing",14000,4,36,7.370,7.373,0.818,6.686,1,0,0.103,0.581,20480,18,9,18
"BudgetCrossing",14000,4,37,8.010,8.011,0.718,6.742,1,0,0.104,1.164,73728,18,9,18
"BudgetCrossing",14000,4,38,8.283,8.276,0.742,7.027,1,0,0.125,1.131,69632,18,9,18
"BudgetCrossing",14000,4,39,8.270,8.275,0.820,6.968,1,0,0.132,1.170,73728,19,9,19
"BudgetCrossing",14000,4,40,10.548,10.533,0.607,6.893,1,0,0.128,3.526,,19,9,19
"BudgetCrossing",14000,4,41,8.106,8.124,0.669,6.839,1,0,0.107,1.160,65536,19,9,19
"BudgetCrossing",14000,4,42,10.836,10.824,0.000,9.580,1,0,0.139,1.117,57344,19,9,19
"BudgetCrossing",14000,4,43,8.151,8.162,0.630,6.888,1,0,0.132,1.130,61440,19,9,19
"BudgetCrossing",14000,4,44,8.382,8.380,0.713,7.200,1,0,0.102,1.080,69632,19,9,19
"BudgetCrossing",14000,4,45,7.616,7.602,0.624,7.098,1,0,0.106,0.412,16384,19,9,19
"BudgetCrossing",14000,4,46,8.810,8.814,0.826,7.033,1,0,0.135,1.643,73728,19,9,19
"BudgetCrossing",14000,4,47,9.300,9.296,0.619,7.779,1,0,0.139,1.383,73728,19,9,19
"BudgetCrossing",14000,4,48,8.616,8.626,0.642,7.314,1,0,0.106,1.197,77824,20,9,20
"BudgetCrossing",14000,4,49,8.287,8.281,0.732,7.065,1,0,0.105,1.118,73728,20,9,20
"BudgetCrossing",14000,4,50,8.382,8.388,0.636,7.043,1,0,0.109,1.230,69632,20,9,20
"BudgetCrossing",14000,4,51,8.193,8.191,0.713,7.678,1,0,0.132,0.383,16384,20,9,20
"BudgetCrossing",14000,4,52,11.896,11.864,0.698,9.455,1,0,0.101,2.340,73728,20,9,20
"BudgetCrossing",14000,4,53,10.003,10.000,0.819,7.415,1,0,0.105,2.482,,20,9,20
"BudgetCrossing",14000,4,54,7.725,7.757,0.628,7.091,1,0,0.112,0.522,8192,20,9,20
"BudgetCrossing",14000,4,55,7.242,7.242,0.000,6.783,1,0,0.103,0.356,4096,20,9,20
"BudgetCrossing",14000,4,56,10.616,10.608,0.669,8.128,1,0,0.129,2.359,69632,20,9,20
"BudgetCrossing",14000,4,57,7.769,7.775,0.677,7.141,1,0,0.126,0.501,8192,21,9,21
"BudgetCrossing",14000,4,58,8.339,8.330,0.697,6.788,1,0,0.109,1.442,73728,21,9,21
"BudgetCrossing",14000,4,59,9.924,9.917,0.787,7.939,1,0,0.119,1.866,73728,21,9,21
"BudgetCrossing",14000,4,60,12.885,12.882,0.830,10.967,1,0,0.148,1.770,69632,21,9,21
"BudgetCrossing",14000,4,61,11.140,11.145,0.668,8.546,1,0,0.149,2.445,77824,21,9,21
"BudgetCrossing",14000,4,62,7.435,7.446,0.819,6.983,1,0,0.135,0.317,16384,21,9,21
"BudgetCrossing",14000,4,63,8.553,8.555,0.638,7.195,1,0,0.143,1.215,69632,21,9,21
"BudgetCrossing",14000,4,64,8.853,8.844,0.823,7.500,1,0,0.128,1.225,77824,21,9,21
"BudgetCrossing",14000,4,65,11.349,11.345,0.658,8.655,1,0,0.134,2.560,73728,21,9,21
"BudgetCrossing",14000,4,66,11.613,11.618,0.633,10.259,1,0,0.129,1.225,73728,21,9,21
"BudgetCrossing",14000,4,67,8.908,8.867,0.782,6.832,1,0,0.105,1.971,,21,9,21
"BudgetCrossing",14000,4,68,8.577,8.611,0.672,7.075,1,0,0.120,1.382,69632,21,9,21
"BudgetCrossing",14000,4,69,10.435,10.421,0.797,7.642,1,0,0.115,2.678,57344,21,9,21
"BudgetCrossing",14000,4,70,8.775,8.793,0.834,7.550,1,0,0.104,1.121,65536,21,9,21
"BudgetCrossing",14000,4,71,13.470,13.467,0.630,11.524,1,0,0.152,1.795,65536,21,9,21
"BudgetCrossing",14000,4,72,10.522,10.520,0.658,9.231,1,0,0.151,1.140,73728,21,9,21
"BudgetCrossing",14000,4,73,9.612,9.596,0.663,6.851,1,0,0.136,2.626,73728,21,9,21
"BudgetCrossing",14000,4,74,8.306,8.322,0.760,7.014,1,0,0.136,1.156,73728,21,9,21
"BudgetCrossing",14000,4,75,7.960,7.936,0.828,7.161,1,0,0.132,0.667,20480,21,9,21
"BudgetCrossing",14000,4,76,14.226,14.246,0.745,12.911,1,0,0.141,1.174,73728,21,9,21
"BudgetCrossing",14000,4,77,8.920,8.923,0.691,7.393,1,0,0.130,1.397,73728,21,9,21
"BudgetCrossing",14000,4,78,7.958,7.954,0.846,7.392,1,0,0.127,0.438,20480,21,9,21
"BudgetCrossing",14000,4,79,8.984,8.985,0.756,6.894,1,0,0.120,1.969,,21,9,21
"BudgetCrossing",14000,4,80,8.608,8.610,0.844,7.999,1,0,0.127,0.482,8192,21,9,21
"BudgetCrossing",14000,4,81,9.182,9.176,0.664,7.555,1,0,0.143,1.485,61440,21,9,21
"BudgetCrossing",14000,4,82,12.103,12.079,0.796,9.059,1,0,0.127,2.917,61440,21,9,21
"BudgetCrossing",14000,4,83,13.295,13.313,0.835,10.380,1,0,0.180,2.736,65536,21,9,21
"BudgetCrossing",14000,4,84,12.702,12.709,0.793,11.438,1,0,0.102,1.162,73728,21,9,21
"BudgetCrossing",14000,4,85,8.417,8.422,0.847,7.109,1,0,0.098,1.210,77824,21,9,21
"BudgetCrossing",14000,4,86,10.861,10.855,0.792,9.656,1,0,0.092,1.113,69632,21,9,21
"BudgetCrossing",14000,4,87,7.776,7.768,0.833,6.970,1,0,0.106,0.699,20480,21,9,21
"BudgetCrossing",14000,4,88,12.468,12.477,0.831,11.180,1,0,0.137,1.151,73728,21,9,21
"BudgetCrossing",14000,4,89,9.485,9.486,0.898,8.094,1,0,0.137,1.253,69632,21,9,21
"BudgetCrossing",14000,4,90,8.735,8.730,0.637,7.444,1,0,0.123,1.169,73728,21,9,21
"BudgetCrossing",14000,4,91,8.624,8.629,0.757,7.330,1,0,0.132,1.161,73728,21,9,21
"BudgetCrossing",14000,4,92,9.687,9.674,0.841,6.996,1,0,0.124,2.567,,21,9,21
"BudgetCrossing",14000,4,93,8.758,8.772,0.788,7.454,1,0,0.107,1.197,65536,21,9,21
"BudgetCrossing",14000,4,94,8.120,8.122,0.702,7.670,1,0,0.135,0.315,4096,21,9,21
"BudgetCrossing",14000,4,95,8.999,8.992,0.704,7.673,1,0,0.127,1.199,61440,21,9,21
"BudgetCrossing",14000,4,96,9.137,9.142,0.659,7.770,1,0,0.109,1.258,57344,21,9,21
"BudgetCrossing",14000,4,97,8.714,8.704,0.656,7.398,1,0,0.102,1.213,69632,21,9,21
"BudgetCrossing",14000,4,98,9.581,9.572,0.626,7.400,1,0,0.105,2.075,73728,21,9,21
"BudgetCrossing",14000,4,99,10.474,10.478,0.677,9.903,1,0,0.118,0.453,16384,21,9,21
"BudgetCrossing",14000,4,100,8.317,8.326,0.636,7.109,1,0,0.105,1.104,81920,21,9,21
"BudgetCrossing",14000,4,101,10.797,10.790,0.658,9.566,1,0,0.117,1.114,73728,21,9,21
"BudgetCrossing",14000,4,102,7.582,7.586,0.702,7.060,1,0,0.132,0.390,12288,21,9,21
"BudgetCrossing",14000,4,103,7.847,7.842,0.655,7.303,1,0,0.126,0.419,16384,21,9,21
"BudgetCrossing",14000,4,104,7.960,7.966,0.656,7.078,1,0,0.127,0.755,20480,21,9,21
"BudgetCrossing",14000,4,105,12.372,12.343,0.645,9.171,1,0,0.137,3.065,77824,21,9,21
"BudgetCrossing",14000,4,106,10.676,10.699,0.822,9.298,1,0,0.111,1.267,77824,21,9,21
"BudgetCrossing",14000,4,107,9.506,9.461,0.665,7.277,1,0,0.129,2.100,,21,9,21
"BudgetCrossing",14000,4,108,9.712,9.742,0.703,7.262,1,0,0.109,2.341,65536,21,9,21
"BudgetCrossing",14000,4,109,13.943,13.946,0.000,12.207,1,0,0.136,1.599,61440,21,9,21
"BudgetCrossing",14000,4,110,12.097,12.102,0.842,9.452,1,0,0.139,2.507,61440,21,9,21
"BudgetCrossing",14000,4,111,8.809,8.807,0.850,7.371,1,0,0.140,1.298,57344,21,9,21
"BudgetCrossing",14000,4,112,8.516,8.525,0.745,7.180,1,0,0.141,1.196,73728,21,9,21
"BudgetCrossing",14000,4,113,8.309,8.299,0.836,7.572,1,0,0.138,0.600,16384,21,9,21
"BudgetCrossing",14000,4,114,9.048,9.056,0.787,7.660,1,0,0.137,1.251,69632,21,9,21
"BudgetCrossing",14000,4,115,9.725,9.701,0.836,7.069,1,0,0.131,2.526,77824,21,9,21
"BudgetCrossing",14000,4,116,11.273,11.256,0.652,9.751,1,0,0.122,1.401,77824,21,9,21
"BudgetCrossing",14000,4,117,10.088,10.117,0.664,9.310,1,0,0.125,0.654,12288,21,9,21
"BudgetCrossing",14000,4,118,10.948,10.958,0.702,9.695,1,0,0.127,1.127,73728,21,9,21
"BudgetCrossing",14000,4,119,9.360,9.354,0.717,6.917,1,0,0.097,2.345,73728,21,9,21
"BudgetCrossing",14000,4,120,13.072,13.070,0.791,10.804,1,0,0.160,2.108,,21,9,21
"BudgetCrossing",14000,4,121,10.608,10.607,0.660,9.281,1,0,0.098,1.228,65536,21,9,21
"BudgetCrossing",14000,4,122,8.651,8.653,0.692,8.073,1,0,0.128,0.450,4096,21,9,21
"BudgetCrossing",14000,4,123,8.456,8.457,0.783,8.003,1,0,0.095,0.358,8192,21,9,21
"BudgetCrossing",14000,4,124,11.184,11.184,0.703,9.743,1,0,0.167,1.274,57344,21,9,21
"BudgetCrossing",14000,4,125,9.806,9.798,0.667,8.150,1,0,0.127,1.528,69632,21,9,21
"BudgetCrossing",14000,4,126,10.380,10.381,0.692,8.516,1,0,0.133,1.732,73728,21,9,21
"BudgetCrossing",14000,4,127,10.106,10.103,0.777,7.435,1,0,0.125,2.546,69632,21,9,21
"BudgetCrossing",14000,4,128,9.275,9.284,0.835,8.002,1,0,0.100,1.172,73728,21,9,21
"BudgetCrossing",14000,4,129,9.230,9.213,0.756,7.564,1,0,0.123,1.543,73728,21,9,21
"BudgetCrossing",14000,4,130,9.069,9.084,0.807,7.717,1,0,0.123,1.229,69632,21,9,21
"BudgetCrossing",14000,4,131,9.520,9.506,0.783,7.868,1,0,0.111,1.541,77824,21,9,21
"BudgetCrossing",14000,4,132,9.992,9.991,0.710,7.422,1,0,0.107,2.464,73728,21,9,21
"BudgetCrossing",14000,4,133,10.079,10.078,0.560,7.850,1,0,0.119,2.110,,21,9,21
"BudgetCrossing",14000,4,134,9.093,9.108,0.672,7.781,1,0,0.116,1.197,65536,21,9,21
"BudgetCrossing",14000,4,135,8.340,8.337,0.831,7.931,1,0,0.114,0.295,4096,21,9,21
"BudgetCrossing",14000,4,136,9.467,9.466,0.686,8.135,1,0,0.112,1.219,61440,21,9,21
"BudgetCrossing",14000,4,137,9.988,9.985,0.826,7.369,1,0,0.111,2.508,57344,21,9,21
"BudgetCrossing",14000,4,138,9.179,9.165,0.827,7.728,1,0,0.139,1.312,65536,21,9,21
"BudgetCrossing",14000,4,139,9.286,9.302,0.777,8.042,1,0,0.109,1.136,73728,21,9,21
"BudgetCrossing",14000,4,140,8.470,8.464,0.835,7.209,1,0,0.102,1.158,69632,21,9,21
"BudgetCrossing",14000,4,141,11.048,11.039,0.855,8.997,1,0,0.102,1.949,73728,21,9,21
"BudgetCrossing",14000,4,142,12.493,12.492,0.650,10.764,1,0,0.123,1.606,73728,21,9,21
"BudgetCrossing",14000,4,143,10.854,10.863,0.628,9.580,1,0,0.101,1.173,69632,21,9,21
"BudgetCrossing",14000,4,144,10.992,10.995,0.653,9.750,1,0,0.109,1.133,77824,21,9,21
"BudgetCrossing",14000,4,145,9.282,9.276,0.738,8.061,1,0,0.105,1.116,73728,21,9,21
"BudgetCrossing",14000,4,146,11.261,11.255,0.788,7.418,1,0,0.103,3.740,,21,9,21
"BudgetCrossing",14000,4,147,9.487,9.470,0.551,8.034,1,0,0.151,1.302,57344,21,9,21
"BudgetCrossing",14000,4,148,9.307,9.314,0.693,7.306,1,0,0.140,1.861,61440,21,9,21
"BudgetCrossing",14000,4,149,8.979,8.992,0.751,7.670,1,0,0.118,1.192,57344,21,9,21
"BudgetCrossing",14000,4,150,8.231,8.233,0.570,7.693,1,0,0.113,0.425,8192,21,9,21
"BudgetCrossing",14000,4,151,7.902,7.904,0.664,7.423,1,0,0.105,0.374,20480,21,9,21
"BudgetCrossing",14000,4,152,8.115,8.106,0.740,7.629,1,0,0.109,0.377,16384,21,9,21
"BudgetCrossing",14000,4,153,8.289,8.300,0.729,7.014,1,0,0.104,1.171,77824,21,9,21
"BudgetCrossing",14000,4,154,8.811,8.800,0.521,7.447,1,0,0.139,1.225,73728,21,9,21
"BudgetCrossing",14000,4,155,8.192,8.195,0.703,7.584,1,0,0.136,0.471,12288,21,9,21
"BudgetCrossing",14000,4,156,12.045,12.042,0.536,9.535,1,0,0.130,2.381,77824,21,9,21
"BudgetCrossing",14000,4,157,8.852,8.857,0.541,7.428,1,0,0.136,1.288,73728,21,9,21
"BudgetCrossing",14000,4,158,9.642,9.628,0.535,7.821,1,0,0.185,1.637,69632,21,9,21
"BudgetCrossing",14000,4,159,11.072,11.086,0.540,9.785,1,0,0.102,1.186,73728,21,9,21
"BudgetCrossing",14000,4,160,10.591,10.580,0.585,8.043,1,0,0.102,2.445,,21,9,21
"BudgetCrossing",14000,4,161,8.989,8.997,0.664,7.672,1,0,0.109,1.209,61440,21,9,21
"BudgetCrossing",14000,4,162,10.313,10.281,0.563,7.626,1,0,0.106,2.582,57344,21,9,21
"BudgetCrossing",14000,4,163,12.021,12.042,0.522,10.108,1,0,0.145,1.768,61440,21,9,21
"BudgetCrossing",14000,4,164,10.977,10.952,0.731,9.417,1,0,0.132,1.429,57344,21,9,21
"BudgetCrossing",14000,4,165,9.319,9.353,0.527,7.517,1,0,0.133,1.669,65536,21,9,21
"BudgetCrossing",14000,4,166,9.837,9.808,0.540,7.454,1,0,0.137,2.247,77824,21,9,21
"BudgetCrossing",14000,4,167,8.997,9.024,0.570,7.635,1,0,0.134,1.228,69632,21,9,21
"BudgetCrossing",14000,4,168,10.012,10.008,0.752,9.519,1,0,0.103,0.391,16384,21,9,21
"BudgetCrossing",14000,4,169,11.168,11.168,0.730,8.609,1,0,0.098,2.461,73728,21,9,21
"BudgetCrossing",14000,4,170,8.534,8.531,0.595,7.287,1,0,0.107,1.140,69632,21,9,21
"BudgetCrossing",14000,4,171,8.245,8.250,0.578,7.763,1,0,0.111,0.371,20480,21,9,21
"BudgetCrossing",14000,4,172,7.907,7.893,0.640,7.227,1,0,0.107,0.573,20480,21,9,21
"BudgetCrossing",14000,4,173,8.761,8.769,0.663,8.296,1,0,0.104,0.361,16384,21,9,21
"BudgetCrossing",14000,4,174,7.985,7.994,0.736,7.535,1,0,0.104,0.346,20480,21,9,21
"BudgetCrossing",14000,4,175,9.423,9.404,0.553,8.029,1,0,0.130,1.265,,21,9,21
"BudgetCrossing",14000,4,176,7.933,7.951,0.604,7.514,1,0,0.105,0.314,8192,21,9,21
"BudgetCrossing",14000,4,177,8.369,8.314,0.685,7.618,1,0,0.098,0.654,4096,21,9,21
"BudgetCrossing",14000,4,178,10.233,10.287,0.524,9.740,1,0,0.130,0.362,8192,21,9,21
"BudgetCrossing",14000,4,179,9.119,9.108,0.509,7.830,1,0,0.110,1.179,61440,21,9,21
"BudgetCrossing",14000,4,180,11.151,11.156,0.645,9.885,1,0,0.102,1.164,61440,21,9,21
"BudgetCrossing",14000,4,181,9.040,9.036,0.569,7.670,1,0,0.102,1.268,73728,21,9,21
"BudgetCrossing",14000,4,182,8.796,8.795,0.518,7.396,1,0,0.139,1.261,69632,21,9,21
"BudgetCrossing",14000,4,183,8.325,8.332,0.544,7.870,1,0,0.126,0.329,16384,21,9,21
"BudgetCrossing",14000,4,184,9.651,9.640,0.532,8.245,1,0,0.122,1.284,73728,21,9,21
"BudgetCrossing",14000,4,185,9.649,9.654,0.636,8.418,1,0,0.120,1.112,69632,21,9,21
"BudgetCrossing",14000,4,186,10.247,10.242,0.516,9.741,1,0,0.112,0.394,20480,21,9,21
"BudgetCrossing",14000,4,187,11.611,11.594,0.552,8.761,1,0,0.098,2.752,73728,21,9,21
"BudgetCrossing",14000,4,188,9.738,9.751,0.529,8.322,1,0,0.123,1.292,69632,21,9,21
"BudgetCrossing",14000,4,189,8.854,8.861,0.564,7.599,1,0,0.130,1.126,77824,21,9,21
"BudgetCrossing",14000,4,190,9.977,9.957,0.539,7.787,1,0,0.119,2.071,81920,21,9,21
"BudgetCrossing",14000,4,191,14.212,14.215,0.678,11.066,1,0,0.121,3.026,,21,9,21
"BudgetCrossing",14000,4,192,11.303,11.319,0.513,10.092,1,0,0.105,1.106,57344,21,9,21
"BudgetCrossing",14000,4,193,9.314,9.307,0.528,7.806,1,0,0.139,1.368,57344,21,9,21
"BudgetCrossing",14000,4,194,10.929,10.936,0.522,9.642,1,0,0.103,1.184,61440,21,9,21
"BudgetCrossing",14000,4,195,9.059,9.055,0.563,7.755,1,0,0.106,1.199,61440,21,9,21
"BudgetCrossing",14000,4,196,9.508,9.512,0.629,8.106,1,0,0.136,1.266,69632,21,9,21
"BudgetCrossing",14000,4,197,10.569,10.560,0.575,9.165,1,0,0.128,1.276,73728,21,9,21
"BudgetCrossing",14000,4,198,8.900,8.907,0.506,7.596,1,0,0.131,1.173,69632,21,9,21
"BudgetCrossing",14000,4,199,8.283,8.280,0.517,7.733,1,0,0.129,0.421,16384,21,9,21
"BudgetCrossing",14000,4,200,8.999,8.995,0.528,7.710,1,0,0.126,1.163,73728,21,9,21
"BudgetCrossing",14000,4,201,11.065,11.068,0.518,9.811,1,0,0.103,1.152,69632,21,9,21
"BudgetCrossing",14000,4,202,11.176,11.173,0.546,9.890,1,0,0.107,1.179,81920,21,9,21
"BudgetCrossing",14000,4,203,10.115,10.097,0.558,7.763,1,0,0.108,2.245,,21,9,21
"BudgetCrossing",14000,4,204,9.107,9.129,0.534,7.793,1,0,0.110,1.204,61440,21,9,21
"BudgetCrossing",14000,4,205,13.115,13.096,0.000,11.019,1,0,0.191,1.905,57344,21,9,21
"BudgetCrossing",14000,4,206,11.593,11.609,0.514,10.388,1,0,0.100,1.104,61440,21,9,21
"BudgetCrossing",14000,4,207,8.169,8.160,0.579,7.641,1,0,0.136,0.392,4096,21,9,21
"BudgetCrossing",14000,4,208,10.833,10.840,0.498,10.388,1,0,0.105,0.341,8192,21,9,21
"BudgetCrossing",14000,4,209,9.268,9.266,0.594,7.886,1,0,0.108,1.274,61440,21,9,21
"BudgetCrossing",14000,4,210,9.860,9.857,0.536,8.493,1,0,0.127,1.240,73728,21,9,21
"BudgetCrossing",14000,4,211,8.357,8.356,0.515,7.790,1,0,0.150,0.417,20480,21,9,21
"BudgetCrossing",14000,4,212,11.325,11.333,0.542,10.086,1,0,0.102,1.137,73728,21,9,21
"BudgetCrossing",14000,4,213,9.606,9.599,0.510,8.284,1,0,0.104,1.218,69632,21,9,21
"BudgetCrossing",14000,4,214,9.363,9.366,0.521,8.044,1,0,0.107,1.212,77824,21,9,21
"BudgetCrossing",14000,4,215,8.376,8.374,0.541,7.783,1,0,0.142,0.450,20480,21,9,21
"BudgetCrossing",14000,4,216,10.061,10.055,0.541,8.356,1,0,0.130,1.574,69632,21,9,21
"BudgetCrossing",14000,4,217,11.256,11.260,0.503,10.023,1,0,0.097,1.135,77824,21,9,21
"BudgetCrossing",14000,4,218,11.755,11.753,0.589,8.861,1,0,0.116,2.778,,21,9,21
"BudgetCrossing",14000,4,219,11.008,11.007,0.571,9.695,1,0,0.110,1.204,77824,21,9,21
"BudgetCrossing",14000,4,220,9.719,9.712,0.530,7.989,1,0,0.135,1.596,69632,21,9,21
"BudgetCrossing",14000,4,221,10.134,10.135,0.517,8.393,1,0,0.137,1.604,73728,21,9,21
"BudgetCrossing",14000,4,222,8.279,8.289,0.553,7.772,1,0,0.107,0.401,16384,21,9,21
"BudgetCrossing",14000,4,223,8.389,8.385,0.528,7.858,1,0,0.130,0.402,16384,21,9,21
"BudgetCrossing",14000,4,224,9.435,9.441,0.566,8.099,1,0,0.128,1.208,73728,21,9,21
"BudgetCrossing",14000,4,225,9.373,9.369,0.643,8.080,1,0,0.123,1.170,69632,21,9,21
"BudgetCrossing",14000,4,226,10.729,10.707,0.663,8.472,1,0,0.132,2.125,81920,21,9,21
"BudgetCrossing",14000,4,227,10.596,10.612,0.562,9.342,1,0,0.100,1.154,73728,21,9,21
"BudgetCrossing",14000,4,228,10.103,10.107,0.538,8.919,1,0,0.094,1.090,69632,21,9,21
"BudgetCrossing",14000,4,229,10.767,10.744,0.551,7.906,1,0,0.118,2.743,73728,21,9,21
"BudgetCrossing",14000,4,230,10.065,10.082,0.525,8.013,1,0,0.108,1.945,,21,9,21
"BudgetCrossing",14000,4,231,9.556,9.554,0.694,8.365,1,0,0.101,1.090,65536,21,9,21
"BudgetCrossing",14000,4,232,8.907,8.908,0.584,7.619,1,0,0.118,1.170,69632,21,9,21
"BudgetCrossing",14000,4,233,8.263,8.271,0.555,7.809,1,0,0.112,0.341,16384,21,9,21
"BudgetCrossing",14000,4,234,8.450,8.435,0.518,7.961,1,0,0.117,0.372,16384,21,9,21
"BudgetCrossing",14000,4,235,9.278,9.284,0.527,7.949,1,0,0.142,1.187,73728,21,9,21
"BudgetCrossing",14000,4,236,10.807,10.803,0.523,9.346,1,0,0.154,1.307,73728,21,9,21
"BudgetCrossing",14000,4,237,10.650,10.643,0.522,10.058,1,0,0.110,0.482,12288,21,9,21
"BudgetCrossing",14000,4,238,13.289,13.295,0.490,11.986,1,0,0.114,1.188,77824,21,9,21
"BudgetCrossing",14000,4,239,9.231,9.235,0.564,7.828,1,0,0.140,1.263,73728,21,9,21
"BudgetCrossing",14000,4,240,9.085,9.081,0.674,7.804,1,0,0.112,1.170,69632,21,9,21
"BudgetCrossing",14000,4,241,8.793,8.800,0.558,7.535,1,0,0.104,1.154,77824,21,9,21
"BudgetCrossing",14000,4,242,10.621,10.589,0.544,7.836,1,0,0.130,2.655,81920,21,9,21
"BudgetCrossing",14000,4,243,10.239,10.266,0.682,8.969,1,0,0.108,1.162,73728,21,9,21
"BudgetCrossing",14000,4,244,13.000,12.947,0.727,9.031,1,0,0.137,3.832,,21,9,21
"BudgetCrossing",14000,4,245,9.416,9.464,0.562,8.077,1,0,0.115,1.225,65536,21,9,21
"BudgetCrossing",14000,4,246,11.726,11.727,0.000,10.410,1,0,0.131,1.185,61440,21,9,21
"BudgetCrossing",14000,4,247,9.480,9.479,0.540,8.221,1,0,0.110,1.149,77824,21,9,21
"BudgetCrossing",14000,4,248,9.342,9.346,0.728,8.006,1,0,0.106,1.231,69632,21,9,21
"BudgetCrossing",14000,4,249,10.438,10.423,0.524,8.700,1,0,0.136,1.602,73728,21,9,21
"BudgetCrossing",14000,4,250,9.605,9.617,0.521,8.252,1,0,0.103,1.250,73728,21,9,21
"BudgetCrossing",14000,4,251,10.894,10.861,0.504,7.955,1,0,0.109,2.829,69632,21,9,21
"BudgetCrossing",14000,4,252,11.051,11.083,0.503,9.817,1,0,0.109,1.124,77824,21,9,21
"BudgetCrossing",14000,4,253,10.010,10.001,0.519,8.064,1,0,0.136,1.810,77824,21,9,21
"BudgetCrossing",14000,4,254,10.679,10.667,0.492,9.868,1,0,0.112,0.699,12288,21,9,21
"BudgetCrossing",14000,4,255,10.937,10.952,0.557,9.682,1,0,0.106,1.150,73728,21,9,21
"BudgetCrossing",14000,4,256,10.191,10.194,0.733,8.532,1,0,0.251,1.409,73728,21,9,21
"BudgetCrossing",14000,4,257,10.881,10.873,0.556,8.581,1,0,0.134,2.166,,21,9,21
"BudgetCrossing",14000,4,258,10.310,10.318,0.489,9.842,1,0,0.100,0.368,8192,21,9,21
"BudgetCrossing",14000,4,259,12.404,12.393,0.724,10.715,1,0,0.135,1.555,57344,21,9,21
"BudgetCrossing",14000,4,260,11.430,11.436,0.590,10.129,1,0,0.107,1.195,65536,21,9,21
"BudgetCrossing",14000,4,261,9.285,9.290,0.540,7.987,1,0,0.109,1.189,73728,21,9,21
"BudgetCrossing",14000,4,262,8.946,8.936,0.503,8.343,1,0,0.149,0.454,20480,21,9,21
"BudgetCrossing",14000,4,263,9.190,9.197,0.558,8.704,1,0,0.111,0.376,20480,21,9,21
"BudgetCrossing",14000,4,264,9.664,9.664,0.488,8.262,1,0,0.140,1.262,73728,21,9,21
"BudgetCrossing",14000,4,265,8.716,8.711,0.678,8.201,1,0,0.129,0.385,20480,21,9,21
"BudgetCrossing",14000,4,266,9.483,9.487,0.577,8.225,1,0,0.138,1.120,73728,21,9,21
"BudgetCrossing",14000,4,267,9.559,9.555,0.491,8.318,1,0,0.138,1.104,69632,21,9,21
"BudgetCrossing",14000,4,268,9.848,9.852,0.532,8.588,1,0,0.106,1.154,73728,21,9,21
"BudgetCrossing",14000,4,269,9.652,9.645,0.565,8.118,1,0,0.129,1.405,77824,21,9,21
"BudgetCrossing",14000,4,270,9.881,9.887,0.566,8.566,1,0,0.108,1.207,81920,21,9,21
"BudgetCrossing",14000,4,271,11.035,11.013,0.626,8.918,1,0,0.123,1.994,,21,9,21
"BudgetCrossing",14000,4,272,8.581,8.601,0.516,8.133,1,0,0.116,0.332,8192,21,9,21
"BudgetCrossing",14000,4,273,9.964,9.962,0.551,8.641,1,0,0.109,1.214,57344,21,9,21
"BudgetCrossing",14000,4,274,10.172,10.177,0.568,8.800,1,0,0.113,1.260,65536,21,9,21
"BudgetCrossing",14000,4,275,10.181,10.170,0.563,8.909,1,0,0.142,1.130,69632,21,9,21
"BudgetCrossing",14000,4,276,9.819,9.827,0.507,8.362,1,0,0.124,1.333,73728,21,9,21
"BudgetCrossing",14000,4,277,10.261,10.254,0.507,8.787,1,0,0.122,1.352,77824,21,9,21
"BudgetCrossing",14000,4,278,10.687,10.686,0.514,8.494,1,0,0.180,2.013,69632,21,9,21
"BudgetCrossing",14000,4,279,12.604,12.606,0.676,11.348,1,0,0.123,1.133,77824,21,9,21
"BudgetCrossing",14000,4,280,9.366,9.368,0.558,7.783,1,0,0.122,1.461,102400,21,9,21
"BudgetCrossing",14000,4,281,9.252,9.249,0.514,8.027,1,0,0.108,1.117,69632,21,9,21
"BudgetCrossing",14000,4,282,10.645,10.633,0.534,8.302,1,0,0.133,2.210,73728,21,9,21
"BudgetCrossing",14000,4,283,9.169,9.175,0.558,8.650,1,0,0.104,0.415,16384,21,9,21
"BudgetCrossing",14000,4,284,11.083,11.085,0.504,8.750,1,0,0.129,2.204,,21,9,21
"BudgetCrossing",14000,4,285,8.360,8.363,0.658,7.929,1,0,0.103,0.328,8192,21,9,21
"BudgetCrossing",14000,4,286,9.187,9.188,0.568,7.866,1,0,0.133,1.188,57344,21,9,21
"BudgetCrossing",14000,4,287,10.418,10.409,0.500,8.611,1,0,0.121,1.686,65536,21,9,21
"BudgetCrossing",14000,4,288,11.404,11.406,0.682,9.594,1,0,0.136,1.675,69632,21,9,21
"BudgetCrossing",14000,4,289,11.608,11.612,0.499,10.160,1,0,0.110,1.338,73728,21,9,21
"BudgetCrossing",14000,4,290,9.080,9.077,0.529,8.191,1,0,0.108,0.781,16384,21,9,21
"BudgetCrossing",14000,4,291,8.942,8.942,0.682,8.220,1,0,0.104,0.618,20480,21,9,21
"BudgetCrossing",14000,4,292,9.493,9.498,0.533,8.809,1,0,0.137,0.547,16384,21,9,21
"BudgetCrossing",14000,4,293,8.613,8.607,0.547,8.134,1,0,0.135,0.345,16384,21,9,21
"BudgetCrossing",14000,4,294,9.826,9.832,0.625,8.463,1,0,0.103,1.260,69632,21,9,21
"BudgetCrossing",14000,4,295,10.295,10.286,0.482,8.976,1,0,0.106,1.213,77824,21,9,21
"BudgetCrossing",14000,4,296,10.351,10.362,0.550,8.994,1,0,0.122,1.236,73728,21,9,21
"BudgetCrossing",14000,4,297,10.476,10.465,0.685,9.041,1,0,0.140,1.295,77824,21,9,21
"BudgetCrossing",14000,4,298,10.374,10.383,0.496,8.964,1,0,0.128,1.282,73728,21,9,21
"BudgetCrossing",14000,4,299,10.162,10.130,0.509,9.062,1,0,0.129,0.971,20480,21,9,21
"BudgetCrossing",16000,4,0,11.349,11.330,0.277,8.450,1,0,0.163,2.737,73728,14,9,14
"BudgetCrossing",16000,4,1,10.265,10.289,0.281,9.072,1,0,0.119,1.073,77824,14,9,14
"BudgetCrossing",16000,4,2,10.924,10.903,0.242,8.253,1,0,0.151,2.520,,14,9,14
"BudgetCrossing",16000,4,3,10.216,10.233,0.255,9.025,1,0,0.121,1.071,61440,15,9,15
"BudgetCrossing",16000,4,4,8.863,8.870,0.000,8.394,1,0,0.165,0.304,4096,15,9,15
"BudgetCrossing",16000,4,5,9.398,9.390,0.252,8.970,1,0,0.117,0.311,20480,15,9,15
"BudgetCrossing",16000,4,6,10.895,10.898,0.271,8.520,1,0,0.118,2.258,69632,15,9,15
"BudgetCrossing",16000,4,7,9.674,9.670,0.278,8.417,1,0,0.150,1.107,73728,15,9,15
"BudgetCrossing",16000,4,8,9.280,9.285,0.263,8.814,1,0,0.136,0.330,20480,15,9,15
"BudgetCrossing",16000,4,9,10.069,10.060,0.234,9.173,1,0,0.156,0.740,12288,15,9,15
"BudgetCrossing",16000,4,10,10.069,10.076,0.301,8.763,1,0,0.133,1.172,77824,15,9,15
"BudgetCrossing",16000,4,11,10.194,10.191,0.305,8.982,1,0,0.127,1.085,73728,15,9,15
"BudgetCrossing",16000,4,12,10.046,10.034,0.500,8.423,1,0,0.113,1.509,73728,16,9,16
"BudgetCrossing",16000,4,13,12.442,12.450,0.261,11.171,1,0,0.137,1.134,73728,16,9,16
"BudgetCrossing",16000,4,14,11.886,11.852,0.267,9.340,1,0,0.154,2.391,73728,16,9,16
"BudgetCrossing",16000,4,15,12.811,12.822,0.244,11.257,1,0,0.168,1.386,73728,16,9,16
"BudgetCrossing",16000,4,16,10.694,10.713,0.255,9.268,1,0,0.159,1.267,77824,16,9,16
"BudgetCrossing",16000,4,17,10.878,10.877,0.247,8.813,1,0,0.137,1.927,,16,9,16
"BudgetCrossing",16000,4,18,10.303,10.285,0.244,8.890,1,0,0.153,1.260,61440,16,9,16
"BudgetCrossing",16000,4,19,10.810,10.817,0.249,8.803,1,0,0.158,1.848,57344,16,9,16
"BudgetCrossing",16000,4,20,12.429,12.426,0.242,10.608,1,0,0.184,1.638,69632,16,9,16
"BudgetCrossing",16000,4,21,11.847,11.863,0.253,10.501,1,0,0.173,1.173,69632,17,9,17
"BudgetCrossing",16000,4,22,8.499,8.500,0.256,7.988,1,0,0.174,0.337,16384,17,9,17
"BudgetCrossing",16000,4,23,9.680,9.682,0.285,8.431,1,0,0.147,1.102,73728,17,9,17
"BudgetCrossing",16000,4,24,10.596,10.574,0.256,8.403,1,0,0.156,2.037,69632,17,9,17
"BudgetCrossing",16000,4,25,11.239,11.249,0.280,9.393,1,0,0.136,1.710,81920,17,9,17
"BudgetCrossing",16000,4,26,9.319,9.321,0.257,8.782,1,0,0.126,0.412,16384,17,9,17
"BudgetCrossing",16000,4,27,9.646,9.633,0.268,8.661,1,0,0.159,0.827,16384,17,9,17
"BudgetCrossing",16000,4,28,12.224,12.233,0.273,10.521,1,0,0.142,1.561,73728,17,9,17
"BudgetCrossing",16000,4,29,12.435,12.446,0.253,10.774,1,0,0.135,1.526,73728,17,9,17
"BudgetCrossing",16000,4,30,12.841,12.814,0.235,10.776,1,0,0.157,1.908,,18,9,18
"BudgetCrossing",16000,4,31,9.319,9.335,0.271,8.801,1,0,0.138,0.380,4096,18,9,18
"BudgetCrossing",16000,4,32,9.219,9.228,0.273,8.660,1,0,0.125,0.434,4096,18,9,18
"BudgetCrossing",16000,4,33,10.937,10.925,0.266,10.378,1,0,0.154,0.406,8192,18,9,18
"BudgetCrossing",16000,4,34,10.105,10.115,0.292,8.812,1,0,0.132,1.161,69632,18,9,18
"BudgetCrossing",16000,4,35,9.373,9.369,0.336,8.890,1,0,0.127,0.357,16384,18,9,18
"BudgetCrossing",16000,4,36,10.933,10.931,0.294,9.393,1,0,0.119,1.422,73728,18,9,18
"BudgetCrossing",16000,4,37,9.281,9.278,0.260,8.728,1,0,0.111,0.442,16384,18,9,18
"BudgetCrossing",16000,4,38,10.827,10.835,0.296,9.455,1,0,0.149,1.223,81920,18,9,18
"BudgetCrossing",16000,4,39,10.052,10.046,0.264,8.757,1,0,0.162,1.133,73728,19,9,19
"BudgetCrossing",16000,4,40,10.392,10.397,0.285,9.115,1,0,0.119,1.159,69632,19,9,19
"BudgetCrossing",16000,4,41,9.773,9.766,0.260,8.520,1,0,0.143,1.110,73728,19,9,19
"BudgetCrossing",16000,4,42,10.016,10.020,0.280,8.680,1,0,0.123,1.213,73728,19,9,19
"BudgetCrossing",16000,4,43,9.988,9.956,0.320,9.220,1,0,0.124,0.644,20480,19,9,19
"BudgetCrossing",16000,4,44,11.957,11.991,0.262,10.662,1,0,0.121,1.174,73728,19,9,19
"BudgetCrossing",16000,4,45,10.316,10.308,0.331,9.061,1,0,0.124,1.132,81920,19,9,19
"BudgetCrossing",16000,4,46,9.185,9.192,0.245,8.706,1,0,0.122,0.357,12288,19,9,19
"BudgetCrossing",16000,4,47,11.611,11.597,0.238,8.788,1,0,0.119,2.704,,19,9,19
"BudgetCrossing",16000,4,48,10.717,10.730,0.305,9.336,1,0,0.131,1.251,57344,20,9,20
"BudgetCrossing",16000,4,49,11.012,10.998,0.286,9.627,1,0,0.133,1.251,57344,20,9,20
"BudgetCrossing",16000,4,50,12.620,12.625,0.272,11.283,1,0,0.121,1.216,61440,20,9,20
"BudgetCrossing",16000,4,51,10.521,10.521,0.244,8.847,1,0,0.161,1.513,69632,20,9,20
"BudgetCrossing",16000,4,52,10.977,10.978,0.239,9.624,1,0,0.140,1.213,77824,20,9,20
"BudgetCrossing",16000,4,53,13.290,13.273,0.250,10.305,1,0,0.281,2.705,73728,20,9,20
"BudgetCrossing",16000,4,54,10.089,10.103,0.247,8.757,1,0,0.156,1.176,69632,20,9,20
"BudgetCrossing",16000,4,55,9.462,9.464,0.283,8.932,1,0,0.126,0.405,20480,20,9,20
"BudgetCrossing",16000,4,56,10.650,10.645,0.254,9.335,1,0,0.154,1.162,73728,20,9,20
"BudgetCrossing",16000,4,57,10.627,10.628,0.376,8.915,1,0,0.157,1.555,69632,21,9,21
"BudgetCrossing",16000,4,58,12.575,12.574,0.271,11.313,1,0,0.110,1.153,73728,21,9,21
"BudgetCrossing",16000,4,59,10.342,10.345,0.234,8.827,1,0,0.125,1.391,77824,21,9,21
"BudgetCrossing",16000,4,60,13.370,13.356,0.307,11.101,1,0,0.120,2.148,,21,9,21
"BudgetCrossing",16000,4,61,9.610,9.623,0.271,9.089,1,0,0.160,0.362,4096,21,9,21
"BudgetCrossing",16000,4,62,11.605,11.598,0.239,9.235,1,0,0.123,2.246,57344,21,9,21
"BudgetCrossing",16000,4,63,11.446,11.435,0.250,10.797,1,0,0.155,0.494,8192,21,9,21
"BudgetCrossing",16000,4,64,12.564,12.581,0.265,11.264,1,0,0.158,1.143,61440,21,9,21
"BudgetCrossing",16000,4,65,10.463,10.459,0.258,9.117,1,0,0.119,1.227,73728,21,9,21
"BudgetCrossing",16000,4,66,11.067,11.069,0.305,9.714,1,0,0.120,1.233,73728,21,9,21
"BudgetCrossing",16000,4,67,12.018,12.003,0.528,10.449,1,0,0.150,1.419,73728,21,9,21
"BudgetCrossing",16000,4,68,10.430,10.441,0.319,9.054,1,0,0.112,1.264,77824,21,9,21
"BudgetCrossing",16000,4,69,10.209,10.212,0.291,8.841,1,0,0.147,1.221,73728,21,9,21
"BudgetCrossing",16000,4,70,10.468,10.461,0.261,8.855,1,0,0.111,1.502,69632,21,9,21
"BudgetCrossing",16000,4,71,10.097,10.104,0.286,8.881,1,0,0.120,1.096,73728,21,9,21
"BudgetCrossing",16000,4,72,12.573,12.568,0.281,11.342,1,0,0.111,1.121,73728,21,9,21
"BudgetCrossing",16000,4,73,10.279,10.281,0.276,8.994,1,0,0.116,1.169,77824,21,9,21
"BudgetCrossing",16000,4,74,10.743,10.736,0.249,9.200,1,0,0.125,1.418,,21,9,21
"BudgetCrossing",16000,4,75,10.275,10.284,0.271,8.966,1,0,0.128,1.181,57344,21,9,21
"BudgetCrossing",16000,4,76,10.349,10.337,0.260,9.547,1,0,0.134,0.667,4096,21,9,21
"BudgetCrossing",16000,4,77,10.268,10.280,0.307,8.898,1,0,0.122,1.248,61440,21,9,21
"BudgetCrossing",16000,4,78,11.132,11.125,0.283,9.668,1,0,0.161,1.303,69632,21,9,21
"BudgetCrossing",16000,4,79,12.384,12.380,0.242,11.044,1,0,0.153,1.187,73728,21,9,21
"BudgetCrossing",16000,4,80,10.224,10.230,0.242,8.894,1,0,0.137,1.193,73728,21,9,21
"BudgetCrossing",16000,4,81,12.586,12.580,0.276,11.264,1,0,0.152,1.171,73728,21,9,21
"BudgetCrossing",16000,4,82,11.601,11.606,0.283,10.197,1,0,0.121,1.283,73728,21,9,21
"BudgetCrossing",16000,4,83,11.248,11.231,0.270,10.562,1,0,0.140,0.546,16384,21,9,21
"BudgetCrossing",16000,4,84,10.700,10.718,0.387,9.402,1,0,0.128,1.171,69632,21,9,21
"BudgetCrossing",16000,4,85,11.876,11.866,0.343,10.516,1,0,0.140,1.220,73728,21,9,21
"BudgetCrossing",16000,4,86,10.560,10.562,0.254,9.052,1,0,0.127,1.381,73728,21,9,21
"BudgetCrossing",16000,4,87,10.348,10.346,0.265,8.895,1,0,0.132,1.321,73728,21,9,21
"BudgetCrossing",16000,4,88,11.652,11.643,0.411,8.606,1,0,0.120,2.927,,21,9,21
"BudgetCrossing",16000,4,89,10.180,10.199,0.275,8.908,1,0,0.131,1.140,57344,21,9,21
"BudgetCrossing",16000,4,90,10.939,10.931,0.251,9.582,1,0,0.160,1.198,57344,21,9,21
"BudgetCrossing",16000,4,91,11.031,11.033,0.305,9.772,1,0,0.158,1.101,61440,21,9,21
"BudgetCrossing",16000,4,92,11.510,11.482,0.260,9.098,1,0,0.124,2.288,69632,21,9,21
"BudgetCrossing",16000,4,93,11.567,11.592,0.263,10.925,1,0,0.167,0.476,16384,21,9,21
"BudgetCrossing",16000,4,94,11.192,11.182,0.273,9.271,1,0,0.180,1.740,73728,21,9,21
"BudgetCrossing",16000,4,95,12.494,12.503,0.280,11.181,1,0,0.143,1.170,73728,21,9,21
"BudgetCrossing",16000,4,96,11.045,11.032,0.265,8.946,1,0,0.148,1.951,73728,21,9,21
"BudgetCrossing",16000,4,97,12.133,12.140,0.310,10.885,1,0,0.145,1.103,73728,21,9,21
"BudgetCrossing",16000,4,98,10.362,10.365,0.291,9.101,1,0,0.134,1.128,69632,21,9,21
"BudgetCrossing",16000,4,99,11.664,11.655,0.285,9.456,1,0,0.123,2.084,73728,21,9,21
"BudgetCrossing",16000,4,100,14.989,14.945,0.329,9.185,1,0,0.141,5.663,77824,21,9,21
"BudgetCrossing",16000,4,101,12.412,12.460,0.281,10.017,1,0,0.114,2.281,,21,9,21
"BudgetCrossing",16000,4,102,10.053,10.052,0.000,8.820,1,0,0.125,1.109,57344,21,9,21
"BudgetCrossing",16000,4,103,10.879,10.878,0.316,9.243,1,0,0.165,1.472,57344,21,9,21
"BudgetCrossing",16000,4,104,11.281,11.273,0.314,9.905,1,0,0.151,1.226,61440,21,9,21
"BudgetCrossing",16000,4,105,10.596,10.609,0.282,9.221,1,0,0.141,1.234,57344,21,9,21
"BudgetCrossing",16000,4,106,11.173,11.167,0.254,9.762,1,0,0.128,1.283,73728,21,9,21
"BudgetCrossing",16000,4,107,10.668,10.673,0.253,9.281,1,0,0.164,1.223,77824,21,9,21
"BudgetCrossing",16000,4,108,12.795,12.787,0.260,11.317,1,0,0.133,1.345,69632,21,9,21
"BudgetCrossing",16000,4,109,10.968,10.972,0.260,9.600,1,0,0.128,1.240,73728,21,9,21
"BudgetCrossing",16000,4,110,10.756,10.757,0.299,9.209,1,0,0.123,1.424,73728,21,9,21
"BudgetCrossing",16000,4,111,12.896,12.882,0.314,11.474,1,0,0.132,1.291,69632,21,9,21
"BudgetCrossing",16000,4,112,10.646,10.652,0.253,9.226,1,0,0.166,1.255,73728,21,9,21
"BudgetCrossing",16000,4,113,12.083,12.056,0.262,9.382,1,0,0.123,2.578,,21,9,21
"BudgetCrossing",16000,4,114,11.991,12.018,0.310,10.406,1,0,0.123,1.462,57344,21,9,21
"BudgetCrossing",16000,4,115,11.822,11.819,0.253,10.361,1,0,0.132,1.329,57344,21,9,21
"BudgetCrossing",16000,4,116,10.709,10.709,0.283,9.299,1,0,0.130,1.281,61440,21,9,21
"BudgetCrossing",16000,4,117,10.647,10.656,0.250,9.300,1,0,0.164,1.183,57344,21,9,21
"BudgetCrossing",16000,4,118,11.854,11.848,0.249,10.618,1,0,0.116,1.120,69632,21,9,21
"BudgetCrossing",16000,4,119,10.703,10.704,0.261,9.392,1,0,0.155,1.157,77824,21,9,21
"BudgetCrossing",16000,4,120,10.239,10.234,0.255,9.581,1,0,0.121,0.537,12288,21,9,21
"BudgetCrossing",16000,4,121,11.519,11.520,0.304,9.706,1,0,0.128,1.685,73728,21,9,21
"BudgetCrossing",16000,4,122,12.504,12.503,0.259,11.197,1,0,0.117,1.190,73728,21,9,21
"BudgetCrossing",16000,4,123,11.199,11.193,0.366,9.555,1,0,0.151,1.492,73728,21,9,21
"BudgetCrossing",16000,4,124,12.422,12.431,0.244,11.170,1,0,0.120,1.133,73728,21,9,21
"BudgetCrossing",16000,4,125,12.860,12.846,0.346,9.408,1,0,0.141,3.311,,21,9,21
"BudgetCrossing",16000,4,126,10.778,10.790,0.279,9.389,1,0,0.137,1.252,61440,21,9,21
"BudgetCrossing",16000,4,127,12.321,12.314,0.278,11.003,1,0,0.124,1.195,57344,21,9,21
"BudgetCrossing",16000,4,128,10.816,10.823,0.249,9.475,1,0,0.133,1.208,61440,21,9,21
"BudgetCrossing",16000,4,129,10.838,10.832,0.251,9.393,1,0,0.165,1.281,57344,21,9,21
"BudgetCrossing",16000,4,130,12.451,12.426,0.252,9.663,1,0,0.130,2.659,65536,21,9,21
"BudgetCrossing",16000,4,131,13.649,13.679,0.298,12.344,1,0,0.124,1.181,73728,21,9,21
"BudgetCrossing",16000,4,132,10.536,10.527,0.377,9.191,1,0,0.126,1.219,73728,21,9,21
"BudgetCrossing",16000,4,133,12.764,12.765,0.289,11.297,1,0,0.164,1.303,73728,21,9,21
"BudgetCrossing",16000,4,134,9.573,9.577,0.253,9.003,1,0,0.129,0.441,20480,21,9,21
"BudgetCrossing",16000,4,135,11.107,11.105,0.294,10.602,1,0,0.123,0.382,12288,21,9,21
"BudgetCrossing",16000,4,136,10.905,10.911,0.286,9.579,1,0,0.122,1.205,73728,21,9,21
"BudgetCrossing",16000,4,137,13.174,13.131,0.252,10.165,1,0,0.127,2.882,77824,21,9,21
"BudgetCrossing",16000,4,138,13.501,13.502,0.247,10.439,1,0,0.141,2.921,,21,9,21
"BudgetCrossing",16000,4,139,11.877,11.905,0.259,10.435,1,0,0.134,1.308,57344,21,9,21
"BudgetCrossing",16000,4,140,11.452,11.451,0.000,10.129,1,0,0.137,1.186,61440,21,9,21
"BudgetCrossing",16000,4,141,10.038,10.043,0.295,9.537,1,0,0.130,0.371,8192,21,9,21
"BudgetCrossing",16000,4,142,11.557,11.541,0.259,9.561,1,0,0.169,1.827,57344,21,9,21
"BudgetCrossing",16000,4,143,11.816,11.831,0.263,10.314,1,0,0.167,1.336,61440,21,9,21
"BudgetCrossing",16000,4,144,11.938,11.935,0.248,10.303,1,0,0.131,1.505,65536,21,9,21
"BudgetCrossing",16000,4,145,11.308,11.313,0.261,9.646,1,0,0.125,1.537,69632,21,9,21
"BudgetCrossing",16000,4,146,11.817,11.795,0.280,9.545,1,0,0.166,2.106,73728,21,9,21
"BudgetCrossing",16000,4,147,11.892,11.907,0.354,10.439,1,0,0.144,1.309,77824,21,9,21
"BudgetCrossing",16000,4,148,11.785,11.794,0.291,10.379,1,0,0.127,1.279,69632,21,9,21
"BudgetCrossing",16000,4,149,13.960,13.928,0.292,11.769,1,0,0.168,2.023,73728,21,9,21
"BudgetCrossing",16000,4,150,15.241,15.254,0.283,12.637,1,0,0.157,2.447,73728,21,9,21
"BudgetCrossing",16000,4,151,11.512,11.521,0.266,9.327,1,0,0.150,2.035,,21,9,21
"BudgetCrossing",16000,4,152,11.809,11.807,0.288,10.471,1,0,0.130,1.209,57344,21,9,21
"BudgetCrossing",16000,4,153,11.815,11.816,0.283,10.129,1,0,0.160,1.526,61440,21,9,21
"BudgetCrossing",16000,4,154,11.484,11.483,0.268,10.087,1,0,0.171,1.226,61440,21,9,21
"BudgetCrossing",16000,4,155,11.839,11.838,0.278,10.301,1,0,0.124,1.413,57344,21,9,21
"BudgetCrossing",16000,4,156,10.880,10.886,0.250,9.555,1,0,0.121,1.204,61440,21,9,21
"BudgetCrossing",16000,4,157,10.292,10.286,0.280,9.726,1,0,0.151,0.415,12288,21,9,21
"BudgetCrossing",16000,4,158,11.591,11.599,0.251,10.246,1,0,0.135,1.209,69632,21,9,21
"BudgetCrossing",16000,4,159,12.147,12.130,0.256,10.667,1,0,0.142,1.338,73728,21,9,21
"BudgetCrossing",16000,4,160,11.643,11.651,0.298,9.968,1,0,0.127,1.548,77824,21,9,21
"BudgetCrossing",16000,4,161,11.639,11.638,0.261,10.143,1,0,0.130,1.365,69632,21,9,21
"BudgetCrossing",16000,4,162,12.794,12.767,0.311,9.622,1,0,0.121,3.051,73728,21,9,21
"BudgetCrossing",16000,4,163,11.638,11.670,0.275,10.406,1,0,0.122,1.110,73728,21,9,21
"BudgetCrossing",16000,4,164,12.209,12.199,0.260,9.919,1,0,0.127,2.163,,21,9,21
"BudgetCrossing",16000,4,165,11.203,11.212,0.252,9.845,1,0,0.136,1.222,57344,21,9,21
"BudgetCrossing",16000,4,166,11.760,11.752,0.263,11.232,1,0,0.168,0.359,4096,21,9,21
"BudgetCrossing",16000,4,167,14.571,14.567,0.307,12.014,1,0,0.174,2.383,65536,21,9,21
"BudgetCrossing",16000,4,168,11.198,11.208,0.294,9.822,1,0,0.151,1.226,57344,21,9,21
"BudgetCrossing",16000,4,169,12.138,12.131,0.291,10.628,1,0,0.125,1.385,61440,21,9,21
"BudgetCrossing",16000,4,170,14.688,14.655,0.264,12.495,1,0,0.133,2.060,61440,21,9,21
"BudgetCrossing",16000,4,171,12.035,12.066,0.272,10.415,1,0,0.174,1.446,69632,21,9,21
"BudgetCrossing",16000,4,172,11.327,11.142,0.301,9.900,1,0,0.123,1.305,73728,21,9,21
"BudgetCrossing",16000,4,173,10.656,10.842,0.291,10.084,1,0,0.133,0.440,16384,21,9,21
"BudgetCrossing",16000,4,174,12.990,12.987,0.267,11.753,1,0,0.121,1.116,73728,21,9,21
"BudgetCrossing",16000,4,175,13.148,13.152,0.358,11.906,1,0,0.124,1.118,73728,21,9,21
"BudgetCrossing",16000,4,176,10.638,10.640,0.246,9.335,1,0,0.165,1.138,73728,21,9,21
"BudgetCrossing",16000,4,177,10.107,10.101,0.275,9.555,1,0,0.154,0.398,16384,21,9,21
"BudgetCrossing",16000,4,178,10.481,10.481,0.256,9.836,1,0,0.123,0.522,24576,21,9,21
"BudgetCrossing",16000,4,179,14.430,14.421,0.319,12.406,1,0,0.119,1.905,73728,21,9,21
"BudgetCrossing",16000,4,180,14.751,14.726,0.285,10.810,1,0,0.145,3.796,,21,9,21
"BudgetCrossing",16000,4,181,16.743,16.777,0.285,15.211,1,0,0.148,1.385,57344,21,9,21
"BudgetCrossing",16000,4,182,13.375,13.348,0.240,11.166,1,0,0.117,2.092,61440,21,9,21
"BudgetCrossing",16000,4,183,11.816,11.838,0.289,11.070,1,0,0.156,0.590,8192,21,9,21
"BudgetCrossing",16000,4,184,11.590,11.567,0.296,9.720,1,0,0.136,1.734,57344,21,9,21
"BudgetCrossing",16000,4,185,14.431,14.456,0.323,12.961,1,0,0.114,1.357,61440,21,9,21
"BudgetCrossing",16000,4,186,11.620,11.618,0.322,10.036,1,0,0.149,1.435,61440,21,9,21
"BudgetCrossing",16000,4,187,11.463,11.462,0.304,9.796,1,0,0.147,1.520,69632,21,9,21
"BudgetCrossing",16000,4,188,12.816,12.796,0.263,10.596,1,0,0.157,2.063,73728,21,9,21
"BudgetCrossing",16000,4,189,11.167,11.194,0.289,9.811,1,0,0.129,1.228,77824,21,9,21
"BudgetCrossing",16000,4,190,10.878,10.871,0.288,10.282,1,0,0.164,0.431,16384,21,9,21
"BudgetCrossing",16000,4,191,11.214,11.219,0.251,9.898,1,0,0.129,1.186,73728,21,9,21
"BudgetCrossing",16000,4,192,9.945,9.940,0.259,9.399,1,0,0.157,0.389,20480,21,9,21
"BudgetCrossing",16000,4,193,11.213,11.211,0.286,9.851,1,0,0.156,1.205,73728,21,9,21
"BudgetCrossing",16000,4,194,17.360,17.323,0.236,13.618,1,0,0.189,3.552,,21,9,21
"BudgetCrossing",16000,4,195,13.266,13.300,0.309,11.908,1,0,0.121,1.238,57344,21,9,21
"BudgetCrossing",16000,4,196,11.826,11.826,0.000,10.437,1,0,0.134,1.255,57344,21,9,21
"BudgetCrossing",16000,4,197,14.319,14.315,0.317,11.622,1,0,0.167,2.531,65536,21,9,21
"BudgetCrossing",16000,4,198,13.234,13.234,0.367,11.567,1,0,0.252,1.415,57344,21,9,21
"BudgetCrossing",16000,4,199,11.480,11.481,0.251,10.154,1,0,0.167,1.159,61440,21,9,21
"BudgetCrossing",16000,4,200,12.803,12.789,0.296,10.096,1,0,0.155,2.552,61440,21,9,21
"BudgetCrossing",16000,4,201,10.698,10.711,0.316,9.892,1,0,0.123,0.683,12288,21,9,21
"BudgetCrossing",16000,4,202,11.031,11.035,0.275,9.635,1,0,0.155,1.241,73728,21,9,21
"BudgetCrossing",16000,4,203,12.941,12.925,0.286,10.433,1,0,0.129,2.379,73728,21,9,21
"BudgetCrossing",16000,4,204,12.176,12.185,0.265,10.474,1,0,0.163,1.539,73728,21,9,21
"BudgetCrossing",16000,4,205,18.141,18.124,0.245,14.765,1,0,0.147,3.229,73728,21,9,21
"BudgetCrossing",16000,4,206,12.206,12.223,0.283,10.768,1,0,0.151,1.287,73728,21,9,21
"BudgetCrossing",16000,4,207,10.262,10.262,0.252,9.685,1,0,0.151,0.426,20480,21,9,21
"BudgetCrossing",16000,4,208,13.551,13.546,0.323,11.307,1,0,0.120,2.124,,21,9,21
"BudgetCrossing",16000,4,209,11.400,11.397,0.330,9.733,1,0,0.129,1.537,57344,21,9,21
"BudgetCrossing",16000,4,210,11.927,11.933,0.276,10.520,1,0,0.157,1.250,57344,21,9,21
"BudgetCrossing",16000,4,211,12.382,12.363,0.270,9.868,1,0,0.120,2.394,65536,21,9,21
"BudgetCrossing",16000,4,212,12.827,12.843,0.248,11.239,1,0,0.152,1.436,57344,21,9,21
"BudgetCrossing",16000,4,213,14.119,14.114,0.312,12.072,1,0,0.117,1.929,61440,21,9,21
"BudgetCrossing",16000,4,214,14.232,14.229,0.261,12.563,1,0,0.128,1.541,61440,21,9,21
"BudgetCrossing",16000,4,215,12.714,12.719,0.251,11.468,1,0,0.118,1.129,65536,21,9,21
"BudgetCrossing",16000,4,216,10.627,10.628,0.272,10.046,1,0,0.160,0.422,16384,21,9,21
"BudgetCrossing",16000,4,217,12.101,12.102,0.258,10.803,1,0,0.131,1.168,73728,21,9,21
"BudgetCrossing",16000,4,218,11.968,11.966,0.263,10.647,1,0,0.128,1.193,73728,21,9,21
"BudgetCrossing",16000,4,219,11.521,11.517,0.247,9.973,1,0,0.147,1.402,73728,21,9,21
"BudgetCrossing",16000,4,220,11.512,11.513,0.273,10.976,1,0,0.141,0.395,20480,21,9,21
"BudgetCrossing",16000,4,221,13.392,13.398,0.276,12.035,1,0,0.163,1.193,73728,21,9,21
"BudgetCrossing",16000,4,222,14.726,14.714,0.245,11.543,1,0,0.119,3.064,,21,9,21
"BudgetCrossing",16000,4,223,11.162,11.168,0.253,9.807,1,0,0.128,1.228,118784,21,9,21
"BudgetCrossing",16000,4,224,12.187,12.193,0.286,10.798,1,0,0.170,1.219,69632,21,9,21
"BudgetCrossing",16000,4,225,13.674,13.664,0.276,11.165,1,0,0.160,2.349,77824,21,9,21
"BudgetCrossing",16000,4,226,12.446,12.447,0.246,11.003,1,0,0.129,1.314,69632,21,9,21
"BudgetCrossing",16000,4,227,12.691,12.697,0.301,11.277,1,0,0.135,1.279,73728,21,9,21
"BudgetCrossing",16000,4,228,11.483,11.472,0.276,10.104,1,0,0.156,1.223,73728,21,9,21
"BudgetCrossing",16000,4,229,10.659,10.668,0.286,10.102,1,0,0.160,0.398,16384,21,9,21
"BudgetCrossing",16000,4,230,12.836,12.832,0.306,12.354,1,0,0.113,0.370,24576,21,9,21
"BudgetCrossing",16000,4,231,11.766,11.759,0.303,10.098,1,0,0.141,1.526,73728,21,9,21
"BudgetCrossing",16000,4,232,12.689,12.682,0.372,10.418,1,0,0.148,2.124,,21,9,21
"BudgetCrossing",16000,4,233,11.353,11.363,0.306,10.100,1,0,0.126,1.128,69632,21,9,21
"BudgetCrossing",16000,4,234,11.277,11.278,0.247,9.770,1,0,0.155,1.353,69632,21,9,21
"BudgetCrossing",16000,4,235,13.188,13.155,0.284,10.336,1,0,0.122,2.731,73728,21,9,21
"BudgetCrossing",16000,4,236,11.341,11.357,0.260,10.579,1,0,0.121,0.642,16384,21,9,21
"BudgetCrossing",16000,4,237,11.288,11.299,0.258,10.746,1,0,0.123,0.420,16384,21,9,21
"BudgetCrossing",16000,4,238,10.948,10.948,0.290,10.382,1,0,0.144,0.421,20480,21,9,21
"BudgetCrossing",16000,4,239,15.629,15.613,0.292,12.672,1,0,0.152,2.806,69632,21,9,21
"BudgetCrossing",16000,4,240,11.991,12.005,0.305,10.628,1,0,0.119,1.244,77824,21,9,21
"BudgetCrossing",16000,4,241,12.991,12.987,0.261,11.521,1,0,0.138,1.332,73728,21,9,21
"BudgetCrossing",16000,4,242,12.373,12.380,0.329,11.117,1,0,0.119,1.138,73728,21,9,21
"BudgetCrossing",16000,4,243,11.775,11.766,0.266,11.075,1,0,0.170,0.530,20480,21,9,21
"BudgetCrossing",16000,4,244,12.543,12.551,0.278,11.194,1,0,0.124,1.226,77824,21,9,21
"BudgetCrossing",16000,4,245,10.729,10.724,0.312,10.169,1,0,0.139,0.420,20480,21,9,21
"BudgetCrossing",16000,4,246,12.451,12.445,0.259,10.734,1,0,0.153,1.564,73728,21,9,21
"BudgetCrossing",16000,4,247,12.213,12.221,0.292,10.845,1,0,0.153,1.216,77824,21,9,21
"BudgetCrossing",16000,4,248,10.915,10.914,0.274,10.390,1,0,0.130,0.395,16384,21,9,21
"BudgetCrossing",16000,4,249,13.778,13.770,0.258,11.130,1,0,0.145,2.503,,21,9,21
"BudgetCrossing",16000,4,250,11.102,10.868,0.290,9.589,1,0,0.115,1.398,69632,21,9,21
"BudgetCrossing",16000,4,251,12.131,12.367,0.000,10.786,1,0,0.129,1.215,73728,21,9,21
"BudgetCrossing",16000,4,252,12.153,12.137,0.332,11.388,1,0,0.125,0.641,16384,21,9,21
"BudgetCrossing",16000,4,253,15.279,15.290,0.303,13.753,1,0,0.117,1.409,69632,21,9,21
"BudgetCrossing",16000,4,254,12.051,12.053,0.265,10.676,1,0,0.131,1.244,73728,21,9,21
"BudgetCrossing",16000,4,255,12.222,12.229,0.302,10.839,1,0,0.133,1.250,73728,21,9,21
"BudgetCrossing",16000,4,256,11.763,11.755,0.307,10.380,1,0,0.156,1.226,69632,21,9,21
"BudgetCrossing",16000,4,257,12.090,12.095,0.302,11.561,1,0,0.137,0.392,20480,21,9,21
"BudgetCrossing",16000,4,258,11.554,11.549,0.263,10.214,1,0,0.146,1.194,73728,21,9,21
"BudgetCrossing",16000,4,259,11.857,11.846,0.301,10.452,1,0,0.162,1.242,73728,21,9,21
"BudgetCrossing",16000,4,260,13.179,13.190,0.392,11.512,1,0,0.119,1.548,73728,21,9,21
"BudgetCrossing",16000,4,261,13.873,13.869,0.294,12.560,1,0,0.125,1.188,73728,21,9,21
"BudgetCrossing",16000,4,262,11.933,11.932,0.642,10.573,1,0,0.154,1.207,73728,21,9,21
"BudgetCrossing",16000,4,263,15.056,15.055,0.287,12.398,1,0,0.149,2.510,,21,9,21
"BudgetCrossing",16000,4,264,11.464,11.470,0.257,10.143,1,0,0.127,1.194,65536,21,9,21
"BudgetCrossing",16000,4,265,11.908,11.908,0.254,10.464,1,0,0.158,1.285,69632,21,9,21
"BudgetCrossing",16000,4,266,12.820,12.788,0.270,11.814,1,0,0.152,0.854,20480,21,9,21
"BudgetCrossing",16000,4,267,14.058,14.086,0.289,12.789,1,0,0.110,1.159,69632,21,9,21
"BudgetCrossing",16000,4,268,13.386,13.374,0.274,11.820,1,0,0.187,1.379,73728,21,9,21
"BudgetCrossing",16000,4,269,21.586,21.545,0.314,19.140,1,0,0.200,2.246,73728,21,9,21
"BudgetCrossing",16000,4,270,14.919,14.974,0.271,13.632,1,0,0.121,1.167,69632,21,9,21
"BudgetCrossing",16000,4,271,11.315,11.307,0.255,9.969,1,0,0.124,1.223,77824,21,9,21
"BudgetCrossing",16000,4,272,10.936,10.941,0.251,10.383,1,0,0.124,0.429,16384,21,9,21
"BudgetCrossing",16000,4,273,10.702,10.695,0.287,10.090,1,0,0.157,0.456,12288,21,9,21
"BudgetCrossing",16000,4,274,14.013,13.991,0.275,10.807,1,0,0.155,3.052,77824,21,9,21
"BudgetCrossing",16000,4,275,14.028,14.056,0.245,12.775,1,0,0.112,1.140,73728,21,9,21
"BudgetCrossing",16000,4,276,11.842,11.837,0.577,10.581,1,0,0.118,1.143,77824,21,9,21
"BudgetCrossing",16000,4,277,11.036,11.037,0.277,10.497,1,0,0.130,0.409,20480,21,9,21
"BudgetCrossing",16000,4,278,12.324,12.328,0.277,10.912,1,0,0.159,1.252,77824,21,9,21
"BudgetCrossing",16000,4,279,13.902,13.884,0.253,11.113,1,0,0.157,2.631,,21,9,21
"BudgetCrossing",16000,4,280,11.577,11.598,0.255,11.101,1,0,0.128,0.347,8192,21,9,21
"BudgetCrossing",16000,4,281,11.073,11.062,0.000,10.571,1,0,0.156,0.345,8192,21,9,21
"BudgetCrossing",16000,4,282,15.272,15.243,0.277,12.243,1,0,0.124,2.905,77824,21,9,21
"BudgetCrossing",16000,4,283,13.114,13.133,0.283,10.704,1,0,0.121,2.289,73728,21,9,21
"BudgetCrossing",16000,4,284,17.965,17.965,0.239,16.345,1,0,0.147,1.473,73728,21,9,21
"BudgetCrossing",16000,4,285,13.031,13.033,0.273,11.656,1,0,0.157,1.219,73728,21,9,21
"BudgetCrossing",16000,4,286,13.205,13.181,0.257,10.141,1,0,0.151,2.913,69632,21,9,21
"BudgetCrossing",16000,4,287,12.981,13.011,0.259,11.560,1,0,0.159,1.261,77824,21,9,21
"BudgetCrossing",16000,4,288,15.468,15.455,0.312,13.522,1,0,0.198,1.749,73728,21,9,21
"BudgetCrossing",16000,4,289,13.531,13.515,0.325,10.453,1,0,0.159,2.919,73728,21,9,21
"BudgetCrossing",16000,4,290,14.932,14.955,0.303,13.357,1,0,0.122,1.452,73728,21,9,21
"BudgetCrossing",16000,4,291,11.046,11.044,0.299,10.515,1,0,0.120,0.411,16384,21,9,21
"BudgetCrossing",16000,4,292,12.340,12.342,0.319,11.061,1,0,0.120,1.159,73728,21,9,21
"BudgetCrossing",16000,4,293,11.422,11.423,0.308,10.181,1,0,0.128,1.113,73728,21,9,21
"BudgetCrossing",16000,4,294,16.702,16.688,0.283,14.614,1,0,0.161,1.927,,21,9,21
"BudgetCrossing",16000,4,295,12.901,12.914,0.296,11.661,1,0,0.120,1.120,65536,21,9,21
"BudgetCrossing",16000,4,296,13.676,13.678,0.245,12.266,1,0,0.122,1.288,65536,21,9,21
"BudgetCrossing",16000,4,297,12.640,12.611,0.249,11.228,1,0,0.134,1.278,73728,21,9,21
"BudgetCrossing",16000,4,298,11.593,11.610,0.294,10.200,1,0,0.142,1.251,69632,21,9,21
"BudgetCrossing",16000,4,299,12.303,12.304,0.258,10.859,1,0,0.183,1.261,73728,21,9,21
"BudgetCrossing",18000,4,0,12.230,12.241,0.273,10.929,1,0,0.135,1.166,77824,14,9,14
"BudgetCrossing",18000,4,1,11.882,11.887,0.266,10.560,1,0,0.151,1.172,69632,14,9,14
"BudgetCrossing",18000,4,2,12.927,12.917,0.245,11.406,1,0,0.136,1.385,73728,14,9,14
"BudgetCrossing",18000,4,3,16.368,16.367,0.259,14.813,1,0,0.138,1.417,77824,15,9,15
"BudgetCrossing",18000,4,4,11.676,11.681,0.270,10.386,1,0,0.134,1.156,73728,15,9,15
"BudgetCrossing",18000,4,5,12.425,12.415,0.265,11.775,1,0,0.181,0.469,20480,15,9,15
"BudgetCrossing",18000,4,6,15.034,15.028,0.252,11.696,1,0,0.132,3.206,,15,9,15
"BudgetCrossing",18000,4,7,14.111,14.118,0.248,12.687,1,0,0.173,1.252,61440,15,9,15
"BudgetCrossing",18000,4,8,11.160,11.159,0.244,10.688,1,0,0.154,0.318,8192,15,9,15
"BudgetCrossing",18000,4,9,12.051,12.057,0.236,10.693,1,0,0.148,1.211,73728,15,9,15
"BudgetCrossing",18000,4,10,12.193,12.187,0.252,10.869,1,0,0.139,1.185,69632,15,9,15
"BudgetCrossing",18000,4,11,14.899,14.896,0.242,13.325,1,0,0.274,1.299,73728,15,9,15
"BudgetCrossing",18000,4,12,13.599,13.604,0.237,12.301,1,0,0.144,1.154,73728,16,9,16
"BudgetCrossing",18000,4,13,11.918,11.912,0.245,10.599,1,0,0.142,1.177,73728,16,9,16
"BudgetCrossing",18000,4,14,13.887,13.891,0.243,12.544,1,0,0.137,1.206,73728,16,9,16
"BudgetCrossing",18000,4,15,12.128,12.129,0.277,10.764,1,0,0.139,1.225,73728,16,9,16
"BudgetCrossing",18000,4,16,13.151,13.144,0.234,11.775,1,0,0.163,1.214,69632,16,9,16
"BudgetCrossing",18000,4,17,12.511,12.513,0.245,10.890,1,0,0.168,1.453,73728,16,9,16
"BudgetCrossing",18000,4,18,11.980,11.985,0.285,10.453,1,0,0.169,1.359,73728,16,9,16
"BudgetCrossing",18000,4,19,13.210,13.201,0.249,11.169,1,0,0.132,1.909,,16,9,16
"BudgetCrossing",18000,4,20,12.314,12.318,0.286,10.956,1,0,0.181,1.177,57344,16,9,16
"BudgetCrossing",18000,4,21,14.217,14.222,0.270,13.003,1,0,0.125,1.089,73728,17,9,17
"BudgetCrossing",18000,4,22,11.470,11.458,0.243,10.768,1,0,0.180,0.522,16384,17,9,17
"BudgetCrossing",18000,4,23,13.463,13.474,0.257,12.990,1,0,0.134,0.339,20480,17,9,17
"BudgetCrossing",18000,4,24,12.792,12.771,0.329,10.585,1,0,0.206,2.002,73728,17,9,17
"BudgetCrossing",18000,4,25,12.206,12.222,0.267,10.875,1,0,0.134,1.196,69632,17,9,17
"BudgetCrossing",18000,4,26,13.072,13.069,0.256,11.676,1,0,0.180,1.216,73728,17,9,17
"BudgetCrossing",18000,4,27,13.946,13.946,0.293,12.666,1,0,0.134,1.146,77824,17,9,17
"BudgetCrossing",18000,4,28,12.379,12.376,0.273,11.072,1,0,0.162,1.146,69632,17,9,17
"BudgetCrossing",18000,4,29,12.404,12.400,0.241,10.225,1,0,0.133,2.046,77824,17,9,17
"BudgetCrossing",18000,4,30,11.993,11.993,0.323,10.582,1,0,0.173,1.237,73728,18,9,18
"BudgetCrossing",18000,4,31,14.126,14.104,0.551,11.027,1,0,0.157,2.943,69632,18,9,18
"BudgetCrossing",18000,4,32,14.251,14.271,0.280,12.150,1,0,0.140,1.962,,18,9,18
"BudgetCrossing",18000,4,33,13.615,13.590,0.257,10.631,1,0,0.142,2.843,69632,18,9,18
"BudgetCrossing",18000,4,34,16.054,16.082,0.264,14.556,1,0,0.157,1.341,57344,18,9,18
"BudgetCrossing",18000,4,35,14.223,14.210,0.320,12.644,1,0,0.154,1.426,69632,18,9,18
"BudgetCrossing",18000,4,36,11.381,11.396,0.297,10.775,1,0,0.135,0.471,16384,18,9,18
"BudgetCrossing",18000,4,37,12.621,12.616,0.274,10.537,1,0,0.184,1.901,73728,18,9,18
"BudgetCrossing",18000,4,38,12.202,12.211,0.303,10.832,1,0,0.134,1.236,73728,18,9,18
"BudgetCrossing",18000,4,39,13.487,13.472,0.278,10.856,1,0,0.177,2.454,69632,19,9,19
"BudgetCrossing",18000,4,40,13.956,13.965,0.223,12.531,1,0,0.132,1.293,77824,19,9,19
"BudgetCrossing",18000,4,41,12.197,12.197,0.303,10.923,1,0,0.154,1.121,73728,19,9,19
"BudgetCrossing",18000,4,42,12.155,12.126,0.239,11.320,1,0,0.145,0.690,16384,19,9,19
"BudgetCrossing",18000,4,43,15.110,15.135,0.270,14.541,1,0,0.168,0.401,20480,19,9,19
"BudgetCrossing",18000,4,44,13.761,13.759,0.251,11.806,1,0,0.219,1.737,73728,19,9,19
"BudgetCrossing",18000,4,45,19.956,19.942,0.306,17.295,1,0,0.166,2.495,69632,19,9,19
"BudgetCrossing",18000,4,46,15.542,15.522,0.260,12.496,1,0,0.139,2.908,73728,19,9,19
"BudgetCrossing",18000,4,47,17.054,17.011,0.618,10.947,1,0,0.176,5.931,,19,9,19
"BudgetCrossing",18000,4,48,13.091,13.166,0.257,11.646,1,0,0.140,1.305,69632,20,9,20
"BudgetCrossing",18000,4,49,12.869,12.873,0.000,11.591,1,0,0.141,1.137,57344,20,9,20
"BudgetCrossing",18000,4,50,14.095,14.090,0.279,12.863,1,0,0.129,1.103,65536,20,9,20
"BudgetCrossing",18000,4,51,12.059,12.058,0.256,10.679,1,0,0.169,1.211,69632,20,9,20
"BudgetCrossing",18000,4,52,12.338,12.330,0.248,11.743,1,0,0.142,0.454,20480,20,9,20
"BudgetCrossing",18000,4,53,16.404,16.409,0.306,14.681,1,0,0.189,1.534,73728,20,9,20
"BudgetCrossing",18000,4,54,14.980,14.961,0.282,13.482,1,0,0.179,1.320,69632,20,9,20
"BudgetCrossing",18000,4,55,13.905,13.922,0.267,12.327,1,0,0.255,1.323,77824,20,9,20
"BudgetCrossing",18000,4,56,11.669,11.657,0.260,10.750,1,0,0.138,0.780,16384,20,9,20
"BudgetCrossing",18000,4,57,12.140,12.149,0.268,10.789,1,0,0.138,1.213,69632,21,9,21
"BudgetCrossing",18000,4,58,13.790,13.792,0.278,13.162,1,0,0.154,0.474,24576,21,9,21
"BudgetCrossing",18000,4,59,14.911,14.900,0.261,13.442,1,0,0.164,1.305,73728,21,9,21
"BudgetCrossing",18000,4,60,12.925,12.934,0.299,11.609,1,0,0.160,1.156,69632,21,9,21
"BudgetCrossing",18000,4,61,13.244,13.249,0.249,11.894,1,0,0.189,1.162,73728,21,9,21
"BudgetCrossing",18000,4,62,14.689,14.679,0.293,12.701,1,0,0.139,1.849,,21,9,21
"BudgetCrossing",18000,4,63,12.104,12.108,0.251,10.584,1,0,0.139,1.381,69632,21,9,21
"BudgetCrossing",18000,4,64,12.340,12.338,0.290,10.964,1,0,0.141,1.235,57344,21,9,21
"BudgetCrossing",18000,4,65,14.595,14.590,0.280,13.265,1,0,0.139,1.191,65536,21,9,21
"BudgetCrossing",18000,4,66,14.235,14.239,0.263,12.879,1,0,0.137,1.219,69632,21,9,21
"BudgetCrossing",18000,4,67,13.003,13.007,0.260,11.498,1,0,0.140,1.365,73728,21,9,21
"BudgetCrossing",18000,4,68,13.851,13.845,0.251,12.377,1,0,0.139,1.335,73728,21,9,21
"BudgetCrossing",18000,4,69,12.123,12.122,0.290,10.711,1,0,0.178,1.235,73728,21,9,21
"BudgetCrossing",18000,4,70,12.257,12.264,0.287,10.981,1,0,0.138,1.139,73728,21,9,21
"BudgetCrossing",18000,4,71,14.196,14.179,0.254,12.457,1,0,0.185,1.553,73728,21,9,21
"BudgetCrossing",18000,4,72,12.943,12.953,0.255,11.442,1,0,0.143,1.357,69632,21,9,21
"BudgetCrossing",18000,4,73,17.026,17.018,0.254,15.300,1,0,0.179,1.547,77824,21,9,21
"BudgetCrossing",18000,4,74,14.429,14.439,0.256,13.012,1,0,0.141,1.276,73728,21,9,21
"BudgetCrossing",18000,4,75,14.313,14.254,0.288,11.255,1,0,0.187,2.871,,21,9,21
"BudgetCrossing",18000,4,76,14.108,14.168,0.262,12.774,1,0,0.142,1.192,65536,21,9,21
"BudgetCrossing",18000,4,77,13.193,13.196,0.000,11.741,1,0,0.168,1.283,57344,21,9,21
"BudgetCrossing",18000,4,78,15.445,15.435,0.252,13.229,1,0,0.253,1.964,61440,21,9,21
"BudgetCrossing",18000,4,79,11.604,11.605,0.290,11.053,1,0,0.137,0.414,16384,21,9,21
"BudgetCrossing",18000,4,80,12.179,12.183,0.310,10.801,1,0,0.140,1.238,73728,21,9,21
"BudgetCrossing",18000,4,81,13.506,13.488,0.263,11.161,1,0,0.174,2.171,73728,21,9,21
"BudgetCrossing",18000,4,82,14.263,14.246,0.282,11.364,1,0,0.170,2.729,73728,21,9,21
"BudgetCrossing",18000,4,83,13.127,13.151,0.244,11.637,1,0,0.154,1.336,73728,21,9,21
"BudgetCrossing",18000,4,84,16.042,16.044,0.244,14.755,1,0,0.142,1.144,73728,21,9,21
"BudgetCrossing",18000,4,85,13.482,13.478,0.332,11.078,1,0,0.183,2.221,69632,21,9,21
"BudgetCrossing",18000,4,86,13.827,13.823,0.286,12.002,1,0,0.179,1.646,77824,21,9,21
"BudgetCrossing",18000,4,87,14.359,14.366,0.268,12.851,1,0,0.200,1.308,73728,21,9,21
"BudgetCrossing",18000,4,88,12.790,12.789,0.264,11.356,1,0,0.146,1.288,73728,21,9,21
"BudgetCrossing",18000,4,89,14.858,14.858,0.250,12.488,1,0,0.128,2.243,,21,9,21
"BudgetCrossing",18000,4,90,16.363,16.358,0.289,14.666,1,0,0.209,1.488,61440,21,9,21
"BudgetCrossing",18000,4,91,14.337,14.340,0.249,12.504,1,0,0.151,1.682,57344,21,9,21
"BudgetCrossing",18000,4,92,12.570,12.571,0.526,11.058,1,0,0.139,1.372,69632,21,9,21
"BudgetCrossing",18000,4,93,21.358,21.344,0.291,18.043,1,0,0.161,3.155,69632,21,9,21
"BudgetCrossing",18000,4,94,14.991,14.989,0.320,12.044,1,0,0.131,2.817,81920,21,9,21
"BudgetCrossing",18000,4,95,21.803,21.801,0.320,19.105,1,0,0.194,2.504,73728,21,9,21
"BudgetCrossing",18000,4,96,16.657,16.663,0.264,14.208,1,0,0.234,2.215,69632,21,9,21
"BudgetCrossing",18000,4,97,14.786,14.798,0.221,13.438,1,0,0.136,1.213,73728,21,9,21
"BudgetCrossing",18000,4,98,15.401,15.394,0.284,13.906,1,0,0.140,1.355,73728,21,9,21
"BudgetCrossing",18000,4,99,11.621,11.622,0.324,11.035,1,0,0.179,0.407,16384,21,9,21
"BudgetCrossing",18000,4,100,15.167,15.170,0.280,13.776,1,0,0.176,1.214,77824,21,9,21
"BudgetCrossing",18000,4,101,14.171,14.167,0.251,12.763,1,0,0.130,1.278,77824,21,9,21
"BudgetCrossing",18000,4,102,14.444,14.430,0.250,12.065,1,0,0.138,2.242,,21,9,21
"BudgetCrossing",18000,4,103,13.004,13.014,0.301,11.629,1,0,0.144,1.231,65536,21,9,21
"BudgetCrossing",18000,4,104,20.058,20.056,0.280,17.714,1,0,0.216,2.129,57344,21,9,21
"BudgetCrossing",18000,4,105,14.595,14.601,0.276,13.126,1,0,0.181,1.288,61440,21,9,21
"BudgetCrossing",18000,4,106,14.181,14.177,0.253,12.812,1,0,0.158,1.211,69632,21,9,21
"BudgetCrossing",18000,4,107,14.344,14.316,0.306,11.247,1,0,0.167,2.929,77824,21,9,21
"BudgetCrossing",18000,4,108,13.617,13.644,0.251,12.109,1,0,0.180,1.327,73728,21,9,21
"BudgetCrossing",18000,4,109,12.746,12.745,0.300,11.372,1,0,0.135,1.239,69632,21,9,21
"BudgetCrossing",18000,4,110,13.227,13.231,0.253,11.864,1,0,0.139,1.224,73728,21,9,21
"BudgetCrossing",18000,4,111,13.652,13.655,0.264,12.202,1,0,0.143,1.306,73728,21,9,21
"BudgetCrossing",18000,4,112,16.212,16.186,0.284,14.113,1,0,0.215,1.884,69632,21,9,21
"BudgetCrossing",18000,4,113,19.339,19.326,0.250,16.098,1,0,0.193,3.047,81920,21,9,21
"BudgetCrossing",18000,4,114,15.209,15.240,0.253,13.841,1,0,0.136,1.232,73728,21,9,21
"BudgetCrossing",18000,4,115,17.534,17.482,0.249,13.232,1,0,0.131,4.172,,21,9,21
"BudgetCrossing",18000,4,116,15.110,15.157,0.334,12.162,1,0,0.146,2.803,69632,21,9,21
"BudgetCrossing",18000,4,117,12.695,12.699,0.000,11.356,1,0,0.182,1.156,57344,21,9,21
"BudgetCrossing",18000,4,118,12.584,12.577,0.275,11.001,1,0,0.160,1.423,61440,21,9,21
"BudgetCrossing",18000,4,119,12.865,12.873,0.259,11.394,1,0,0.165,1.306,69632,21,9,21
"BudgetCrossing",18000,4,120,20.325,20.314,0.297,18.646,1,0,0.158,1.521,73728,21,9,21
"BudgetCrossing",18000,4,121,14.457,14.460,0.319,13.065,1,0,0.152,1.241,73728,21,9,21
"BudgetCrossing",18000,4,122,13.411,13.415,0.289,11.951,1,0,0.168,1.292,69632,21,9,21
"BudgetCrossing",18000,4,123,14.315,14.265,0.275,11.307,1,0,0.139,2.869,73728,21,9,21
"BudgetCrossing",18000,4,124,22.022,22.053,0.306,19.216,1,0,0.180,2.626,73728,21,9,21
"BudgetCrossing",18000,4,125,14.170,14.180,0.276,12.228,1,0,0.149,1.793,73728,21,9,21
"BudgetCrossing",18000,4,126,14.829,14.813,0.285,11.743,1,0,0.190,2.896,77824,21,9,21
"BudgetCrossing",18000,4,127,14.886,14.878,0.286,11.781,1,0,0.170,2.935,77824,21,9,21
"BudgetCrossing",18000,4,128,15.559,15.581,0.259,12.247,1,0,0.142,3.171,,21,9,21
"BudgetCrossing",18000,4,129,13.124,13.130,0.306,11.629,1,0,0.152,1.343,65536,21,9,21
"BudgetCrossing",18000,4,130,14.644,14.640,0.000,13.311,1,0,0.140,1.193,57344,21,9,21
"BudgetCrossing",18000,4,131,13.346,13.313,0.292,11.731,1,0,0.181,1.435,65536,21,9,21
"BudgetCrossing",18000,4,132,13.169,13.207,0.309,11.568,1,0,0.136,1.465,65536,21,9,21
"BudgetCrossing",18000,4,133,14.999,14.961,0.257,11.950,1,0,0.174,2.875,73728,21,9,21
"BudgetCrossing",18000,4,134,15.777,15.806,0.249,14.400,1,0,0.143,1.234,73728,21,9,21
"BudgetCrossing",18000,4,135,15.002,15.000,0.251,13.681,1,0,0.139,1.182,69632,21,9,21
"BudgetCrossing",18000,4,136,14.896,14.900,0.256,13.520,1,0,0.148,1.228,73728,21,9,21
"BudgetCrossing",18000,4,137,13.643,13.618,0.290,11.906,1,0,0.184,1.554,81920,21,9,21
"BudgetCrossing",18000,4,138,12.796,12.790,0.267,11.938,1,0,0.159,0.700,12288,21,9,21
"BudgetCrossing",18000,4,139,13.734,13.745,0.254,13.209,1,0,0.142,0.383,24576,21,9,21
"BudgetCrossing",18000,4,140,13.392,13.406,0.291,11.706,1,0,0.229,1.457,73728,21,9,21
"BudgetCrossing",18000,4,141,13.154,13.149,0.301,12.475,1,0,0.159,0.519,16384,21,9,21
"BudgetCrossing",18000,4,142,12.295,12.305,0.242,11.680,1,0,0.140,0.475,24576,21,9,21
"BudgetCrossing",18000,4,143,11.953,11.946,0.284,11.351,1,0,0.140,0.462,16384,21,9,21
"BudgetCrossing",18000,4,144,16.467,16.467,0.265,15.874,1,0,0.146,0.446,16384,21,9,21
"BudgetCrossing",18000,4,145,15.501,15.499,0.319,13.989,1,0,0.146,1.366,73728,21,9,21
"BudgetCrossing",18000,4,146,13.931,13.935,0.258,11.888,1,0,0.136,1.908,,21,9,21
"BudgetCrossing",18000,4,147,14.125,14.094,0.243,13.213,1,0,0.147,0.765,8192,21,9,21
"BudgetCrossing",18000,4,148,16.945,16.968,0.250,15.323,1,0,0.144,1.479,57344,21,9,21
"BudgetCrossing",18000,4,149,14.490,14.495,0.292,13.044,1,0,0.181,1.264,65536,21,9,21
"BudgetCrossing",18000,4,150,17.532,17.518,0.308,16.050,1,0,0.160,1.322,77824,21,9,21
"BudgetCrossing",18000,4,151,14.252,14.262,0.275,12.873,1,0,0.143,1.236,69632,21,9,21
"BudgetCrossing",18000,4,152,17.731,17.717,0.254,14.710,1,0,0.194,2.827,73728,21,9,21
"BudgetCrossing",18000,4,153,12.396,12.408,0.291,11.892,1,0,0.134,0.371,16384,21,9,21
"BudgetCrossing",18000,4,154,12.977,12.981,0.282,11.652,1,0,0.169,1.156,69632,21,9,21
"BudgetCrossing",18000,4,155,12.983,12.979,0.251,11.520,1,0,0.134,1.329,73728,21,9,21
"BudgetCrossing",18000,4,156,13.784,13.782,0.314,11.939,1,0,0.135,1.710,73728,21,9,21
"BudgetCrossing",18000,4,157,14.636,14.639,0.431,13.147,1,0,0.153,1.337,77824,21,9,21
"BudgetCrossing",18000,4,158,13.840,13.836,0.286,12.193,1,0,0.137,1.509,118784,21,9,21
"BudgetCrossing",18000,4,159,16.556,16.554,0.263,14.217,1,0,0.172,2.167,,21,9,21
"BudgetCrossing",18000,4,160,11.991,11.997,0.287,11.490,1,0,0.144,0.357,8192,21,9,21
"BudgetCrossing",18000,4,161,15.443,15.438,0.322,14.049,1,0,0.143,1.251,57344,21,9,21
"BudgetCrossing",18000,4,162,13.537,13.536,0.293,12.158,1,0,0.135,1.244,61440,21,9,21
"BudgetCrossing",18000,4,163,16.337,16.325,0.259,15.707,1,0,0.168,0.463,8192,21,9,21
"BudgetCrossing",18000,4,164,15.807,15.821,0.247,14.173,1,0,0.172,1.463,73728,21,9,21
"BudgetCrossing",18000,4,165,14.177,14.171,0.264,12.606,1,0,0.178,1.393,77824,21,9,21
"BudgetCrossing",18000,4,166,13.959,13.955,0.250,12.581,1,0,0.149,1.229,69632,21,9,21
"BudgetCrossing",18000,4,167,14.335,14.331,0.308,11.870,1,0,0.233,2.232,73728,21,9,21
"BudgetCrossing",18000,4,168,13.500,13.510,0.292,11.930,1,0,0.147,1.424,73728,21,9,21
"BudgetCrossing",18000,4,169,14.242,14.241,0.278,12.740,1,0,0.185,1.317,69632,21,9,21
"BudgetCrossing",18000,4,170,14.262,14.264,0.259,12.946,1,0,0.178,1.139,77824,21,9,21
"BudgetCrossing",18000,4,171,15.603,15.599,0.253,13.773,1,0,0.152,1.678,77824,21,9,21
"BudgetCrossing",18000,4,172,13.693,13.693,0.270,12.253,1,0,0.178,1.261,69632,21,9,21
"BudgetCrossing",18000,4,173,12.635,12.633,0.290,11.842,1,0,0.152,0.640,20480,21,9,21
"BudgetCrossing",18000,4,174,14.402,14.398,0.291,12.296,1,0,0.176,1.930,,21,9,21
"BudgetCrossing",18000,4,175,13.241,13.228,0.268,12.277,1,0,0.130,0.834,8192,21,9,21
"BudgetCrossing",18000,4,176,17.434,17.451,0.278,16.160,1,0,0.128,1.145,61440,21,9,21
"BudgetCrossing",18000,4,177,16.094,16.093,0.264,14.814,1,0,0.127,1.153,61440,21,9,21
"BudgetCrossing",18000,4,178,14.898,14.897,0.258,13.384,1,0,0.155,1.359,57344,21,9,21
"BudgetCrossing",18000,4,179,15.547,15.550,0.306,14.268,1,0,0.166,1.114,69632,21,9,21
"BudgetCrossing",18000,4,180,14.673,14.669,0.250,12.893,1,0,0.133,1.647,77824,21,9,21
"BudgetCrossing",18000,4,181,13.820,13.810,0.294,12.210,1,0,0.137,1.474,69632,21,9,21
"BudgetCrossing",18000,4,182,14.828,14.832,0.251,14.209,1,0,0.142,0.477,20480,21,9,21
"BudgetCrossing",18000,4,183,12.655,12.665,0.315,12.147,1,0,0.142,0.366,16384,21,9,21
"BudgetCrossing",18000,4,184,12.295,12.289,0.258,11.553,1,0,0.162,0.580,12288,21,9,21
"BudgetCrossing",18000,4,185,13.623,13.630,0.269,12.190,1,0,0.170,1.263,77824,21,9,21
"BudgetCrossing",18000,4,186,13.536,13.506,0.274,12.676,1,0,0.135,0.725,20480,21,9,21
"BudgetCrossing",18000,4,187,15.323,15.343,0.294,14.616,1,0,0.148,0.559,16384,21,9,21
"BudgetCrossing",18000,4,188,14.866,14.834,0.278,11.808,1,0,0.160,2.898,73728,21,9,21
"BudgetCrossing",18000,4,189,20.284,20.310,0.276,18.648,1,0,0.173,1.463,73728,21,9,21
"BudgetCrossing",18000,4,190,16.297,16.299,0.244,13.618,1,0,0.135,2.544,73728,21,9,21
"BudgetCrossing",18000,4,191,15.525,15.523,0.269,14.130,1,0,0.174,1.221,81920,21,9,21
"BudgetCrossing",18000,4,192,14.324,14.315,0.331,12.058,1,0,0.144,2.122,,21,9,21
"BudgetCrossing",18000,4,193,13.500,13.510,0.333,12.251,1,0,0.142,1.108,61440,21,9,21
"BudgetCrossing",18000,4,194,13.303,13.299,0.265,11.870,1,0,0.153,1.279,57344,21,9,21
"BudgetCrossing",18000,4,195,13.876,13.874,0.273,12.384,1,0,0.147,1.346,61440,21,9,21
"BudgetCrossing",18000,4,196,13.584,13.588,0.261,12.169,1,0,0.141,1.273,61440,21,9,21
"BudgetCrossing",18000,4,197,14.059,14.051,0.266,12.660,1,0,0.160,1.240,77824,21,9,21
"BudgetCrossing",18000,4,198,14.747,14.744,0.247,14.116,1,0,0.171,0.460,16384,21,9,21
"BudgetCrossing",18000,4,199,14.500,14.511,0.296,13.011,1,0,0.141,1.349,73728,21,9,21
"BudgetCrossing",18000,4,200,16.576,16.574,0.266,15.214,1,0,0.140,1.222,73728,21,9,21
"BudgetCrossing",18000,4,201,14.092,14.100,0.343,12.631,1,0,0.181,1.280,73728,21,9,21
"BudgetCrossing",18000,4,202,15.524,15.513,0.274,14.147,1,0,0.142,1.235,69632,21,9,21
"BudgetCrossing",18000,4,203,13.882,13.881,0.292,12.454,1,0,0.154,1.275,77824,21,9,21
"BudgetCrossing",18000,4,204,14.822,14.823,0.318,14.309,1,0,0.127,0.386,20480,21,9,21
"BudgetCrossing",18000,4,205,14.792,14.792,0.290,13.160,1,0,0.145,1.487,73728,21,9,21
"BudgetCrossing",18000,4,206,16.077,16.017,0.249,12.801,1,0,0.186,3.090,,21,9,21
"BudgetCrossing",18000,4,207,15.222,15.283,0.278,13.865,1,0,0.142,1.214,65536,21,9,21
"BudgetCrossing",18000,4,208,17.043,17.040,0.000,15.684,1,0,0.140,1.219,57344,21,9,21
"BudgetCrossing",18000,4,209,15.947,15.911,0.283,14.213,1,0,0.136,1.598,61440,21,9,21
"BudgetCrossing",18000,4,210,16.416,16.432,0.290,15.585,1,0,0.146,0.685,4096,21,9,21
"BudgetCrossing",18000,4,211,15.079,15.088,0.319,13.473,1,0,0.175,1.431,65536,21,9,21
"BudgetCrossing",18000,4,212,14.447,14.445,0.574,12.281,1,0,0.141,2.025,77824,21,9,21
"BudgetCrossing",18000,4,213,13.811,13.817,0.255,12.377,1,0,0.172,1.263,69632,21,9,21
"BudgetCrossing",18000,4,214,15.212,15.218,0.271,13.904,1,0,0.127,1.181,73728,21,9,21
"BudgetCrossing",18000,4,215,13.931,13.922,0.310,12.330,1,0,0.138,1.464,73728,21,9,21
"BudgetCrossing",18000,4,216,16.700,16.692,0.249,14.735,1,0,0.183,1.782,69632,21,9,21
"BudgetCrossing",18000,4,217,17.362,17.371,0.285,16.076,1,0,0.149,1.138,77824,21,9,21
"BudgetCrossing",18000,4,218,13.907,13.905,0.253,13.287,1,0,0.154,0.467,16384,21,9,21
"BudgetCrossing",18000,4,219,17.601,17.597,0.266,16.240,1,0,0.139,1.223,73728,21,9,21
"BudgetCrossing",18000,4,220,15.578,15.580,0.290,13.209,1,0,0.190,2.180,73728,21,9,21
"BudgetCrossing",18000,4,221,14.019,14.016,0.303,12.170,1,0,0.140,1.709,,21,9,21
"BudgetCrossing",18000,4,222,18.046,18.016,0.247,14.862,1,0,0.174,3.010,69632,21,9,21
"BudgetCrossing",18000,4,223,15.146,15.177,0.257,13.337,1,0,0.182,1.627,57344,21,9,21
"BudgetCrossing",18000,4,224,13.827,13.828,0.334,12.503,1,0,0.135,1.189,61440,21,9,21
"BudgetCrossing",18000,4,225,18.541,18.378,0.289,16.775,1,0,0.139,1.627,61440,21,9,21
"BudgetCrossing",18000,4,226,14.629,14.788,0.262,13.122,1,0,0.178,1.329,65536,21,9,21
"BudgetCrossing",18000,4,227,18.182,18.179,0.265,16.564,1,0,0.160,1.457,73728,21,9,21
"BudgetCrossing",18000,4,228,16.690,16.693,0.273,15.310,1,0,0.132,1.248,69632,21,9,21
"BudgetCrossing",18000,4,229,15.304,15.308,0.291,14.021,1,0,0.135,1.148,73728,21,9,21
"BudgetCrossing",18000,4,230,14.175,14.162,0.315,12.039,1,0,0.135,2.002,73728,21,9,21
"BudgetCrossing",18000,4,231,22.512,22.498,0.240,19.680,1,0,0.193,2.639,73728,21,9,21
"BudgetCrossing",18000,4,232,15.399,15.396,0.265,12.377,1,0,0.125,2.897,77824,21,9,21
"BudgetCrossing",18000,4,233,13.935,13.960,0.250,13.430,1,0,0.135,0.370,20480,21,9,21
"BudgetCrossing",18000,4,234,14.991,14.992,0.251,13.471,1,0,0.161,1.359,69632,21,9,21
"BudgetCrossing",18000,4,235,15.157,15.141,0.261,12.707,1,0,0.150,2.300,,21,9,21
"BudgetCrossing",18000,4,236,16.188,16.197,0.325,14.538,1,0,0.138,1.512,155648,21,9,21
"BudgetCrossing",18000,4,237,13.556,13.544,0.275,12.709,1,0,0.153,0.694,16384,21,9,21
"BudgetCrossing",18000,4,238,13.578,13.575,0.271,12.608,1,0,0.139,0.831,16384,21,9,21
"BudgetCrossing",18000,4,239,15.938,15.955,0.249,14.499,1,0,0.178,1.262,69632,21,9,21
"BudgetCrossing",18000,4,240,16.131,16.120,0.248,13.434,1,0,0.151,2.546,77824,21,9,21
"BudgetCrossing",18000,4,241,15.334,15.340,0.306,13.950,1,0,0.131,1.253,73728,21,9,21
"BudgetCrossing",18000,4,242,13.908,13.912,0.240,12.509,1,0,0.139,1.260,69632,21,9,21
"BudgetCrossing",18000,4,243,13.081,13.075,0.284,12.465,1,0,0.139,0.478,20480,21,9,21
"BudgetCrossing",18000,4,244,18.891,18.867,0.327,15.749,1,0,0.178,2.964,73728,21,9,21
"BudgetCrossing",18000,4,245,18.089,18.083,0.271,15.322,1,0,0.168,2.599,,21,9,21
"BudgetCrossing",18000,4,246,20.561,20.591,0.238,19.001,1,0,0.156,1.404,65536,21,9,21
"BudgetCrossing",18000,4,247,16.691,16.667,0.000,13.938,1,0,0.242,2.510,73728,21,9,21
"BudgetCrossing",18000,4,248,16.657,16.675,0.260,15.244,1,0,0.146,1.267,73728,21,9,21
"BudgetCrossing",18000,4,249,16.315,16.321,0.285,14.982,1,0,0.136,1.198,69632,21,9,21
"BudgetCrossing",18000,4,250,15.356,15.354,0.249,13.945,1,0,0.130,1.282,73728,21,9,21
"BudgetCrossing",18000,4,251,16.227,16.226,0.254,14.886,1,0,0.139,1.202,73728,21,9,21
"BudgetCrossing",18000,4,252,15.764,15.765,0.296,14.512,1,0,0.138,1.114,69632,21,9,21
"BudgetCrossing",18000,4,253,14.899,14.878,0.253,12.755,1,0,0.148,1.996,81920,21,9,21
"BudgetCrossing",18000,4,254,15.056,15.066,0.252,13.198,1,0,0.128,1.730,73728,21,9,21
"BudgetCrossing",18000,4,255,14.227,14.236,0.322,13.009,1,0,0.126,1.093,73728,21,9,21
"BudgetCrossing",18000,4,256,17.733,17.694,0.260,14.567,1,0,0.225,2.941,77824,21,9,21
"BudgetCrossing",18000,4,257,14.961,14.991,0.288,13.465,1,0,0.161,1.335,77824,21,9,21
"BudgetCrossing",18000,4,258,17.070,17.070,0.277,14.707,1,0,0.140,2.223,,21,9,21
"BudgetCrossing",18000,4,259,14.223,14.228,0.261,12.874,1,0,0.141,1.208,69632,21,9,21
"BudgetCrossing",18000,4,260,13.389,13.394,0.000,12.869,1,0,0.142,0.377,8192,21,9,21
"BudgetCrossing",18000,4,261,14.981,14.979,0.250,13.499,1,0,0.187,1.295,73728,21,9,21
"BudgetCrossing",18000,4,262,18.883,18.874,0.260,17.006,1,0,0.258,1.619,69632,21,9,21
"BudgetCrossing",18000,4,263,15.996,15.983,0.261,13.444,1,0,0.132,2.420,73728,21,9,21
"BudgetCrossing",18000,4,264,15.928,15.937,0.245,14.463,1,0,0.143,1.321,73728,21,9,21
"BudgetCrossing",18000,4,265,15.295,15.302,0.304,14.778,1,0,0.137,0.381,12288,21,9,21
"BudgetCrossing",18000,4,266,15.413,15.409,0.281,14.001,1,0,0.149,1.263,77824,21,9,21
"BudgetCrossing",18000,4,267,15.062,15.067,0.292,13.814,1,0,0.132,1.116,77824,21,9,21
"BudgetCrossing",18000,4,268,16.214,16.192,0.252,13.331,1,0,0.144,2.739,69632,21,9,21
"BudgetCrossing",18000,4,269,13.327,13.326,0.258,12.659,1,0,0.143,0.526,24576,21,9,21
"BudgetCrossing",18000,4,270,16.199,16.210,0.301,14.602,1,0,0.128,1.469,73728,21,9,21
"BudgetCrossing",18000,4,271,15.788,15.798,0.253,14.546,1,0,0.124,1.118,73728,21,9,21
"BudgetCrossing",18000,4,272,14.751,14.732,0.264,12.810,1,0,0.175,1.765,77824,21,9,21
"BudgetCrossing",18000,4,273,17.283,17.274,0.230,14.291,1,0,0.450,2.542,73728,21,9,21
"BudgetCrossing",18000,4,274,15.260,15.266,0.328,13.114,1,0,0.140,2.006,,21,9,21
"BudgetCrossing",18000,4,275,14.468,14.480,0.292,13.026,1,0,0.146,1.296,61440,21,9,21
"BudgetCrossing",18000,4,276,13.860,13.846,0.289,13.092,1,0,0.181,0.587,8192,21,9,21
"BudgetCrossing",18000,4,277,15.694,15.710,0.251,14.173,1,0,0.152,1.368,73728,21,9,21
"BudgetCrossing",18000,4,278,13.928,13.913,0.253,13.228,1,0,0.175,0.525,12288,21,9,21
"BudgetCrossing",18000,4,279,14.631,14.642,0.335,13.176,1,0,0.150,1.306,73728,21,9,21
"BudgetCrossing",18000,4,280,13.429,13.425,0.312,12.813,1,0,0.186,0.429,16384,21,9,21
"BudgetCrossing",18000,4,281,14.030,14.040,0.285,13.528,1,0,0.143,0.359,16384,21,9,21
"BudgetCrossing",18000,4,282,15.808,15.791,0.314,12.969,1,0,0.148,2.692,77824,21,9,21
"BudgetCrossing",18000,4,283,16.031,16.012,0.302,15.229,1,0,0.145,0.657,20480,21,9,21
"BudgetCrossing",18000,4,284,14.679,14.688,0.276,13.982,1,0,0.179,0.518,12288,21,9,21
"BudgetCrossing",18000,4,285,14.982,15.000,0.249,13.567,1,0,0.136,1.279,73728,21,9,21
"BudgetCrossing",18000,4,286,15.284,15.283,0.357,13.933,1,0,0.138,1.214,77824,21,9,21
"BudgetCrossing",18000,4,287,13.895,13.894,0.255,13.239,1,0,0.186,0.470,20480,21,9,21
"BudgetCrossing",18000,4,288,13.313,13.314,0.315,11.968,1,0,0.128,1.218,73728,21,9,21
"BudgetCrossing",18000,4,289,16.696,16.695,0.248,15.406,1,0,0.125,1.165,77824,21,9,21
"BudgetCrossing",18000,4,290,17.260,17.240,0.255,14.982,1,0,0.165,2.112,69632,21,9,21
"BudgetCrossing",18000,4,291,14.415,14.438,0.302,12.993,1,0,0.169,1.253,77824,21,9,21
"BudgetCrossing",18000,4,292,14.552,14.547,0.289,13.992,1,0,0.152,0.408,16384,21,9,21
"BudgetCrossing",18000,4,293,16.873,16.864,0.253,14.204,1,0,0.147,2.521,,21,9,21
"BudgetCrossing",18000,4,294,16.966,16.956,0.278,15.198,1,0,0.172,1.596,61440,21,9,21
"BudgetCrossing",18000,4,295,16.901,16.908,0.283,15.258,1,0,0.195,1.448,65536,21,9,21
"BudgetCrossing",18000,4,296,17.670,17.674,0.305,16.239,1,0,0.187,1.245,73728,21,9,21
"BudgetCrossing",18000,4,297,14.973,14.979,0.251,12.544,1,0,0.132,2.297,69632,21,9,21
"BudgetCrossing",18000,4,298,14.376,14.373,0.237,12.981,1,0,0.137,1.258,73728,21,9,21
"BudgetCrossing",18000,4,299,15.309,15.310,0.257,13.853,1,0,0.146,1.310,77824,21,9,21
"BudgetCrossing",20000,4,0,22.822,22.807,0.270,19.959,1,0,0.176,2.688,73728,14,9,14
"BudgetCrossing",20000,4,1,17.833,17.840,0.302,15.787,1,0,0.150,1.896,73728,14,9,14
"BudgetCrossing",20000,4,2,15.649,15.658,0.260,15.131,1,0,0.157,0.361,16384,14,9,14
"BudgetCrossing",20000,4,3,12.811,12.813,0.456,12.302,1,0,0.153,0.357,20480,15,9,15
"BudgetCrossing",20000,4,4,15.898,15.898,0.253,14.621,1,0,0.144,1.134,77824,15,9,15
"BudgetCrossing",20000,4,5,15.805,15.781,0.260,13.239,1,0,0.195,2.371,69632,15,9,15
"BudgetCrossing",20000,4,6,19.801,19.815,0.408,17.775,1,0,0.194,1.832,94208,15,9,15
"BudgetCrossing",20000,4,7,20.125,20.123,0.268,18.813,1,0,0.150,1.161,77824,15,9,15
"BudgetCrossing",20000,4,8,16.545,16.537,0.249,13.895,1,0,0.173,2.477,,15,9,15
"BudgetCrossing",20000,4,9,16.681,16.685,0.274,15.266,1,0,0.182,1.234,61440,15,9,15
"BudgetCrossing",20000,4,10,13.716,13.722,0.248,13.214,1,0,0.177,0.326,4096,15,9,15
"BudgetCrossing",20000,4,11,15.600,15.600,0.257,12.931,1,0,0.206,2.463,69632,15,9,15
"BudgetCrossing",20000,4,12,17.421,17.395,0.279,15.351,1,0,0.199,1.871,69632,16,9,16
"BudgetCrossing",20000,4,13,13.591,13.620,0.277,12.987,1,0,0.203,0.402,20480,16,9,16
"BudgetCrossing",20000,4,14,18.003,18.000,0.242,16.223,1,0,0.204,1.576,73728,16,9,16
"BudgetCrossing",20000,4,15,16.565,16.546,0.297,14.827,1,0,0.161,1.578,69632,16,9,16
"BudgetCrossing",20000,4,16,14.542,14.553,0.238,13.032,1,0,0.180,1.329,77824,16,9,16
"BudgetCrossing",20000,4,17,15.284,15.288,0.254,13.972,1,0,0.179,1.132,73728,16,9,16
"BudgetCrossing",20000,4,18,14.818,14.818,0.302,13.396,1,0,0.203,1.219,73728,16,9,16
"BudgetCrossing",20000,4,19,14.680,14.676,0.248,12.789,1,0,0.203,1.688,73728,16,9,16
"BudgetCrossing",20000,4,20,16.142,16.146,0.285,14.730,1,0,0.228,1.184,73728,16,9,16
"BudgetCrossing",20000,4,21,14.597,14.592,0.252,12.580,1,0,0.150,1.867,,17,9,17
"BudgetCrossing",20000,4,22,13.500,13.507,0.241,13.011,1,0,0.166,0.323,8192,17,9,17
"BudgetCrossing",20000,4,23,14.282,14.278,0.253,12.905,1,0,0.190,1.187,57344,17,9,17
"BudgetCrossing",20000,4,24,17.874,17.867,0.280,15.683,1,0,0.173,2.018,65536,17,9,17
"BudgetCrossing",20000,4,25,15.032,15.032,0.253,13.556,1,0,0.207,1.269,73728,17,9,17
"BudgetCrossing",20000,4,26,17.176,17.149,0.280,14.186,1,0,0.175,2.815,73728,17,9,17
"BudgetCrossing",20000,4,27,20.417,20.440,0.279,18.811,1,0,0.225,1.382,73728,17,9,17
"BudgetCrossing",20000,4,28,14.958,14.944,0.266,13.943,1,0,0.236,0.779,12288,17,9,17
"BudgetCrossing",20000,4,29,17.953,17.946,0.314,15.014,1,0,0.153,2.787,77824,17,9,17
"BudgetCrossing",20000,4,30,14.577,14.583,0.267,13.807,1,0,0.171,0.599,20480,18,9,18
"BudgetCrossing",20000,4,31,14.445,14.451,0.245,13.813,1,0,0.194,0.438,12288,18,9,18
"BudgetCrossing",20000,4,32,16.122,16.134,0.295,14.741,1,0,0.190,1.191,73728,18,9,18
"BudgetCrossing",20000,4,33,16.153,16.148,0.256,14.844,1,0,0.159,1.149,73728,18,9,18
"BudgetCrossing",20000,4,34,14.831,14.835,0.235,13.411,1,0,0.211,1.210,81920,18,9,18
"BudgetCrossing",20000,4,35,18.326,18.320,0.278,16.670,1,0,0.183,1.473,73728,18,9,18
"BudgetCrossing",20000,4,36,14.630,14.626,0.272,13.988,1,0,0.202,0.439,16384,18,9,18
"BudgetCrossing",20000,4,37,14.894,14.873,0.295,14.292,1,0,0.183,0.419,20480,18,9,18
"BudgetCrossing",20000,4,38,16.697,16.689,0.592,14.069,1,0,0.144,2.485,,18,9,18
"BudgetCrossing",20000,4,39,17.695,17.701,0.255,14.635,1,0,0.165,2.894,61440,19,9,19
"BudgetCrossing",20000,4,40,19.069,19.079,0.267,16.337,1,0,0.190,2.542,57344,19,9,19
"BudgetCrossing",20000,4,41,14.930,14.949,0.302,13.519,1,0,0.166,1.244,65536,19,9,19
"BudgetCrossing",20000,4,42,14.880,14.870,0.248,14.236,1,0,0.159,0.484,16384,19,9,19
"BudgetCrossing",20000,4,43,15.768,15.759,0.251,13.675,1,0,0.205,1.887,77824,19,9,19
"BudgetCrossing",20000,4,44,15.774,15.782,0.260,13.441,1,0,0.162,2.171,73728,19,9,19
"BudgetCrossing",20000,4,45,16.966,16.972,0.279,15.642,1,0,0.150,1.174,69632,19,9,19
"BudgetCrossing",20000,4,46,14.166,14.160,0.215,13.618,1,0,0.162,0.386,24576,19,9,19
"BudgetCrossing",20000,4,47,18.115,18.103,0.262,15.650,1,0,0.152,2.313,73728,19,9,19
"BudgetCrossing",20000,4,48,16.261,16.264,0.271,14.200,1,0,0.162,1.899,69632,20,9,20
"BudgetCrossing",20000,4,49,15.476,15.482,0.318,13.706,1,0,0.203,1.566,73728,20,9,20
"BudgetCrossing",20000,4,50,16.321,16.326,0.291,14.843,1,0,0.148,1.329,77824,20,9,20
"BudgetCrossing",20000,4,51,15.500,15.488,0.255,13.849,1,0,0.159,1.492,73728,20,9,20
"BudgetCrossing",20000,4,52,17.868,17.869,0.217,14.052,1,0,0.161,3.655,,20,9,20
"BudgetCrossing",20000,4,53,15.263,15.269,0.242,13.868,1,0,0.161,1.234,61440,20,9,20
"BudgetCrossing",20000,4,54,15.815,15.814,0.277,14.424,1,0,0.158,1.233,57344,20,9,20
"BudgetCrossing",20000,4,55,16.227,16.233,0.274,14.841,1,0,0.206,1.179,61440,20,9,20
"BudgetCrossing",20000,4,56,15.611,15.603,0.227,15.007,1,0,0.152,0.453,16384,20,9,20
"BudgetCrossing",20000,4,57,15.684,15.682,0.281,14.230,1,0,0.207,1.247,77824,21,9,21
"BudgetCrossing",20000,4,58,14.931,14.892,0.252,14.017,1,0,0.214,0.700,20480,21,9,21
"BudgetCrossing",20000,4,59,16.306,16.346,0.289,14.961,1,0,0.158,1.188,69632,21,9,21
"BudgetCrossing",20000,4,60,16.453,16.443,0.277,14.613,1,0,0.211,1.629,73728,21,9,21
"BudgetCrossing",20000,4,61,17.153,17.159,0.246,15.664,1,0,0.160,1.329,73728,21,9,21
"BudgetCrossing",20000,4,62,21.861,21.854,0.241,20.137,1,0,0.219,1.505,69632,21,9,21
"BudgetCrossing",20000,4,63,15.437,15.444,0.288,13.997,1,0,0.163,1.277,73728,21,9,21
"BudgetCrossing",20000,4,64,16.127,16.127,0.256,14.602,1,0,0.161,1.364,77824,21,9,21
"BudgetCrossing",20000,4,65,17.960,17.929,0.307,14.959,1,0,0.195,2.805,73728,21,9,21
"BudgetCrossing",20000,4,66,25.051,25.070,0.290,20.009,1,0,0.143,4.899,77824,21,9,21
"BudgetCrossing",20000,4,67,19.203,19.185,0.283,13.099,1,0,0.154,5.949,,21,9,21
"BudgetCrossing",20000,4,68,19.555,19.585,0.286,18.109,1,0,0.171,1.275,61440,21,9,21
"BudgetCrossing",20000,4,69,15.506,15.502,0.000,14.765,1,0,0.165,0.576,4096,21,9,21
"BudgetCrossing",20000,4,70,16.494,16.496,0.292,15.713,1,0,0.209,0.572,8192,21,9,21
"BudgetCrossing",20000,4,71,15.588,15.586,0.297,14.240,1,0,0.159,1.190,57344,21,9,21
"BudgetCrossing",20000,4,72,17.290,17.274,0.252,14.416,1,0,0.179,2.695,77824,21,9,21
"BudgetCrossing",20000,4,73,23.069,23.052,0.249,20.011,1,0,0.218,2.840,73728,21,9,21
"BudgetCrossing",20000,4,74,17.267,17.274,0.283,14.618,1,0,0.163,2.486,69632,21,9,21
"BudgetCrossing",20000,4,75,20.428,20.439,0.275,18.585,1,0,0.180,1.664,73728,21,9,21
"BudgetCrossing",20000,4,76,17.269,17.261,0.285,15.748,1,0,0.188,1.333,73728,21,9,21
"BudgetCrossing",20000,4,77,15.037,15.052,0.289,13.636,1,0,0.166,1.236,69632,21,9,21
"BudgetCrossing",20000,4,78,15.767,15.763,0.295,14.034,1,0,0.234,1.499,77824,21,9,21
"BudgetCrossing",20000,4,79,15.085,15.097,0.309,13.704,1,0,0.161,1.220,73728,21,9,21
"BudgetCrossing",20000,4,80,22.487,22.472,0.269,20.563,1,0,0.179,1.746,73728,21,9,21
"BudgetCrossing",20000,4,81,15.431,15.443,0.263,13.923,1,0,0.343,1.165,77824,21,9,21
"BudgetCrossing",20000,4,82,17.971,17.938,0.259,14.146,1,0,0.161,3.663,,21,9,21
"BudgetCrossing",20000,4,83,15.563,15.591,0.268,14.172,1,0,0.159,1.232,57344,21,9,21
"BudgetCrossing",20000,4,84,16.367,16.370,0.276,15.852,1,0,0.150,0.365,8192,21,9,21
"BudgetCrossing",20000,4,85,15.821,15.814,0.253,14.200,1,0,0.178,1.444,61440,21,9,21
"BudgetCrossing",20000,4,86,15.191,15.195,0.309,13.804,1,0,0.172,1.216,69632,21,9,21
"BudgetCrossing",20000,4,87,16.050,16.047,0.253,14.577,1,0,0.168,1.306,73728,21,9,21
"BudgetCrossing",20000,4,88,17.131,17.121,0.305,15.128,1,0,0.209,1.794,69632,21,9,21
"BudgetCrossing",20000,4,89,16.444,16.452,0.258,14.922,1,0,0.163,1.359,73728,21,9,21
"BudgetCrossing",20000,4,90,17.425,17.426,0.252,16.005,1,0,0.155,1.265,69632,21,9,21
"BudgetCrossing",20000,4,91,17.410,17.401,0.275,15.604,1,0,0.155,1.652,77824,21,9,21
"BudgetCrossing",20000,4,92,15.561,15.564,0.284,13.123,1,0,0.202,2.236,73728,21,9,21
"BudgetCrossing",20000,4,93,16.104,16.095,0.290,13.921,1,0,0.197,1.987,69632,21,9,21
"BudgetCrossing",20000,4,94,16.141,16.133,0.304,13.946,1,0,0.167,2.029,73728,21,9,21
"BudgetCrossing",20000,4,95,17.626,17.635,0.285,13.877,1,0,0.162,3.587,,21,9,21
"BudgetCrossing",20000,4,96,16.484,16.481,0.285,14.294,1,0,0.174,2.015,57344,21,9,21
"BudgetCrossing",20000,4,97,17.289,17.279,0.243,13.992,1,0,0.270,3.027,61440,21,9,21
"BudgetCrossing",20000,4,98,18.940,18.955,0.235,17.176,1,0,0.161,1.603,61440,21,9,21
"BudgetCrossing",20000,4,99,15.788,15.788,0.273,14.333,1,0,0.182,1.273,57344,21,9,21
"BudgetCrossing",20000,4,100,15.477,15.479,0.279,14.022,1,0,0.168,1.287,73728,21,9,21
"BudgetCrossing",20000,4,101,16.425,16.429,0.278,14.983,1,0,0.161,1.282,73728,21,9,21
"BudgetCrossing",20000,4,102,16.834,16.831,0.305,15.335,1,0,0.163,1.336,69632,21,9,21
"BudgetCrossing",20000,4,103,19.017,19.014,0.297,16.659,1,0,0.151,2.208,77824,21,9,21
"BudgetCrossing",20000,4,104,15.525,15.523,0.262,13.937,1,0,0.203,1.385,73728,21,9,21
"BudgetCrossing",20000,4,105,16.041,16.048,0.260,14.539,1,0,0.166,1.337,69632,21,9,21
"BudgetCrossing",20000,4,106,15.887,15.856,0.258,15.061,1,0,0.209,0.617,16384,21,9,21
"BudgetCrossing",20000,4,107,17.362,17.391,0.261,16.064,1,0,0.159,1.139,77824,21,9,21
"BudgetCrossing",20000,4,108,17.490,17.481,0.322,15.923,1,0,0.197,1.371,73728,21,9,21
"BudgetCrossing",20000,4,109,18.443,18.433,0.288,15.971,1,0,0.189,2.283,,21,9,21
"BudgetCrossing",20000,4,110,13.677,13.698,0.244,13.178,1,0,0.153,0.346,4096,21,9,21
"BudgetCrossing",20000,4,111,15.445,15.441,0.251,14.885,1,0,0.155,0.406,4096,21,9,21
"BudgetCrossing",20000,4,112,16.452,16.431,0.282,14.870,1,0,0.190,1.393,65536,21,9,21
"BudgetCrossing",20000,4,113,17.738,17.738,0.244,15.683,1,0,0.144,1.910,57344,21,9,21
"BudgetCrossing",20000,4,114,15.580,15.596,0.314,14.240,1,0,0.150,1.190,61440,21,9,21
"BudgetCrossing",20000,4,115,15.290,15.296,0.258,13.784,1,0,0.158,1.348,73728,21,9,21
"BudgetCrossing",20000,4,116,17.300,17.290,0.287,15.814,1,0,0.194,1.292,69632,21,9,21
"BudgetCrossing",20000,4,117,15.864,15.865,0.289,14.388,1,0,0.165,1.312,73728,21,9,21
"BudgetCrossing",20000,4,118,16.667,16.667,0.256,15.241,1,0,0.202,1.225,77824,21,9,21
"BudgetCrossing",20000,4,119,17.643,17.646,0.264,16.235,1,0,0.168,1.239,69632,21,9,21
"BudgetCrossing",20000,4,120,17.600,17.598,0.248,16.229,1,0,0.156,1.215,73728,21,9,21
"BudgetCrossing",20000,4,121,17.057,17.025,0.254,14.925,1,0,0.196,1.936,73728,21,9,21
"BudgetCrossing",20000,4,122,15.573,15.604,0.285,14.873,1,0,0.236,0.463,16384,21,9,21
"BudgetCrossing",20000,4,123,17.797,17.795,0.313,15.216,1,0,0.199,2.382,77824,21,9,21
"BudgetCrossing",20000,4,124,17.189,17.156,0.260,14.917,1,0,0.154,2.118,,21,9,21
"BudgetCrossing",20000,4,125,17.375,17.404,0.290,15.463,1,0,0.197,1.715,61440,21,9,21
"BudgetCrossing",20000,4,126,16.158,16.162,0.257,14.710,1,0,0.166,1.282,57344,21,9,21
"BudgetCrossing",20000,4,127,18.603,18.588,0.240,16.594,1,0,0.146,1.864,61440,21,9,21
"BudgetCrossing",20000,4,128,18.633,18.643,0.252,17.247,1,0,0.152,1.234,57344,21,9,21
"BudgetCrossing",20000,4,129,15.492,15.494,0.291,14.861,1,0,0.159,0.472,8192,21,9,21
"BudgetCrossing",20000,4,130,16.351,16.345,0.230,14.699,1,0,0.160,1.491,73728,21,9,21
"BudgetCrossing",20000,4,131,20.425,20.426,0.255,18.753,1,0,0.171,1.501,69632,21,9,21
"BudgetCrossing",20000,4,132,17.479,17.476,0.266,16.128,1,0,0.202,1.149,77824,21,9,21
"BudgetCrossing",20000,4,133,14.604,14.609,0.229,13.985,1,0,0.168,0.452,20480,21,9,21
"BudgetCrossing",20000,4,134,16.673,16.653,0.284,15.954,1,0,0.185,0.534,12288,21,9,21
"BudgetCrossing",20000,4,135,15.522,15.523,0.296,14.677,1,0,0.174,0.670,16384,21,9,21
"BudgetCrossing",20000,4,136,17.127,17.121,0.285,15.593,1,0,0.190,1.344,73728,21,9,21
"BudgetCrossing",20000,4,137,18.128,18.142,0.266,15.905,1,0,0.169,2.054,73728,21,9,21
"BudgetCrossing",20000,4,138,17.013,17.007,0.268,14.973,1,0,0.169,1.871,73728,21,9,21
"BudgetCrossing",20000,4,139,15.755,15.770,0.284,14.316,1,0,0.159,1.280,73728,21,9,21
"BudgetCrossing",20000,4,140,17.334,17.289,0.294,14.500,1,0,0.154,2.680,,21,9,21
"BudgetCrossing",20000,4,141,18.583,18.600,0.254,15.541,1,0,0.199,2.842,61440,21,9,21
"BudgetCrossing",20000,4,142,16.713,16.727,0.000,14.680,1,0,0.163,1.870,57344,21,9,21
"BudgetCrossing",20000,4,143,18.691,18.683,0.260,15.701,1,0,0.224,2.766,61440,21,9,21
"BudgetCrossing",20000,4,144,17.787,17.784,0.314,15.539,1,0,0.171,2.077,57344,21,9,21
"BudgetCrossing",20000,4,145,15.004,15.023,0.335,14.384,1,0,0.208,0.413,8192,21,9,21
"BudgetCrossing",20000,4,146,17.089,17.079,0.261,15.649,1,0,0.164,1.276,73728,21,9,21
"BudgetCrossing",20000,4,147,15.434,15.445,0.294,14.122,1,0,0.160,1.152,69632,21,9,21
"BudgetCrossing",20000,4,148,15.845,15.844,0.258,14.461,1,0,0.194,1.190,77824,21,9,21
"BudgetCrossing",20000,4,149,16.335,16.312,0.252,15.500,1,0,0.193,0.642,16384,21,9,21
"BudgetCrossing",20000,4,150,17.050,17.064,0.255,15.643,1,0,0.159,1.248,69632,21,9,21
"BudgetCrossing",20000,4,151,16.275,16.270,0.284,14.776,1,0,0.171,1.328,73728,21,9,21
"BudgetCrossing",20000,4,152,16.746,16.747,0.253,15.246,1,0,0.170,1.330,73728,21,9,21
"BudgetCrossing",20000,4,153,19.091,19.096,0.238,16.785,1,0,0.149,2.157,73728,21,9,21
"BudgetCrossing",20000,4,154,18.695,18.687,0.292,17.033,1,0,0.161,1.501,73728,21,9,21
"BudgetCrossing",20000,4,155,16.938,16.928,0.240,14.727,1,0,0.164,2.046,,21,9,21
"BudgetCrossing",20000,4,156,18.319,18.313,0.285,15.399,1,0,0.169,2.752,57344,21,9,21
"BudgetCrossing",20000,4,157,17.151,17.161,0.000,15.320,1,0,0.162,1.668,57344,21,9,21
"BudgetCrossing",20000,4,158,19.686,19.683,0.279,18.265,1,0,0.177,1.244,61440,21,9,21
"BudgetCrossing",20000,4,159,16.469,16.477,0.268,15.134,1,0,0.180,1.154,57344,21,9,21
"BudgetCrossing",20000,4,160,18.074,18.066,0.327,16.366,1,0,0.166,1.541,61440,21,9,21
"BudgetCrossing",20000,4,161,15.712,15.716,0.285,15.052,1,0,0.206,0.455,20480,21,9,21
"BudgetCrossing",20000,4,162,15.130,15.129,0.259,14.501,1,0,0.207,0.421,12288,21,9,21
"BudgetCrossing",20000,4,163,16.467,16.473,0.265,14.894,1,0,0.156,1.417,77824,21,9,21
"BudgetCrossing",20000,4,164,18.491,18.475,0.288,15.715,1,0,0.163,2.613,73728,21,9,21
"BudgetCrossing",20000,4,165,18.011,18.017,0.256,15.900,1,0,0.189,1.922,69632,21,9,21
"BudgetCrossing",20000,4,166,16.563,16.566,0.282,15.030,1,0,0.173,1.360,73728,21,9,21
"BudgetCrossing",20000,4,167,17.701,17.706,0.255,16.444,1,0,0.142,1.115,73728,21,9,21
"BudgetCrossing",20000,4,168,17.107,17.103,0.261,16.467,1,0,0.175,0.464,16384,21,9,21
"BudgetCrossing",20000,4,169,16.164,16.167,0.246,14.749,1,0,0.148,1.268,73728,21,9,21
"BudgetCrossing",20000,4,170,17.803,17.797,0.286,16.463,1,0,0.138,1.201,77824,21,9,21
"BudgetCrossing",20000,4,171,19.001,18.995,0.292,16.542,1,0,0.183,2.276,,21,9,21
"BudgetCrossing",20000,4,172,17.090,17.090,0.271,15.080,1,0,0.155,1.855,57344,21,9,21
"BudgetCrossing",20000,4,173,17.956,17.960,0.267,16.595,1,0,0.152,1.209,57344,21,9,21
"BudgetCrossing",20000,4,174,16.828,16.829,0.294,14.982,1,0,0.177,1.670,61440,21,9,21
"BudgetCrossing",20000,4,175,17.352,17.337,0.264,15.027,1,0,0.166,2.159,57344,21,9,21
"BudgetCrossing",20000,4,176,20.443,20.452,0.288,18.857,1,0,0.195,1.391,65536,21,9,21
"BudgetCrossing",20000,4,177,17.577,17.584,0.233,16.143,1,0,0.159,1.275,73728,21,9,21
"BudgetCrossing",20000,4,178,17.783,17.783,0.281,16.439,1,0,0.152,1.192,73728,21,9,21
"BudgetCrossing",20000,4,179,16.407,16.403,0.265,14.979,1,0,0.207,1.222,73728,21,9,21
"BudgetCrossing",20000,4,180,16.459,16.463,0.288,15.042,1,0,0.161,1.256,73728,21,9,21
"BudgetCrossing",20000,4,181,16.967,16.959,0.378,16.249,1,0,0.219,0.498,16384,21,9,21
"BudgetCrossing",20000,4,182,17.239,17.236,0.307,15.285,1,0,0.152,1.802,73728,21,9,21
"BudgetCrossing",20000,4,183,18.734,18.731,0.286,16.742,1,0,0.202,1.790,77824,21,9,21
"BudgetCrossing",20000,4,184,18.338,18.319,0.282,15.324,1,0,0.171,2.844,73728,21,9,21
"BudgetCrossing",20000,4,185,17.321,17.337,0.280,14.768,1,0,0.153,2.400,,21,9,21
"BudgetCrossing",20000,4,186,17.776,17.781,0.255,16.389,1,0,0.206,1.181,57344,21,9,21
"BudgetCrossing",20000,4,187,16.733,16.735,0.328,15.089,1,0,0.168,1.475,57344,21,9,21
"BudgetCrossing",20000,4,188,15.378,15.381,0.326,13.968,1,0,0.201,1.209,57344,21,9,21
"BudgetCrossing",20000,4,189,16.328,16.324,0.220,14.803,1,0,0.152,1.374,65536,21,9,21
"BudgetCrossing",20000,4,190,18.065,18.041,0.289,14.845,1,0,0.164,3.057,69632,21,9,21
"BudgetCrossing",20000,4,191,17.566,17.557,0.261,14.691,1,0,0.151,2.723,69632,21,9,21
"BudgetCrossing",20000,4,192,20.436,20.453,0.309,18.276,1,0,0.173,1.987,73728,21,9,21
"BudgetCrossing",20000,4,193,20.432,20.417,0.278,17.450,1,0,0.185,2.798,73728,21,9,21
"BudgetCrossing",20000,4,194,17.066,17.092,0.281,15.599,1,0,0.170,1.297,69632,21,9,21
"BudgetCrossing",20000,4,195,18.978,18.950,0.284,15.981,1,0,0.167,2.830,77824,21,9,21
"BudgetCrossing",20000,4,196,17.588,17.596,0.301,14.601,1,0,0.282,2.705,69632,21,9,21
"BudgetCrossing",20000,4,197,18.823,18.840,0.264,17.365,1,0,0.210,1.248,73728,21,9,21
"BudgetCrossing",20000,4,198,17.555,17.549,0.294,14.296,1,0,0.152,3.108,,21,9,21
"BudgetCrossing",20000,4,199,16.473,16.476,0.233,15.132,1,0,0.161,1.180,57344,21,9,21
"BudgetCrossing",20000,4,200,18.110,18.081,0.309,15.140,1,0,0.219,2.752,57344,21,9,21
"BudgetCrossing",20000,4,201,19.253,19.280,0.291,17.779,1,0,0.212,1.262,61440,21,9,21
"BudgetCrossing",20000,4,202,19.439,19.420,0.253,16.108,1,0,0.218,3.113,98304,21,9,21
"BudgetCrossing",20000,4,203,22.256,22.271,0.260,20.030,1,0,0.218,2.007,57344,21,9,21
"BudgetCrossing",20000,4,204,21.558,21.544,0.264,18.860,1,0,0.178,2.520,65536,21,9,21
"BudgetCrossing",20000,4,205,17.309,17.315,0.256,15.843,1,0,0.226,1.239,73728,21,9,21
"BudgetCrossing",20000,4,206,17.185,17.180,0.253,14.412,1,0,0.154,2.619,73728,21,9,21
"BudgetCrossing",20000,4,207,19.870,19.884,0.281,18.526,1,0,0.149,1.195,81920,21,9,21
"BudgetCrossing",20000,4,208,16.176,16.173,0.295,14.727,1,0,0.173,1.276,69632,21,9,21
"BudgetCrossing",20000,4,209,17.618,17.622,0.264,16.252,1,0,0.151,1.214,73728,21,9,21
"BudgetCrossing",20000,4,210,17.599,17.591,0.244,15.454,1,0,0.167,1.978,,21,9,21
"BudgetCrossing",20000,4,211,18.814,18.816,0.248,17.298,1,0,0.225,1.290,57344,21,9,21
"BudgetCrossing",20000,4,212,18.719,18.714,0.245,17.270,1,0,0.160,1.288,57344,21,9,21
"BudgetCrossing",20000,4,213,17.932,17.910,0.275,14.723,1,0,0.204,3.005,61440,21,9,21
"BudgetCrossing",20000,4,214,22.870,22.885,0.268,21.238,1,0,0.191,1.441,61440,21,9,21
"BudgetCrossing",20000,4,215,16.464,16.473,0.268,15.049,1,0,0.170,1.246,57344,21,9,21
"BudgetCrossing",20000,4,216,16.366,16.365,0.279,14.873,1,0,0.211,1.282,61440,21,9,21
"BudgetCrossing",20000,4,217,18.059,18.061,0.270,16.698,1,0,0.154,1.206,69632,21,9,21
"BudgetCrossing",20000,4,218,18.125,18.109,0.281,16.516,1,0,0.203,1.407,73728,21,9,21
"BudgetCrossing",20000,4,219,17.389,17.399,0.254,16.719,1,0,0.191,0.479,16384,21,9,21
"BudgetCrossing",20000,4,220,19.053,19.053,0.287,17.552,1,0,0.225,1.277,73728,21,9,21
"BudgetCrossing",20000,4,221,17.045,17.046,0.230,15.514,1,0,0.209,1.322,73728,21,9,21
"BudgetCrossing",20000,4,222,15.669,15.679,0.257,15.113,1,0,0.160,0.396,16384,21,9,21
"BudgetCrossing",20000,4,223,18.623,18.614,0.257,17.125,1,0,0.202,1.296,73728,21,9,21
"BudgetCrossing",20000,4,224,15.524,15.524,0.250,14.944,1,0,0.159,0.422,20480,21,9,21
"BudgetCrossing",20000,4,225,18.296,18.292,0.316,15.874,1,0,0.161,2.261,,21,9,21
"BudgetCrossing",20000,4,226,18.425,18.431,0.265,17.064,1,0,0.160,1.201,57344,21,9,21
"BudgetCrossing",20000,4,227,17.747,17.743,0.323,16.290,1,0,0.210,1.247,57344,21,9,21
"BudgetCrossing",20000,4,228,17.287,17.291,0.285,16.764,1,0,0.149,0.373,4096,21,9,21
"BudgetCrossing",20000,4,229,16.674,16.672,0.298,14.904,1,0,0.160,1.610,65536,21,9,21
"BudgetCrossing",20000,4,230,16.214,16.216,0.315,14.799,1,0,0.162,1.253,57344,21,9,21
"BudgetCrossing",20000,4,231,18.073,18.038,0.277,15.922,1,0,0.155,1.996,61440,21,9,21
"BudgetCrossing",20000,4,232,18.980,19.001,0.261,17.201,1,0,0.182,1.596,61440,21,9,21
"BudgetCrossing",20000,4,233,16.935,16.943,0.226,15.528,1,0,0.162,1.244,73728,21,9,21
"BudgetCrossing",20000,4,234,17.373,17.366,0.257,15.503,1,0,0.159,1.711,73728,21,9,21
"BudgetCrossing",20000,4,235,19.611,19.615,0.330,18.205,1,0,0.203,1.204,73728,21,9,21
"BudgetCrossing",20000,4,236,19.864,19.850,0.567,17.895,1,0,0.241,1.727,73728,21,9,21
"BudgetCrossing",20000,4,237,18.606,18.620,0.253,17.253,1,0,0.151,1.202,73728,21,9,21
"BudgetCrossing",20000,4,238,20.427,20.409,0.261,17.554,1,0,0.163,2.709,73728,21,9,21
"BudgetCrossing",20000,4,239,17.913,17.924,0.270,16.208,1,0,0.158,1.546,73728,21,9,21
"BudgetCrossing",20000,4,240,19.913,19.913,0.278,17.448,1,0,0.196,2.269,,21,9,21
"BudgetCrossing",20000,4,241,17.563,17.567,0.299,16.121,1,0,0.161,1.280,81920,21,9,21
"BudgetCrossing",20000,4,242,19.217,19.194,0.294,16.185,1,0,0.162,2.870,73728,21,9,21
"BudgetCrossing",20000,4,243,25.092,25.085,0.292,22.119,1,0,0.215,2.758,73728,21,9,21
"BudgetCrossing",20000,4,244,16.948,16.968,0.217,15.562,1,0,0.185,1.201,73728,21,9,21
"BudgetCrossing",20000,4,245,18.331,18.331,0.255,16.476,1,0,0.146,1.709,69632,21,9,21
"BudgetCrossing",20000,4,246,19.310,19.284,0.313,16.316,1,0,0.196,2.798,73728,21,9,21
"BudgetCrossing",20000,4,247,20.471,20.474,0.279,18.120,1,0,0.145,2.206,,21,9,21
"BudgetCrossing",20000,4,248,18.358,18.371,0.332,16.471,1,0,0.205,1.683,65536,21,9,21
"BudgetCrossing",20000,4,249,18.827,18.827,0.464,17.259,1,0,0.235,1.333,69632,21,9,21
"BudgetCrossing",20000,4,250,17.473,17.487,0.289,16.030,1,0,0.206,1.237,73728,21,9,21
"BudgetCrossing",20000,4,251,18.508,18.492,0.276,15.725,1,0,0.155,2.628,69632,21,9,21
"BudgetCrossing",20000,4,252,22.279,22.259,0.275,19.108,1,0,0.203,2.969,73728,21,9,21
"BudgetCrossing",20000,4,253,18.168,18.191,0.308,15.868,1,0,0.159,2.141,73728,21,9,21
"BudgetCrossing",20000,4,254,16.636,16.644,0.277,15.209,1,0,0.156,1.271,73728,21,9,21
"BudgetCrossing",20000,4,255,16.173,16.174,0.268,15.609,1,0,0.155,0.409,20480,21,9,21
"BudgetCrossing",20000,4,256,25.424,25.418,0.276,22.732,1,0,0.176,2.516,73728,21,9,21
"BudgetCrossing",20000,4,257,19.136,19.112,0.226,16.168,1,0,0.161,2.808,73728,21,9,21
"BudgetCrossing",20000,4,258,20.126,20.146,0.263,18.239,1,0,0.194,1.693,77824,21,9,21
"BudgetCrossing",20000,4,259,16.900,16.907,0.251,15.492,1,0,0.162,1.246,81920,21,9,21
"BudgetCrossing",20000,4,260,18.190,18.191,0.313,16.702,1,0,0.205,1.283,73728,21,9,21
"BudgetCrossing",20000,4,261,17.803,17.729,0.255,15.125,1,0,0.174,2.505,,21,9,21
"BudgetCrossing",20000,4,262,18.371,18.420,0.261,15.860,1,0,0.172,2.338,61440,21,9,21
"BudgetCrossing",20000,4,263,16.767,16.763,0.000,15.933,1,0,0.153,0.681,16384,21,9,21
"BudgetCrossing",20000,4,264,21.289,21.285,0.269,18.681,1,0,0.200,2.408,73728,21,9,21
"BudgetCrossing",20000,4,265,23.105,23.125,0.332,21.305,1,0,0.174,1.626,69632,21,9,21
"BudgetCrossing",20000,4,266,18.225,18.218,0.287,15.569,1,0,0.163,2.494,73728,21,9,21
"BudgetCrossing",20000,4,267,19.555,19.560,0.282,18.176,1,0,0.207,1.171,73728,21,9,21
"BudgetCrossing",20000,4,268,18.742,18.735,0.251,17.205,1,0,0.192,1.345,73728,21,9,21
"BudgetCrossing",20000,4,269,17.219,17.230,0.277,15.676,1,0,0.235,1.307,81920,21,9,21
"BudgetCrossing",20000,4,270,17.575,17.571,0.273,16.065,1,0,0.218,1.292,73728,21,9,21
"BudgetCrossing",20000,4,271,15.780,15.783,0.649,15.059,1,0,0.174,0.547,12288,21,9,21
"BudgetCrossing",20000,4,272,17.720,17.721,0.267,16.243,1,0,0.204,1.274,77824,21,9,21
"BudgetCrossing",20000,4,273,16.798,16.792,0.295,16.142,1,0,0.157,0.499,16384,21,9,21
"BudgetCrossing",20000,4,274,19.617,19.613,0.294,17.866,1,0,0.197,1.554,73728,21,9,21
"BudgetCrossing",20000,4,275,18.514,18.510,0.238,16.594,1,0,0.191,1.729,77824,21,9,21
"BudgetCrossing",20000,4,276,23.123,23.132,0.302,21.552,1,0,0.199,1.373,77824,21,9,21
"BudgetCrossing",20000,4,277,19.971,19.952,0.264,15.710,1,0,0.148,4.112,,21,9,21
"BudgetCrossing",20000,4,278,24.245,24.247,0.274,21.185,1,0,0.199,2.861,61440,21,9,21
"BudgetCrossing",20000,4,279,17.671,17.690,0.000,16.217,1,0,0.196,1.258,65536,21,9,21
"BudgetCrossing",20000,4,280,17.470,17.474,0.290,16.898,1,0,0.198,0.374,20480,21,9,21
"BudgetCrossing",20000,4,281,18.227,18.203,0.288,15.706,1,0,0.148,2.373,69632,21,9,21
"BudgetCrossing",20000,4,282,19.313,19.317,0.249,17.177,1,0,0.159,1.976,73728,21,9,21
"BudgetCrossing",20000,4,283,17.879,17.890,0.296,16.504,1,0,0.157,1.218,77824,21,9,21
"BudgetCrossing",20000,4,284,17.427,17.424,0.260,15.926,1,0,0.217,1.284,69632,21,9,21
"BudgetCrossing",20000,4,285,18.601,18.596,0.264,16.901,1,0,0.200,1.500,77824,21,9,21
"BudgetCrossing",20000,4,286,16.611,16.610,0.252,15.449,1,0,0.193,0.970,16384,21,9,21
"BudgetCrossing",20000,4,287,17.899,17.888,0.263,17.168,1,0,0.192,0.540,12288,21,9,21
"BudgetCrossing",20000,4,288,22.346,22.362,0.263,20.563,1,0,0.185,1.598,73728,21,9,21
"BudgetCrossing",20000,4,289,18.587,18.585,0.332,17.160,1,0,0.193,1.235,73728,21,9,21
"BudgetCrossing",20000,4,290,17.236,17.233,0.256,15.602,1,0,0.187,1.446,73728,21,9,21
"BudgetCrossing",20000,4,291,18.857,18.858,0.284,17.409,1,0,0.153,1.294,77824,21,9,21
"BudgetCrossing",20000,4,292,18.407,18.410,0.298,17.043,1,0,0.150,1.213,77824,21,9,21
"BudgetCrossing",20000,4,293,20.125,20.074,0.271,15.979,1,0,0.190,3.956,,21,9,21
"BudgetCrossing",20000,4,294,17.950,18.004,0.286,16.539,1,0,0.168,1.242,65536,21,9,21
"BudgetCrossing",20000,4,295,24.654,24.644,0.000,22.305,1,0,0.219,2.131,65536,21,9,21
"BudgetCrossing",20000,4,296,20.214,20.211,0.309,17.783,1,0,0.205,2.226,73728,21,9,21
"BudgetCrossing",20000,4,297,19.024,19.023,0.249,16.753,1,0,0.153,2.117,73728,21,9,21
"BudgetCrossing",20000,4,298,18.503,18.505,0.253,17.091,1,0,0.196,1.217,73728,21,9,21
"BudgetCrossing",20000,4,299,25.102,25.101,0.280,23.668,1,0,0.219,1.215,73728,21,9,21
"BudgetCrossing",24000,4,0,20.511,20.502,0.289,18.720,1,0,0.233,1.559,73728,14,9,14
"BudgetCrossing",24000,4,1,20.947,20.961,0.214,19.503,1,0,0.196,1.249,73728,14,9,14
"BudgetCrossing",24000,4,2,21.169,21.166,0.258,19.646,1,0,0.240,1.284,73728,14,9,14
"BudgetCrossing",24000,4,3,21.795,21.793,0.269,19.278,1,0,0.180,2.337,73728,15,9,15
"BudgetCrossing",24000,4,4,24.510,24.499,0.315,22.812,1,0,0.247,1.451,69632,15,9,15
"BudgetCrossing",24000,4,5,23.623,23.604,0.243,21.264,1,0,0.195,2.163,73728,15,9,15
"BudgetCrossing",24000,4,6,20.224,20.254,0.266,18.727,1,0,0.254,1.243,77824,15,9,15
"BudgetCrossing",24000,4,7,20.347,20.351,0.242,19.744,1,0,0.244,0.358,16384,15,9,15
"BudgetCrossing",24000,4,8,23.542,23.504,0.277,20.878,1,0,0.255,2.409,,15,9,15
"BudgetCrossing",24000,4,9,19.488,19.494,0.288,18.582,1,0,0.259,0.647,8192,15,9,15
"BudgetCrossing",24000,4,10,20.817,20.840,0.271,20.211,1,0,0.218,0.388,4096,15,9,15
"BudgetCrossing",24000,4,11,20.579,20.576,0.264,18.981,1,0,0.265,1.333,73728,15,9,15
"BudgetCrossing",24000,4,12,21.279,21.269,0.245,18.704,1,0,0.258,2.317,69632,16,9,16
"BudgetCrossing",24000,4,13,22.029,22.024,0.279,19.632,1,0,0.244,2.153,73728,16,9,16
"BudgetCrossing",24000,4,14,19.496,19.505,0.293,18.546,1,0,0.200,0.751,16384,16,9,16
"BudgetCrossing",24000,4,15,23.674,23.656,0.260,20.832,1,0,0.181,2.661,69632,16,9,16
"BudgetCrossing",24000,4,16,20.503,20.489,0.260,19.532,1,0,0.252,0.719,20480,16,9,16
"BudgetCrossing",24000,4,17,20.696,20.702,0.295,19.841,1,0,0.238,0.617,16384,16,9,16
"BudgetCrossing",24000,4,18,21.055,21.083,0.274,19.535,1,0,0.216,1.303,69632,16,9,16
"BudgetCrossing",24000,4,19,21.310,21.303,0.253,19.856,1,0,0.216,1.239,77824,16,9,16
"BudgetCrossing",24000,4,20,19.691,19.698,0.270,18.308,1,0,0.174,1.208,73728,16,9,16
"BudgetCrossing",24000,4,21,20.511,20.505,0.295,19.870,1,0,0.212,0.429,16384,17,9,17
"BudgetCrossing",24000,4,22,20.723,20.720,0.325,19.235,1,0,0.195,1.294,73728,17,9,17
"BudgetCrossing",24000,4,23,22.997,22.990,0.304,21.372,1,0,0.263,1.362,77824,17,9,17
"BudgetCrossing",24000,4,24,21.042,21.051,0.292,19.531,1,0,0.199,1.312,69632,17,9,17
"BudgetCrossing",24000,4,25,21.431,21.423,0.237,18.675,1,0,0.245,2.511,,17,9,17
"BudgetCrossing",24000,4,26,22.387,22.385,0.248,20.895,1,0,0.231,1.262,69632,17,9,17
"BudgetCrossing",24000,4,27,21.894,21.897,0.246,20.215,1,0,0.277,1.402,57344,17,9,17
"BudgetCrossing",24000,4,28,24.697,24.689,0.285,23.076,1,0,0.215,1.407,69632,17,9,17
"BudgetCrossing",24000,4,29,19.869,19.879,0.248,18.393,1,0,0.212,1.264,69632,17,9,17
"BudgetCrossing",24000,4,30,24.575,24.540,0.242,21.325,1,0,0.265,2.985,73728,18,9,18
"BudgetCrossing",24000,4,31,22.309,22.314,0.257,19.187,1,0,0.258,2.864,73728,18,9,18
"BudgetCrossing",24000,4,32,20.956,20.982,0.251,19.392,1,0,0.250,1.314,73728,18,9,18
"BudgetCrossing",24000,4,33,19.646,19.629,0.294,18.782,1,0,0.268,0.596,20480,18,9,18
"BudgetCrossing",24000,4,34,20.800,20.816,0.272,19.224,1,0,0.248,1.328,73728,18,9,18
"BudgetCrossing",24000,4,35,21.411,21.196,0.254,19.888,1,0,0.227,1.296,12288,18,9,18
"BudgetCrossing",24000,4,36,23.963,24.143,0.252,20.794,1,0,0.217,2.951,73728,18,9,18
"BudgetCrossing",24000,4,37,24.104,24.133,0.277,21.306,1,0,0.183,2.615,98304,18,9,18
"BudgetCrossing",24000,4,38,22.730,22.729,0.282,20.228,1,0,0.230,2.272,,18,9,18
"BudgetCrossing",24000,4,39,21.444,21.448,0.276,19.841,1,0,0.209,1.394,65536,19,9,19
"BudgetCrossing",24000,4,40,20.742,20.735,0.278,19.203,1,0,0.221,1.318,61440,19,9,19
"BudgetCrossing",24000,4,41,22.252,22.253,0.278,20.272,1,0,0.206,1.775,61440,19,9,19
"BudgetCrossing",24000,4,42,22.547,22.533,0.248,19.892,1,0,0.258,2.396,69632,19,9,19
"BudgetCrossing",24000,4,43,24.251,24.231,0.237,21.081,1,0,0.246,2.923,73728,19,9,19
"BudgetCrossing",24000,4,44,22.581,22.585,0.258,19.542,1,0,0.239,2.801,73728,19,9,19
"BudgetCrossing",24000,4,45,21.626,21.655,0.267,20.014,1,0,0.253,1.359,69632,19,9,19
"BudgetCrossing",24000,4,46,25.079,25.079,0.257,23.552,1,0,0.239,1.288,77824,19,9,19
"BudgetCrossing",24000,4,47,23.011,22.976,0.283,20.047,1,0,0.216,2.748,73728,19,9,19
"BudgetCrossing",24000,4,48,21.795,21.828,0.218,20.212,1,0,0.225,1.357,69632,20,9,20
"BudgetCrossing",24000,4,49,25.631,25.622,0.311,24.222,1,0,0.204,1.205,73728,20,9,20
"BudgetCrossing",24000,4,50,22.063,22.068,0.277,20.480,1,0,0.243,1.340,73728,20,9,20
"BudgetCrossing",24000,4,51,21.976,21.967,0.259,18.906,1,0,0.190,2.880,,20,9,20
"BudgetCrossing",24000,4,52,19.366,19.371,0.278,18.595,1,0,0.267,0.504,8192,20,9,20
"BudgetCrossing",24000,4,53,20.798,20.801,0.254,19.165,1,0,0.245,1.388,65536,20,9,20
"BudgetCrossing",24000,4,54,20.698,20.698,0.272,19.129,1,0,0.262,1.307,61440,20,9,20
"BudgetCrossing",24000,4,55,22.052,22.041,0.243,21.233,1,0,0.239,0.580,12288,20,9,20
"BudgetCrossing",24000,4,56,22.327,22.311,0.313,20.157,1,0,0.308,1.863,73728,20,9,20
"BudgetCrossing",24000,4,57,21.857,21.886,0.239,20.284,1,0,0.263,1.310,73728,21,9,21
"BudgetCrossing",24000,4,58,19.111,19.094,0.272,18.271,1,0,0.243,0.598,12288,21,9,21
"BudgetCrossing",24000,4,59,22.228,22.245,0.249,20.715,1,0,0.188,1.326,73728,21,9,21
"BudgetCrossing",24000,4,60,22.298,22.286,0.253,20.556,1,0,0.252,1.490,73728,21,9,21
"BudgetCrossing",24000,4,61,20.980,20.991,0.320,19.687,1,0,0.185,1.108,73728,21,9,21
"BudgetCrossing",24000,4,62,21.892,21.880,0.238,20.131,1,0,0.255,1.506,73728,21,9,21
"BudgetCrossing",24000,4,63,24.514,24.520,0.318,23.064,1,0,0.198,1.253,73728,21,9,21
"BudgetCrossing",24000,4,64,22.039,22.036,0.231,20.295,1,0,0.252,1.492,73728,21,9,21
"BudgetCrossing",24000,4,65,23.019,23.014,0.214,20.951,1,0,0.237,1.831,73728,21,9,21
"BudgetCrossing",24000,4,66,28.344,28.319,0.316,25.758,1,0,0.257,2.329,73728,21,9,21
"BudgetCrossing",24000,4,67,27.530,27.512,0.274,23.774,1,0,0.186,3.571,,21,9,21
"BudgetCrossing",24000,4,68,23.746,23.788,0.269,21.666,1,0,0.281,1.799,57344,21,9,21
"BudgetCrossing",24000,4,69,22.689,22.654,0.292,21.005,1,0,0.261,1.424,57344,21,9,21
"BudgetCrossing",24000,4,70,23.760,23.792,0.290,21.140,1,0,0.208,2.413,69632,21,9,21
"BudgetCrossing",24000,4,71,20.675,20.677,0.270,19.039,1,0,0.265,1.371,73728,21,9,21
"BudgetCrossing",24000,4,72,23.841,23.830,0.247,20.988,1,0,0.218,2.635,69632,21,9,21
"BudgetCrossing",24000,4,73,22.730,22.740,0.227,21.316,1,0,0.205,1.209,77824,21,9,21
"BudgetCrossing",24000,4,74,22.480,22.481,0.260,20.936,1,0,0.205,1.339,73728,21,9,21
"BudgetCrossing",24000,4,75,21.270,21.268,0.289,19.676,1,0,0.301,1.293,69632,21,9,21
"BudgetCrossing",24000,4,76,22.139,22.128,0.266,21.360,1,0,0.252,0.527,20480,21,9,21
"BudgetCrossing",24000,4,77,20.291,20.275,0.315,19.359,1,0,0.205,0.727,16384,21,9,21
"BudgetCrossing",24000,4,78,22.419,22.444,0.253,20.820,1,0,0.244,1.355,69632,21,9,21
"BudgetCrossing",24000,4,79,22.595,22.590,0.326,21.008,1,0,0.233,1.354,73728,21,9,21
"BudgetCrossing",24000,4,80,21.004,21.008,0.280,19.489,1,0,0.238,1.278,73728,21,9,21
"BudgetCrossing",24000,4,81,23.830,23.820,0.282,19.612,1,0,0.224,3.995,,21,9,21
"BudgetCrossing",24000,4,82,21.912,21.929,0.279,20.314,1,0,0.257,1.340,61440,21,9,21
"BudgetCrossing",24000,4,83,22.973,22.967,0.000,20.796,1,0,0.248,1.929,57344,21,9,21
"BudgetCrossing",24000,4,84,24.068,24.036,0.288,20.817,1,0,0.356,2.895,61440,21,9,21
"BudgetCrossing",24000,4,85,23.027,23.052,0.234,21.490,1,0,0.210,1.327,57344,21,9,21
"BudgetCrossing",24000,4,86,22.084,22.075,0.264,20.240,1,0,0.249,1.595,73728,21,9,21
"BudgetCrossing",24000,4,87,22.909,22.916,0.294,21.264,1,0,0.247,1.398,77824,21,9,21
"BudgetCrossing",24000,4,88,24.291,24.269,0.260,20.709,1,0,0.242,3.339,69632,21,9,21
"BudgetCrossing",24000,4,89,23.698,23.711,0.285,20.929,1,0,0.241,2.527,73728,21,9,21
"BudgetCrossing",24000,4,90,20.873,20.883,0.233,19.464,1,0,0.182,1.228,73728,21,9,21
"BudgetCrossing",24000,4,91,25.739,25.715,0.288,22.636,1,0,0.215,2.888,69632,21,9,21
"BudgetCrossing",24000,4,92,23.174,23.195,0.264,21.863,1,0,0.177,1.133,73728,21,9,21
"BudgetCrossing",24000,4,93,21.357,21.357,0.240,19.784,1,0,0.196,1.377,77824,21,9,21
"BudgetCrossing",24000,4,94,20.126,20.122,0.252,19.444,1,0,0.188,0.494,20480,21,9,21
"BudgetCrossing",24000,4,95,20.554,20.560,0.272,19.863,1,0,0.192,0.499,16384,21,9,21
"BudgetCrossing",24000,4,96,24.640,24.613,0.256,20.420,1,0,0.192,4.028,,21,9,21
"BudgetCrossing",24000,4,97,22.775,22.793,0.256,21.099,1,0,0.280,1.396,61440,21,9,21
"BudgetCrossing",24000,4,98,21.209,21.210,0.000,19.590,1,0,0.255,1.364,57344,21,9,21
"BudgetCrossing",24000,4,99,24.166,24.140,0.214,21.081,1,0,0.208,2.876,61440,21,9,21
"BudgetCrossing",24000,4,100,22.589,22.583,0.266,20.223,1,0,0.243,2.123,57344,21,9,21
"BudgetCrossing",24000,4,101,22.635,22.669,0.287,21.116,1,0,0.237,1.281,73728,21,9,21
"BudgetCrossing",24000,4,102,24.143,24.128,0.249,22.180,1,0,0.325,1.638,73728,21,9,21
"BudgetCrossing",24000,4,103,22.788,22.779,0.278,21.286,1,0,0.209,1.294,69632,21,9,21
"BudgetCrossing",24000,4,104,21.417,21.434,0.291,19.894,1,0,0.247,1.277,73728,21,9,21
"BudgetCrossing",24000,4,105,22.616,22.617,0.258,21.007,1,0,0.241,1.367,73728,21,9,21
"BudgetCrossing",24000,4,106,23.051,23.048,0.258,21.314,1,0,0.193,1.544,69632,21,9,21
"BudgetCrossing",24000,4,107,21.960,21.959,0.256,20.399,1,0,0.208,1.353,77824,21,9,21
"BudgetCrossing",24000,4,108,20.702,20.668,0.320,19.689,1,0,0.242,0.771,20480,21,9,21
"BudgetCrossing",24000,4,109,22.731,22.735,0.290,19.703,1,0,0.214,2.813,73728,21,9,21
"BudgetCrossing",24000,4,110,25.443,25.454,0.260,22.952,1,0,0.218,2.273,,21,9,21
"BudgetCrossing",24000,4,111,24.130,24.144,0.271,22.521,1,0,0.204,1.405,61440,21,9,21
"BudgetCrossing",24000,4,112,23.833,23.824,0.284,21.794,1,0,0.390,1.649,57344,21,9,21
"BudgetCrossing",24000,4,113,22.032,22.036,0.278,20.404,1,0,0.253,1.375,61440,21,9,21
"BudgetCrossing",24000,4,114,23.433,23.434,0.257,21.921,1,0,0.248,1.264,61440,21,9,21
"BudgetCrossing",24000,4,115,22.055,22.048,0.242,20.390,1,0,0.263,1.403,65536,21,9,21
"BudgetCrossing",24000,4,116,20.935,20.941,0.315,19.473,1,0,0.198,1.264,73728,21,9,21
"BudgetCrossing",24000,4,117,24.429,24.424,0.260,22.939,1,0,0.208,1.282,69632,21,9,21
"BudgetCrossing",24000,4,118,23.292,23.267,0.256,21.657,1,0,0.202,1.433,73728,21,9,21
"BudgetCrossing",24000,4,119,22.569,22.601,0.269,21.126,1,0,0.197,1.247,73728,21,9,21
"BudgetCrossing",24000,4,120,25.677,25.646,0.303,22.516,1,0,0.180,2.980,73728,21,9,21
"BudgetCrossing",24000,4,121,24.788,24.801,0.302,22.308,1,0,0.189,2.291,73728,21,9,21
"BudgetCrossing",24000,4,122,21.154,21.164,0.295,19.624,1,0,0.243,1.288,77824,21,9,21
"BudgetCrossing",24000,4,123,24.701,24.674,0.536,21.756,1,0,0.221,2.725,73728,21,9,21
"BudgetCrossing",24000,4,124,25.618,25.628,0.307,21.435,1,0,0.236,3.947,,21,9,21
"BudgetCrossing",24000,4,125,23.096,23.107,0.365,21.169,1,0,0.263,1.664,57344,21,9,21
"BudgetCrossing",24000,4,126,24.732,24.724,0.286,22.381,1,0,0.250,2.102,61440,21,9,21
"BudgetCrossing",24000,4,127,22.129,22.144,0.329,20.750,1,0,0.183,1.196,61440,21,9,21
"BudgetCrossing",24000,4,128,21.589,21.543,0.348,20.476,1,0,0.247,0.865,4096,21,9,21
"BudgetCrossing",24000,4,129,24.659,24.696,0.311,23.153,1,0,0.258,1.248,69632,21,9,21
"BudgetCrossing",24000,4,130,20.787,20.792,0.293,19.321,1,0,0.225,1.242,73728,21,9,21
"BudgetCrossing",24000,4,131,22.606,22.608,0.314,21.975,1,0,0.190,0.442,12288,21,9,21
"BudgetCrossing",24000,4,132,23.470,23.418,0.284,21.601,1,0,0.218,1.651,73728,21,9,21
"BudgetCrossing",24000,4,133,22.619,22.661,0.277,20.959,1,0,0.230,1.430,73728,21,9,21
"BudgetCrossing",24000,4,134,21.804,21.805,0.341,20.217,1,0,0.233,1.353,73728,21,9,21
"BudgetCrossing",24000,4,135,22.937,22.939,0.254,22.233,1,0,0.215,0.489,20480,21,9,21
"BudgetCrossing",24000,4,136,21.796,21.763,0.317,20.781,1,0,0.220,0.794,16384,21,9,21
"BudgetCrossing",24000,4,137,23.232,23.234,0.313,20.606,1,0,0.171,2.455,73728,21,9,21
"BudgetCrossing",24000,4,138,24.258,24.275,0.282,22.481,1,0,0.229,1.549,77824,21,9,21
"BudgetCrossing",24000,4,139,22.892,22.871,0.268,19.858,1,0,0.227,2.808,73728,21,9,21
"BudgetCrossing",24000,4,140,24.612,24.631,0.276,20.812,1,0,0.219,3.581,,21,9,21
"BudgetCrossing",24000,4,141,23.284,23.267,0.253,19.994,1,0,0.271,3.020,61440,21,9,21
"BudgetCrossing",24000,4,142,24.857,24.860,0.304,21.823,1,0,0.251,2.784,61440,21,9,21
"BudgetCrossing",24000,4,143,23.467,23.446,0.327,20.467,1,0,0.279,2.722,61440,21,9,21
"BudgetCrossing",24000,4,144,21.534,21.569,0.260,20.679,1,0,0.260,0.594,4096,21,9,21
"BudgetCrossing",24000,4,145,24.092,24.072,0.294,21.424,1,0,0.233,2.435,61440,21,9,21
"BudgetCrossing",24000,4,146,22.800,22.809,0.318,21.223,1,0,0.225,1.352,65536,21,9,21
"BudgetCrossing",24000,4,147,22.335,22.332,0.286,20.546,1,0,0.294,1.495,69632,21,9,21
"BudgetCrossing",24000,4,148,23.640,23.649,0.276,21.615,1,0,0.220,1.805,73728,21,9,21
"BudgetCrossing",24000,4,149,24.497,24.500,0.272,22.852,1,0,0.233,1.413,77824,21,9,21
"BudgetCrossing",24000,4,150,25.872,25.842,0.225,22.601,1,0,0.200,3.071,69632,21,9,21
"BudgetCrossing",24000,4,151,24.263,24.259,0.260,20.996,1,0,0.253,3.015,73728,21,9,21
"BudgetCrossing",24000,4,152,22.884,22.911,0.267,21.336,1,0,0.242,1.305,73728,21,9,21
"BudgetCrossing",24000,4,153,23.971,23.977,0.313,22.462,1,0,0.217,1.293,73728,21,9,21
"BudgetCrossing",24000,4,154,22.366,22.365,0.316,20.835,1,0,0.197,1.334,73728,21,9,21
"BudgetCrossing",24000,4,155,25.606,25.596,0.286,22.979,1,0,0.205,2.422,,21,9,21
"BudgetCrossing",24000,4,156,23.146,23.149,0.398,22.360,1,0,0.268,0.519,4096,21,9,21
"BudgetCrossing",24000,4,157,23.120,23.130,0.245,22.518,1,0,0.181,0.422,4096,21,9,21
"BudgetCrossing",24000,4,158,24.072,24.070,0.273,21.852,1,0,0.182,2.039,57344,21,9,21
"BudgetCrossing",24000,4,159,22.360,22.359,0.256,20.796,1,0,0.214,1.350,61440,21,9,21
"BudgetCrossing",24000,4,160,21.541,21.502,0.276,20.626,1,0,0.212,0.703,8192,21,9,21
"BudgetCrossing",24000,4,161,25.301,25.324,0.258,23.585,1,0,0.272,1.443,69632,21,9,21
"BudgetCrossing",24000,4,162,22.537,22.550,0.283,21.203,1,0,0.196,1.137,73728,21,9,21
"BudgetCrossing",24000,4,163,22.920,22.917,0.314,21.153,1,0,0.199,1.569,69632,21,9,21
"BudgetCrossing",24000,4,164,21.374,21.379,0.287,20.772,1,0,0.184,0.418,16384,21,9,21
"BudgetCrossing",24000,4,165,23.182,23.161,0.283,20.491,1,0,0.183,2.508,77824,21,9,21
"BudgetCrossing",24000,4,166,22.332,22.355,0.383,20.901,1,0,0.190,1.242,69632,21,9,21
"BudgetCrossing",24000,4,167,24.847,24.830,0.251,23.028,1,0,0.219,1.599,73728,21,9,21
"BudgetCrossing",24000,4,168,26.024,26.017,0.283,23.497,1,0,0.199,2.328,77824,21,9,21
"BudgetCrossing",24000,4,169,23.288,23.301,0.252,21.699,1,0,0.266,1.322,69632,21,9,21
"BudgetCrossing",24000,4,170,24.849,24.844,0.254,22.043,1,0,0.250,2.556,81920,21,9,21
"BudgetCrossing",24000,4,171,25.548,25.518,0.287,22.054,1,0,0.203,3.290,,21,9,21
"BudgetCrossing",24000,4,172,23.998,24.033,0.230,22.526,1,0,0.201,1.271,61440,21,9,21
"BudgetCrossing",24000,4,173,23.322,23.321,0.284,21.770,1,0,0.257,1.295,57344,21,9,21
"BudgetCrossing",24000,4,174,23.686,23.687,0.308,22.101,1,0,0.226,1.359,57344,21,9,21
"BudgetCrossing",24000,4,175,24.589,24.578,0.254,22.607,1,0,0.244,1.738,61440,21,9,21
"BudgetCrossing",24000,4,176,22.585,22.592,0.298,20.954,1,0,0.228,1.404,57344,21,9,21
"BudgetCrossing",24000,4,177,22.162,22.132,0.275,21.224,1,0,0.239,0.699,8192,21,9,21
"BudgetCrossing",24000,4,178,24.279,24.308,0.275,22.663,1,0,0.222,1.394,73728,21,9,21
"BudgetCrossing",24000,4,179,23.952,23.955,0.301,22.417,1,0,0.186,1.349,73728,21,9,21
"BudgetCrossing",24000,4,180,25.636,25.593,0.254,22.610,1,0,0.186,2.841,73728,21,9,21
"BudgetCrossing",24000,4,181,24.693,24.716,0.311,21.826,1,0,0.223,2.643,69632,21,9,21
"BudgetCrossing",24000,4,182,24.252,24.252,0.281,22.678,1,0,0.238,1.337,73728,21,9,21
"BudgetCrossing",24000,4,183,23.444,23.453,0.247,21.754,1,0,0.204,1.486,77824,21,9,21
"BudgetCrossing",24000,4,184,24.701,24.659,0.259,21.618,1,0,0.257,2.825,77824,21,9,21
"BudgetCrossing",24000,4,185,24.739,24.777,0.271,22.982,1,0,0.280,1.476,73728,21,9,21
"BudgetCrossing",24000,4,186,25.434,25.437,0.506,21.992,1,0,0.250,3.192,,21,9,21
"BudgetCrossing",24000,4,187,24.232,24.229,0.335,22.741,1,0,0.249,1.242,57344,21,9,21
"BudgetCrossing",24000,4,188,23.075,23.064,0.279,21.217,1,0,0.235,1.623,57344,21,9,21
"BudgetCrossing",24000,4,189,24.511,24.523,0.268,22.574,1,0,0.207,1.730,57344,21,9,21
"BudgetCrossing",24000,4,190,23.489,23.487,0.248,21.819,1,0,0.247,1.424,65536,21,9,21
"BudgetCrossing",24000,4,191,26.262,26.256,0.306,23.378,1,0,0.191,2.692,57344,21,9,21
"BudgetCrossing",24000,4,192,21.557,21.566,0.242,20.130,1,0,0.197,1.230,69632,21,9,21
"BudgetCrossing",24000,4,193,25.048,25.029,0.470,22.853,1,0,0.256,1.939,69632,21,9,21
"BudgetCrossing",24000,4,194,23.687,23.697,0.296,22.896,1,0,0.272,0.519,20480,21,9,21
"BudgetCrossing",24000,4,195,24.147,24.150,0.278,21.972,1,0,0.246,1.929,73728,21,9,21
"BudgetCrossing",24000,4,196,25.358,25.361,0.281,23.859,1,0,0.193,1.306,69632,21,9,21
"BudgetCrossing",24000,4,197,23.509,23.496,0.253,21.821,1,0,0.264,1.424,77824,21,9,21
"BudgetCrossing",24000,4,198,25.005,25.002,0.265,22.636,1,0,0.200,2.170,73728,21,9,21
"BudgetCrossing",24000,4,199,22.984,22.996,0.280,21.562,1,0,0.190,1.232,73728,21,9,21
"BudgetCrossing",24000,4,200,21.533,21.535,0.269,20.931,1,0,0.195,0.407,20480,21,9,21
"BudgetCrossing",24000,4,201,24.573,24.567,0.257,22.018,1,0,0.209,2.347,,21,9,21
"BudgetCrossing",24000,4,202,24.809,24.807,0.289,21.985,1,0,0.289,2.535,57344,21,9,21
"BudgetCrossing",24000,4,203,25.567,25.554,0.247,23.713,1,0,0.312,1.542,57344,21,9,21
"BudgetCrossing",24000,4,204,25.663,25.660,0.242,22.579,1,0,0.272,2.812,61440,21,9,21
"BudgetCrossing",24000,4,205,25.730,25.747,0.541,22.875,1,0,0.271,2.584,57344,21,9,21
"BudgetCrossing",24000,4,206,22.433,22.437,0.261,20.783,1,0,0.187,1.463,61440,21,9,21
"BudgetCrossing",24000,4,207,25.606,25.587,0.261,22.897,1,0,0.251,2.458,73728,21,9,21
"BudgetCrossing",24000,4,208,24.526,24.518,0.259,21.481,1,0,0.198,2.847,73728,21,9,21
"BudgetCrossing",24000,4,209,23.473,23.492,0.344,21.894,1,0,0.189,1.391,69632,21,9,21
"BudgetCrossing",24000,4,210,23.959,23.964,0.257,22.485,1,0,0.230,1.244,77824,21,9,21
"BudgetCrossing",24000,4,211,23.880,23.861,0.250,21.165,1,0,0.232,2.484,73728,21,9,21
"BudgetCrossing",24000,4,212,22.872,22.889,0.664,21.428,1,0,0.187,1.257,69632,21,9,21
"BudgetCrossing",24000,4,213,25.102,25.081,0.279,23.484,1,0,0.207,1.410,73728,21,9,21
"BudgetCrossing",24000,4,214,26.539,26.526,0.571,23.172,1,0,0.263,3.103,,21,9,21
"BudgetCrossing",24000,4,215,25.395,25.427,0.267,23.958,1,0,0.204,1.233,61440,21,9,21
"BudgetCrossing",24000,4,216,26.459,26.449,0.262,23.488,1,0,0.256,2.715,61440,21,9,21
"BudgetCrossing",24000,4,217,25.424,25.427,0.284,23.572,1,0,0.194,1.659,57344,21,9,21
"BudgetCrossing",24000,4,218,24.409,24.410,0.455,22.852,1,0,0.230,1.327,57344,21,9,21
"BudgetCrossing",24000,4,219,25.774,25.739,0.344,22.492,1,0,0.229,3.054,57344,21,9,21
"BudgetCrossing",24000,4,220,24.753,24.769,0.256,21.996,1,0,0.213,2.543,61440,21,9,21
"BudgetCrossing",24000,4,221,24.438,24.450,0.287,22.859,1,0,0.226,1.353,65536,21,9,21
"BudgetCrossing",24000,4,222,24.622,24.628,0.537,23.004,1,0,0.229,1.390,77824,21,9,21
"BudgetCrossing",24000,4,223,26.450,26.413,0.285,23.457,1,0,0.225,2.768,73728,21,9,21
"BudgetCrossing",24000,4,224,32.285,32.312,0.321,29.517,1,0,0.223,2.545,106496,21,9,21
"BudgetCrossing",24000,4,225,24.290,24.279,0.276,22.624,1,0,0.242,1.424,73728,21,9,21
"BudgetCrossing",24000,4,226,24.429,24.443,0.280,22.671,1,0,0.304,1.454,73728,21,9,21
"BudgetCrossing",24000,4,227,27.279,27.268,0.284,24.584,1,0,0.304,2.391,,21,9,21
"BudgetCrossing",24000,4,228,29.075,29.074,0.297,27.130,1,0,0.287,1.658,65536,21,9,21
"BudgetCrossing",24000,4,229,25.946,25.932,0.293,22.795,1,0,0.207,2.944,57344,21,9,21
"BudgetCrossing",24000,4,230,23.873,23.894,0.329,22.257,1,0,0.254,1.362,57344,21,9,21
"BudgetCrossing",24000,4,231,23.858,23.852,0.294,21.944,1,0,0.245,1.669,57344,21,9,21
"BudgetCrossing",24000,4,232,24.228,24.231,0.259,22.638,1,0,0.207,1.383,57344,21,9,21
"BudgetCrossing",24000,4,233,24.772,24.779,0.466,23.190,1,0,0.264,1.318,61440,21,9,21
"BudgetCrossing",24000,4,234,26.250,26.218,0.281,23.257,1,0,0.222,2.770,69632,21,9,21
"BudgetCrossing",24000,4,235,25.612,25.619,0.325,23.180,1,0,0.196,2.236,73728,21,9,21
"BudgetCrossing",24000,4,236,25.171,25.163,0.292,22.212,1,0,0.172,2.787,73728,21,9,21
"BudgetCrossing",24000,4,237,24.939,24.942,0.296,21.977,1,0,0.257,2.704,69632,21,9,21
"BudgetCrossing",24000,4,238,26.853,26.857,0.280,24.174,1,0,0.203,2.476,73728,21,9,21
"BudgetCrossing",24000,4,239,26.014,26.016,0.438,24.141,1,0,0.255,1.618,73728,21,9,21
"BudgetCrossing",24000,4,240,25.399,25.398,0.256,23.568,1,0,0.221,1.611,81920,21,9,21
"BudgetCrossing",24000,4,241,24.004,23.980,0.285,22.965,1,0,0.278,0.762,16384,21,9,21
"BudgetCrossing",24000,4,242,27.399,27.367,0.260,22.659,1,0,0.201,4.539,,21,9,21
"BudgetCrossing",24000,4,243,24.485,24.546,0.551,22.792,1,0,0.289,1.404,151552,21,9,21
"BudgetCrossing",24000,4,244,25.103,25.101,0.000,22.880,1,0,0.210,2.014,69632,21,9,21
"BudgetCrossing",24000,4,245,25.511,25.491,0.598,23.837,1,0,0.250,1.423,73728,21,9,21
"BudgetCrossing",24000,4,246,23.774,23.779,0.606,22.159,1,0,0.242,1.372,69632,21,9,21
"BudgetCrossing",24000,4,247,24.233,24.228,0.563,21.135,1,0,0.296,2.802,77824,21,9,21
"BudgetCrossing",24000,4,248,26.889,26.892,0.544,23.898,1,0,0.266,2.725,73728,21,9,21
"BudgetCrossing",24000,4,249,23.277,23.247,0.633,21.160,1,0,0.248,1.869,69632,21,9,21
"BudgetCrossing",24000,4,250,28.703,28.742,0.525,24.240,1,0,0.243,4.220,,21,9,21
"BudgetCrossing",24000,4,251,24.664,24.640,0.604,21.372,1,0,0.193,3.099,65536,21,9,21
"BudgetCrossing",24000,4,252,28.799,28.794,0.500,25.983,1,0,0.268,2.548,69632,21,9,21
"BudgetCrossing",24000,4,253,23.584,23.610,0.590,21.884,1,0,0.257,1.443,77824,21,9,21
"BudgetCrossing",24000,4,254,27.151,27.154,0.594,25.709,1,0,0.228,1.215,69632,21,9,21
"BudgetCrossing",24000,4,255,23.692,23.684,0.797,21.929,1,0,0.231,1.533,73728,21,9,21
"BudgetCrossing",24000,4,256,24.944,24.952,0.598,23.291,1,0,0.189,1.463,73728,21,9,21
"BudgetCrossing",24000,4,257,24.775,24.776,0.609,23.162,1,0,0.197,1.416,69632,21,9,21
"BudgetCrossing",24000,4,258,24.715,24.706,0.555,22.578,1,0,0.242,1.895,77824,21,9,21
"BudgetCrossing",24000,4,259,23.062,23.061,0.616,21.114,1,0,0.182,1.765,77824,21,9,21
"BudgetCrossing",24000,4,260,30.313,30.301,0.546,26.954,1,0,0.565,2.793,69632,21,9,21
"BudgetCrossing",24000,4,261,23.422,23.443,0.782,22.099,1,0,0.188,1.135,77824,21,9,21
"BudgetCrossing",24000,4,262,25.476,25.436,0.609,23.771,1,0,0.234,1.471,77824,21,9,21
"BudgetCrossing",24000,4,263,24.582,24.612,0.735,23.099,1,0,0.194,1.289,73728,21,9,21
"BudgetCrossing",24000,4,264,25.538,25.475,0.778,22.940,1,0,0.361,2.237,,21,9,21
"BudgetCrossing",24000,4,265,25.424,25.493,0.569,23.795,1,0,0.302,1.327,69632,21,9,21
"BudgetCrossing",24000,4,266,24.701,24.691,0.000,23.108,1,0,0.261,1.332,65536,21,9,21
"BudgetCrossing",24000,4,267,24.101,24.104,0.571,22.649,1,0,0.206,1.246,73728,21,9,21
"BudgetCrossing",24000,4,268,22.129,22.106,0.788,21.243,1,0,0.255,0.631,12288,21,9,21
"BudgetCrossing",24000,4,269,26.008,26.025,0.572,24.386,1,0,0.247,1.374,73728,21,9,21
"BudgetCrossing",24000,4,270,24.967,24.971,0.696,23.410,1,0,0.257,1.300,73728,21,9,21
"BudgetCrossing",24000,4,271,26.896,26.880,0.697,24.243,1,0,0.237,2.417,69632,21,9,21
"BudgetCrossing",24000,4,272,26.612,26.620,0.700,24.564,1,0,0.200,1.848,81920,21,9,21
"BudgetCrossing",24000,4,273,25.831,25.809,0.553,22.896,1,0,0.235,2.699,73728,21,9,21
"BudgetCrossing",24000,4,274,24.162,24.189,0.564,22.637,1,0,0.242,1.284,69632,21,9,21
"BudgetCrossing",24000,4,275,24.855,24.823,0.611,23.871,1,0,0.219,0.765,16384,21,9,21
"BudgetCrossing",24000,4,276,26.272,26.295,0.599,24.504,1,0,0.259,1.509,73728,21,9,21
"BudgetCrossing",24000,4,277,22.649,22.647,0.590,21.098,1,0,0.278,1.273,73728,21,9,21
"BudgetCrossing",24000,4,278,22.899,22.884,0.539,22.014,1,0,0.276,0.610,24576,21,9,21
"BudgetCrossing",24000,4,279,25.629,25.633,0.560,23.785,1,0,0.297,1.547,73728,21,9,21
"BudgetCrossing",24000,4,280,26.100,26.103,0.589,22.334,1,0,0.208,3.558,,21,9,21
"BudgetCrossing",24000,4,281,25.769,25.768,0.741,24.133,1,0,0.288,1.348,65536,21,9,21
"BudgetCrossing",24000,4,282,25.471,25.470,0.548,23.817,1,0,0.275,1.379,61440,21,9,21
"BudgetCrossing",24000,4,283,25.600,25.602,0.778,23.593,1,0,0.272,1.735,73728,21,9,21
"BudgetCrossing",24000,4,284,26.102,26.111,0.715,24.586,1,0,0.195,1.321,69632,21,9,21
"BudgetCrossing",24000,4,285,25.215,25.202,0.569,23.338,1,0,0.209,1.668,73728,21,9,21
"BudgetCrossing",24000,4,286,26.833,26.814,0.576,23.813,1,0,0.259,2.761,77824,21,9,21
"BudgetCrossing",24000,4,287,24.727,24.761,0.763,23.223,1,0,0.229,1.276,69632,21,9,21
"BudgetCrossing",24000,4,288,25.076,25.075,0.537,23.524,1,0,0.247,1.305,77824,21,9,21
"BudgetCrossing",24000,4,289,26.173,26.165,0.506,24.512,1,0,0.256,1.404,73728,21,9,21
"BudgetCrossing",24000,4,290,26.185,26.173,0.709,24.621,1,0,0.258,1.306,69632,21,9,21
"BudgetCrossing",24000,4,291,26.217,26.204,0.557,23.382,1,0,0.262,2.573,73728,21,9,21
"BudgetCrossing",24000,4,292,25.348,25.368,0.795,23.346,1,0,0.260,1.742,77824,21,9,21
"BudgetCrossing",24000,4,293,27.015,27.018,0.757,24.327,1,0,0.277,2.412,73728,21,9,21
"BudgetCrossing",24000,4,294,26.857,26.857,0.683,24.022,1,0,0.250,2.585,,21,9,21
"BudgetCrossing",24000,4,295,24.097,24.091,0.864,22.475,1,0,0.275,1.347,69632,21,9,21
"BudgetCrossing",24000,4,296,23.954,23.962,0.665,22.596,1,0,0.198,1.160,61440,21,9,21
"BudgetCrossing",24000,4,297,25.866,25.864,0.637,24.410,1,0,0.190,1.266,73728,21,9,21
"BudgetCrossing",24000,4,298,25.752,25.728,0.674,23.633,1,0,0.290,1.830,73728,21,9,21
"BudgetCrossing",24000,4,299,25.836,25.822,0.859,23.372,1,0,0.264,2.200,73728,21,9,21
"BudgetCrossing",12000,5,0,6.539,6.529,0.628,5.272,1,0,0.098,1.170,69632,14,9,14
"BudgetCrossing",12000,5,1,5.750,5.758,0.578,5.108,1,0,0.093,0.549,16384,14,9,14
"BudgetCrossing",12000,5,2,6.974,6.972,0.568,5.619,1,0,0.108,1.247,73728,14,9,14
"BudgetCrossing",12000,5,3,7.944,7.935,0.627,7.401,1,0,0.104,0.438,16384,15,9,15
"BudgetCrossing",12000,5,4,5.319,5.329,0.633,4.901,1,0,0.090,0.328,16384,15,9,15
"BudgetCrossing",12000,5,5,5.498,5.498,0.606,5.023,1,0,0.088,0.387,32768,15,9,15
"BudgetCrossing",12000,5,6,7.180,7.161,0.579,4.960,1,0,0.091,2.129,,15,9,15
"BudgetCrossing",12000,5,7,6.398,6.416,0.580,5.280,1,0,0.085,1.033,61440,15,9,15
"BudgetCrossing",12000,5,8,5.135,5.139,0.627,4.767,1,0,0.086,0.283,4096,15,9,15
"BudgetCrossing",12000,5,9,8.105,8.092,0.584,7.545,1,0,0.125,0.435,12288,15,9,15
"BudgetCrossing",12000,5,10,5.883,5.892,0.600,4.730,1,0,0.087,1.066,69632,15,9,15
"BudgetCrossing",12000,5,11,7.889,7.865,0.615,5.169,1,0,0.108,2.613,77824,15,9,15
"BudgetCrossing",12000,5,12,7.152,7.166,0.578,5.879,1,0,0.112,1.160,73728,16,9,16
"BudgetCrossing",12000,5,13,6.776,6.775,0.638,5.173,1,0,0.106,1.497,69632,16,9,16
"BudgetCrossing",12000,5,14,7.698,7.703,0.587,6.334,1,0,0.100,1.265,73728,16,9,16
"BudgetCrossing",12000,5,15,6.549,6.544,0.735,5.365,1,0,0.083,1.101,73728,16,9,16
"BudgetCrossing",12000,5,16,6.881,6.874,0.623,4.844,1,0,0.081,1.956,69632,16,9,16
"BudgetCrossing",12000,5,17,9.529,9.535,0.797,8.293,1,0,0.116,1.119,77824,16,9,16
"BudgetCrossing",12000,5,18,5.780,5.782,0.635,5.366,1,0,0.093,0.321,16384,16,9,16
"BudgetCrossing",12000,5,19,6.573,6.572,0.656,4.902,1,0,0.113,1.558,,16,9,16
"BudgetCrossing",12000,5,20,6.505,6.496,0.736,5.213,1,0,0.112,1.180,57344,16,9,16
"BudgetCrossing",12000,5,21,5.999,6.013,0.608,5.585,1,0,0.138,0.275,8192,17,9,17
"BudgetCrossing",12000,5,22,6.938,6.937,0.591,5.683,1,0,0.095,1.160,69632,17,9,17
"BudgetCrossing",12000,5,23,7.238,7.228,0.616,5.791,1,0,0.098,1.349,73728,17,9,17
"BudgetCrossing",12000,5,24,7.047,7.051,0.598,5.632,1,0,0.126,1.290,73728,17,9,17
"BudgetCrossing",12000,5,25,7.048,7.049,0.623,5.710,1,0,0.118,1.220,69632,17,9,17
"BudgetCrossing",12000,5,26,7.193,7.187,0.642,5.793,1,0,0.120,1.279,77824,17,9,17
"BudgetCrossing",12000,5,27,7.188,7.195,0.631,5.834,1,0,0.117,1.237,73728,17,9,17
"BudgetCrossing",12000,5,28,7.466,7.459,0.670,5.865,1,0,0.102,1.499,69632,17,9,17
"BudgetCrossing",12000,5,29,7.181,7.178,0.685,5.829,1,0,0.110,1.241,77824,17,9,17
"BudgetCrossing",12000,5,30,8.975,8.966,0.637,5.867,1,0,0.092,3.016,,18,9,18
"BudgetCrossing",12000,5,31,7.190,7.201,0.831,5.823,1,0,0.098,1.269,61440,18,9,18
"BudgetCrossing",12000,5,32,6.723,6.723,0.000,5.896,1,0,0.095,0.732,4096,18,9,18
"BudgetCrossing",12000,5,33,6.305,6.306,0.835,5.752,1,0,0.095,0.458,8192,18,9,18
"BudgetCrossing",12000,5,34,6.797,6.792,0.828,5.347,1,0,0.089,1.361,69632,18,9,18
"BudgetCrossing",12000,5,35,7.762,7.765,0.661,6.264,1,0,0.123,1.375,73728,18,9,18
"BudgetCrossing",12000,5,36,5.532,5.534,0.583,4.976,1,0,0.082,0.475,20480,18,9,18
"BudgetCrossing",12000,5,37,7.883,7.865,0.639,7.330,1,0,0.094,0.460,12288,18,9,18
"BudgetCrossing",12000,5,38,9.439,9.445,0.799,6.827,1,0,0.119,2.494,73728,18,9,18
"BudgetCrossing",12000,5,39,7.925,7.934,0.814,6.779,1,0,0.084,1.062,73728,19,9,19
"BudgetCrossing",12000,5,40,6.169,6.165,0.572,5.020,1,0,0.082,1.067,69632,19,9,19
"BudgetCrossing",12000,5,41,5.942,5.929,0.697,5.311,1,0,0.116,0.515,20480,19,9,19
"BudgetCrossing",12000,5,42,9.616,9.625,0.652,8.203,1,0,0.145,1.269,77824,19,9,19
"BudgetCrossing",12000,5,43,7.859,7.863,0.649,6.429,1,0,0.116,1.314,73728,19,9,19
"BudgetCrossing",12000,5,44,10.032,10.023,0.618,7.971,1,0,0.106,1.955,,19,9,19
"BudgetCrossing",12000,5,45,8.658,8.662,0.692,7.483,1,0,0.085,1.091,61440,19,9,19
"BudgetCrossing",12000,5,46,6.326,6.331,0.743,5.119,1,0,0.080,1.127,57344,19,9,19
"BudgetCrossing",12000,5,47,7.518,7.513,0.671,6.349,1,0,0.085,1.084,61440,19,9,19
"BudgetCrossing",12000,5,48,5.920,5.923,0.654,5.192,1,0,0.091,0.637,16384,20,9,20
"BudgetCrossing",12000,5,49,6.021,6.011,0.653,5.335,1,0,0.144,0.542,16384,20,9,20
"BudgetCrossing",12000,5,50,11.041,11.038,0.691,8.292,1,0,0.103,2.646,73728,20,9,20
"BudgetCrossing",12000,5,51,9.555,9.566,0.637,8.366,1,0,0.078,1.110,73728,20,9,20
"BudgetCrossing",12000,5,52,6.700,6.695,0.592,5.525,1,0,0.081,1.094,73728,20,9,20
"BudgetCrossing",12000,5,53,6.669,6.670,0.648,5.290,1,0,0.086,1.293,73728,20,9,20
"BudgetCrossing",12000,5,54,6.729,6.731,0.703,5.541,1,0,0.087,1.101,69632,20,9,20
"BudgetCrossing",12000,5,55,8.412,8.375,0.599,7.625,1,0,0.094,0.692,20480,20,9,20
"BudgetCrossing",12000,5,56,7.677,7.691,0.792,6.923,1,0,0.124,0.630,20480,20,9,20
"BudgetCrossing",12000,5,57,9.727,9.737,0.649,6.446,1,0,0.097,3.184,,21,9,21
"BudgetCrossing",12000,5,58,6.760,6.763,0.606,5.241,1,0,0.090,1.430,73728,21,9,21
"BudgetCrossing",12000,5,59,7.057,7.057,0.000,5.344,1,0,0.088,1.626,61440,21,9,21
"BudgetCrossing",12000,5,60,6.602,6.606,0.697,5.220,1,0,0.086,1.296,61440,21,9,21
"BudgetCrossing",12000,5,61,7.286,7.254,0.688,5.589,1,0,0.087,1.610,69632,21,9,21
"BudgetCrossing",12000,5,62,11.092,11.119,0.650,9.202,1,0,0.121,1.770,73728,21,9,21
"BudgetCrossing",12000,5,63,7.268,7.267,0.627,6.696,1,0,0.114,0.458,16384,21,9,21
"BudgetCrossing",12000,5,64,6.273,6.282,0.594,4.992,1,0,0.110,1.171,69632,21,9,21
"BudgetCrossing",12000,5,65,8.964,8.957,0.704,7.747,1,0,0.092,1.125,73728,21,9,21
"BudgetCrossing",12000,5,66,7.515,7.519,0.723,5.044,1,0,0.081,2.391,77824,21,9,21
"BudgetCrossing",12000,5,67,6.371,6.369,0.543,5.166,1,0,0.094,1.111,69632,21,9,21
"BudgetCrossing",12000,5,68,8.114,8.105,0.509,6.843,1,0,0.103,1.168,,21,9,21
"BudgetCrossing",12000,5,69,5.670,5.683,0.485,5.256,1,0,0.091,0.323,8192,21,9,21
"BudgetCrossing",12000,5,70,6.008,6.010,0.541,5.643,1,0,0.091,0.274,4096,21,9,21
"BudgetCrossing",12000,5,71,6.980,6.969,0.528,5.790,1,0,0.084,1.106,61440,21,9,21
"BudgetCrossing",12000,5,72,6.496,6.501,0.528,5.154,1,0,0.105,1.237,69632,21,9,21
"BudgetCrossing",12000,5,73,6.602,6.600,0.549,5.388,1,0,0.106,1.107,73728,21,9,21
"BudgetCrossing",12000,5,74,6.350,6.341,0.485,5.562,1,0,0.097,0.691,16384,21,9,21
"BudgetCrossing",12000,5,75,7.828,7.830,0.557,5.758,1,0,0.107,1.963,69632,21,9,21
"BudgetCrossing",12000,5,76,6.642,6.647,0.511,5.414,1,0,0.083,1.146,77824,21,9,21
"BudgetCrossing",12000,5,77,6.619,6.614,0.558,5.457,1,0,0.085,1.077,73728,21,9,21
"BudgetCrossing",12000,5,78,10.219,10.217,0.537,8.647,1,0,0.140,1.433,69632,21,9,21
"BudgetCrossing",12000,5,79,8.462,8.455,0.555,6.918,1,0,0.082,1.462,77824,21,9,21
"BudgetCrossing",12000,5,80,7.774,7.780,0.522,6.345,1,0,0.095,1.334,73728,21,9,21
"BudgetCrossing",12000,5,81,10.427,10.424,0.515,7.879,1,0,0.114,2.435,,21,9,21
"BudgetCrossing",12000,5,82,7.515,7.516,0.562,6.214,1,0,0.096,1.205,65536,21,9,21
"BudgetCrossing",12000,5,83,9.040,9.045,0.685,7.852,1,0,0.093,1.095,57344,21,9,21
"BudgetCrossing",12000,5,84,6.349,6.342,0.548,5.117,1,0,0.087,1.145,61440,21,9,21
"BudgetCrossing",12000,5,85,6.460,6.465,0.625,5.223,1,0,0.115,1.122,65536,21,9,21
"BudgetCrossing",12000,5,86,6.578,6.581,0.500,5.271,1,0,0.115,1.192,73728,21,9,21
"BudgetCrossing",12000,5,87,6.948,6.943,0.661,5.634,1,0,0.090,1.225,73728,21,9,21
"BudgetCrossing",12000,5,88,6.330,6.320,0.501,5.780,1,0,0.089,0.461,12288,21,9,21
"BudgetCrossing",12000,5,89,8.112,8.109,0.542,5.971,1,0,0.119,2.022,77824,21,9,21
"BudgetCrossing",12000,5,90,9.686,9.690,0.556,8.067,1,0,0.113,1.507,73728,21,9,21
"BudgetCrossing",12000,5,91,8.716,8.722,0.555,7.474,1,0,0.094,1.148,69632,21,9,21
"BudgetCrossing",12000,5,92,7.357,7.345,0.532,5.124,1,0,0.103,2.130,,21,9,21
"BudgetCrossing",12000,5,93,6.601,6.617,0.519,5.358,1,0,0.090,1.154,61440,21,9,21
"BudgetCrossing",12000,5,94,7.007,7.008,0.567,5.772,1,0,0.083,1.152,57344,21,9,21
"BudgetCrossing",12000,5,95,7.296,7.286,0.581,5.889,1,0,0.101,1.307,65536,21,9,21
"BudgetCrossing",12000,5,96,7.357,7.353,0.496,6.026,1,0,0.112,1.219,57344,21,9,21
"BudgetCrossing",12000,5,97,6.641,6.643,0.544,5.182,1,0,0.100,1.359,73728,21,9,21
"BudgetCrossing",12000,5,98,5.966,5.965,0.669,5.463,1,0,0.096,0.408,20480,21,9,21
"BudgetCrossing",12000,5,99,6.701,6.708,0.733,5.466,1,0,0.092,1.143,69632,21,9,21
"BudgetCrossing",12000,5,100,6.909,6.907,0.554,5.656,1,0,0.093,1.159,73728,21,9,21
"BudgetCrossing",12000,5,101,6.105,6.097,0.700,5.545,1,0,0.094,0.465,16384,21,9,21
"BudgetCrossing",12000,5,102,11.776,11.779,0.518,9.889,1,0,0.145,1.743,69632,21,9,21
"BudgetCrossing",12000,5,103,8.520,8.516,0.702,7.177,1,0,0.100,1.244,81920,21,9,21
"BudgetCrossing",12000,5,104,7.156,7.162,0.518,5.340,1,0,0.085,1.731,,21,9,21
"BudgetCrossing",12000,5,105,9.174,9.173,0.663,8.001,1,0,0.085,1.088,57344,21,9,21
"BudgetCrossing",12000,5,106,7.729,7.704,0.748,5.228,1,0,0.093,2.408,61440,21,9,21
"BudgetCrossing",12000,5,107,6.721,6.736,0.559,6.168,1,0,0.112,0.441,4096,21,9,21
"BudgetCrossing",12000,5,108,8.060,8.037,0.516,6.052,1,0,0.118,1.890,65536,21,9,21
"BudgetCrossing",12000,5,109,9.286,9.313,0.581,8.026,1,0,0.105,1.155,73728,21,9,21
"BudgetCrossing",12000,5,110,8.397,8.395,0.562,7.065,1,0,0.084,1.249,73728,21,9,21
"BudgetCrossing",12000,5,111,6.724,6.720,0.531,5.531,1,0,0.084,1.108,73728,21,9,21
"BudgetCrossing",12000,5,112,8.101,8.106,0.578,6.681,1,0,0.107,1.313,73728,21,9,21
"BudgetCrossing",12000,5,113,6.600,6.563,0.738,5.282,1,0,0.114,1.203,69632,21,9,21
"BudgetCrossing",12000,5,114,9.501,9.536,0.628,8.267,1,0,0.097,1.137,81920,21,9,21
"BudgetCrossing",12000,5,115,10.071,10.059,0.734,7.784,1,0,0.102,2.185,,21,9,21
"BudgetCrossing",12000,5,116,7.281,7.295,0.526,6.076,1,0,0.088,1.117,61440,21,9,21
"BudgetCrossing",12000,5,117,6.005,6.007,0.538,5.645,1,0,0.088,0.272,4096,21,9,21
"BudgetCrossing",12000,5,118,7.332,7.322,0.534,5.964,1,0,0.095,1.273,61440,21,9,21
"BudgetCrossing",12000,5,119,7.528,7.528,0.512,6.085,1,0,0.099,1.345,61440,21,9,21
"BudgetCrossing",12000,5,120,10.311,10.301,0.507,8.054,1,0,0.103,2.155,69632,21,9,21
"BudgetCrossing",12000,5,121,11.187,11.181,0.544,8.735,1,0,0.110,2.341,73728,21,9,21
"BudgetCrossing",12000,5,122,6.817,6.832,0.658,5.536,1,0,0.090,1.191,73728,21,9,21
"BudgetCrossing",12000,5,123,8.015,7.993,0.547,5.514,1,0,0.096,2.405,73728,21,9,21
"BudgetCrossing",12000,5,124,8.847,8.868,0.534,7.583,1,0,0.096,1.167,73728,21,9,21
"BudgetCrossing",12000,5,125,9.710,9.699,0.567,8.119,1,0,0.107,1.484,73728,21,9,21
"BudgetCrossing",12000,5,126,8.355,8.360,0.518,6.489,1,0,0.080,1.786,,21,9,21
"BudgetCrossing",12000,5,127,7.133,7.139,0.584,5.850,1,0,0.089,1.194,57344,21,9,21
"BudgetCrossing",12000,5,128,6.393,6.389,0.554,5.996,1,0,0.091,0.306,4096,21,9,21
"BudgetCrossing",12000,5,129,6.438,6.444,0.582,6.049,1,0,0.106,0.283,8192,21,9,21
"BudgetCrossing",12000,5,130,7.536,7.528,0.522,6.301,1,0,0.098,1.137,57344,21,9,21
"BudgetCrossing",12000,5,131,10.364,10.325,0.555,7.459,1,0,0.095,2.811,65536,21,9,21
"BudgetCrossing",12000,5,132,8.102,8.131,0.544,6.560,1,0,0.091,1.450,73728,21,9,21
"BudgetCrossing",12000,5,133,8.950,8.918,0.725,6.085,1,0,0.107,2.758,69632,21,9,21
"BudgetCrossing",12000,5,134,7.637,7.674,0.671,6.384,1,0,0.099,1.154,73728,21,9,21
"BudgetCrossing",12000,5,135,5.911,5.906,0.536,5.477,1,0,0.089,0.345,16384,21,9,21
"BudgetCrossing",12000,5,136,9.841,9.845,0.743,9.225,1,0,0.129,0.488,16384,21,9,21
"BudgetCrossing",12000,5,137,6.791,6.786,0.562,5.230,1,0,0.096,1.465,73728,21,9,21
"BudgetCrossing",12000,5,138,7.103,7.102,0.513,5.786,1,0,0.091,1.226,77824,21,9,21
"BudgetCrossing",12000,5,139,6.318,6.323,0.559,5.907,1,0,0.084,0.326,16384,21,9,21
"BudgetCrossing",12000,5,140,11.061,11.048,0.603,8.304,1,0,0.131,2.625,,21,9,21
"BudgetCrossing",12000,5,141,6.699,6.711,0.591,5.462,1,0,0.093,1.144,57344,21,9,21
"BudgetCrossing",12000,5,142,9.212,9.198,0.840,7.064,1,0,0.093,2.055,57344,21,9,21
"BudgetCrossing",12000,5,143,10.099,10.101,0.474,8.396,1,0,0.135,1.568,61440,21,9,21
"BudgetCrossing",12000,5,144,9.367,9.374,0.516,8.127,1,0,0.112,1.128,57344,21,9,21
"BudgetCrossing",12000,5,145,7.481,7.465,0.558,5.463,1,0,0.119,1.899,61440,21,9,21
"BudgetCrossing",12000,5,146,9.091,9.107,0.511,7.848,1,0,0.119,1.123,69632,21,9,21
"BudgetCrossing",12000,5,147,6.812,6.807,0.568,5.569,1,0,0.084,1.158,69632,21,9,21
"BudgetCrossing",12000,5,148,5.826,5.834,0.517,5.399,1,0,0.095,0.332,20480,21,9,21
"BudgetCrossing",12000,5,149,8.425,8.419,0.741,7.145,1,0,0.111,1.168,73728,21,9,21
"BudgetCrossing",12000,5,150,6.887,6.883,0.513,5.582,1,0,0.089,1.216,73728,21,9,21
"BudgetCrossing",12000,5,151,7.506,7.507,0.545,5.914,1,0,0.094,1.498,73728,21,9,21
"BudgetCrossing",12000,5,152,7.732,7.732,0.500,5.544,1,0,0.086,2.103,,21,9,21
"BudgetCrossing",12000,5,153,7.255,7.254,0.539,5.950,1,0,0.094,1.211,57344,21,9,21
"BudgetCrossing",12000,5,154,7.547,7.554,0.561,6.246,1,0,0.091,1.210,57344,21,9,21
"BudgetCrossing",12000,5,155,8.035,8.023,0.493,6.275,1,0,0.105,1.654,61440,21,9,21
"BudgetCrossing",12000,5,156,9.134,9.134,0.523,7.753,1,0,0.149,1.232,57344,21,9,21
"BudgetCrossing",12000,5,157,8.777,8.780,0.548,7.010,1,0,0.112,1.655,61440,21,9,21
"BudgetCrossing",12000,5,158,7.367,7.363,0.531,5.904,1,0,0.106,1.358,73728,21,9,21
"BudgetCrossing",12000,5,159,7.004,7.009,0.533,5.576,1,0,0.107,1.321,73728,21,9,21
"BudgetCrossing",12000,5,160,6.735,6.737,0.739,5.564,1,0,0.083,1.088,73728,21,9,21
"BudgetCrossing",12000,5,161,5.994,5.979,0.518,5.476,1,0,0.083,0.435,16384,21,9,21
"BudgetCrossing",12000,5,162,7.763,7.777,0.582,7.277,1,0,0.101,0.386,16384,21,9,21
"BudgetCrossing",12000,5,163,7.407,7.408,0.542,6.154,1,0,0.087,1.166,73728,21,9,21
"BudgetCrossing",12000,5,164,7.244,7.228,0.501,6.042,1,0,0.088,1.115,,21,9,21
"BudgetCrossing",12000,5,165,7.528,7.540,0.541,6.217,1,0,0.093,1.217,57344,21,9,21
"BudgetCrossing",12000,5,166,9.256,9.230,0.544,6.415,1,0,0.085,2.757,57344,21,9,21
"BudgetCrossing",12000,5,167,8.572,8.598,0.785,7.237,1,0,0.131,1.204,65536,21,9,21
"BudgetCrossing",12000,5,168,9.045,9.035,0.533,7.600,1,0,0.098,1.346,57344,21,9,21
"BudgetCrossing",12000,5,169,8.027,8.024,0.694,5.872,1,0,0.089,2.066,61440,21,9,21
"BudgetCrossing",12000,5,170,11.471,11.476,0.544,10.125,1,0,0.124,1.222,61440,21,9,21
"BudgetCrossing",12000,5,171,8.330,8.334,0.759,7.076,1,0,0.106,1.148,69632,21,9,21
"BudgetCrossing",12000,5,172,6.116,6.117,0.719,5.720,1,0,0.084,0.312,16384,21,9,21
"BudgetCrossing",12000,5,173,9.893,9.885,0.552,7.441,1,0,0.087,2.366,73728,21,9,21
"BudgetCrossing",12000,5,174,7.292,7.299,0.725,6.136,1,0,0.083,1.073,77824,21,9,21
"BudgetCrossing",12000,5,175,6.868,6.864,0.497,5.632,1,0,0.089,1.147,77824,21,9,21
"BudgetCrossing",12000,5,176,6.219,6.195,0.534,5.515,1,0,0.096,0.608,20480,21,9,21
"BudgetCrossing",12000,5,177,13.035,13.053,0.508,9.218,1,0,0.124,3.693,,21,9,21
"BudgetCrossing",12000,5,178,8.006,8.007,0.488,6.729,1,0,0.091,1.187,57344,21,9,21
"BudgetCrossing",12000,5,179,8.294,8.291,0.550,6.472,1,0,0.106,1.716,57344,21,9,21
"BudgetCrossing",12000,5,180,7.658,7.648,0.546,5.734,1,0,0.107,1.817,57344,21,9,21
"BudgetCrossing",12000,5,181,9.182,9.200,0.486,7.735,1,0,0.101,1.347,65536,21,9,21
"BudgetCrossing",12000,5,182,7.323,7.323,0.699,6.147,1,0,0.084,1.092,61440,21,9,21
"BudgetCrossing",12000,5,183,7.006,6.997,0.570,5.736,1,0,0.103,1.167,69632,21,9,21
"BudgetCrossing",12000,5,184,6.177,6.183,0.738,5.685,1,0,0.109,0.383,16384,21,9,21
"BudgetCrossing",12000,5,185,8.632,8.616,0.494,8.085,1,0,0.108,0.439,16384,21,9,21
"BudgetCrossing",12000,5,186,8.584,8.600,0.517,7.143,1,0,0.097,1.343,69632,21,9,21
"BudgetCrossing",12000,5,187,6.464,6.459,0.565,5.946,1,0,0.093,0.425,24576,21,9,21
"BudgetCrossing",12000,5,188,6.914,6.906,0.523,6.322,1,0,0.100,0.491,16384,21,9,21
"BudgetCrossing",12000,5,189,7.541,7.549,0.571,6.285,1,0,0.079,1.177,69632,21,9,21
"BudgetCrossing",12000,5,190,8.368,8.364,0.750,5.838,1,0,0.080,2.450,,21,9,21
"BudgetCrossing",12000,5,191,10.658,10.636,0.579,7.635,1,0,0.121,2.901,90112,21,9,21
"BudgetCrossing",12000,5,192,7.678,7.701,0.564,6.299,1,0,0.087,1.291,65536,21,9,21
"BudgetCrossing",12000,5,193,9.370,9.367,0.519,8.162,1,0,0.090,1.118,73728,21,9,21
"BudgetCrossing",12000,5,194,7.943,7.934,0.507,5.803,1,0,0.099,2.042,69632,21,9,21
"BudgetCrossing",12000,5,195,6.996,7.003,0.552,5.685,1,0,0.084,1.227,73728,21,9,21
"BudgetCrossing",12000,5,196,6.852,6.857,0.544,5.673,1,0,0.081,1.098,73728,21,9,21
"BudgetCrossing",12000,5,197,6.325,6.323,0.533,5.839,1,0,0.111,0.375,16384,21,9,21
"BudgetCrossing",12000,5,198,8.899,8.892,0.497,7.704,1,0,0.082,1.114,81920,21,9,21
"BudgetCrossing",12000,5,199,7.934,7.942,0.499,6.746,1,0,0.082,1.107,73728,21,9,21
"BudgetCrossing",12000,5,200,8.028,8.027,0.566,7.603,1,0,0.079,0.347,12288,21,9,21
"BudgetCrossing",12000,5,201,8.235,8.220,0.506,5.897,1,0,0.102,2.236,,21,9,21
"BudgetCrossing",12000,5,202,10.194,10.198,0.527,7.993,1,0,0.148,2.053,65536,21,9,21
"BudgetCrossing",12000,5,203,7.248,7.251,0.521,5.957,1,0,0.109,1.181,61440,21,9,21
"BudgetCrossing",12000,5,204,8.267,8.270,0.522,6.338,1,0,0.127,1.803,73728,21,9,21
"BudgetCrossing",12000,5,205,7.242,7.240,0.495,5.948,1,0,0.090,1.205,73728,21,9,21
"BudgetCrossing",12000,5,206,6.385,6.390,0.543,5.936,1,0,0.078,0.371,16384,21,9,21
"BudgetCrossing",12000,5,207,6.268,6.266,0.527,5.756,1,0,0.102,0.410,16384,21,9,21
"BudgetCrossing",12000,5,208,6.518,6.519,0.567,6.060,1,0,0.104,0.353,16384,21,9,21
"BudgetCrossing",12000,5,209,9.405,9.370,0.508,6.553,1,0,0.095,2.756,77824,21,9,21
"BudgetCrossing",12000,5,210,10.852,10.860,0.527,8.459,1,0,0.089,2.304,73728,21,9,21
"BudgetCrossing",12000,5,211,8.057,8.069,0.548,6.427,1,0,0.115,1.514,69632,21,9,21
"BudgetCrossing",12000,5,212,12.311,12.301,0.521,9.535,1,0,0.145,2.631,77824,21,9,21
"BudgetCrossing",12000,5,213,7.296,7.316,0.543,6.077,1,0,0.096,1.124,81920,21,9,21
"BudgetCrossing",12000,5,214,6.093,6.089,0.513,5.630,1,0,0.088,0.375,16384,21,9,21
"BudgetCrossing",12000,5,215,6.573,6.554,0.745,6.016,1,0,0.085,0.472,16384,21,9,21
"BudgetCrossing",12000,5,216,11.388,11.406,0.512,9.253,1,0,0.084,2.050,,21,9,21
"BudgetCrossing",12000,5,217,7.250,7.252,0.611,6.017,1,0,0.089,1.144,61440,21,9,21
"BudgetCrossing",12000,5,218,6.141,6.139,0.512,5.788,1,0,0.081,0.272,4096,21,9,21
"BudgetCrossing",12000,5,219,6.333,6.338,0.476,5.954,1,0,0.100,0.280,16384,21,9,21
"BudgetCrossing",12000,5,220,6.593,6.587,0.509,6.125,1,0,0.106,0.362,16384,21,9,21
"BudgetCrossing",12000,5,221,10.309,10.289,0.533,8.188,1,0,0.104,2.017,73728,21,9,21
"BudgetCrossing",12000,5,222,9.545,9.555,0.496,7.957,1,0,0.104,1.484,73728,21,9,21
"BudgetCrossing",12000,5,223,8.437,8.422,0.539,6.202,1,0,0.100,2.135,69632,21,9,21
"BudgetCrossing",12000,5,224,8.799,8.819,0.543,8.277,1,0,0.115,0.407,20480,21,9,21
"BudgetCrossing",12000,5,225,7.051,7.047,0.513,5.819,1,0,0.115,1.117,73728,21,9,21
"BudgetCrossing",12000,5,226,6.145,6.148,0.546,5.663,1,0,0.084,0.398,16384,21,9,21
"BudgetCrossing",12000,5,227,6.997,6.997,0.515,5.794,1,0,0.085,1.118,77824,21,9,21
"BudgetCrossing",12000,5,228,8.104,8.098,0.619,6.854,1,0,0.120,1.130,77824,21,9,21
"BudgetCrossing",12000,5,229,6.212,6.218,0.541,5.760,1,0,0.115,0.337,20480,21,9,21
"BudgetCrossing",12000,5,230,7.966,7.947,0.602,6.010,1,0,0.093,1.863,77824,21,9,21
"BudgetCrossing",12000,5,231,10.878,10.888,0.527,8.429,1,0,0.102,2.347,,21,9,21
"BudgetCrossing",12000,5,232,8.467,8.471,0.493,7.175,1,0,0.092,1.199,61440,21,9,21
"BudgetCrossing",12000,5,233,6.482,6.480,0.515,6.039,1,0,0.089,0.354,4096,21,9,21
"BudgetCrossing",12000,5,234,8.714,8.716,0.495,8.239,1,0,0.115,0.360,16384,21,9,21
"BudgetCrossing",12000,5,235,7.075,7.077,0.267,5.832,1,0,0.084,1.158,69632,21,9,21
"BudgetCrossing",12000,5,236,8.247,8.229,0.481,6.007,1,0,0.086,2.153,77824,21,9,21
"BudgetCrossing",12000,5,237,7.186,7.200,0.491,5.926,1,0,0.115,1.145,73728,21,9,21
"BudgetCrossing",12000,5,238,7.772,7.768,0.540,7.303,1,0,0.087,0.382,20480,21,9,21
"BudgetCrossing",12000,5,239,7.626,7.627,0.495,6.272,1,0,0.087,1.268,73728,21,9,21
"BudgetCrossing",12000,5,240,7.138,7.138,0.523,6.553,1,0,0.089,0.495,16384,21,9,21
"BudgetCrossing",12000,5,241,6.895,6.894,0.509,5.649,1,0,0.085,1.162,69632,21,9,21
"BudgetCrossing",12000,5,242,9.902,9.889,0.515,7.725,1,0,0.078,2.099,73728,21,9,21
"BudgetCrossing",12000,5,243,9.465,9.471,0.513,8.155,1,0,0.106,1.204,77824,21,9,21
"BudgetCrossing",12000,5,244,6.594,6.596,0.640,6.093,1,0,0.089,0.412,20480,21,9,21
"BudgetCrossing",12000,5,245,7.925,7.916,0.644,6.035,1,0,0.090,1.800,,21,9,21
"BudgetCrossing",12000,5,246,7.368,7.375,0.538,5.966,1,0,0.093,1.309,65536,21,9,21
"BudgetCrossing",12000,5,247,7.130,7.139,0.482,5.931,1,0,0.088,1.111,57344,21,9,21
"BudgetCrossing",12000,5,248,7.603,7.602,0.515,6.305,1,0,0.114,1.184,65536,21,9,21
"BudgetCrossing",12000,5,249,7.714,7.708,0.653,6.447,1,0,0.115,1.152,69632,21,9,21
"BudgetCrossing",12000,5,250,7.946,7.948,0.628,6.630,1,0,0.098,1.219,77824,21,9,21
"BudgetCrossing",12000,5,251,9.717,9.711,0.514,7.271,1,0,0.087,2.359,77824,21,9,21
"BudgetCrossing",12000,5,252,7.333,7.339,0.537,5.995,1,0,0.090,1.248,69632,21,9,21
"BudgetCrossing",12000,5,253,8.732,8.699,0.641,5.934,1,0,0.117,2.681,77824,21,9,21
"BudgetCrossing",12000,5,254,12.531,12.560,0.502,10.742,1,0,0.117,1.673,73728,21,9,21
"BudgetCrossing",12000,5,255,9.251,9.246,0.517,7.831,1,0,0.087,1.334,69632,21,9,21
"BudgetCrossing",12000,5,256,8.656,8.662,0.508,6.274,1,0,0.091,2.291,,21,9,21
"BudgetCrossing",12000,5,257,9.167,9.151,0.544,7.160,1,0,0.132,1.874,69632,21,9,21
"BudgetCrossing",12000,5,258,11.868,11.846,0.516,8.622,1,0,0.132,3.114,57344,21,9,21
"BudgetCrossing",12000,5,259,8.520,8.545,0.483,6.891,1,0,0.101,1.527,65536,21,9,21
"BudgetCrossing",12000,5,260,10.209,10.203,0.482,7.561,1,0,0.089,2.559,69632,21,9,21
"BudgetCrossing",12000,5,261,7.703,7.717,0.514,6.452,1,0,0.121,1.131,73728,21,9,21
"BudgetCrossing",12000,5,262,9.016,8.980,0.512,6.087,1,0,0.114,2.816,73728,21,9,21
"BudgetCrossing",12000,5,263,8.282,8.306,0.610,6.966,1,0,0.112,1.203,73728,21,9,21
"BudgetCrossing",12000,5,264,7.348,7.354,0.508,6.057,1,0,0.094,1.197,77824,21,9,21
"BudgetCrossing",12000,5,265,10.535,10.534,0.710,8.241,1,0,0.115,2.179,73728,21,9,21
"BudgetCrossing",12000,5,266,6.798,6.769,0.553,5.962,1,0,0.087,0.750,16384,21,9,21
"BudgetCrossing",12000,5,267,8.395,8.420,0.525,6.939,1,0,0.113,1.343,73728,21,9,21
"BudgetCrossing",12000,5,268,8.496,8.491,0.491,6.242,1,0,0.114,2.140,,21,9,21
"BudgetCrossing",12000,5,269,7.509,7.516,0.490,6.100,1,0,0.096,1.312,77824,21,9,21
"BudgetCrossing",12000,5,270,6.981,6.989,0.000,6.571,1,0,0.092,0.318,4096,21,9,21
"BudgetCrossing",12000,5,271,8.149,8.139,0.713,6.795,1,0,0.093,1.261,65536,21,9,21
"BudgetCrossing",12000,5,272,8.255,8.255,0.564,6.803,1,0,0.093,1.359,69632,21,9,21
"BudgetCrossing",12000,5,273,8.855,8.847,0.606,6.246,1,0,0.120,2.489,73728,21,9,21
"BudgetCrossing",12000,5,274,9.601,9.571,0.636,6.727,1,0,0.110,2.763,73728,21,9,21
"BudgetCrossing",12000,5,275,7.942,7.982,0.728,6.718,1,0,0.088,1.136,69632,21,9,21
"BudgetCrossing",12000,5,276,6.723,6.703,0.520,6.135,1,0,0.117,0.470,24576,21,9,21
"BudgetCrossing",12000,5,277,7.689,7.703,0.554,6.498,1,0,0.089,1.103,73728,21,9,21
"BudgetCrossing",12000,5,278,7.311,7.311,0.539,6.064,1,0,0.087,1.160,73728,21,9,21
"BudgetCrossing",12000,5,279,8.230,8.209,0.245,6.269,1,0,0.085,1.876,77824,21,9,21
"BudgetCrossing",12000,5,280,8.611,8.613,0.482,6.223,1,0,0.111,2.277,,21,9,21
"BudgetCrossing",12000,5,281,7.450,7.464,0.489,6.172,1,0,0.089,1.188,65536,21,9,21
"BudgetCrossing",12000,5,282,7.060,7.066,0.000,6.656,1,0,0.090,0.314,4096,21,9,21
"BudgetCrossing",12000,5,283,7.189,7.189,0.510,6.817,1,0,0.087,0.284,8192,21,9,21
"BudgetCrossing",12000,5,284,8.196,8.190,0.532,6.900,1,0,0.091,1.205,65536,21,9,21
"BudgetCrossing",12000,5,285,10.881,10.867,0.527,8.591,1,0,0.108,2.182,73728,21,9,21
"BudgetCrossing",12000,5,286,11.364,11.369,0.619,9.687,1,0,0.127,1.550,77824,21,9,21
"BudgetCrossing",12000,5,287,9.081,9.088,0.471,7.780,1,0,0.084,1.217,69632,21,9,21
"BudgetCrossing",12000,5,288,8.846,8.840,0.619,7.487,1,0,0.092,1.267,77824,21,9,21
"BudgetCrossing",12000,5,289,6.684,6.694,0.552,6.282,1,0,0.087,0.314,16384,21,9,21
"BudgetCrossing",12000,5,290,7.785,7.778,0.549,6.490,1,0,0.087,1.208,69632,21,9,21
"BudgetCrossing",12000,5,291,7.385,7.382,0.516,6.166,1,0,0.085,1.133,73728,21,9,21
"BudgetCrossing",12000,5,292,7.397,7.397,0.662,6.039,1,0,0.109,1.249,73728,21,9,21
"BudgetCrossing",12000,5,293,7.170,7.151,0.617,6.523,1,0,0.114,0.534,16384,21,9,21
"BudgetCrossing",12000,5,294,12.435,12.445,0.500,9.314,1,0,0.124,2.997,,21,9,21
"BudgetCrossing",12000,5,295,8.089,8.094,0.531,6.818,1,0,0.090,1.181,65536,21,9,21
"BudgetCrossing",12000,5,296,8.088,8.091,0.000,6.799,1,0,0.087,1.201,57344,21,9,21
"BudgetCrossing",12000,5,297,7.414,7.417,0.552,6.223,1,0,0.110,1.081,61440,21,9,21
"BudgetCrossing",12000,5,298,8.599,8.573,0.545,6.110,1,0,0.084,2.405,69632,21,9,21
"BudgetCrossing",12000,5,299,7.727,7.748,0.417,6.290,1,0,0.105,1.332,73728,21,9,21
"BudgetCrossing",14000,5,0,7.970,7.969,0.265,6.761,1,0,0.103,1.106,61440,14,9,14
"BudgetCrossing",14000,5,1,9.771,9.760,0.266,6.822,1,0,0.106,2.844,61440,14,9,14
"BudgetCrossing",14000,5,2,8.505,8.513,0.255,6.961,1,0,0.128,1.416,73728,14,9,14
"BudgetCrossing",14000,5,3,8.651,8.651,0.238,6.848,1,0,0.096,1.707,69632,15,9,15
"BudgetCrossing",14000,5,4,8.311,8.314,0.241,6.925,1,0,0.103,1.283,73728,15,9,15
"BudgetCrossing",14000,5,5,7.170,7.173,0.273,6.715,1,0,0.108,0.347,20480,15,9,15
"BudgetCrossing",14000,5,6,8.430,8.433,0.295,7.165,1,0,0.105,1.160,69632,15,9,15
"BudgetCrossing",14000,5,7,8.564,8.554,0.219,7.342,1,0,0.139,1.083,73728,15,9,15
"BudgetCrossing",14000,5,8,6.725,6.734,0.244,6.356,1,0,0.096,0.272,20480,15,9,15
"BudgetCrossing",14000,5,9,7.890,7.881,0.238,6.675,1,0,0.092,1.123,73728,15,9,15
"BudgetCrossing",14000,5,10,8.046,8.052,0.269,6.730,1,0,0.132,1.184,73728,15,9,15
"BudgetCrossing",14000,5,11,8.826,8.803,0.244,6.655,1,0,0.100,2.071,,15,9,15
"BudgetCrossing",14000,5,12,11.210,11.222,0.269,9.700,1,0,0.125,1.384,65536,16,9,16
"BudgetCrossing",14000,5,13,8.606,8.615,0.000,7.359,1,0,0.129,1.119,57344,16,9,16
"BudgetCrossing",14000,5,14,8.574,8.562,0.249,7.164,1,0,0.130,1.280,65536,16,9,16
"BudgetCrossing",14000,5,15,8.053,8.054,0.251,6.762,1,0,0.125,1.166,73728,16,9,16
"BudgetCrossing",14000,5,16,6.873,6.877,0.250,6.452,1,0,0.096,0.325,20480,16,9,16
"BudgetCrossing",14000,5,17,11.426,11.412,0.266,9.246,1,0,0.108,2.073,73728,16,9,16
"BudgetCrossing",14000,5,18,11.970,11.970,0.308,10.378,1,0,0.103,1.489,69632,16,9,16
"BudgetCrossing",14000,5,19,10.935,10.915,0.310,8.046,1,0,0.148,2.740,73728,16,9,16
"BudgetCrossing",14000,5,20,8.571,8.596,0.227,7.293,1,0,0.119,1.159,73728,16,9,16
"BudgetCrossing",14000,5,21,8.021,8.029,0.237,6.742,1,0,0.113,1.166,69632,17,9,17
"BudgetCrossing",14000,5,22,7.766,7.743,0.243,7.003,1,0,0.107,0.656,20480,17,9,17
"BudgetCrossing",14000,5,23,8.722,8.740,0.239,8.282,1,0,0.110,0.330,16384,17,9,17
"BudgetCrossing",14000,5,24,7.478,7.470,0.214,6.985,1,0,0.106,0.388,20480,17,9,17
"BudgetCrossing",14000,5,25,10.475,10.461,0.248,7.193,1,0,0.136,3.146,,17,9,17
"BudgetCrossing",14000,5,26,10.823,10.845,0.457,9.595,1,0,0.108,1.121,65536,17,9,17
"BudgetCrossing",14000,5,27,8.500,8.493,0.241,7.017,1,0,0.134,1.349,57344,17,9,17
"BudgetCrossing",14000,5,28,12.216,12.213,0.268,10.211,1,0,0.159,1.846,65536,17,9,17
"BudgetCrossing",14000,5,29,11.455,11.455,0.276,10.161,1,0,0.127,1.168,69632,17,9,17
"BudgetCrossing",14000,5,30,7.270,7.265,0.261,6.642,1,0,0.114,0.514,16384,18,9,18
"BudgetCrossing",14000,5,31,8.181,8.184,0.530,6.889,1,0,0.104,1.188,73728,18,9,18
"BudgetCrossing",14000,5,32,10.078,10.065,0.248,7.033,1,0,0.115,2.930,73728,18,9,18
"BudgetCrossing",14000,5,33,13.217,13.215,0.265,10.956,1,0,0.141,2.120,73728,18,9,18
"BudgetCrossing",14000,5,34,8.878,8.899,0.260,7.612,1,0,0.107,1.160,73728,18,9,18
"BudgetCrossing",14000,5,35,7.990,7.986,0.288,6.767,1,0,0.101,1.123,69632,18,9,18
"BudgetCrossing",14000,5,36,9.134,9.135,0.249,8.564,1,0,0.099,0.471,20480,18,9,18
"BudgetCrossing",14000,5,37,8.012,8.012,0.252,6.718,1,0,0.105,1.190,73728,18,9,18
"BudgetCrossing",14000,5,38,9.506,9.505,0.247,8.990,1,0,0.136,0.379,20480,18,9,18
"BudgetCrossing",14000,5,39,9.350,9.346,0.264,6.771,1,0,0.104,2.475,,19,9,19
"BudgetCrossing",14000,5,40,8.175,8.183,0.229,6.941,1,0,0.110,1.124,61440,19,9,19
"BudgetCrossing",14000,5,41,7.780,7.781,0.248,7.387,1,0,0.109,0.283,8192,19,9,19
"BudgetCrossing",14000,5,42,9.079,9.037,0.264,7.601,1,0,0.130,1.348,69632,19,9,19
"BudgetCrossing",14000,5,43,9.070,9.105,0.244,7.883,1,0,0.102,1.086,73728,19,9,19
"BudgetCrossing",14000,5,44,8.831,8.814,0.286,7.108,1,0,0.133,1.590,73728,19,9,19
"BudgetCrossing",14000,5,45,10.312,10.326,0.265,9.013,1,0,0.129,1.169,69632,19,9,19
"BudgetCrossing",14000,5,46,7.158,7.151,0.289,6.686,1,0,0.101,0.371,16384,19,9,19
"BudgetCrossing",14000,5,47,8.068,8.073,0.244,6.570,1,0,0.103,1.395,69632,19,9,19
"BudgetCrossing",14000,5,48,7.871,7.872,0.268,6.635,1,0,0.122,1.114,77824,20,9,20
"BudgetCrossing",14000,5,49,8.001,7.995,0.289,6.703,1,0,0.122,1.176,73728,20,9,20
"BudgetCrossing",14000,5,50,9.257,9.243,0.239,6.933,1,0,0.100,2.224,69632,20,9,20
"BudgetCrossing",14000,5,51,13.664,13.659,0.242,11.234,1,0,0.167,2.263,,20,9,20
"BudgetCrossing",14000,5,52,9.554,9.578,0.262,8.237,1,0,0.110,1.207,61440,20,9,20
"BudgetCrossing",14000,5,53,8.209,8.202,0.000,6.944,1,0,0.134,1.131,57344,20,9,20
"BudgetCrossing",14000,5,54,10.740,10.739,0.246,9.213,1,0,0.104,1.423,65536,20,9,20
"BudgetCrossing",14000,5,55,7.055,7.055,0.275,6.554,1,0,0.097,0.404,16384,20,9,20
"BudgetCrossing",14000,5,56,9.327,9.330,0.225,8.826,1,0,0.128,0.373,20480,20,9,20
"BudgetCrossing",14000,5,57,8.137,8.130,0.257,6.777,1,0,0.098,1.263,73728,21,9,21
"BudgetCrossing",14000,5,58,7.199,7.202,0.238,6.707,1,0,0.121,0.371,16384,21,9,21
"BudgetCrossing",14000,5,59,8.056,8.056,0.256,6.794,1,0,0.128,1.134,73728,21,9,21
"BudgetCrossing",14000,5,60,8.671,8.665,0.224,6.937,1,0,0.140,1.595,73728,21,9,21
"BudgetCrossing",14000,5,61,8.922,8.927,0.240,7.672,1,0,0.100,1.151,69632,21,9,21
"BudgetCrossing",14000,5,62,8.741,8.727,0.254,7.035,1,0,0.101,1.606,73728,21,9,21
"BudgetCrossing",14000,5,63,10.633,10.639,0.292,10.108,1,0,0.108,0.417,20480,21,9,21
"BudgetCrossing",14000,5,64,8.510,8.512,0.268,7.020,1,0,0.108,1.383,81920,21,9,21
"BudgetCrossing",14000,5,65,8.741,8.743,0.268,6.851,1,0,0.104,1.786,,21,9,21
"BudgetCrossing",14000,5,66,7.819,7.821,0.247,6.590,1,0,0.105,1.124,61440,21,9,21
"BudgetCrossing",14000,5,67,8.107,8.100,0.242,6.867,1,0,0.103,1.138,57344,21,9,21
"BudgetCrossing",14000,5,68,8.359,8.359,0.241,6.995,1,0,0.127,1.237,61440,21,9,21
"BudgetCrossing",14000,5,69,7.801,7.795,0.276,7.273,1,0,0.113,0.415,12288,21,9,21
"BudgetCrossing",14000,5,70,8.489,8.500,0.247,7.142,1,0,0.138,1.209,73728,21,9,21
"BudgetCrossing",14000,5,71,10.544,10.514,0.247,7.543,1,0,0.144,2.858,77824,21,9,21
"BudgetCrossing",14000,5,72,8.711,8.741,0.243,7.371,1,0,0.102,1.238,69632,21,9,21
"BudgetCrossing",14000,5,73,8.287,8.284,0.269,7.035,1,0,0.111,1.141,73728,21,9,21
"BudgetCrossing",14000,5,74,7.128,7.128,0.283,6.717,1,0,0.104,0.308,20480,21,9,21
"BudgetCrossing",14000,5,75,7.921,7.919,0.243,7.406,1,0,0.113,0.402,12288,21,9,21
"BudgetCrossing",14000,5,76,8.005,8.004,0.321,6.811,1,0,0.105,1.090,73728,21,9,21
"BudgetCrossing",14000,5,77,8.553,8.556,0.247,7.214,1,0,0.112,1.226,73728,21,9,21
"BudgetCrossing",14000,5,78,10.574,10.570,0.239,9.364,1,0,0.100,1.110,73728,21,9,21
"BudgetCrossing",14000,5,79,9.302,9.298,0.242,7.075,1,0,0.136,2.091,,21,9,21
"BudgetCrossing",14000,5,80,8.326,8.336,0.254,7.009,1,0,0.109,1.208,61440,21,9,21
"BudgetCrossing",14000,5,81,8.076,8.064,0.245,7.516,1,0,0.140,0.420,4096,21,9,21
"BudgetCrossing",14000,5,82,9.571,9.560,0.303,6.649,1,0,0.132,2.790,61440,21,9,21
"BudgetCrossing",14000,5,83,9.164,9.176,0.246,7.794,1,0,0.112,1.258,61440,21,9,21
"BudgetCrossing",14000,5,84,8.658,8.660,0.248,7.048,1,0,0.107,1.503,73728,21,9,21
"BudgetCrossing",14000,5,85,8.855,8.852,0.304,7.439,1,0,0.099,1.317,73728,21,9,21
"BudgetCrossing",14000,5,86,7.838,7.845,0.280,7.366,1,0,0.129,0.343,12288,21,9,21
"BudgetCrossing",14000,5,87,7.579,7.558,0.311,6.730,1,0,0.109,0.740,20480,21,9,21
"BudgetCrossing",14000,5,88,7.497,7.508,0.242,6.996,1,0,0.104,0.396,16384,21,9,21
"BudgetCrossing",14000,5,89,7.352,7.358,0.272,6.858,1,0,0.100,0.394,12288,21,9,21
"BudgetCrossing",14000,5,90,10.537,10.529,0.273,9.174,1,0,0.132,1.231,77824,21,9,21
"BudgetCrossing",14000,5,91,8.488,8.493,0.235,7.284,1,0,0.110,1.094,73728,21,9,21
"BudgetCrossing",14000,5,92,7.874,7.869,0.236,7.381,1,0,0.108,0.385,20480,21,9,21
"BudgetCrossing",14000,5,93,8.134,8.136,0.236,6.754,1,0,0.132,1.248,77824,21,9,21
"BudgetCrossing",14000,5,94,8.851,8.850,0.269,7.575,1,0,0.144,1.131,77824,21,9,21
"BudgetCrossing",14000,5,95,7.795,7.788,0.248,6.973,1,0,0.105,0.717,20480,21,9,21
"BudgetCrossing",14000,5,96,10.712,10.705,0.236,8.253,1,0,0.100,2.359,,21,9,21
"BudgetCrossing",14000,5,97,10.088,10.094,0.268,9.616,1,0,0.112,0.360,4096,21,9,21
"BudgetCrossing",14000,5,98,7.674,7.678,0.267,7.234,1,0,0.139,0.301,4096,21,9,21
"BudgetCrossing",14000,5,99,8.723,8.717,0.236,7.519,1,0,0.102,1.103,61440,21,9,21
"BudgetCrossing",14000,5,100,8.612,8.618,0.257,7.288,1,0,0.102,1.222,65536,21,9,21
"BudgetCrossing",14000,5,101,11.932,11.908,0.244,9.815,1,0,0.132,1.986,73728,21,9,21
"BudgetCrossing",14000,5,102,11.934,11.952,0.268,10.125,1,0,0.147,1.663,73728,21,9,21
"BudgetCrossing",14000,5,103,8.552,8.548,0.247,7.606,1,0,0.126,0.820,16384,21,9,21
"BudgetCrossing",14000,5,104,8.455,8.446,0.304,7.574,1,0,0.129,0.752,16384,21,9,21
"BudgetCrossing",14000,5,105,9.608,9.620,0.273,8.340,1,0,0.103,1.165,73728,21,9,21
"BudgetCrossing",14000,5,106,8.456,8.460,0.280,7.189,1,0,0.114,1.153,69632,21,9,21
"BudgetCrossing",14000,5,107,10.659,10.653,0.294,9.352,1,0,0.103,1.204,73728,21,9,21
"BudgetCrossing",14000,5,108,8.170,8.174,0.276,6.945,1,0,0.095,1.131,77824,21,9,21
"BudgetCrossing",14000,5,109,9.498,9.486,0.298,7.313,1,0,0.101,2.084,73728,21,9,21
"BudgetCrossing",14000,5,110,12.619,12.593,0.270,10.158,1,0,0.124,2.338,,21,9,21
"BudgetCrossing",14000,5,111,8.584,8.623,0.246,7.301,1,0,0.108,1.175,61440,21,9,21
"BudgetCrossing",14000,5,112,7.726,7.725,0.000,7.330,1,0,0.106,0.290,4096,21,9,21
"BudgetCrossing",14000,5,113,7.928,7.919,0.310,7.375,1,0,0.130,0.423,8192,21,9,21
"BudgetCrossing",14000,5,114,8.082,8.086,0.283,6.838,1,0,0.101,1.143,57344,21,9,21
"BudgetCrossing",14000,5,115,10.970,10.962,0.248,8.986,1,0,0.144,1.840,65536,21,9,21
"BudgetCrossing",14000,5,116,10.744,10.748,0.242,9.483,1,0,0.101,1.160,77824,21,9,21
"BudgetCrossing",14000,5,117,7.763,7.766,0.239,7.090,1,0,0.102,0.570,16384,21,9,21
"BudgetCrossing",14000,5,118,8.236,8.230,0.251,6.903,1,0,0.137,1.196,73728,21,9,21
"BudgetCrossing",14000,5,119,8.916,8.923,0.278,7.645,1,0,0.101,1.169,73728,21,9,21
"BudgetCrossing",14000,5,120,8.631,8.630,0.258,7.209,1,0,0.105,1.317,69632,21,9,21
"BudgetCrossing",14000,5,121,8.550,8.543,0.259,7.176,1,0,0.101,1.273,73728,21,9,21
"BudgetCrossing",14000,5,122,9.079,9.078,0.248,7.097,1,0,0.122,1.860,94208,21,9,21
"BudgetCrossing",14000,5,123,11.177,11.154,0.246,8.713,1,0,0.109,2.355,,21,9,21
"BudgetCrossing",14000,5,124,8.903,8.930,0.247,7.500,1,0,0.120,1.283,61440,21,9,21
"BudgetCrossing",14000,5,125,12.385,12.361,0.248,10.943,1,0,0.133,1.309,57344,21,9,21
"BudgetCrossing",14000,5,126,8.510,8.534,0.243,7.301,1,0,0.119,1.090,61440,21,9,21
"BudgetCrossing",14000,5,127,8.260,8.252,0.239,7.023,1,0,0.110,1.127,57344,21,9,21
"BudgetCrossing",14000,5,128,8.094,8.099,0.248,7.499,1,0,0.140,0.456,16384,21,9,21
"BudgetCrossing",14000,5,129,8.521,8.519,0.251,7.219,1,0,0.104,1.198,73728,21,9,21
"BudgetCrossing",14000,5,130,7.630,7.634,0.243,7.138,1,0,0.103,0.388,16384,21,9,21
"BudgetCrossing",14000,5,131,7.965,7.940,0.276,7.162,1,0,0.184,0.619,20480,21,9,21
"BudgetCrossing",14000,5,132,10.048,10.047,0.279,7.581,1,0,0.337,2.131,77824,21,9,21
"BudgetCrossing",14000,5,133,10.132,10.156,0.241,9.667,1,0,0.107,0.358,12288,21,9,21
"BudgetCrossing",14000,5,134,8.790,8.777,0.254,7.285,1,0,0.111,1.394,73728,21,9,21
"BudgetCrossing",14000,5,135,9.039,9.050,0.274,7.838,1,0,0.109,1.092,73728,21,9,21
"BudgetCrossing",14000,5,136,9.953,9.920,0.258,7.119,1,0,0.109,2.725,77824,21,9,21
"BudgetCrossing",14000,5,137,9.387,9.416,0.280,7.992,1,0,0.111,1.284,73728,21,9,21
"BudgetCrossing",14000,5,138,10.782,10.764,0.251,7.452,1,0,0.137,3.193,,21,9,21
"BudgetCrossing",14000,5,139,8.620,8.642,0.286,7.369,1,0,0.119,1.132,57344,21,9,21
"BudgetCrossing",14000,5,140,8.654,8.644,0.265,7.319,1,0,0.138,1.197,57344,21,9,21
"BudgetCrossing",14000,5,141,12.359,12.363,0.268,10.876,1,0,0.123,1.360,61440,21,9,21
"BudgetCrossing",14000,5,142,8.694,8.692,0.434,7.367,1,0,0.106,1.221,57344,21,9,21
"BudgetCrossing",14000,5,143,9.257,9.259,0.295,7.920,1,0,0.109,1.227,65536,21,9,21
"BudgetCrossing",14000,5,144,7.810,7.806,0.283,7.263,1,0,0.099,0.448,16384,21,9,21
"BudgetCrossing",14000,5,145,9.103,9.106,0.257,7.462,1,0,0.110,1.531,73728,21,9,21
"BudgetCrossing",14000,5,146,8.474,8.470,0.258,6.965,1,0,0.125,1.384,73728,21,9,21
"BudgetCrossing",14000,5,147,9.264,9.264,0.245,7.931,1,0,0.132,1.201,73728,21,9,21
"BudgetCrossing",14000,5,148,9.734,9.727,0.264,7.439,1,0,0.102,2.193,69632,21,9,21
"BudgetCrossing",14000,5,149,9.237,9.227,0.269,7.377,1,0,0.147,1.713,73728,21,9,21
"BudgetCrossing",14000,5,150,9.752,9.759,0.308,7.520,1,0,0.114,2.118,,21,9,21
"BudgetCrossing",14000,5,151,8.536,8.540,0.251,7.260,1,0,0.110,1.167,69632,21,9,21
"BudgetCrossing",14000,5,152,9.168,9.175,0.255,7.777,1,0,0.156,1.235,57344,21,9,21
"BudgetCrossing",14000,5,153,9.444,9.437,0.273,7.964,1,0,0.139,1.341,61440,21,9,21
"BudgetCrossing",14000,5,154,9.556,9.557,0.249,7.833,1,0,0.135,1.588,57344,21,9,21
"BudgetCrossing",14000,5,155,10.684,10.684,0.309,9.399,1,0,0.102,1.183,61440,21,9,21
"BudgetCrossing",14000,5,156,9.240,9.238,0.265,7.663,1,0,0.136,1.441,73728,21,9,21
"BudgetCrossing",14000,5,157,9.412,9.411,0.268,7.966,1,0,0.109,1.337,73728,21,9,21
"BudgetCrossing",14000,5,158,9.340,9.346,0.274,7.980,1,0,0.106,1.254,73728,21,9,21
"BudgetCrossing",14000,5,159,10.872,10.864,0.242,9.590,1,0,0.115,1.167,73728,21,9,21
"BudgetCrossing",14000,5,160,9.093,9.096,0.308,7.798,1,0,0.126,1.169,69632,21,9,21
"BudgetCrossing",14000,5,161,8.765,8.760,0.251,7.346,1,0,0.117,1.302,73728,21,9,21
"BudgetCrossing",14000,5,162,10.413,10.412,0.303,8.054,1,0,0.106,2.252,,21,9,21
"BudgetCrossing",14000,5,163,8.538,8.543,0.308,7.278,1,0,0.109,1.151,65536,21,9,21
"BudgetCrossing",14000,5,164,8.552,8.546,0.267,8.064,1,0,0.146,0.343,4096,21,9,21
"BudgetCrossing",14000,5,165,9.142,9.150,0.269,7.834,1,0,0.130,1.178,61440,21,9,21
"BudgetCrossing",14000,5,166,8.760,8.753,0.250,8.300,1,0,0.105,0.355,4096,21,9,21
"BudgetCrossing",14000,5,167,9.050,9.052,0.243,7.633,1,0,0.138,1.279,61440,21,9,21
"BudgetCrossing",14000,5,168,10.832,10.811,0.631,8.204,1,0,0.134,2.495,65536,21,9,21
"BudgetCrossing",14000,5,169,8.606,8.629,0.241,7.396,1,0,0.101,1.109,69632,21,9,21
"BudgetCrossing",14000,5,170,7.835,7.829,0.263,7.347,1,0,0.099,0.389,16384,21,9,21
"BudgetCrossing",14000,5,171,9.349,9.353,0.277,8.007,1,0,0.128,1.214,73728,21,9,21
"BudgetCrossing",14000,5,172,9.175,9.173,0.281,7.765,1,0,0.115,1.295,73728,21,9,21
"BudgetCrossing",14000,5,173,8.992,8.995,0.243,7.752,1,0,0.095,1.144,73728,21,9,21
"BudgetCrossing",14000,5,174,10.899,10.887,0.296,9.609,1,0,0.110,1.180,73728,21,9,21
"BudgetCrossing",14000,5,175,7.876,7.889,0.265,7.403,1,0,0.108,0.365,20480,21,9,21
"BudgetCrossing",14000,5,176,8.602,8.597,0.240,7.915,1,0,0.146,0.541,16384,21,9,21
"BudgetCrossing",14000,5,177,8.558,8.557,0.246,7.219,1,0,0.132,1.207,81920,21,9,21
"BudgetCrossing",14000,5,178,11.536,11.533,0.247,9.078,1,0,0.119,2.339,,21,9,21
"BudgetCrossing",14000,5,179,9.129,9.122,0.254,7.720,1,0,0.126,1.283,57344,21,9,21
"BudgetCrossing",14000,5,180,9.302,9.314,0.273,7.951,1,0,0.118,1.233,61440,21,9,21
"BudgetCrossing",14000,5,181,12.693,12.660,0.246,9.760,1,0,0.103,2.830,61440,21,9,21
"BudgetCrossing",14000,5,182,9.222,9.251,0.253,7.995,1,0,0.108,1.118,57344,21,9,21
"BudgetCrossing",14000,5,183,8.931,8.928,0.247,7.589,1,0,0.110,1.233,61440,21,9,21
"BudgetCrossing",14000,5,184,8.267,8.246,0.244,7.533,1,0,0.111,0.623,12288,21,9,21
"BudgetCrossing",14000,5,185,11.401,11.411,0.251,9.562,1,0,0.105,1.734,69632,21,9,21
"BudgetCrossing",14000,5,186,9.201,9.213,0.247,7.652,1,0,0.112,1.436,73728,21,9,21
"BudgetCrossing",14000,5,187,11.740,11.736,0.262,10.453,1,0,0.143,1.144,77824,21,9,21
"BudgetCrossing",14000,5,188,9.840,9.837,0.234,7.861,1,0,0.100,1.879,69632,21,9,21
"BudgetCrossing",14000,5,189,9.136,9.140,0.434,7.857,1,0,0.110,1.170,73728,21,9,21
"BudgetCrossing",14000,5,190,10.523,10.518,0.245,7.929,1,0,0.138,2.457,,21,9,21
"BudgetCrossing",14000,5,191,11.109,11.107,0.246,9.880,1,0,0.103,1.125,61440,21,9,21
"BudgetCrossing",14000,5,192,8.944,8.948,0.232,7.647,1,0,0.109,1.188,57344,21,9,21
"BudgetCrossing",14000,5,193,9.425,9.420,0.246,8.086,1,0,0.136,1.203,65536,21,9,21
"BudgetCrossing",14000,5,194,9.793,9.780,0.250,7.614,1,0,0.132,2.047,57344,21,9,21
"BudgetCrossing",14000,5,195,14.346,14.360,0.258,12.783,1,0,0.131,1.432,61440,21,9,21
"BudgetCrossing",14000,5,196,8.843,8.845,0.268,7.496,1,0,0.106,1.241,61440,21,9,21
"BudgetCrossing",14000,5,197,8.622,8.621,0.270,8.134,1,0,0.113,0.376,16384,21,9,21
"BudgetCrossing",14000,5,198,8.182,8.184,0.280,7.651,1,0,0.137,0.395,16384,21,9,21
"BudgetCrossing",14000,5,199,9.057,9.053,0.225,7.756,1,0,0.157,1.145,73728,21,9,21
"BudgetCrossing",14000,5,200,9.211,9.210,0.247,7.821,1,0,0.134,1.256,69632,21,9,21
"BudgetCrossing",14000,5,201,9.944,9.932,0.236,8.207,1,0,0.142,1.595,81920,21,9,21
"BudgetCrossing",14000,5,202,9.640,9.646,0.259,7.636,1,0,0.101,1.903,73728,21,9,21
"BudgetCrossing",14000,5,203,11.506,11.502,0.267,9.898,1,0,0.132,1.476,73728,21,9,21
"BudgetCrossing",14000,5,204,10.970,10.961,0.275,8.142,1,0,0.133,2.695,,21,9,21
"BudgetCrossing",14000,5,205,11.382,11.393,0.262,9.966,1,0,0.117,1.300,57344,21,9,21
"BudgetCrossing",14000,5,206,12.167,12.155,0.292,9.222,1,0,0.141,2.804,57344,21,9,21
"BudgetCrossing",14000,5,207,11.434,11.448,0.265,10.164,1,0,0.103,1.167,65536,21,9,21
"BudgetCrossing",14000,5,208,10.729,10.707,0.260,7.794,1,0,0.106,2.830,57344,21,9,21
"BudgetCrossing",14000,5,209,10.925,10.937,0.227,7.900,1,0,0.134,2.891,61440,21,9,21
"BudgetCrossing",14000,5,210,9.568,9.575,0.279,7.988,1,0,0.104,1.476,65536,21,9,21
"BudgetCrossing",14000,5,211,9.476,9.478,0.251,8.043,1,0,0.133,1.300,69632,21,9,21
"BudgetCrossing",14000,5,212,9.663,9.662,0.298,8.395,1,0,0.104,1.163,73728,21,9,21
"BudgetCrossing",14000,5,213,10.495,10.499,0.307,9.267,1,0,0.096,1.132,77824,21,9,21
"BudgetCrossing",14000,5,214,8.777,8.772,0.285,7.509,1,0,0.096,1.173,69632,21,9,21
"BudgetCrossing",14000,5,215,12.246,12.243,0.280,9.042,1,0,0.131,3.072,,21,9,21
"BudgetCrossing",14000,5,216,9.116,9.115,0.245,7.846,1,0,0.109,1.161,73728,21,9,21
"BudgetCrossing",14000,5,217,9.410,9.415,0.289,8.088,1,0,0.132,1.190,73728,21,9,21
"BudgetCrossing",14000,5,218,11.810,11.805,0.266,10.498,1,0,0.106,1.206,73728,21,9,21
"BudgetCrossing",14000,5,219,9.419,9.425,0.246,8.116,1,0,0.102,1.201,73728,21,9,21
"BudgetCrossing",14000,5,220,9.247,9.242,0.240,7.818,1,0,0.129,1.300,73728,21,9,21
"BudgetCrossing",14000,5,221,11.180,11.182,0.272,9.936,1,0,0.102,1.142,73728,21,9,21
"BudgetCrossing",14000,5,222,9.726,9.703,0.245,7.620,1,0,0.102,2.004,69632,21,9,21
"BudgetCrossing",14000,5,223,8.456,8.472,0.264,7.886,1,0,0.135,0.434,24576,21,9,21
"BudgetCrossing",14000,5,224,10.126,10.126,0.246,8.766,1,0,0.105,1.255,73728,21,9,21
"BudgetCrossing",14000,5,225,9.054,9.052,0.246,8.463,1,0,0.106,0.485,16384,21,9,21
"BudgetCrossing",14000,5,226,8.981,8.987,0.266,8.406,1,0,0.130,0.446,16384,21,9,21
"BudgetCrossing",14000,5,227,8.292,8.285,0.258,7.622,1,0,0.104,0.566,16384,21,9,21
"BudgetCrossing",14000,5,228,11.462,11.469,0.252,10.111,1,0,0.116,1.236,81920,21,9,21
"BudgetCrossing",14000,5,229,10.061,10.051,0.262,8.193,1,0,0.104,1.763,,21,9,21
"BudgetCrossing",14000,5,230,12.522,12.514,0.272,11.785,1,0,0.179,0.558,16384,21,9,21
"BudgetCrossing",14000,5,231,13.361,13.372,0.233,11.566,1,0,0.154,1.642,69632,21,9,21
"BudgetCrossing",14000,5,232,8.996,8.995,0.304,7.599,1,0,0.102,1.296,73728,21,9,21
"BudgetCrossing",14000,5,233,12.822,12.808,0.255,9.575,1,0,0.136,3.111,69632,21,9,21
"BudgetCrossing",14000,5,234,9.124,9.130,0.276,7.839,1,0,0.110,1.175,73728,21,9,21
"BudgetCrossing",14000,5,235,8.931,8.919,0.259,8.074,1,0,0.148,0.709,16384,21,9,21
"BudgetCrossing",14000,5,236,11.149,11.166,0.249,9.873,1,0,0.139,1.137,73728,21,9,21
"BudgetCrossing",14000,5,237,8.061,8.060,0.289,7.515,1,0,0.128,0.418,16384,21,9,21
"BudgetCrossing",14000,5,238,10.848,10.844,0.243,9.406,1,0,0.109,1.333,77824,21,9,21
"BudgetCrossing",14000,5,239,11.911,11.916,0.599,10.548,1,0,0.142,1.221,69632,21,9,21
"BudgetCrossing",14000,5,240,10.540,10.536,0.267,9.086,1,0,0.149,1.305,73728,21,9,21
"BudgetCrossing",14000,5,241,11.053,11.037,0.233,8.050,1,0,0.108,2.895,77824,21,9,21
"BudgetCrossing",14000,5,242,9.900,9.891,0.251,8.099,1,0,0.137,1.664,73728,21,9,21
"BudgetCrossing",14000,5,243,14.267,14.257,0.275,10.698,1,0,0.146,3.423,,21,9,21
"BudgetCrossing",14000,5,244,11.967,11.989,0.320,10.500,1,0,0.151,1.317,73728,21,9,21
"BudgetCrossing",14000,5,245,9.669,9.663,0.251,8.179,1,0,0.170,1.321,73728,21,9,21
"BudgetCrossing",14000,5,246,10.207,10.217,0.253,8.716,1,0,0.132,1.360,69632,21,9,21
"BudgetCrossing",14000,5,247,10.240,10.238,0.247,8.771,1,0,0.120,1.349,73728,21,9,21
"BudgetCrossing",14000,5,248,11.614,11.609,0.646,8.906,1,0,0.145,2.562,73728,21,9,21
"BudgetCrossing",14000,5,249,9.391,9.398,0.246,8.187,1,0,0.107,1.098,69632,21,9,21
"BudgetCrossing",14000,5,250,8.083,8.087,0.645,7.612,1,0,0.103,0.367,20480,21,9,21
"BudgetCrossing",14000,5,251,8.397,8.395,0.275,7.888,1,0,0.123,0.386,20480,21,9,21
"BudgetCrossing",14000,5,252,9.852,9.854,0.279,8.443,1,0,0.123,1.285,73728,21,9,21
"BudgetCrossing",14000,5,253,11.080,11.042,0.244,10.389,1,0,0.105,0.586,16384,21,9,21
"BudgetCrossing",14000,5,254,11.414,11.448,0.296,9.992,1,0,0.133,1.289,73728,21,9,21
"BudgetCrossing",14000,5,255,10.004,9.998,0.255,8.533,1,0,0.130,1.341,69632,21,9,21
"BudgetCrossing",14000,5,256,11.708,11.684,0.246,8.696,1,0,0.107,2.905,,21,9,21
"BudgetCrossing",14000,5,257,10.176,10.193,0.238,8.816,1,0,0.146,1.214,65536,21,9,21
"BudgetCrossing",14000,5,258,9.294,9.307,0.310,8.079,1,0,0.103,1.112,65536,21,9,21
"BudgetCrossing",14000,5,259,9.427,9.419,0.251,8.140,1,0,0.106,1.181,77824,21,9,21
"BudgetCrossing",14000,5,260,9.471,9.476,0.240,8.092,1,0,0.141,1.238,69632,21,9,21
"BudgetCrossing",14000,5,261,10.016,10.007,0.266,8.743,1,0,0.135,1.138,73728,21,9,21
"BudgetCrossing",14000,5,262,9.430,9.433,0.247,8.105,1,0,0.124,1.201,73728,21,9,21
"BudgetCrossing",14000,5,263,8.291,8.293,0.273,7.810,1,0,0.111,0.371,12288,21,9,21
"BudgetCrossing",14000,5,264,8.771,8.771,0.268,8.233,1,0,0.105,0.433,20480,21,9,21
"BudgetCrossing",14000,5,265,9.574,9.565,0.266,8.177,1,0,0.105,1.291,73728,21,9,21
"BudgetCrossing",14000,5,266,12.584,12.588,0.256,11.062,1,0,0.122,1.401,69632,21,9,21
"BudgetCrossing",14000,5,267,10.142,10.135,0.293,8.793,1,0,0.134,1.216,77824,21,9,21
"BudgetCrossing",14000,5,268,9.090,9.099,0.242,7.825,1,0,0.129,1.136,73728,21,9,21
"BudgetCrossing",14000,5,269,8.521,8.513,0.276,7.998,1,0,0.123,0.400,20480,21,9,21
"BudgetCrossing",14000,5,270,8.453,8.457,0.218,7.893,1,0,0.106,0.454,24576,21,9,21
"BudgetCrossing",14000,5,271,10.445,10.425,0.278,8.061,1,0,0.106,2.279,,21,9,21
"BudgetCrossing",14000,5,272,11.967,11.988,0.266,10.682,1,0,0.110,1.175,65536,21,9,21
"BudgetCrossing",14000,5,273,9.641,9.633,0.256,8.381,1,0,0.112,1.148,61440,21,9,21
"BudgetCrossing",14000,5,274,9.535,9.545,0.240,8.144,1,0,0.146,1.245,73728,21,9,21
"BudgetCrossing",14000,5,275,8.884,8.875,0.264,8.348,1,0,0.112,0.425,16384,21,9,21
"BudgetCrossing",14000,5,276,8.969,8.977,0.244,7.675,1,0,0.102,1.193,77824,21,9,21
"BudgetCrossing",14000,5,277,11.284,11.278,0.279,9.948,1,0,0.107,1.229,73728,21,9,21
"BudgetCrossing",14000,5,278,9.277,9.279,0.277,8.030,1,0,0.113,1.134,69632,21,9,21
"BudgetCrossing",14000,5,279,9.432,9.433,0.274,8.081,1,0,0.117,1.234,73728,21,9,21
"BudgetCrossing",14000,5,280,10.486,10.476,0.322,9.919,1,0,0.116,0.451,20480,21,9,21
"BudgetCrossing",14000,5,281,9.849,9.861,0.239,8.517,1,0,0.114,1.218,73728,21,9,21
"BudgetCrossing",14000,5,282,10.346,10.337,0.289,8.914,1,0,0.114,1.318,73728,21,9,21
"BudgetCrossing",14000,5,283,11.789,11.788,0.244,10.496,1,0,0.117,1.176,77824,21,9,21
"BudgetCrossing",14000,5,284,9.242,9.246,0.242,7.960,1,0,0.108,1.173,73728,21,9,21
"BudgetCrossing",14000,5,285,11.261,11.240,0.255,8.212,1,0,0.110,2.940,,21,9,21
"BudgetCrossing",14000,5,286,10.506,10.523,0.251,8.342,1,0,0.106,2.057,61440,21,9,21
"BudgetCrossing",14000,5,287,9.491,9.491,0.242,8.199,1,0,0.108,1.184,61440,21,9,21
"BudgetCrossing",14000,5,288,8.677,8.682,0.253,7.930,1,0,0.104,0.643,16384,21,9,21
"BudgetCrossing",14000,5,289,9.384,9.381,0.256,8.004,1,0,0.139,1.241,69632,21,9,21
"BudgetCrossing",14000,5,290,11.832,11.833,0.256,10.555,1,0,0.105,1.172,77824,21,9,21
"BudgetCrossing",14000,5,291,9.816,9.810,0.216,8.507,1,0,0.128,1.181,73728,21,9,21
"BudgetCrossing",14000,5,292,12.633,12.636,0.231,10.235,1,0,0.104,2.294,69632,21,9,21
"BudgetCrossing",14000,5,293,9.477,9.470,0.386,8.137,1,0,0.136,1.204,73728,21,9,21
"BudgetCrossing",14000,5,294,9.309,9.317,0.264,8.028,1,0,0.103,1.178,73728,21,9,21
"BudgetCrossing",14000,5,295,10.953,10.916,0.268,8.439,1,0,0.138,2.376,69632,21,9,21
"BudgetCrossing",14000,5,296,16.901,16.901,0.248,13.809,1,0,0.134,2.958,77824,21,9,21
"BudgetCrossing",14000,5,297,13.196,13.224,0.273,10.926,1,0,0.146,2.124,,21,9,21
"BudgetCrossing",14000,5,298,10.890,10.860,0.241,8.178,1,0,0.110,2.603,65536,21,9,21
"BudgetCrossing",14000,5,299,10.773,10.806,0.274,9.555,1,0,0.112,1.106,57344,21,9,21
"BudgetCrossing",16000,5,0,9.751,9.757,0.240,8.394,1,0,0.157,1.200,77824,14,9,14
"BudgetCrossing",16000,5,1,11.947,11.944,0.242,10.704,1,0,0.119,1.124,77824,14,9,14
"BudgetCrossing",16000,5,2,11.744,11.739,0.254,10.166,1,0,0.155,1.423,69632,14,9,14
"BudgetCrossing",16000,5,3,12.545,12.551,0.271,11.288,1,0,0.119,1.139,73728,15,9,15
"BudgetCrossing",16000,5,4,10.824,10.814,0.275,9.627,1,0,0.124,1.073,73728,15,9,15
"BudgetCrossing",16000,5,5,10.512,10.522,0.282,9.092,1,0,0.122,1.298,69632,15,9,15
"BudgetCrossing",16000,5,6,10.611,10.583,0.263,8.521,1,0,0.129,1.961,73728,15,9,15
"BudgetCrossing",16000,5,7,12.982,13.000,0.292,11.384,1,0,0.154,1.444,81920,15,9,15
"BudgetCrossing",16000,5,8,10.853,10.851,0.243,8.563,1,0,0.131,2.158,,15,9,15
"BudgetCrossing",16000,5,9,10.731,10.739,0.244,9.385,1,0,0.127,1.219,61440,15,9,15
"BudgetCrossing",16000,5,10,8.750,8.738,0.247,8.104,1,0,0.157,0.489,12288,15,9,15
"BudgetCrossing",16000,5,11,10.988,11.003,0.249,9.691,1,0,0.122,1.176,73728,15,9,15
"BudgetCrossing",16000,5,12,11.502,11.494,0.288,10.196,1,0,0.117,1.189,69632,16,9,16
"BudgetCrossing",16000,5,13,10.041,10.039,0.269,8.665,1,0,0.160,1.217,73728,16,9,16
"BudgetCrossing",16000,5,14,9.103,9.108,0.301,8.589,1,0,0.120,0.394,20480,16,9,16
"BudgetCrossing",16000,5,15,9.648,9.651,0.255,8.318,1,0,0.143,1.188,73728,16,9,16
"BudgetCrossing",16000,5,16,10.432,10.425,0.276,9.071,1,0,0.138,1.224,73728,16,9,16
"BudgetCrossing",16000,5,17,10.617,10.603,0.253,8.707,1,0,0.151,1.759,73728,16,9,16
"BudgetCrossing",16000,5,18,12.439,12.455,0.242,11.932,1,0,0.144,0.362,12288,16,9,16
"BudgetCrossing",16000,5,19,11.113,11.104,0.262,9.092,1,0,0.134,1.886,73728,16,9,16
"BudgetCrossing",16000,5,20,10.568,10.576,0.275,9.090,1,0,0.150,1.328,73728,16,9,16
"BudgetCrossing",16000,5,21,9.784,9.779,0.278,8.422,1,0,0.120,1.242,73728,17,9,17
"BudgetCrossing",16000,5,22,11.876,11.854,0.261,8.818,1,0,0.117,2.942,,17,9,17
"BudgetCrossing",16000,5,23,11.120,11.143,0.280,9.855,1,0,0.140,1.125,69632,17,9,17
"BudgetCrossing",16000,5,24,9.700,9.704,0.261,8.462,1,0,0.133,1.105,57344,17,9,17
"BudgetCrossing",16000,5,25,10.835,10.815,0.301,8.892,1,0,0.166,1.776,69632,17,9,17
"BudgetCrossing",16000,5,26,11.778,11.794,0.292,11.265,1,0,0.132,0.380,12288,17,9,17
"BudgetCrossing",16000,5,27,11.219,11.202,0.282,8.681,1,0,0.118,2.420,73728,17,9,17
"BudgetCrossing",16000,5,28,11.436,11.439,0.245,10.850,1,0,0.158,0.428,20480,17,9,17
"BudgetCrossing",16000,5,29,9.835,9.847,0.278,8.424,1,0,0.149,1.262,69632,17,9,17
"BudgetCrossing",16000,5,30,10.248,10.241,0.243,8.908,1,0,0.122,1.218,77824,18,9,18
"BudgetCrossing",16000,5,31,9.915,9.921,0.248,8.589,1,0,0.152,1.175,73728,18,9,18
"BudgetCrossing",16000,5,32,12.090,12.086,0.260,10.898,1,0,0.109,1.083,69632,18,9,18
"BudgetCrossing",16000,5,33,10.018,10.017,0.284,8.722,1,0,0.130,1.166,73728,18,9,18
"BudgetCrossing",16000,5,34,12.745,12.738,0.249,11.447,1,0,0.155,1.143,73728,18,9,18
"BudgetCrossing",16000,5,35,13.249,13.250,0.246,11.794,1,0,0.185,1.271,73728,18,9,18
"BudgetCrossing",16000,5,36,11.277,11.268,0.248,10.517,1,0,0.122,0.638,16384,18,9,18
"BudgetCrossing",16000,5,37,12.472,12.480,0.682,10.209,1,0,0.152,2.111,,18,9,18
"BudgetCrossing",16000,5,38,8.842,8.855,0.286,8.426,1,0,0.124,0.292,8192,18,9,18
"BudgetCrossing",16000,5,39,10.733,10.723,0.279,9.161,1,0,0.153,1.418,61440,19,9,19
"BudgetCrossing",16000,5,40,10.399,10.392,0.241,8.377,1,0,0.117,1.905,61440,19,9,19
"BudgetCrossing",16000,5,41,12.491,12.489,0.240,11.862,1,0,0.136,0.493,12288,19,9,19
"BudgetCrossing",16000,5,42,12.371,12.366,0.279,9.311,1,0,0.150,2.910,73728,19,9,19
"BudgetCrossing",16000,5,43,12.283,12.289,0.262,10.252,1,0,0.153,1.878,73728,19,9,19
"BudgetCrossing",16000,5,44,10.098,10.103,0.266,8.698,1,0,0.120,1.281,69632,19,9,19
"BudgetCrossing",16000,5,45,10.272,10.275,0.255,8.844,1,0,0.146,1.282,77824,19,9,19
"BudgetCrossing",16000,5,46,11.036,10.814,0.239,9.511,1,0,0.135,1.390,73728,19,9,19
"BudgetCrossing",16000,5,47,11.227,11.448,0.212,9.912,1,0,0.124,1.192,69632,19,9,19
"BudgetCrossing",16000,5,48,9.253,9.248,0.288,8.776,1,0,0.119,0.358,20480,20,9,20
"BudgetCrossing",16000,5,49,11.715,11.719,0.304,11.193,1,0,0.146,0.377,16384,20,9,20
"BudgetCrossing",16000,5,50,9.449,9.445,0.294,8.922,1,0,0.153,0.374,16384,20,9,20
"BudgetCrossing",16000,5,51,10.166,10.164,0.247,8.780,1,0,0.121,1.265,73728,20,9,20
"BudgetCrossing",16000,5,52,10.199,10.200,0.280,8.987,1,0,0.114,1.098,81920,20,9,20
"BudgetCrossing",16000,5,53,10.476,10.477,0.250,9.016,1,0,0.122,1.338,69632,20,9,20
"BudgetCrossing",16000,5,54,13.129,13.108,0.320,10.408,1,0,0.156,2.565,,20,9,20
"BudgetCrossing",16000,5,55,9.032,9.061,0.228,8.604,1,0,0.127,0.301,8192,20,9,20
"BudgetCrossing",16000,5,56,9.340,9.335,0.298,8.912,1,0,0.126,0.302,8192,20,9,20
"BudgetCrossing",16000,5,57,10.251,10.255,0.252,8.931,1,0,0.155,1.166,69632,21,9,21
"BudgetCrossing",16000,5,58,10.440,10.430,0.253,9.076,1,0,0.143,1.221,73728,21,9,21
"BudgetCrossing",16000,5,59,11.188,11.189,0.277,9.884,1,0,0.127,1.177,73728,21,9,21
"BudgetCrossing",16000,5,60,12.745,12.703,0.260,9.767,1,0,0.161,2.816,69632,21,9,21
"BudgetCrossing",16000,5,61,11.345,11.384,0.273,9.957,1,0,0.142,1.246,73728,21,9,21
"BudgetCrossing",16000,5,62,10.924,10.929,0.261,9.550,1,0,0.141,1.233,73728,21,9,21
"BudgetCrossing",16000,5,63,11.701,11.679,0.241,9.711,1,0,0.121,1.868,73728,21,9,21
"BudgetCrossing",16000,5,64,10.658,10.673,0.279,9.105,1,0,0.154,1.398,73728,21,9,21
"BudgetCrossing",16000,5,65,10.043,10.036,0.263,8.706,1,0,0.144,1.192,69632,21,9,21
"BudgetCrossing",16000,5,66,9.884,9.892,0.289,8.652,1,0,0.113,1.119,73728,21,9,21
"BudgetCrossing",16000,5,67,10.696,10.681,0.252,8.636,1,0,0.120,1.941,,21,9,21
"BudgetCrossing",16000,5,68,10.244,10.260,0.285,8.911,1,0,0.127,1.206,69632,21,9,21
"BudgetCrossing",16000,5,69,10.081,10.078,0.318,9.582,1,0,0.128,0.371,4096,21,9,21
"BudgetCrossing",16000,5,70,10.442,10.441,0.336,9.065,1,0,0.123,1.254,61440,21,9,21
"BudgetCrossing",16000,5,71,10.848,10.844,0.258,9.400,1,0,0.167,1.281,65536,21,9,21
"BudgetCrossing",16000,5,72,12.754,12.747,0.274,11.411,1,0,0.119,1.225,73728,21,9,21
"BudgetCrossing",16000,5,73,12.154,12.162,0.655,10.862,1,0,0.119,1.173,73728,21,9,21
"BudgetCrossing",16000,5,74,9.840,9.833,0.269,9.267,1,0,0.154,0.419,16384,21,9,21
"BudgetCrossing",16000,5,75,9.356,9.357,0.360,8.703,1,0,0.126,0.527,16384,21,9,21
"BudgetCrossing",16000,5,76,13.981,13.978,0.253,11.495,1,0,0.133,2.353,73728,21,9,21
"BudgetCrossing",16000,5,77,10.536,10.544,0.255,9.306,1,0,0.112,1.119,73728,21,9,21
"BudgetCrossing",16000,5,78,10.167,10.163,0.265,8.881,1,0,0.117,1.170,77824,21,9,21
"BudgetCrossing",16000,5,79,10.894,10.895,0.291,10.348,1,0,0.134,0.412,16384,21,9,21
"BudgetCrossing",16000,5,80,9.326,9.321,0.273,8.810,1,0,0.115,0.400,20480,21,9,21
"BudgetCrossing",16000,5,81,9.548,9.544,0.301,8.685,1,0,0.112,0.752,16384,21,9,21
"BudgetCrossing",16000,5,82,14.040,14.007,0.278,10.809,1,0,0.126,3.106,73728,21,9,21
"BudgetCrossing",16000,5,83,11.891,11.880,0.642,9.402,1,0,0.136,2.353,73728,21,9,21
"BudgetCrossing",16000,5,84,13.044,13.090,0.248,11.201,1,0,0.116,1.728,,21,9,21
"BudgetCrossing",16000,5,85,11.401,11.393,0.308,10.008,1,0,0.123,1.270,65536,21,9,21
"BudgetCrossing",16000,5,86,10.164,10.176,0.275,8.930,1,0,0.123,1.110,61440,21,9,21
"BudgetCrossing",16000,5,87,11.199,11.179,0.283,8.889,1,0,0.155,2.156,61440,21,9,21
"BudgetCrossing",16000,5,88,11.433,11.439,0.260,9.647,1,0,0.157,1.628,65536,21,9,21
"BudgetCrossing",16000,5,89,16.482,16.432,0.293,11.674,1,0,0.110,4.698,73728,21,9,21
"BudgetCrossing",16000,5,90,10.306,10.361,0.287,8.985,1,0,0.135,1.186,73728,21,9,21
"BudgetCrossing",16000,5,91,11.557,11.560,0.000,8.802,1,0,0.167,2.588,69632,21,9,21
"BudgetCrossing",16000,5,92,10.233,10.230,0.275,8.879,1,0,0.155,1.200,77824,21,9,21
"BudgetCrossing",16000,5,93,14.024,13.995,0.291,11.083,1,0,0.153,2.789,73728,21,9,21
"BudgetCrossing",16000,5,94,10.733,10.639,0.220,9.269,1,0,0.149,1.315,69632,21,9,21
"BudgetCrossing",16000,5,95,10.781,10.899,0.281,9.387,1,0,0.129,1.266,73728,21,9,21
"BudgetCrossing",16000,5,96,9.960,9.966,0.317,9.412,1,0,0.156,0.393,16384,21,9,21
"BudgetCrossing",16000,5,97,11.584,11.566,0.282,9.589,1,0,0.160,1.835,73728,21,9,21
"BudgetCrossing",16000,5,98,14.044,14.038,0.278,11.426,1,0,0.138,2.480,,21,9,21
"BudgetCrossing",16000,5,99,11.433,11.451,0.246,10.162,1,0,0.126,1.146,65536,21,9,21
"BudgetCrossing",16000,5,100,10.404,10.401,0.317,9.081,1,0,0.170,1.153,57344,21,9,21
"BudgetCrossing",16000,5,101,10.899,10.906,0.282,9.522,1,0,0.124,1.253,61440,21,9,21
"BudgetCrossing",16000,5,102,10.597,10.589,0.235,9.177,1,0,0.156,1.264,57344,21,9,21
"BudgetCrossing",16000,5,103,11.375,11.381,0.259,9.992,1,0,0.125,1.258,73728,21,9,21
"BudgetCrossing",16000,5,104,12.135,12.097,0.330,8.814,1,0,0.120,3.201,77824,21,9,21
"BudgetCrossing",16000,5,105,12.491,12.518,0.250,9.714,1,0,0.146,2.630,73728,21,9,21
"BudgetCrossing",16000,5,106,11.181,11.183,0.285,9.694,1,0,0.116,1.370,73728,21,9,21
"BudgetCrossing",16000,5,107,12.390,12.390,0.263,10.955,1,0,0.127,1.308,73728,21,9,21
"BudgetCrossing",16000,5,108,12.046,12.047,0.310,10.732,1,0,0.151,1.163,69632,21,9,21
"BudgetCrossing",16000,5,109,11.920,11.919,0.328,10.613,1,0,0.111,1.196,73728,21,9,21
"BudgetCrossing",16000,5,110,13.237,13.222,0.248,10.849,1,0,0.144,2.244,,21,9,21
"BudgetCrossing",16000,5,111,10.645,10.663,0.249,9.384,1,0,0.121,1.139,65536,21,9,21
"BudgetCrossing",16000,5,112,11.661,11.628,0.271,10.923,1,0,0.132,0.606,4096,21,9,21
"BudgetCrossing",16000,5,113,13.405,13.431,0.253,12.052,1,0,0.120,1.233,61440,21,9,21
"BudgetCrossing",16000,5,114,10.959,10.957,0.291,9.635,1,0,0.133,1.192,57344,21,9,21
"BudgetCrossing",16000,5,115,11.431,11.436,0.248,9.964,1,0,0.173,1.295,65536,21,9,21
"BudgetCrossing",16000,5,116,12.639,12.624,0.239,9.936,1,0,0.129,2.574,73728,21,9,21
"BudgetCrossing",16000,5,117,11.013,11.026,0.242,9.618,1,0,0.159,1.236,69632,21,9,21
"BudgetCrossing",16000,5,118,11.796,11.791,0.265,9.981,1,0,0.146,1.669,77824,21,9,21
"BudgetCrossing",16000,5,119,10.317,10.316,0.278,8.973,1,0,0.153,1.190,73728,21,9,21
"BudgetCrossing",16000,5,120,12.642,12.648,0.263,10.406,1,0,0.249,1.988,69632,21,9,21
"BudgetCrossing",16000,5,121,10.585,10.582,0.281,9.220,1,0,0.122,1.243,73728,21,9,21
"BudgetCrossing",16000,5,122,11.889,11.893,0.319,10.612,1,0,0.111,1.167,73728,21,9,21
"BudgetCrossing",16000,5,123,10.089,10.081,0.266,9.276,1,0,0.144,0.669,16384,21,9,21
"BudgetCrossing",16000,5,124,10.920,10.923,0.290,9.539,1,0,0.137,1.244,77824,21,9,21
"BudgetCrossing",16000,5,125,12.984,12.967,0.269,11.344,1,0,0.116,1.524,,21,9,21
"BudgetCrossing",16000,5,126,9.765,9.781,0.257,9.212,1,0,0.120,0.433,8192,21,9,21
"BudgetCrossing",16000,5,127,10.983,10.988,0.290,10.428,1,0,0.144,0.411,4096,21,9,21
"BudgetCrossing",16000,5,128,12.099,12.066,0.247,9.293,1,0,0.118,2.689,69632,21,9,21
"BudgetCrossing",16000,5,129,10.852,10.880,0.238,9.408,1,0,0.128,1.315,57344,21,9,21
"BudgetCrossing",16000,5,130,12.962,12.956,0.280,11.584,1,0,0.149,1.229,65536,21,9,21
"BudgetCrossing",16000,5,131,11.921,11.924,0.239,10.643,1,0,0.116,1.162,73728,21,9,21
"BudgetCrossing",16000,5,132,10.626,10.632,0.286,9.391,1,0,0.110,1.125,69632,21,9,21
"BudgetCrossing",16000,5,133,10.910,10.903,0.261,10.374,1,0,0.119,0.417,20480,21,9,21
"BudgetCrossing",16000,5,134,10.744,10.724,0.280,10.018,1,0,0.120,0.606,16384,21,9,21
"BudgetCrossing",16000,5,135,12.216,12.231,0.251,10.757,1,0,0.122,1.336,69632,21,9,21
"BudgetCrossing",16000,5,136,11.780,11.791,0.282,10.384,1,0,0.123,1.273,77824,21,9,21
"BudgetCrossing",16000,5,137,11.905,11.899,0.245,10.426,1,0,0.124,1.355,73728,21,9,21
"BudgetCrossing",16000,5,138,12.911,12.910,0.255,11.684,1,0,0.112,1.114,73728,21,9,21
"BudgetCrossing",16000,5,139,13.037,13.036,0.261,11.730,1,0,0.115,1.192,77824,21,9,21
"BudgetCrossing",16000,5,140,10.529,10.524,0.267,9.252,1,0,0.122,1.155,73728,21,9,21
"BudgetCrossing",16000,5,141,15.482,15.453,0.312,12.248,1,0,0.157,3.077,,21,9,21
"BudgetCrossing",16000,5,142,10.628,10.663,0.257,9.274,1,0,0.141,1.214,65536,21,9,21
"BudgetCrossing",16000,5,143,13.003,12.973,0.000,10.005,1,0,0.183,2.814,57344,21,9,21
"BudgetCrossing",16000,5,144,11.317,11.345,0.284,9.969,1,0,0.123,1.225,61440,21,9,21
"BudgetCrossing",16000,5,145,11.577,11.572,0.239,10.135,1,0,0.159,1.283,57344,21,9,21
"BudgetCrossing",16000,5,146,11.872,11.873,0.291,10.461,1,0,0.128,1.283,61440,21,9,21
"BudgetCrossing",16000,5,147,13.355,13.338,0.329,10.506,1,0,0.128,2.721,73728,21,9,21
"BudgetCrossing",16000,5,148,10.647,10.655,0.269,9.786,1,0,0.157,0.704,16384,21,9,21
"BudgetCrossing",16000,5,149,10.366,10.376,0.282,9.039,1,0,0.120,1.207,77824,21,9,21
"BudgetCrossing",16000,5,150,12.343,12.317,0.252,9.671,1,0,0.125,2.548,73728,21,9,21
"BudgetCrossing",16000,5,151,13.445,13.461,0.251,12.077,1,0,0.126,1.242,69632,21,9,21
"BudgetCrossing",16000,5,152,11.102,11.104,0.277,9.626,1,0,0.157,1.319,77824,21,9,21
"BudgetCrossing",16000,5,153,12.156,12.141,0.236,9.269,1,0,0.158,2.729,73728,21,9,21
"BudgetCrossing",16000,5,154,10.364,10.382,0.263,9.786,1,0,0.117,0.462,20480,21,9,21
"BudgetCrossing",16000,5,155,10.893,10.888,0.284,9.461,1,0,0.145,1.286,77824,21,9,21
"BudgetCrossing",16000,5,156,12.337,12.337,0.278,10.343,1,0,0.167,1.826,,21,9,21
"BudgetCrossing",16000,5,157,13.501,13.488,0.296,11.392,1,0,0.120,1.989,61440,21,9,21
"BudgetCrossing",16000,5,158,10.952,10.963,0.300,9.609,1,0,0.160,1.183,57344,21,9,21
"BudgetCrossing",16000,5,159,9.907,9.899,0.278,9.214,1,0,0.145,0.549,8192,21,9,21
"BudgetCrossing",16000,5,160,15.032,15.032,0.279,12.517,1,0,0.127,2.388,57344,21,9,21
"BudgetCrossing",16000,5,161,12.932,12.941,0.236,11.513,1,0,0.160,1.258,61440,21,9,21
"BudgetCrossing",16000,5,162,10.655,10.649,0.280,10.077,1,0,0.139,0.440,8192,21,9,21
"BudgetCrossing",16000,5,163,11.690,11.693,0.273,10.321,1,0,0.118,1.251,69632,21,9,21
"BudgetCrossing",16000,5,164,11.884,11.877,0.250,10.303,1,0,0.140,1.442,77824,21,9,21
"BudgetCrossing",16000,5,165,12.904,12.892,0.304,10.035,1,0,0.143,2.727,73728,21,9,21
"BudgetCrossing",16000,5,166,12.864,12.861,0.270,9.944,1,0,0.143,2.778,69632,21,9,21
"BudgetCrossing",16000,5,167,12.606,12.623,0.279,10.341,1,0,0.122,2.143,135168,21,9,21
"BudgetCrossing",16000,5,168,10.236,10.236,0.290,9.661,1,0,0.122,0.453,24576,21,9,21
"BudgetCrossing",16000,5,169,11.896,11.899,0.260,11.367,1,0,0.136,0.393,16384,21,9,21
"BudgetCrossing",16000,5,170,11.362,11.356,0.265,10.053,1,0,0.126,1.183,73728,21,9,21
"BudgetCrossing",16000,5,171,12.255,12.258,0.283,9.850,1,0,0.157,2.247,,21,9,21
"BudgetCrossing",16000,5,172,10.919,10.914,0.290,9.595,1,0,0.123,1.201,65536,21,9,21
"BudgetCrossing",16000,5,173,11.908,11.911,0.263,10.505,1,0,0.162,1.241,57344,21,9,21
"BudgetCrossing",16000,5,174,11.966,11.969,0.256,10.613,1,0,0.150,1.203,61440,21,9,21
"BudgetCrossing",16000,5,175,12.283,12.263,0.246,10.836,1,0,0.152,1.295,57344,21,9,21
"BudgetCrossing",16000,5,176,10.712,10.729,0.256,9.448,1,0,0.130,1.134,61440,21,9,21
"BudgetCrossing",16000,5,177,12.437,12.406,0.278,11.654,1,0,0.122,0.662,16384,21,9,21
"BudgetCrossing",16000,5,178,15.127,15.137,0.266,12.756,1,0,0.119,2.252,69632,21,9,21
"BudgetCrossing",16000,5,179,12.221,12.230,0.249,10.068,1,0,0.134,2.018,77824,21,9,21
"BudgetCrossing",16000,5,180,16.936,16.937,0.253,15.544,1,0,0.182,1.210,73728,21,9,21
"BudgetCrossing",16000,5,181,13.232,13.221,0.283,11.907,1,0,0.125,1.201,69632,21,9,21
"BudgetCrossing",16000,5,182,10.653,10.671,0.265,9.385,1,0,0.120,1.148,73728,21,9,21
"BudgetCrossing",16000,5,183,12.004,11.988,0.291,11.326,1,0,0.147,0.531,16384,21,9,21
"BudgetCrossing",16000,5,184,11.685,11.691,0.426,10.210,1,0,0.136,1.340,73728,21,9,21
"BudgetCrossing",16000,5,185,14.635,14.605,0.248,10.482,1,0,0.168,3.985,,21,9,21
"BudgetCrossing",16000,5,186,13.329,13.343,0.246,10.732,1,0,0.131,2.466,65536,21,9,21
"BudgetCrossing",16000,5,187,10.469,10.493,0.000,9.890,1,0,0.165,0.413,4096,21,9,21
"BudgetCrossing",16000,5,188,10.263,10.242,0.285,9.623,1,0,0.119,0.522,8192,21,9,21
"BudgetCrossing",16000,5,189,11.603,11.615,0.267,10.071,1,0,0.177,1.355,57344,21,9,21
"BudgetCrossing",16000,5,190,13.401,13.401,0.267,11.783,1,0,0.154,1.465,61440,21,9,21
"BudgetCrossing",16000,5,191,12.812,12.804,0.308,10.928,1,0,0.124,1.760,61440,21,9,21
"BudgetCrossing",16000,5,192,16.724,16.723,0.246,15.331,1,0,0.141,1.252,57344,21,9,21
"BudgetCrossing",16000,5,193,13.010,13.016,0.285,11.257,1,0,0.123,1.630,73728,21,9,21
"BudgetCrossing",16000,5,194,10.717,10.708,0.254,9.930,1,0,0.155,0.632,16384,21,9,21
"BudgetCrossing",16000,5,195,13.215,13.228,0.234,11.384,1,0,0.223,1.609,73728,21,9,21
"BudgetCrossing",16000,5,196,15.564,15.562,0.332,14.235,1,0,0.145,1.184,73728,21,9,21
"BudgetCrossing",16000,5,197,11.675,11.660,0.259,10.198,1,0,0.120,1.358,73728,21,9,21
"BudgetCrossing",16000,5,198,19.610,19.596,0.268,16.414,1,0,0.267,2.929,73728,21,9,21
"BudgetCrossing",16000,5,199,13.135,13.152,0.257,11.476,1,0,0.124,1.535,77824,21,9,21
"BudgetCrossing",16000,5,200,11.296,11.308,0.269,9.943,1,0,0.129,1.224,73728,21,9,21
"BudgetCrossing",16000,5,201,15.661,15.649,0.273,11.931,1,0,0.118,3.612,,21,9,21
"BudgetCrossing",16000,5,202,11.256,11.267,0.265,9.964,1,0,0.122,1.170,61440,21,9,21
"BudgetCrossing",16000,5,203,11.476,11.475,0.261,10.174,1,0,0.146,1.157,57344,21,9,21
"BudgetCrossing",16000,5,204,12.724,12.703,0.278,10.493,1,0,0.124,2.108,61440,21,9,21
"BudgetCrossing",16000,5,205,10.139,10.160,0.304,9.558,1,0,0.150,0.431,4096,21,9,21
"BudgetCrossing",16000,5,206,11.361,11.344,0.255,9.883,1,0,0.132,1.347,65536,21,9,21
"BudgetCrossing",16000,5,207,15.117,15.131,0.248,13.718,1,0,0.127,1.272,61440,21,9,21
"BudgetCrossing",16000,5,208,12.079,12.057,0.286,9.986,1,0,0.163,1.930,61440,21,9,21
"BudgetCrossing",16000,5,209,12.682,12.698,0.278,11.187,1,0,0.118,1.377,73728,21,9,21
"BudgetCrossing",16000,5,210,11.183,11.187,0.297,9.565,1,0,0.157,1.462,73728,21,9,21
"BudgetCrossing",16000,5,211,10.449,10.447,0.288,9.682,1,0,0.122,0.646,12288,21,9,21
"BudgetCrossing",16000,5,212,10.464,10.468,0.321,9.960,1,0,0.141,0.363,20480,21,9,21
"BudgetCrossing",16000,5,213,11.960,11.951,0.266,10.329,1,0,0.141,1.490,73728,21,9,21
"BudgetCrossing",16000,5,214,12.260,12.264,0.322,10.707,1,0,0.143,1.411,73728,21,9,21
"BudgetCrossing",16000,5,215,18.822,18.821,0.249,16.826,1,0,0.142,1.854,77824,21,9,21
"BudgetCrossing",16000,5,216,13.350,13.345,0.271,10.785,1,0,0.119,2.446,,21,9,21
"BudgetCrossing",16000,5,217,14.450,14.435,0.271,11.784,1,0,0.135,2.531,61440,21,9,21
"BudgetCrossing",16000,5,218,13.367,13.381,0.325,12.018,1,0,0.155,1.194,57344,21,9,21
"BudgetCrossing",16000,5,219,11.975,11.981,0.285,10.532,1,0,0.129,1.313,61440,21,9,21
"BudgetCrossing",16000,5,220,13.295,13.287,0.256,11.973,1,0,0.157,1.164,57344,21,9,21
"BudgetCrossing",16000,5,221,11.246,11.253,0.255,9.938,1,0,0.118,1.189,61440,21,9,21
"BudgetCrossing",16000,5,222,11.242,11.201,0.289,10.096,1,0,0.160,0.986,8192,21,9,21
"BudgetCrossing",16000,5,223,12.172,12.206,0.257,10.779,1,0,0.134,1.259,61440,21,9,21
"BudgetCrossing",16000,5,224,12.381,12.376,0.259,10.372,1,0,0.167,1.842,73728,21,9,21
"BudgetCrossing",16000,5,225,12.048,12.052,0.248,10.717,1,0,0.151,1.180,73728,21,9,21
"BudgetCrossing",16000,5,226,12.076,12.071,0.250,9.435,1,0,0.122,2.520,69632,21,9,21
"BudgetCrossing",16000,5,227,11.646,11.653,0.277,10.324,1,0,0.121,1.201,73728,21,9,21
"BudgetCrossing",16000,5,228,12.363,12.356,0.356,10.718,1,0,0.128,1.518,73728,21,9,21
"BudgetCrossing",16000,5,229,12.451,12.457,0.285,11.898,1,0,0.140,0.413,16384,21,9,21
"BudgetCrossing",16000,5,230,11.024,11.012,0.299,10.085,1,0,0.127,0.812,24576,21,9,21
"BudgetCrossing",16000,5,231,11.136,11.144,0.255,10.403,1,0,0.125,0.608,20480,21,9,21
"BudgetCrossing",16000,5,232,11.060,11.028,0.264,10.262,1,0,0.152,0.647,12288,21,9,21
"BudgetCrossing",16000,5,233,11.505,11.544,0.274,10.971,1,0,0.119,0.415,28672,21,9,21
"BudgetCrossing",16000,5,234,13.102,13.077,0.246,10.446,1,0,0.120,2.537,,21,9,21
"BudgetCrossing",16000,5,235,10.198,10.217,0.301,9.761,1,0,0.121,0.317,8192,21,9,21
"BudgetCrossing",16000,5,236,10.869,10.848,0.282,10.127,1,0,0.125,0.617,4096,21,9,21
"BudgetCrossing",16000,5,237,13.102,13.114,0.273,11.831,1,0,0.121,1.150,65536,21,9,21
"BudgetCrossing",16000,5,238,12.241,12.245,0.252,9.988,1,0,0.154,2.100,57344,21,9,21
"BudgetCrossing",16000,5,239,11.329,11.324,0.242,10.048,1,0,0.118,1.163,61440,21,9,21
"BudgetCrossing",16000,5,240,11.044,11.046,0.289,9.657,1,0,0.153,1.234,61440,21,9,21
"BudgetCrossing",16000,5,241,11.662,11.658,0.293,10.250,1,0,0.154,1.258,57344,21,9,21
"BudgetCrossing",16000,5,242,11.652,11.652,0.287,11.112,1,0,0.118,0.422,16384,21,9,21
"BudgetCrossing",16000,5,243,11.020,11.023,0.258,10.305,1,0,0.145,0.570,16384,21,9,21
"BudgetCrossing",16000,5,244,13.790,13.760,0.284,10.657,1,0,0.151,2.982,73728,21,9,21
"BudgetCrossing",16000,5,245,12.251,12.268,0.307,10.722,1,0,0.116,1.414,73728,21,9,21
"BudgetCrossing",16000,5,246,12.881,12.893,0.258,11.265,1,0,0.117,1.499,73728,21,9,21
"BudgetCrossing",16000,5,247,12.957,12.938,0.273,11.007,1,0,0.117,1.832,73728,21,9,21
"BudgetCrossing",16000,5,248,14.927,14.937,0.271,13.376,1,0,0.133,1.419,77824,21,9,21
"BudgetCrossing",16000,5,249,12.689,12.697,0.332,11.320,1,0,0.120,1.249,73728,21,9,21
"BudgetCrossing",16000,5,250,11.555,11.546,0.321,10.178,1,0,0.124,1.253,73728,21,9,21
"BudgetCrossing",16000,5,251,13.860,13.844,0.269,10.833,1,0,0.128,2.898,,21,9,21
"BudgetCrossing",16000,5,252,13.266,13.283,0.220,11.873,1,0,0.126,1.267,61440,21,9,21
"BudgetCrossing",16000,5,253,12.739,12.737,0.257,11.348,1,0,0.125,1.266,65536,21,9,21
"BudgetCrossing",16000,5,254,12.312,12.311,0.311,10.743,1,0,0.130,1.440,73728,21,9,21
"BudgetCrossing",16000,5,255,13.342,13.339,0.292,11.934,1,0,0.129,1.279,69632,21,9,21
"BudgetCrossing",16000,5,256,13.782,13.756,0.290,10.841,1,0,0.169,2.773,77824,21,9,21
"BudgetCrossing",16000,5,257,11.451,11.487,0.256,10.188,1,0,0.118,1.145,73728,21,9,21
"BudgetCrossing",16000,5,258,11.964,11.951,0.261,10.140,1,0,0.125,1.700,,21,9,21
"BudgetCrossing",16000,5,259,11.799,11.807,0.257,10.479,1,0,0.127,1.193,65536,21,9,21
"BudgetCrossing",16000,5,260,14.273,14.261,0.258,12.466,1,0,0.168,1.639,61440,21,9,21
"BudgetCrossing",16000,5,261,13.358,13.363,0.255,11.668,1,0,0.130,1.560,73728,21,9,21
"BudgetCrossing",16000,5,262,13.524,13.500,0.253,10.632,1,0,0.134,2.758,73728,21,9,21
"BudgetCrossing",16000,5,263,13.311,13.303,0.259,11.486,1,0,0.125,1.700,73728,21,9,21
"BudgetCrossing",16000,5,264,15.231,15.258,0.281,13.755,1,0,0.136,1.341,73728,21,9,21
"BudgetCrossing",16000,5,265,11.565,11.568,0.259,10.302,1,0,0.121,1.142,69632,21,9,21
"BudgetCrossing",16000,5,266,12.548,12.551,0.256,11.156,1,0,0.142,1.250,77824,21,9,21
"BudgetCrossing",16000,5,267,13.723,13.715,0.254,12.254,1,0,0.118,1.351,73728,21,9,21
"BudgetCrossing",16000,5,268,11.193,11.182,0.221,10.441,1,0,0.152,0.599,16384,21,9,21
"BudgetCrossing",16000,5,269,12.106,12.118,0.253,11.527,1,0,0.153,0.426,20480,21,9,21
"BudgetCrossing",16000,5,270,12.138,12.138,0.271,10.731,1,0,0.153,1.254,81920,21,9,21
"BudgetCrossing",16000,5,271,11.918,11.923,0.251,10.590,1,0,0.122,1.206,77824,21,9,21
"BudgetCrossing",16000,5,272,13.676,13.668,0.512,12.400,1,0,0.115,1.160,73728,21,9,21
"BudgetCrossing",16000,5,273,12.740,12.730,0.265,10.497,1,0,0.120,2.123,,21,9,21
"BudgetCrossing",16000,5,274,12.178,12.193,0.274,10.826,1,0,0.128,1.224,65536,21,9,21
"BudgetCrossing",16000,5,275,12.542,12.538,0.255,11.298,1,0,0.129,1.115,57344,21,9,21
"BudgetCrossing",16000,5,276,13.528,13.530,0.249,12.233,1,0,0.122,1.173,77824,21,9,21
"BudgetCrossing",16000,5,277,13.082,13.075,0.254,12.455,1,0,0.162,0.465,12288,21,9,21
"BudgetCrossing",16000,5,278,11.628,11.629,0.238,10.006,1,0,0.161,1.461,73728,21,9,21
"BudgetCrossing",16000,5,279,15.490,15.493,0.251,13.714,1,0,0.178,1.598,73728,21,9,21
"BudgetCrossing",16000,5,280,13.137,13.126,0.271,11.652,1,0,0.149,1.336,69632,21,9,21
"BudgetCrossing",16000,5,281,13.463,13.470,0.286,12.908,1,0,0.132,0.424,24576,21,9,21
"BudgetCrossing",16000,5,282,10.358,10.364,0.278,9.906,1,0,0.118,0.335,16384,21,9,21
"BudgetCrossing",16000,5,283,13.705,13.667,0.218,10.762,1,0,0.169,2.774,69632,21,9,21
"BudgetCrossing",16000,5,284,12.719,12.740,0.259,11.266,1,0,0.137,1.316,73728,21,9,21
"BudgetCrossing",16000,5,285,12.062,12.078,0.300,10.779,1,0,0.132,1.151,77824,21,9,21
"BudgetCrossing",16000,5,286,13.005,12.997,0.293,11.661,1,0,0.168,1.175,77824,21,9,21
"BudgetCrossing",16000,5,287,19.698,19.689,0.252,17.155,1,0,0.160,2.383,77824,21,9,21
"BudgetCrossing",16000,5,288,12.132,12.146,0.300,10.781,1,0,0.123,1.229,73728,21,9,21
"BudgetCrossing",16000,5,289,12.547,12.527,0.278,10.208,1,0,0.143,2.196,,21,9,21
"BudgetCrossing",16000,5,290,12.203,12.220,0.263,10.762,1,0,0.139,1.303,65536,21,9,21
"BudgetCrossing",16000,5,291,11.945,11.943,0.000,11.350,1,0,0.171,0.424,4096,21,9,21
"BudgetCrossing",16000,5,292,14.140,14.134,0.259,12.315,1,0,0.117,1.709,69632,21,9,21
"BudgetCrossing",16000,5,293,12.101,12.102,0.240,10.679,1,0,0.159,1.263,69632,21,9,21
"BudgetCrossing",16000,5,294,12.630,12.639,0.256,11.274,1,0,0.120,1.236,73728,21,9,21
"BudgetCrossing",16000,5,295,13.077,13.069,0.301,11.628,1,0,0.154,1.295,73728,21,9,21
"BudgetCrossing",16000,5,296,13.673,13.659,0.243,11.000,1,0,0.150,2.523,69632,21,9,21
"BudgetCrossing",16000,5,297,11.858,11.874,0.272,10.543,1,0,0.122,1.193,77824,21,9,21
"BudgetCrossing",16000,5,298,11.664,11.659,0.255,10.333,1,0,0.160,1.171,77824,21,9,21
"BudgetCrossing",16000,5,299,11.789,11.791,0.292,10.325,1,0,0.149,1.315,69632,21,9,21
"BudgetCrossing",18000,5,0,13.312,13.310,0.246,11.289,1,0,0.137,1.886,73728,14,9,14
"BudgetCrossing",18000,5,1,12.354,12.362,0.243,10.801,1,0,0.132,1.421,77824,14,9,14
"BudgetCrossing",18000,5,2,11.582,11.591,0.303,10.887,1,0,0.133,0.562,20480,14,9,14
"BudgetCrossing",18000,5,3,13.375,13.343,0.246,12.419,1,0,0.161,0.796,16384,15,9,15
"BudgetCrossing",18000,5,4,12.309,12.332,0.251,11.521,1,0,0.159,0.629,20480,15,9,15
"BudgetCrossing",18000,5,5,11.866,11.866,0.245,11.212,1,0,0.139,0.514,16384,15,9,15
"BudgetCrossing",18000,5,6,14.754,14.753,0.260,13.409,1,0,0.144,1.202,77824,15,9,15
"BudgetCrossing",18000,5,7,16.274,16.264,0.247,13.950,1,0,0.140,2.183,,15,9,15
"BudgetCrossing",18000,5,8,12.283,12.297,0.226,11.827,1,0,0.143,0.313,8192,15,9,15
"BudgetCrossing",18000,5,9,11.714,11.708,0.216,11.156,1,0,0.153,0.405,4096,15,9,15
"BudgetCrossing",18000,5,10,11.396,11.402,0.439,10.594,1,0,0.172,0.630,16384,15,9,15
"BudgetCrossing",18000,5,11,14.783,14.747,0.244,11.568,1,0,0.192,3.023,77824,15,9,15
"BudgetCrossing",18000,5,12,14.436,14.443,0.224,12.023,1,0,0.179,2.235,114688,16,9,16
"BudgetCrossing",18000,5,13,12.589,12.610,0.242,11.262,1,0,0.159,1.169,73728,16,9,16
"BudgetCrossing",18000,5,14,15.519,15.511,0.310,12.692,1,0,0.231,2.596,69632,16,9,16
"BudgetCrossing",18000,5,15,11.672,11.679,0.281,10.358,1,0,0.135,1.180,77824,16,9,16
"BudgetCrossing",18000,5,16,15.548,15.534,0.277,12.803,1,0,0.175,2.571,73728,16,9,16
"BudgetCrossing",18000,5,17,11.252,11.271,0.294,10.769,1,0,0.138,0.345,16384,16,9,16
"BudgetCrossing",18000,5,18,12.493,12.486,0.275,11.154,1,0,0.172,1.166,77824,16,9,16
"BudgetCrossing",18000,5,19,12.067,12.070,0.245,10.616,1,0,0.142,1.310,73728,16,9,16
"BudgetCrossing",18000,5,20,14.487,14.474,0.280,13.040,1,0,0.150,1.296,73728,16,9,16
"BudgetCrossing",18000,5,21,13.713,13.680,0.297,10.746,1,0,0.200,2.767,,17,9,17
"BudgetCrossing",18000,5,22,13.572,13.611,0.256,12.113,1,0,0.148,1.311,65536,17,9,17
"BudgetCrossing",18000,5,23,11.748,11.754,0.272,10.481,1,0,0.137,1.131,57344,17,9,17
"BudgetCrossing",18000,5,24,13.977,13.950,0.256,10.976,1,0,0.187,2.815,77824,17,9,17
"BudgetCrossing",18000,5,25,12.413,12.438,0.245,11.137,1,0,0.141,1.135,69632,17,9,17
"BudgetCrossing",18000,5,26,14.204,14.174,0.305,12.460,1,0,0.184,1.559,73728,17,9,17
"BudgetCrossing",18000,5,27,13.119,13.139,0.285,11.134,1,0,0.151,1.834,73728,17,9,17
"BudgetCrossing",18000,5,28,11.492,11.498,0.308,10.901,1,0,0.195,0.397,16384,17,9,17
"BudgetCrossing",18000,5,29,13.045,13.042,0.246,11.643,1,0,0.166,1.236,77824,17,9,17
"BudgetCrossing",18000,5,30,13.704,13.695,0.244,11.840,1,0,0.153,1.711,73728,18,9,18
"BudgetCrossing",18000,5,31,13.393,13.403,0.217,11.973,1,0,0.144,1.276,73728,18,9,18
"BudgetCrossing",18000,5,32,15.473,15.448,0.264,12.924,1,0,0.128,2.421,73728,18,9,18
"BudgetCrossing",18000,5,33,12.089,12.109,0.285,10.871,1,0,0.130,1.088,73728,18,9,18
"BudgetCrossing",18000,5,34,14.575,14.563,0.308,12.778,1,0,0.139,1.659,73728,18,9,18
"BudgetCrossing",18000,5,35,15.502,15.505,0.257,11.815,1,0,0.141,3.546,,18,9,18
"BudgetCrossing",18000,5,36,12.076,12.080,0.218,10.749,1,0,0.140,1.187,57344,18,9,18
"BudgetCrossing",18000,5,37,11.713,11.712,0.233,11.147,1,0,0.134,0.432,16384,18,9,18
"BudgetCrossing",18000,5,38,12.948,12.947,0.267,10.826,1,0,0.162,1.961,73728,18,9,18
"BudgetCrossing",18000,5,39,13.114,13.118,0.237,11.911,1,0,0.134,1.068,73728,19,9,19
"BudgetCrossing",18000,5,40,12.983,12.982,0.275,11.527,1,0,0.156,1.299,73728,19,9,19
"BudgetCrossing",18000,5,41,14.797,14.794,0.240,13.451,1,0,0.126,1.219,69632,19,9,19
"BudgetCrossing",18000,5,42,13.786,13.778,0.283,12.391,1,0,0.152,1.243,77824,19,9,19
"BudgetCrossing",18000,5,43,12.537,12.539,0.280,11.108,1,0,0.198,1.231,69632,19,9,19
"BudgetCrossing",18000,5,44,13.804,13.814,0.276,12.509,1,0,0.136,1.158,77824,19,9,19
"BudgetCrossing",18000,5,45,13.214,13.206,0.246,11.949,1,0,0.145,1.120,73728,19,9,19
"BudgetCrossing",18000,5,46,13.691,13.691,0.249,12.328,1,0,0.132,1.231,69632,19,9,19
"BudgetCrossing",18000,5,47,13.110,13.108,0.260,11.330,1,0,0.185,1.595,73728,19,9,19
"BudgetCrossing",18000,5,48,13.661,13.657,0.272,10.838,1,0,0.137,2.686,,20,9,20
"BudgetCrossing",18000,5,49,11.868,11.872,0.256,11.312,1,0,0.149,0.406,4096,20,9,20
"BudgetCrossing",18000,5,50,16.055,16.033,0.245,13.216,1,0,0.137,2.703,61440,20,9,20
"BudgetCrossing",18000,5,51,12.055,12.073,0.281,11.485,1,0,0.148,0.422,20480,20,9,20
"BudgetCrossing",18000,5,52,14.805,14.804,0.299,13.383,1,0,0.149,1.274,73728,20,9,20
"BudgetCrossing",18000,5,53,12.852,12.855,0.226,11.418,1,0,0.151,1.283,73728,20,9,20
"BudgetCrossing",18000,5,54,11.042,11.040,0.263,10.486,1,0,0.141,0.415,16384,20,9,20
"BudgetCrossing",18000,5,55,12.034,12.035,0.713,10.409,1,0,0.174,1.451,73728,20,9,20
"BudgetCrossing",18000,5,56,12.486,12.480,0.251,11.025,1,0,0.178,1.283,73728,20,9,20
"BudgetCrossing",18000,5,57,13.707,13.702,0.256,13.072,1,0,0.134,0.500,16384,21,9,21
"BudgetCrossing",18000,5,58,15.157,15.168,0.268,13.575,1,0,0.166,1.416,69632,21,9,21
"BudgetCrossing",18000,5,59,11.877,11.877,0.284,10.557,1,0,0.125,1.195,77824,21,9,21
"BudgetCrossing",18000,5,60,12.511,12.500,0.234,11.026,1,0,0.133,1.353,77824,21,9,21
"BudgetCrossing",18000,5,61,15.369,15.369,0.261,13.279,1,0,0.220,1.870,73728,21,9,21
"BudgetCrossing",18000,5,62,16.906,16.901,0.259,14.881,1,0,0.156,1.870,77824,21,9,21
"BudgetCrossing",18000,5,63,20.097,20.085,0.268,15.180,1,0,0.133,4.785,73728,21,9,21
"BudgetCrossing",18000,5,64,16.678,16.683,0.285,11.321,1,0,0.144,5.214,,21,9,21
"BudgetCrossing",18000,5,65,12.352,12.371,0.221,11.022,1,0,0.143,1.186,57344,21,9,21
"BudgetCrossing",18000,5,66,13.221,13.219,0.000,11.753,1,0,0.149,1.319,61440,21,9,21
"BudgetCrossing",18000,5,67,13.122,13.115,0.294,11.707,1,0,0.146,1.270,69632,21,9,21
"BudgetCrossing",18000,5,68,14.740,14.732,0.254,12.808,1,0,0.140,1.792,69632,21,9,21
"BudgetCrossing",18000,5,69,15.367,15.381,0.212,13.978,1,0,0.145,1.244,73728,21,9,21
"BudgetCrossing",18000,5,70,13.278,13.281,0.317,11.780,1,0,0.183,1.315,73728,21,9,21
"BudgetCrossing",18000,5,71,13.562,13.559,0.290,12.135,1,0,0.148,1.279,69632,21,9,21
"BudgetCrossing",18000,5,72,12.973,12.971,0.263,11.655,1,0,0.140,1.178,81920,21,9,21
"BudgetCrossing",18000,5,73,14.015,14.016,0.254,12.709,1,0,0.165,1.141,73728,21,9,21
"BudgetCrossing",18000,5,74,14.984,14.967,0.286,13.017,1,0,0.154,1.813,69632,21,9,21
"BudgetCrossing",18000,5,75,15.014,15.026,0.270,13.608,1,0,0.148,1.258,73728,21,9,21
"BudgetCrossing",18000,5,76,13.299,13.304,0.252,11.834,1,0,0.145,1.319,73728,21,9,21
"BudgetCrossing",18000,5,77,15.649,15.601,0.276,12.245,1,0,0.172,3.232,,21,9,21
"BudgetCrossing",18000,5,78,17.605,17.641,0.254,15.937,1,0,0.201,1.467,65536,21,9,21
"BudgetCrossing",18000,5,79,14.787,14.765,0.000,12.172,1,0,0.140,2.475,57344,21,9,21
"BudgetCrossing",18000,5,80,13.450,13.467,0.259,11.640,1,0,0.168,1.642,65536,21,9,21
"BudgetCrossing",18000,5,81,16.258,16.258,0.262,13.811,1,0,0.133,2.314,69632,21,9,21
"BudgetCrossing",18000,5,82,12.490,12.490,0.287,11.064,1,0,0.163,1.263,73728,21,9,21
"BudgetCrossing",18000,5,83,13.410,13.397,0.270,11.486,1,0,0.126,1.799,73728,21,9,21
"BudgetCrossing",18000,5,84,14.455,14.475,0.286,13.139,1,0,0.134,1.182,73728,21,9,21
"BudgetCrossing",18000,5,85,14.266,14.221,0.259,11.083,1,0,0.172,3.011,77824,21,9,21
"BudgetCrossing",18000,5,86,14.229,14.257,0.289,12.070,1,0,0.149,2.011,73728,21,9,21
"BudgetCrossing",18000,5,87,11.791,11.807,0.283,11.231,1,0,0.144,0.416,12288,21,9,21
"BudgetCrossing",18000,5,88,11.727,11.685,0.266,10.926,1,0,0.165,0.636,16384,21,9,21
"BudgetCrossing",18000,5,89,17.173,17.189,0.282,14.209,1,0,0.164,2.799,73728,21,9,21
"BudgetCrossing",18000,5,90,13.220,13.243,0.239,11.874,1,0,0.138,1.207,73728,21,9,21
"BudgetCrossing",18000,5,91,13.663,13.658,0.273,12.224,1,0,0.170,1.269,73728,21,9,21
"BudgetCrossing",18000,5,92,12.866,12.861,0.281,10.751,1,0,0.132,1.984,,21,9,21
"BudgetCrossing",18000,5,93,11.955,11.963,0.311,11.473,1,0,0.140,0.342,4096,21,9,21
"BudgetCrossing",18000,5,94,13.219,13.209,0.260,12.604,1,0,0.146,0.468,4096,21,9,21
"BudgetCrossing",18000,5,95,13.046,13.049,0.294,11.612,1,0,0.143,1.291,69632,21,9,21
"BudgetCrossing",18000,5,96,12.856,12.838,0.256,12.043,1,0,0.150,0.663,16384,21,9,21
"BudgetCrossing",18000,5,97,14.412,14.427,0.238,13.076,1,0,0.139,1.197,69632,21,9,21
"BudgetCrossing",18000,5,98,13.555,13.525,0.311,11.153,1,0,0.175,2.227,73728,21,9,21
"BudgetCrossing",18000,5,99,18.956,18.986,0.251,17.315,1,0,0.161,1.479,77824,21,9,21
"BudgetCrossing",18000,5,100,13.557,13.557,0.251,11.817,1,0,0.178,1.563,69632,21,9,21
"BudgetCrossing",18000,5,101,14.343,14.342,0.253,12.964,1,0,0.131,1.249,77824,21,9,21
"BudgetCrossing",18000,5,102,15.061,15.038,0.287,12.390,1,0,0.165,2.506,73728,21,9,21
"BudgetCrossing",18000,5,103,15.264,15.278,0.217,13.451,1,0,0.157,1.657,69632,21,9,21
"BudgetCrossing",18000,5,104,13.497,13.508,0.247,12.198,1,0,0.153,1.147,77824,21,9,21
"BudgetCrossing",18000,5,105,13.186,13.182,0.275,11.662,1,0,0.136,1.388,81920,21,9,21
"BudgetCrossing",18000,5,106,17.004,16.978,0.313,14.520,1,0,0.171,2.313,,21,9,21
"BudgetCrossing",18000,5,107,13.093,13.122,0.253,11.608,1,0,0.143,1.342,61440,21,9,21
"BudgetCrossing",18000,5,108,18.531,18.520,0.000,16.656,1,0,0.163,1.711,57344,21,9,21
"BudgetCrossing",18000,5,109,15.276,15.260,0.278,12.232,1,0,0.138,2.906,61440,21,9,21
"BudgetCrossing",18000,5,110,20.357,20.360,0.293,17.478,1,0,0.192,2.687,69632,21,9,21
"BudgetCrossing",18000,5,111,14.467,14.480,0.278,12.152,1,0,0.178,2.137,73728,21,9,21
"BudgetCrossing",18000,5,112,15.049,15.047,0.218,13.728,1,0,0.143,1.179,73728,21,9,21
"BudgetCrossing",18000,5,113,14.185,14.181,0.267,11.698,1,0,0.138,2.349,73728,21,9,21
"BudgetCrossing",18000,5,114,18.374,18.385,0.292,17.101,1,0,0.151,1.122,77824,21,9,21
"BudgetCrossing",18000,5,115,14.687,14.663,0.266,11.623,1,0,0.178,2.886,73728,21,9,21
"BudgetCrossing",18000,5,116,15.789,15.807,0.220,14.285,1,0,0.126,1.378,69632,21,9,21
"BudgetCrossing",18000,5,117,12.700,12.704,0.315,11.307,1,0,0.186,1.207,73728,21,9,21
"BudgetCrossing",18000,5,118,13.139,13.130,0.286,11.724,1,0,0.140,1.275,73728,21,9,21
"BudgetCrossing",18000,5,119,18.114,18.105,0.289,15.573,1,0,0.481,2.060,,21,9,21
"BudgetCrossing",18000,5,120,16.687,16.696,0.253,15.113,1,0,0.274,1.299,57344,21,9,21
"BudgetCrossing",18000,5,121,13.171,13.176,0.252,11.700,1,0,0.148,1.323,57344,21,9,21
"BudgetCrossing",18000,5,122,12.611,12.602,0.277,11.936,1,0,0.150,0.526,8192,21,9,21
"BudgetCrossing",18000,5,123,15.633,15.637,0.248,15.062,1,0,0.143,0.428,4096,21,9,21
"BudgetCrossing",18000,5,124,11.687,11.696,0.274,11.186,1,0,0.135,0.366,20480,21,9,21
"BudgetCrossing",18000,5,125,11.725,11.716,0.261,11.108,1,0,0.172,0.446,16384,21,9,21
"BudgetCrossing",18000,5,126,12.744,12.720,0.226,11.768,1,0,0.173,0.803,12288,21,9,21
"BudgetCrossing",18000,5,127,14.382,14.403,0.305,13.765,1,0,0.166,0.452,24576,21,9,21
"BudgetCrossing",18000,5,128,13.458,13.462,0.244,12.161,1,0,0.134,1.163,73728,21,9,21
"BudgetCrossing",18000,5,129,13.386,13.382,0.268,12.042,1,0,0.161,1.182,69632,21,9,21
"BudgetCrossing",18000,5,130,12.086,12.088,0.303,11.466,1,0,0.163,0.458,16384,21,9,21
"BudgetCrossing",18000,5,131,12.364,12.358,0.247,11.538,1,0,0.138,0.688,16384,21,9,21
"BudgetCrossing",18000,5,132,14.024,14.029,0.288,12.520,1,0,0.141,1.363,73728,21,9,21
"BudgetCrossing",18000,5,133,13.608,13.609,0.273,11.861,1,0,0.177,1.570,81920,21,9,21
"BudgetCrossing",18000,5,134,15.284,15.272,0.310,13.463,1,0,0.136,1.685,77824,21,9,21
"BudgetCrossing",18000,5,135,13.646,13.650,0.245,12.231,1,0,0.169,1.247,69632,21,9,21
"BudgetCrossing",18000,5,136,12.774,12.781,0.294,11.888,1,0,0.172,0.714,28672,21,9,21
"BudgetCrossing",18000,5,137,13.240,13.234,0.317,11.869,1,0,0.155,1.216,69632,21,9,21
"BudgetCrossing",18000,5,138,13.552,13.553,0.262,12.148,1,0,0.133,1.271,77824,21,9,21
"BudgetCrossing",18000,5,139,15.017,15.013,0.318,12.787,1,0,0.139,2.091,,21,9,21
"BudgetCrossing",18000,5,140,17.167,17.173,0.278,15.815,1,0,0.138,1.214,61440,21,9,21
"BudgetCrossing",18000,5,141,14.662,14.659,0.277,13.334,1,0,0.132,1.197,57344,21,9,21
"BudgetCrossing",18000,5,142,13.051,13.050,0.260,12.447,1,0,0.165,0.440,8192,21,9,21
"BudgetCrossing",18000,5,143,13.653,13.660,0.257,12.141,1,0,0.156,1.356,61440,21,9,21
"BudgetCrossing",18000,5,144,14.014,14.011,0.278,12.618,1,0,0.134,1.261,73728,21,9,21
"BudgetCrossing",18000,5,145,16.166,16.130,0.311,14.656,1,0,0.144,1.365,73728,21,9,21
"BudgetCrossing",18000,5,146,14.974,15.001,0.300,13.612,1,0,0.141,1.220,69632,21,9,21
"BudgetCrossing",18000,5,147,12.993,13.001,0.286,12.393,1,0,0.150,0.451,20480,21,9,21
"BudgetCrossing",18000,5,148,13.648,13.643,0.279,12.263,1,0,0.140,1.244,77824,21,9,21
"BudgetCrossing",18000,5,149,14.370,14.370,0.253,12.864,1,0,0.180,1.325,69632,21,9,21
"BudgetCrossing",18000,5,150,16.017,16.004,0.224,13.277,1,0,0.176,2.564,73728,21,9,21
"BudgetCrossing",18000,5,151,14.492,14.487,0.271,11.537,1,0,0.162,2.794,73728,21,9,21
"BudgetCrossing",18000,5,152,17.247,17.257,0.253,15.578,1,0,0.165,1.505,73728,21,9,21
"BudgetCrossing",18000,5,153,15.547,15.550,0.284,14.105,1,0,0.166,1.276,73728,21,9,21
"BudgetCrossing",18000,5,154,16.026,16.005,0.246,13.821,1,0,0.165,2.039,,21,9,21
"BudgetCrossing",18000,5,155,13.872,13.894,0.287,13.328,1,0,0.159,0.385,4096,21,9,21
"BudgetCrossing",18000,5,156,13.945,13.945,0.224,12.589,1,0,0.149,1.207,57344,21,9,21
"BudgetCrossing",18000,5,157,15.725,15.711,0.273,12.997,1,0,0.192,2.537,61440,21,9,21
"BudgetCrossing",18000,5,158,13.042,13.054,0.264,11.696,1,0,0.173,1.174,57344,21,9,21
"BudgetCrossing",18000,5,159,15.515,15.519,0.397,14.259,1,0,0.140,1.115,73728,21,9,21
"BudgetCrossing",18000,5,160,13.365,13.357,0.261,11.954,1,0,0.141,1.270,73728,21,9,21
"BudgetCrossing",18000,5,161,14.647,14.632,0.290,12.630,1,0,0.169,1.848,73728,21,9,21
"BudgetCrossing",18000,5,162,13.107,13.124,0.285,11.737,1,0,0.137,1.234,77824,21,9,21
"BudgetCrossing",18000,5,163,14.771,14.769,0.294,14.185,1,0,0.147,0.438,20480,21,9,21
"BudgetCrossing",18000,5,164,12.539,12.513,0.293,11.800,1,0,0.151,0.589,16384,21,9,21
"BudgetCrossing",18000,5,165,13.526,13.554,0.237,12.907,1,0,0.194,0.424,20480,21,9,21
"BudgetCrossing",18000,5,166,13.473,13.469,0.275,12.904,1,0,0.144,0.424,20480,21,9,21
"BudgetCrossing",18000,5,167,14.440,14.436,0.209,12.775,1,0,0.173,1.492,73728,21,9,21
"BudgetCrossing",18000,5,168,15.329,15.319,0.678,12.422,1,0,0.163,2.744,73728,21,9,21
"BudgetCrossing",18000,5,169,14.376,14.384,0.243,12.647,1,0,0.173,1.555,77824,21,9,21
"BudgetCrossing",18000,5,170,13.712,13.708,0.220,12.277,1,0,0.161,1.275,69632,21,9,21
"BudgetCrossing",18000,5,171,15.586,15.579,0.242,12.737,1,0,0.177,2.673,,21,9,21
"BudgetCrossing",18000,5,172,12.905,12.917,0.249,12.125,1,0,0.142,0.639,4096,21,9,21
"BudgetCrossing",18000,5,173,19.755,19.742,0.242,17.712,1,0,0.202,1.841,57344,21,9,21
"BudgetCrossing",18000,5,174,14.448,14.458,0.257,12.911,1,0,0.161,1.375,61440,21,9,21
"BudgetCrossing",18000,5,175,15.214,15.189,0.218,12.433,1,0,0.183,2.599,57344,21,9,21
"BudgetCrossing",18000,5,176,15.580,15.597,0.261,13.814,1,0,0.142,1.624,65536,21,9,21
"BudgetCrossing",18000,5,177,13.368,13.380,0.284,12.077,1,0,0.142,1.150,73728,21,9,21
"BudgetCrossing",18000,5,178,13.645,13.634,0.271,12.160,1,0,0.178,1.307,73728,21,9,21
"BudgetCrossing",18000,5,179,15.901,15.880,0.259,12.956,1,0,0.138,2.807,77824,21,9,21
"BudgetCrossing",18000,5,180,15.530,15.540,0.282,12.768,1,0,0.134,2.628,73728,21,9,21
"BudgetCrossing",18000,5,181,14.457,14.463,0.255,12.086,1,0,0.167,2.205,69632,21,9,21
"BudgetCrossing",18000,5,182,13.471,13.466,0.286,12.835,1,0,0.155,0.481,20480,21,9,21
"BudgetCrossing",18000,5,183,14.061,14.060,0.312,12.532,1,0,0.196,1.333,73728,21,9,21
"BudgetCrossing",18000,5,184,13.548,13.557,0.270,11.996,1,0,0.183,1.369,73728,21,9,21
"BudgetCrossing",18000,5,185,16.513,16.496,0.257,14.373,1,0,0.139,2.002,77824,21,9,21
"BudgetCrossing",18000,5,186,15.566,15.562,0.254,12.450,1,0,0.182,2.935,,21,9,21
"BudgetCrossing",18000,5,187,15.226,15.244,0.246,13.890,1,0,0.143,1.193,57344,21,9,21
"BudgetCrossing",18000,5,188,18.904,18.892,0.000,16.020,1,0,0.198,2.687,57344,21,9,21
"BudgetCrossing",18000,5,189,15.490,15.502,0.301,13.934,1,0,0.154,1.402,61440,21,9,21
"BudgetCrossing",18000,5,190,14.436,14.428,0.264,12.891,1,0,0.181,1.365,57344,21,9,21
"BudgetCrossing",18000,5,191,13.509,13.517,0.262,12.239,1,0,0.143,1.127,69632,21,9,21
"BudgetCrossing",18000,5,192,13.235,13.187,0.272,12.283,1,0,0.184,0.768,16384,21,9,21
"BudgetCrossing",18000,5,193,14.755,14.805,0.245,14.238,1,0,0.137,0.379,16384,21,9,21
"BudgetCrossing",18000,5,194,13.876,13.867,0.269,12.433,1,0,0.187,1.255,77824,21,9,21
"BudgetCrossing",18000,5,195,14.462,14.465,0.256,12.998,1,0,0.142,1.322,73728,21,9,21
"BudgetCrossing",18000,5,196,13.319,13.310,0.299,12.576,1,0,0.175,0.568,16384,21,9,21
"BudgetCrossing",18000,5,197,16.215,16.202,0.284,14.021,1,0,0.139,2.055,73728,21,9,21
"BudgetCrossing",18000,5,198,15.393,15.413,0.300,14.024,1,0,0.135,1.233,73728,21,9,21
"BudgetCrossing",18000,5,199,14.342,14.342,0.326,12.899,1,0,0.168,1.275,73728,21,9,21
"BudgetCrossing",18000,5,200,14.652,14.655,0.330,13.247,1,0,0.140,1.265,77824,21,9,21
"BudgetCrossing",18000,5,201,15.621,15.612,0.287,14.273,1,0,0.136,1.211,73728,21,9,21
"BudgetCrossing",18000,5,202,16.600,16.596,0.260,14.133,1,0,0.139,2.329,,21,9,21
"BudgetCrossing",18000,5,203,13.669,13.673,0.289,12.312,1,0,0.149,1.208,57344,21,9,21
"BudgetCrossing",18000,5,204,15.138,15.125,0.265,12.232,1,0,0.185,2.721,57344,21,9,21
"BudgetCrossing",18000,5,205,13.489,13.500,0.253,12.943,1,0,0.148,0.398,8192,21,9,21
"BudgetCrossing",18000,5,206,13.109,13.110,0.298,11.629,1,0,0.132,1.347,57344,21,9,21
"BudgetCrossing",18000,5,207,13.013,13.014,0.231,12.278,1,0,0.178,0.557,8192,21,9,21
"BudgetCrossing",18000,5,208,12.968,12.942,0.321,11.930,1,0,0.171,0.867,16384,21,9,21
"BudgetCrossing",18000,5,209,14.751,14.765,0.254,14.141,1,0,0.131,0.480,16384,21,9,21
"BudgetCrossing",18000,5,210,16.830,16.814,0.257,13.832,1,0,0.170,2.828,81920,21,9,21
"BudgetCrossing",18000,5,211,13.963,13.993,0.267,12.408,1,0,0.131,1.425,73728,21,9,21
"BudgetCrossing",18000,5,212,15.579,15.559,0.259,13.626,1,0,0.155,1.799,69632,21,9,21
"BudgetCrossing",18000,5,213,15.760,15.774,0.311,14.344,1,0,0.136,1.280,73728,21,9,21
"BudgetCrossing",18000,5,214,13.571,13.564,0.285,12.122,1,0,0.172,1.277,77824,21,9,21
"BudgetCrossing",18000,5,215,16.016,16.016,0.275,14.491,1,0,0.147,1.377,73728,21,9,21
"BudgetCrossing",18000,5,216,14.254,14.253,0.284,12.373,1,0,0.149,1.732,114688,21,9,21
"BudgetCrossing",18000,5,217,14.681,14.684,0.284,13.086,1,0,0.138,1.457,,21,9,21
"BudgetCrossing",18000,5,218,13.609,13.611,0.316,12.225,1,0,0.142,1.243,57344,21,9,21
"BudgetCrossing",18000,5,219,14.200,14.201,0.242,12.671,1,0,0.138,1.390,57344,21,9,21
"BudgetCrossing",18000,5,220,14.290,14.273,0.286,12.298,1,0,0.146,1.846,61440,21,9,21
"BudgetCrossing",18000,5,221,17.311,17.323,0.238,15.978,1,0,0.133,1.200,61440,21,9,21
"BudgetCrossing",18000,5,222,15.087,15.068,0.266,12.142,1,0,0.172,2.773,65536,21,9,21
"BudgetCrossing",18000,5,223,15.942,15.961,0.256,14.641,1,0,0.138,1.164,77824,21,9,21
"BudgetCrossing",18000,5,224,19.785,19.777,0.310,17.990,1,0,0.175,1.620,77824,21,9,21
"BudgetCrossing",18000,5,225,14.927,14.933,0.258,13.539,1,0,0.131,1.257,69632,21,9,21
"BudgetCrossing",18000,5,226,15.118,15.118,0.249,13.790,1,0,0.161,1.168,73728,21,9,21
"BudgetCrossing",18000,5,227,17.935,17.919,0.309,15.604,1,0,0.213,2.118,73728,21,9,21
"BudgetCrossing",18000,5,228,16.128,16.142,0.330,14.790,1,0,0.132,1.205,69632,21,9,21
"BudgetCrossing",18000,5,229,14.673,14.676,0.255,13.391,1,0,0.141,1.140,77824,21,9,21
"BudgetCrossing",18000,5,230,13.260,13.250,0.274,11.890,1,0,0.158,1.212,73728,21,9,21
"BudgetCrossing",18000,5,231,15.679,15.665,0.240,12.552,1,0,0.142,2.985,,21,9,21
"BudgetCrossing",18000,5,232,16.843,16.851,0.272,15.147,1,0,0.152,1.543,57344,21,9,21
"BudgetCrossing",18000,5,233,14.593,14.591,0.313,13.163,1,0,0.176,1.254,57344,21,9,21
"BudgetCrossing",18000,5,234,15.535,15.536,0.274,13.994,1,0,0.151,1.391,61440,21,9,21
"BudgetCrossing",18000,5,235,13.541,13.548,0.259,12.222,1,0,0.181,1.138,65536,21,9,21
"BudgetCrossing",18000,5,236,15.289,15.285,0.303,13.879,1,0,0.165,1.245,69632,21,9,21
"BudgetCrossing",18000,5,237,16.184,16.187,0.302,14.762,1,0,0.170,1.253,77824,21,9,21
"BudgetCrossing",18000,5,238,13.652,13.649,0.262,12.214,1,0,0.183,1.255,77824,21,9,21
"BudgetCrossing",18000,5,239,13.403,13.412,0.276,12.886,1,0,0.137,0.380,12288,21,9,21
"BudgetCrossing",18000,5,240,15.869,15.820,0.285,13.479,1,0,0.133,2.257,73728,21,9,21
"BudgetCrossing",18000,5,241,15.112,15.146,0.277,13.291,1,0,0.138,1.682,69632,21,9,21
"BudgetCrossing",18000,5,242,16.105,16.107,0.254,14.742,1,0,0.143,1.221,77824,21,9,21
"BudgetCrossing",18000,5,243,14.252,14.251,0.259,12.749,1,0,0.188,1.316,73728,21,9,21
"BudgetCrossing",18000,5,244,14.206,14.219,0.244,13.651,1,0,0.155,0.399,20480,21,9,21
"BudgetCrossing",18000,5,245,17.676,17.613,0.259,13.571,1,0,0.162,3.942,,21,9,21
"BudgetCrossing",18000,5,246,14.130,14.185,0.306,12.628,1,0,0.224,1.278,163840,21,9,21
"BudgetCrossing",18000,5,247,14.017,14.010,0.000,12.647,1,0,0.193,1.177,65536,21,9,21
"BudgetCrossing",18000,5,248,13.207,13.219,0.302,12.693,1,0,0.145,0.369,20480,21,9,21
"BudgetCrossing",18000,5,249,14.182,14.171,0.285,13.593,1,0,0.159,0.430,16384,21,9,21
"BudgetCrossing",18000,5,250,15.187,15.190,0.288,13.643,1,0,0.193,1.352,73728,21,9,21
"BudgetCrossing",18000,5,251,15.885,15.883,0.313,14.538,1,0,0.141,1.207,77824,21,9,21
"BudgetCrossing",18000,5,252,13.735,13.739,0.281,12.511,1,0,0.132,1.092,69632,21,9,21
"BudgetCrossing",18000,5,253,13.554,13.544,0.247,12.908,1,0,0.182,0.463,20480,21,9,21
"BudgetCrossing",18000,5,254,19.089,19.068,0.251,16.062,1,0,0.171,2.855,73728,21,9,21
"BudgetCrossing",18000,5,255,15.003,15.023,0.286,13.043,1,0,0.137,1.823,,21,9,21
"BudgetCrossing",18000,5,256,16.660,16.654,0.256,15.286,1,0,0.163,1.210,65536,21,9,21
"BudgetCrossing",18000,5,257,13.942,13.946,0.251,12.352,1,0,0.189,1.400,69632,21,9,21
"BudgetCrossing",18000,5,258,14.651,14.651,0.303,12.927,1,0,0.148,1.577,77824,21,9,21
"BudgetCrossing",18000,5,259,15.938,15.930,0.264,13.880,1,0,0.136,1.922,69632,21,9,21
"BudgetCrossing",18000,5,260,18.418,18.393,0.258,15.236,1,0,0.151,3.031,73728,21,9,21
"BudgetCrossing",18000,5,261,14.479,14.515,0.273,13.024,1,0,0.146,1.309,73728,21,9,21
"BudgetCrossing",18000,5,262,15.574,15.564,0.261,13.669,1,0,0.190,1.715,73728,21,9,21
"BudgetCrossing",18000,5,263,16.090,16.097,0.262,14.783,1,0,0.129,1.178,73728,21,9,21
"BudgetCrossing",18000,5,264,14.316,14.313,0.223,12.957,1,0,0.144,1.215,77824,21,9,21
"BudgetCrossing",18000,5,265,18.109,18.106,0.250,16.639,1,0,0.179,1.291,73728,21,9,21
"BudgetCrossing",18000,5,266,16.911,16.910,0.319,15.298,1,0,0.135,1.478,73728,21,9,21
"BudgetCrossing",18000,5,267,15.762,15.764,0.240,14.319,1,0,0.171,1.272,81920,21,9,21
"BudgetCrossing",18000,5,268,16.574,16.571,0.260,14.618,1,0,0.136,1.820,,21,9,21
"BudgetCrossing",18000,5,269,14.095,14.098,0.236,12.687,1,0,0.148,1.260,61440,21,9,21
"BudgetCrossing",18000,5,270,14.351,14.351,0.240,12.961,1,0,0.178,1.211,61440,21,9,21
"BudgetCrossing",18000,5,271,13.779,13.758,0.268,13.078,1,0,0.123,0.578,16384,21,9,21
"BudgetCrossing",18000,5,272,18.232,18.251,0.222,16.901,1,0,0.126,1.206,69632,21,9,21
"BudgetCrossing",18000,5,273,14.480,14.474,0.256,13.046,1,0,0.171,1.263,73728,21,9,21
"BudgetCrossing",18000,5,274,15.137,15.144,0.292,13.722,1,0,0.137,1.278,73728,21,9,21
"BudgetCrossing",18000,5,275,14.864,14.842,0.247,14.077,1,0,0.142,0.645,16384,21,9,21
"BudgetCrossing",18000,5,276,16.811,16.799,0.216,13.911,1,0,0.147,2.754,77824,21,9,21
"BudgetCrossing",18000,5,277,18.577,18.600,0.278,15.999,1,0,0.139,2.439,73728,21,9,21
"BudgetCrossing",18000,5,278,14.551,14.557,0.293,13.208,1,0,0.129,1.214,73728,21,9,21
"BudgetCrossing",18000,5,279,16.213,16.181,0.293,15.360,1,0,0.168,0.685,20480,21,9,21
"BudgetCrossing",18000,5,280,16.644,16.673,0.282,15.272,1,0,0.129,1.243,77824,21,9,21
"BudgetCrossing",18000,5,281,14.974,14.978,0.334,13.609,1,0,0.149,1.217,73728,21,9,21
"BudgetCrossing",18000,5,282,14.928,14.923,0.308,13.356,1,0,0.144,1.429,77824,21,9,21
"BudgetCrossing",18000,5,283,15.719,15.712,0.273,13.565,1,0,0.175,1.979,,21,9,21
"BudgetCrossing",18000,5,284,14.860,14.856,0.318,13.104,1,0,0.139,1.618,61440,21,9,21
"BudgetCrossing",18000,5,285,15.300,15.310,0.253,13.985,1,0,0.150,1.165,61440,21,9,21
"BudgetCrossing",18000,5,286,16.555,16.551,0.246,15.152,1,0,0.145,1.258,65536,21,9,21
"BudgetCrossing",18000,5,287,15.223,15.209,0.292,13.758,1,0,0.171,1.295,69632,21,9,21
"BudgetCrossing",18000,5,288,14.841,14.860,0.285,13.440,1,0,0.157,1.245,73728,21,9,21
"BudgetCrossing",18000,5,289,14.587,14.579,0.242,13.336,1,0,0.143,1.109,73728,21,9,21
"BudgetCrossing",18000,5,290,15.859,15.860,0.315,14.400,1,0,0.182,1.277,69632,21,9,21
"BudgetCrossing",18000,5,291,15.445,15.446,0.251,13.790,1,0,0.182,1.474,81920,21,9,21
"BudgetCrossing",18000,5,292,13.804,13.806,0.324,13.194,1,0,0.180,0.430,16384,21,9,21
"BudgetCrossing",18000,5,293,15.437,15.441,0.305,14.017,1,0,0.139,1.281,69632,21,9,21
"BudgetCrossing",18000,5,294,16.272,16.263,0.271,14.691,1,0,0.131,1.450,73728,21,9,21
"BudgetCrossing",18000,5,295,17.193,17.169,0.282,14.469,1,0,0.138,2.585,73728,21,9,21
"BudgetCrossing",18000,5,296,14.375,14.398,0.256,13.775,1,0,0.179,0.421,24576,21,9,21
"BudgetCrossing",18000,5,297,15.690,15.689,0.283,14.336,1,0,0.156,1.199,73728,21,9,21
"BudgetCrossing",18000,5,298,15.891,15.885,0.249,13.636,1,0,0.196,2.059,,21,9,21
"BudgetCrossing",18000,5,299,14.066,14.073,0.253,12.778,1,0,0.141,1.147,65536,21,9,21
"BudgetCrossing",20000,5,0,16.204,16.171,0.218,12.968,1,0,0.197,3.040,77824,14,9,14
"BudgetCrossing",20000,5,1,15.319,15.334,0.216,13.509,1,0,0.189,1.621,73728,14,9,14
"BudgetCrossing",20000,5,2,14.194,14.206,0.268,12.760,1,0,0.141,1.292,73728,14,9,14
"BudgetCrossing",20000,5,3,14.281,14.279,0.255,12.895,1,0,0.156,1.229,73728,15,9,15
"BudgetCrossing",20000,5,4,15.150,15.145,0.277,13.694,1,0,0.210,1.246,69632,15,9,15
"BudgetCrossing",20000,5,5,15.581,15.583,0.244,15.071,1,0,0.157,0.353,24576,15,9,15
"BudgetCrossing",20000,5,6,14.758,14.752,0.317,12.682,1,0,0.161,1.915,,15,9,15
"BudgetCrossing",20000,5,7,15.037,15.038,0.258,12.925,1,0,0.156,1.956,69632,15,9,15
"BudgetCrossing",20000,5,8,16.192,16.193,0.283,14.896,1,0,0.193,1.103,57344,15,9,15
"BudgetCrossing",20000,5,9,14.046,14.047,0.268,13.493,1,0,0.160,0.393,20480,15,9,15
"BudgetCrossing",20000,5,10,15.931,15.897,0.253,15.093,1,0,0.166,0.672,16384,15,9,15
"BudgetCrossing",20000,5,11,16.452,16.489,0.216,15.048,1,0,0.164,1.240,73728,15,9,15
"BudgetCrossing",20000,5,12,16.795,16.779,0.245,14.186,1,0,0.154,2.455,73728,16,9,16
"BudgetCrossing",20000,5,13,15.110,15.115,0.260,13.559,1,0,0.207,1.345,69632,16,9,16
"BudgetCrossing",20000,5,14,15.509,15.515,0.277,14.130,1,0,0.152,1.228,73728,16,9,16
"BudgetCrossing",20000,5,15,20.680,20.661,0.282,18.175,1,0,0.266,2.239,77824,16,9,16
"BudgetCrossing",20000,5,16,18.788,18.797,0.262,16.213,1,0,0.186,2.389,69632,16,9,16
"BudgetCrossing",20000,5,17,17.459,17.441,0.270,14.498,1,0,0.162,2.798,77824,16,9,16
"BudgetCrossing",20000,5,18,17.018,17.020,0.289,14.070,1,0,0.162,2.787,73728,16,9,16
"BudgetCrossing",20000,5,19,14.688,14.690,0.275,12.607,1,0,0.166,1.916,69632,16,9,16
"BudgetCrossing",20000,5,20,16.891,16.858,0.259,13.735,1,0,0.159,2.996,,16,9,16
"BudgetCrossing",20000,5,21,16.336,16.370,0.251,13.540,1,0,0.174,2.621,69632,17,9,17
"BudgetCrossing",20000,5,22,14.011,14.000,0.000,13.232,1,0,0.163,0.617,4096,17,9,17
"BudgetCrossing",20000,5,23,17.332,17.338,0.249,16.202,1,0,0.172,0.958,16384,17,9,17
"BudgetCrossing",20000,5,24,14.286,14.311,0.228,13.729,1,0,0.160,0.397,12288,17,9,17
"BudgetCrossing",20000,5,25,16.942,16.917,0.255,15.125,1,0,0.198,1.619,73728,17,9,17
"BudgetCrossing",20000,5,26,14.160,14.143,0.241,13.224,1,0,0.195,0.740,16384,17,9,17
"BudgetCrossing",20000,5,27,17.364,17.397,0.281,15.899,1,0,0.250,1.215,69632,17,9,17
"BudgetCrossing",20000,5,28,15.164,15.151,0.246,13.248,1,0,0.158,1.758,73728,17,9,17
"BudgetCrossing",20000,5,29,15.269,15.283,0.292,13.759,1,0,0.152,1.358,73728,17,9,17
"BudgetCrossing",20000,5,30,16.397,16.392,0.281,15.029,1,0,0.154,1.214,69632,18,9,18
"BudgetCrossing",20000,5,31,15.266,15.266,0.214,13.813,1,0,0.200,1.253,81920,18,9,18
"BudgetCrossing",20000,5,32,17.635,17.631,0.237,16.101,1,0,0.136,1.398,73728,18,9,18
"BudgetCrossing",20000,5,33,15.987,15.959,0.214,12.785,1,0,0.189,3.014,69632,18,9,18
"BudgetCrossing",20000,5,34,15.036,15.067,0.252,13.621,1,0,0.158,1.258,77824,18,9,18
"BudgetCrossing",20000,5,35,14.867,14.854,0.278,12.699,1,0,0.163,2.006,73728,18,9,18
"BudgetCrossing",20000,5,36,16.006,16.015,0.302,13.373,1,0,0.183,2.451,,18,9,18
"BudgetCrossing",20000,5,37,14.407,14.405,0.226,13.915,1,0,0.153,0.339,8192,18,9,18
"BudgetCrossing",20000,5,38,15.269,15.279,0.238,13.855,1,0,0.204,1.209,65536,18,9,18
"BudgetCrossing",20000,5,39,14.576,14.568,0.278,13.015,1,0,0.151,1.410,73728,19,9,19
"BudgetCrossing",20000,5,40,16.584,16.584,0.291,15.223,1,0,0.147,1.214,69632,19,9,19
"BudgetCrossing",20000,5,41,15.607,15.603,0.293,14.006,1,0,0.200,1.401,73728,19,9,19
"BudgetCrossing",20000,5,42,16.782,16.772,0.280,14.144,1,0,0.194,2.443,73728,19,9,19
"BudgetCrossing",20000,5,43,15.064,15.081,0.268,13.747,1,0,0.153,1.164,73728,19,9,19
"BudgetCrossing",20000,5,44,14.565,14.558,0.308,13.237,1,0,0.139,1.190,73728,19,9,19
"BudgetCrossing",20000,5,45,14.407,14.405,0.315,13.759,1,0,0.201,0.448,16384,19,9,19
"BudgetCrossing",20000,5,46,14.835,14.844,0.278,12.954,1,0,0.146,1.735,69632,19,9,19
"BudgetCrossing",20000,5,47,15.907,15.891,0.258,14.097,1,0,0.154,1.656,77824,19,9,19
"BudgetCrossing",20000,5,48,17.738,17.710,0.221,14.946,1,0,0.193,2.600,73728,20,9,20
"BudgetCrossing",20000,5,49,18.399,18.426,0.269,14.795,1,0,0.170,3.435,,20,9,20
"BudgetCrossing",20000,5,50,15.110,15.117,0.283,13.719,1,0,0.164,1.228,69632,20,9,20
"BudgetCrossing",20000,5,51,15.448,15.418,0.256,14.496,1,0,0.211,0.742,4096,20,9,20
"BudgetCrossing",20000,5,52,16.059,16.088,0.246,14.283,1,0,0.152,1.624,106496,20,9,20
"BudgetCrossing",20000,5,53,15.542,15.545,0.242,14.120,1,0,0.155,1.268,69632,20,9,20
"BudgetCrossing",20000,5,54,18.294,18.290,0.254,16.984,1,0,0.151,1.159,73728,20,9,20
"BudgetCrossing",20000,5,55,16.697,16.690,0.235,15.216,1,0,0.163,1.319,73728,20,9,20
"BudgetCrossing",20000,5,56,15.930,15.938,0.227,14.444,1,0,0.159,1.328,69632,20,9,20
"BudgetCrossing",20000,5,57,16.416,16.417,0.277,14.892,1,0,0.167,1.356,77824,21,9,21
"BudgetCrossing",20000,5,58,17.249,17.234,0.251,14.549,1,0,0.152,2.549,73728,21,9,21
"BudgetCrossing",20000,5,59,15.112,15.119,0.271,13.606,1,0,0.169,1.337,69632,21,9,21
"BudgetCrossing",20000,5,60,17.506,17.506,0.255,14.618,1,0,0.225,2.662,81920,21,9,21
"BudgetCrossing",20000,5,61,16.268,16.254,0.237,13.565,1,0,0.154,2.550,,21,9,21
"BudgetCrossing",20000,5,62,17.049,17.065,0.245,15.650,1,0,0.163,1.237,65536,21,9,21
"BudgetCrossing",20000,5,63,15.706,15.709,0.274,14.233,1,0,0.170,1.303,61440,21,9,21
"BudgetCrossing",20000,5,64,16.549,16.524,0.299,13.496,1,0,0.192,2.861,65536,21,9,21
"BudgetCrossing",20000,5,65,16.761,16.754,0.270,13.740,1,0,0.197,2.823,69632,21,9,21
"BudgetCrossing",20000,5,66,15.926,15.953,0.266,14.456,1,0,0.204,1.266,73728,21,9,21
"BudgetCrossing",20000,5,67,15.220,15.212,0.247,13.502,1,0,0.188,1.529,73728,21,9,21
"BudgetCrossing",20000,5,68,14.673,14.678,0.275,13.256,1,0,0.192,1.225,69632,21,9,21
"BudgetCrossing",20000,5,69,15.309,15.298,0.248,13.832,1,0,0.159,1.318,77824,21,9,21
"BudgetCrossing",20000,5,70,17.109,17.115,0.275,15.705,1,0,0.193,1.211,73728,21,9,21
"BudgetCrossing",20000,5,71,15.480,15.483,0.261,14.161,1,0,0.160,1.158,69632,21,9,21
"BudgetCrossing",20000,5,72,17.827,17.804,0.248,14.824,1,0,0.205,2.798,77824,21,9,21
"BudgetCrossing",20000,5,73,18.141,18.137,0.226,15.104,1,0,0.153,2.884,73728,21,9,21
"BudgetCrossing",20000,5,74,16.823,16.806,0.280,14.095,1,0,0.164,2.564,,21,9,21
"BudgetCrossing",20000,5,75,16.608,16.647,0.247,15.269,1,0,0.161,1.178,69632,21,9,21
"BudgetCrossing",20000,5,76,14.438,14.439,0.000,13.161,1,0,0.164,1.113,57344,21,9,21
"BudgetCrossing",20000,5,77,16.300,16.297,0.275,14.819,1,0,0.202,1.279,65536,21,9,21
"BudgetCrossing",20000,5,78,16.415,16.411,0.271,14.926,1,0,0.191,1.298,69632,21,9,21
"BudgetCrossing",20000,5,79,15.498,15.509,0.242,14.085,1,0,0.159,1.254,73728,21,9,21
"BudgetCrossing",20000,5,80,15.400,15.388,0.273,13.853,1,0,0.199,1.348,73728,21,9,21
"BudgetCrossing",20000,5,81,15.519,15.522,0.259,14.048,1,0,0.152,1.319,73728,21,9,21
"BudgetCrossing",20000,5,82,16.584,16.581,0.268,15.215,1,0,0.170,1.200,73728,21,9,21
"BudgetCrossing",20000,5,83,16.774,16.778,0.243,15.395,1,0,0.153,1.226,73728,21,9,21
"BudgetCrossing",20000,5,84,25.291,25.280,0.305,23.588,1,0,0.155,1.548,69632,21,9,21
"BudgetCrossing",20000,5,85,15.525,15.523,0.267,13.967,1,0,0.174,1.384,77824,21,9,21
"BudgetCrossing",20000,5,86,17.172,17.181,0.246,15.728,1,0,0.164,1.280,73728,21,9,21
"BudgetCrossing",20000,5,87,16.709,16.707,0.259,14.226,1,0,0.166,2.317,,21,9,21
"BudgetCrossing",20000,5,88,16.682,16.678,0.242,15.253,1,0,0.166,1.263,65536,21,9,21
"BudgetCrossing",20000,5,89,15.685,15.675,0.279,14.682,1,0,0.167,0.836,4096,21,9,21
"BudgetCrossing",20000,5,90,16.040,16.057,0.226,14.543,1,0,0.204,1.294,61440,21,9,21
"BudgetCrossing",20000,5,91,16.423,16.421,0.240,14.910,1,0,0.177,1.336,65536,21,9,21
"BudgetCrossing",20000,5,92,16.180,16.179,0.259,14.637,1,0,0.193,1.350,73728,21,9,21
"BudgetCrossing",20000,5,93,15.697,15.689,0.217,14.139,1,0,0.202,1.357,73728,21,9,21
"BudgetCrossing",20000,5,94,18.035,18.013,0.270,14.947,1,0,0.160,2.928,73728,21,9,21
"BudgetCrossing",20000,5,95,16.638,16.664,0.259,14.731,1,0,0.163,1.744,73728,21,9,21
"BudgetCrossing",20000,5,96,17.326,17.324,0.272,15.777,1,0,0.158,1.390,73728,21,9,21
"BudgetCrossing",20000,5,97,15.675,15.678,0.266,14.239,1,0,0.153,1.283,69632,21,9,21
"BudgetCrossing",20000,5,98,14.882,14.862,0.296,14.035,1,0,0.199,0.648,20480,21,9,21
"BudgetCrossing",20000,5,99,16.344,16.361,0.244,14.873,1,0,0.151,1.320,73728,21,9,21
"BudgetCrossing",20000,5,100,17.031,16.998,0.273,13.983,1,0,0.187,2.862,69632,21,9,21
"BudgetCrossing",20000,5,101,15.894,15.926,0.266,14.473,1,0,0.144,1.276,81920,21,9,21
"BudgetCrossing",20000,5,102,17.648,17.630,0.260,14.828,1,0,0.198,2.621,,21,9,21
"BudgetCrossing",20000,5,103,15.290,15.311,0.262,13.878,1,0,0.155,1.257,57344,21,9,21
"BudgetCrossing",20000,5,104,16.518,16.509,0.250,14.634,1,0,0.202,1.683,57344,21,9,21
"BudgetCrossing",20000,5,105,17.933,17.916,0.238,14.916,1,0,0.160,2.857,69632,21,9,21
"BudgetCrossing",20000,5,106,16.900,16.916,0.243,14.971,1,0,0.201,1.728,73728,21,9,21
"BudgetCrossing",20000,5,107,16.375,16.367,0.239,14.442,1,0,0.204,1.729,73728,21,9,21
"BudgetCrossing",20000,5,108,19.138,19.110,0.270,16.653,1,0,0.158,2.328,73728,21,9,21
"BudgetCrossing",20000,5,109,15.955,15.983,0.242,14.270,1,0,0.189,1.496,73728,21,9,21
"BudgetCrossing",20000,5,110,16.479,16.492,0.274,14.978,1,0,0.171,1.331,73728,21,9,21
"BudgetCrossing",20000,5,111,17.701,17.693,0.270,16.360,1,0,0.162,1.179,73728,21,9,21
"BudgetCrossing",20000,5,112,17.325,17.325,0.241,14.653,1,0,0.206,2.465,69632,21,9,21
"BudgetCrossing",20000,5,113,16.943,16.945,0.276,16.294,1,0,0.208,0.441,24576,21,9,21
"BudgetCrossing",20000,5,114,17.952,17.943,0.254,14.863,1,0,0.190,2.899,77824,21,9,21
"BudgetCrossing",20000,5,115,18.879,18.882,0.272,16.866,1,0,0.148,1.864,,21,9,21
"BudgetCrossing",20000,5,116,15.672,15.677,0.251,14.292,1,0,0.165,1.215,61440,21,9,21
"BudgetCrossing",20000,5,117,16.213,16.215,0.260,14.854,1,0,0.165,1.193,57344,21,9,21
"BudgetCrossing",20000,5,118,16.788,16.778,0.287,15.284,1,0,0.171,1.332,61440,21,9,21
"BudgetCrossing",20000,5,119,15.439,15.437,0.443,13.884,1,0,0.202,1.353,65536,21,9,21
"BudgetCrossing",20000,5,120,18.940,18.933,0.263,17.191,1,0,0.148,1.601,77824,21,9,21
"BudgetCrossing",20000,5,121,15.977,15.988,0.243,14.573,1,0,0.159,1.244,73728,21,9,21
"BudgetCrossing",20000,5,122,16.768,16.762,0.248,14.937,1,0,0.198,1.633,69632,21,9,21
"BudgetCrossing",20000,5,123,18.102,18.094,0.249,16.289,1,0,0.150,1.663,73728,21,9,21
"BudgetCrossing",20000,5,124,16.584,16.591,0.257,14.428,1,0,0.167,1.989,73728,21,9,21
"BudgetCrossing",20000,5,125,17.938,17.939,0.274,16.454,1,0,0.192,1.293,69632,21,9,21
"BudgetCrossing",20000,5,126,17.118,17.116,0.253,15.582,1,0,0.171,1.365,81920,21,9,21
"BudgetCrossing",20000,5,127,15.558,15.563,0.268,14.211,1,0,0.174,1.172,73728,21,9,21
"BudgetCrossing",20000,5,128,16.743,16.730,0.251,16.061,1,0,0.180,0.502,12288,21,9,21
"BudgetCrossing",20000,5,129,17.154,17.159,0.271,14.929,1,0,0.147,2.078,,21,9,21
"BudgetCrossing",20000,5,130,15.608,15.621,0.267,14.113,1,0,0.167,1.328,61440,21,9,21
"BudgetCrossing",20000,5,131,15.406,15.395,0.303,14.547,1,0,0.207,0.652,4096,21,9,21
"BudgetCrossing",20000,5,132,15.882,15.878,0.261,15.219,1,0,0.184,0.480,8192,21,9,21
"BudgetCrossing",20000,5,133,18.984,18.982,0.264,16.308,1,0,0.160,2.516,61440,21,9,21
"BudgetCrossing",20000,5,134,16.586,16.592,0.235,14.893,1,0,0.160,1.534,73728,21,9,21
"BudgetCrossing",20000,5,135,16.974,16.976,0.241,15.613,1,0,0.164,1.197,81920,21,9,21
"BudgetCrossing",20000,5,136,16.650,16.646,0.219,14.816,1,0,0.173,1.662,69632,21,9,21
"BudgetCrossing",20000,5,137,16.405,16.400,0.244,14.079,1,0,0.263,2.063,73728,21,9,21
"BudgetCrossing",20000,5,138,16.763,16.755,0.299,14.779,1,0,0.156,1.828,73728,21,9,21
"BudgetCrossing",20000,5,139,16.656,16.669,0.293,15.122,1,0,0.168,1.366,69632,21,9,21
"BudgetCrossing",20000,5,140,16.758,16.756,0.229,15.224,1,0,0.190,1.344,77824,21,9,21
"BudgetCrossing",20000,5,141,21.396,21.377,0.269,18.816,1,0,0.234,2.346,77824,21,9,21
"BudgetCrossing",20000,5,142,19.098,19.098,0.632,16.442,1,0,0.181,2.475,69632,21,9,21
"BudgetCrossing",20000,5,143,16.798,16.808,0.686,15.159,1,0,0.241,1.398,77824,21,9,21
"BudgetCrossing",20000,5,144,18.481,18.480,0.561,15.895,1,0,0.179,2.407,,21,9,21
"BudgetCrossing",20000,5,145,15.462,15.470,0.692,14.788,1,0,0.179,0.496,4096,21,9,21
"BudgetCrossing",20000,5,146,14.666,14.639,0.540,13.833,1,0,0.161,0.672,4096,21,9,21
"BudgetCrossing",20000,5,147,18.409,18.427,0.661,16.862,1,0,0.216,1.331,61440,21,9,21
"BudgetCrossing",20000,5,148,16.230,16.241,0.507,14.876,1,0,0.162,1.193,61440,21,9,21
"BudgetCrossing",20000,5,149,17.236,17.233,0.504,15.786,1,0,0.157,1.293,77824,21,9,21
"BudgetCrossing",20000,5,150,18.445,18.447,0.680,17.114,1,0,0.150,1.181,73728,21,9,21
"BudgetCrossing",20000,5,151,16.049,16.051,0.520,14.660,1,0,0.163,1.227,69632,21,9,21
"BudgetCrossing",20000,5,152,15.538,15.529,0.660,14.863,1,0,0.201,0.474,16384,21,9,21
"BudgetCrossing",20000,5,153,18.248,18.248,0.542,16.574,1,0,0.189,1.485,73728,21,9,21
"BudgetCrossing",20000,5,154,16.180,16.179,0.511,14.738,1,0,0.165,1.276,69632,21,9,21
"BudgetCrossing",20000,5,155,14.886,14.887,0.484,14.232,1,0,0.202,0.452,24576,21,9,21
"BudgetCrossing",20000,5,156,16.088,16.096,0.427,14.652,1,0,0.193,1.244,73728,21,9,21
"BudgetCrossing",20000,5,157,18.275,18.249,0.507,15.864,1,0,0.151,2.261,73728,21,9,21
"BudgetCrossing",20000,5,158,19.973,19.983,0.627,18.485,1,0,0.168,1.320,77824,21,9,21
"BudgetCrossing",20000,5,159,17.627,17.623,0.419,15.188,1,0,0.176,2.263,,21,9,21
"BudgetCrossing",20000,5,160,15.635,15.644,0.501,13.925,1,0,0.153,1.557,65536,21,9,21
"BudgetCrossing",20000,5,161,18.676,18.660,0.000,15.818,1,0,0.207,2.651,57344,21,9,21
"BudgetCrossing",20000,5,162,16.002,16.021,0.618,14.711,1,0,0.160,1.131,61440,21,9,21
"BudgetCrossing",20000,5,163,16.694,16.690,0.544,15.192,1,0,0.198,1.304,61440,21,9,21
"BudgetCrossing",20000,5,164,19.550,19.548,0.654,16.881,1,0,0.169,2.501,73728,21,9,21
"BudgetCrossing",20000,5,165,16.167,16.164,0.505,14.631,1,0,0.179,1.358,73728,21,9,21
"BudgetCrossing",20000,5,166,16.549,16.517,0.504,15.749,1,0,0.178,0.622,16384,21,9,21
"BudgetCrossing",20000,5,167,21.295,21.311,0.516,19.256,1,0,0.231,1.808,73728,21,9,21
"BudgetCrossing",20000,5,168,15.838,15.859,0.505,14.410,1,0,0.169,1.259,73728,21,9,21
"BudgetCrossing",20000,5,169,17.193,17.171,0.618,14.482,1,0,0.175,2.536,69632,21,9,21
"BudgetCrossing",20000,5,170,16.560,16.577,0.626,15.096,1,0,0.158,1.307,81920,21,9,21
"BudgetCrossing",20000,5,171,15.957,15.935,0.674,14.718,1,0,0.158,1.081,16384,21,9,21
"BudgetCrossing",20000,5,172,26.237,26.244,0.515,23.546,1,0,0.206,2.486,69632,21,9,21
"BudgetCrossing",20000,5,173,18.137,18.148,0.674,16.664,1,0,0.167,1.307,73728,21,9,21
"BudgetCrossing",20000,5,174,19.178,19.164,0.495,16.035,1,0,0.199,2.943,,21,9,21
"BudgetCrossing",20000,5,175,21.570,21.576,0.482,18.894,1,0,0.174,2.503,61440,21,9,21
"BudgetCrossing",20000,5,176,16.754,16.762,0.506,15.179,1,0,0.159,1.416,57344,21,9,21
"BudgetCrossing",20000,5,177,17.667,17.629,0.521,16.227,1,0,0.208,1.232,65536,21,9,21
"BudgetCrossing",20000,5,178,16.548,16.590,0.649,15.225,1,0,0.161,1.162,57344,21,9,21
"BudgetCrossing",20000,5,179,17.445,17.436,0.535,14.895,1,0,0.206,2.345,69632,21,9,21
"BudgetCrossing",20000,5,180,17.762,17.765,0.532,16.341,1,0,0.191,1.230,73728,21,9,21
"BudgetCrossing",20000,5,181,16.335,16.336,0.703,14.895,1,0,0.156,1.284,69632,21,9,21
"BudgetCrossing",20000,5,182,16.788,16.757,0.476,15.858,1,0,0.184,0.745,16384,21,9,21
"BudgetCrossing",20000,5,183,17.322,17.346,0.619,16.625,1,0,0.188,0.509,16384,21,9,21
"BudgetCrossing",20000,5,184,15.610,15.620,0.526,14.267,1,0,0.142,1.200,69632,21,9,21
"BudgetCrossing",20000,5,185,16.250,16.240,0.498,14.822,1,0,0.182,1.246,86016,21,9,21
"BudgetCrossing",20000,5,186,17.170,17.171,0.433,15.793,1,0,0.182,1.196,73728,21,9,21
"BudgetCrossing",20000,5,187,16.384,16.388,0.612,15.099,1,0,0.155,1.130,69632,21,9,21
"BudgetCrossing",20000,5,188,16.743,16.738,0.648,15.312,1,0,0.193,1.238,73728,21,9,21
"BudgetCrossing",20000,5,189,19.255,19.242,0.498,15.633,1,0,0.158,3.464,,21,9,21
"BudgetCrossing",20000,5,190,17.195,17.200,0.502,15.358,1,0,0.307,1.530,61440,21,9,21
"BudgetCrossing",20000,5,191,17.224,17.217,0.000,16.258,1,0,0.241,0.726,4096,21,9,21
"BudgetCrossing",20000,5,192,18.775,18.787,0.646,17.292,1,0,0.164,1.319,65536,21,9,21
"BudgetCrossing",20000,5,193,17.210,17.207,0.530,16.540,1,0,0.199,0.471,4096,21,9,21
"BudgetCrossing",20000,5,194,17.315,17.304,0.629,14.443,1,0,0.196,2.675,61440,21,9,21
"BudgetCrossing",20000,5,195,18.306,18.289,0.627,15.342,1,0,0.153,2.811,73728,21,9,21
"BudgetCrossing",20000,5,196,18.153,18.164,0.554,16.363,1,0,0.165,1.626,69632,21,9,21
"BudgetCrossing",20000,5,197,17.207,17.224,0.538,15.673,1,0,0.163,1.370,73728,21,9,21
"BudgetCrossing",20000,5,198,16.951,16.952,0.649,15.645,1,0,0.141,1.165,73728,21,9,21
"BudgetCrossing",20000,5,199,18.945,18.931,0.549,17.020,1,0,0.162,1.763,73728,21,9,21
"BudgetCrossing",20000,5,200,15.799,15.815,0.534,15.217,1,0,0.167,0.415,20480,21,9,21
"BudgetCrossing",20000,5,201,15.549,15.532,0.445,14.853,1,0,0.167,0.529,20480,21,9,21
"BudgetCrossing",20000,5,202,15.908,15.915,0.644,15.214,1,0,0.214,0.479,12288,21,9,21
"BudgetCrossing",20000,5,203,17.031,17.037,0.622,16.496,1,0,0.164,0.370,16384,21,9,21
"BudgetCrossing",20000,5,204,18.821,18.800,0.607,15.994,1,0,0.170,2.658,73728,21,9,21
"BudgetCrossing",20000,5,205,16.900,16.918,0.512,15.489,1,0,0.165,1.246,77824,21,9,21
"BudgetCrossing",20000,5,206,17.960,17.961,0.638,16.434,1,0,0.166,1.361,73728,21,9,21
"BudgetCrossing",20000,5,207,20.469,20.432,0.482,16.889,1,0,0.206,3.375,,21,9,21
"BudgetCrossing",20000,5,208,18.036,18.064,0.679,16.306,1,0,0.207,1.523,61440,21,9,21
"BudgetCrossing",20000,5,209,18.779,18.768,0.432,16.186,1,0,0.154,2.439,61440,21,9,21
"BudgetCrossing",20000,5,210,17.279,17.293,0.587,15.797,1,0,0.159,1.323,61440,21,9,21
"BudgetCrossing",20000,5,211,18.903,18.892,0.514,17.116,1,0,0.226,1.561,57344,21,9,21
"BudgetCrossing",20000,5,212,18.801,18.807,0.581,17.334,1,0,0.216,1.252,69632,21,9,21
"BudgetCrossing",20000,5,213,16.501,16.508,0.528,15.108,1,0,0.154,1.238,73728,21,9,21
"BudgetCrossing",20000,5,214,17.645,17.643,0.437,16.171,1,0,0.188,1.286,69632,21,9,21
"BudgetCrossing",20000,5,215,19.078,19.075,0.506,17.644,1,0,0.156,1.278,77824,21,9,21
"BudgetCrossing",20000,5,216,16.967,16.964,0.693,15.434,1,0,0.208,1.325,73728,21,9,21
"BudgetCrossing",20000,5,217,17.050,17.039,0.528,16.264,1,0,0.186,0.600,12288,21,9,21
"BudgetCrossing",20000,5,218,19.177,19.155,0.542,16.046,1,0,0.183,2.948,77824,21,9,21
"BudgetCrossing",20000,5,219,17.466,17.491,0.525,15.893,1,0,0.216,1.357,73728,21,9,21
"BudgetCrossing",20000,5,220,18.883,18.870,0.567,16.001,1,0,0.157,2.724,69632,21,9,21
"BudgetCrossing",20000,5,221,22.167,22.140,0.677,17.652,1,0,0.170,4.345,,21,9,21
"BudgetCrossing",20000,5,222,19.293,19.311,0.537,16.035,1,0,0.154,3.103,65536,21,9,21
"BudgetCrossing",20000,5,223,20.072,20.079,0.660,18.288,1,0,0.198,1.586,57344,21,9,21
"BudgetCrossing",20000,5,224,16.943,16.959,0.551,15.467,1,0,0.184,1.292,61440,21,9,21
"BudgetCrossing",20000,5,225,17.761,17.762,0.566,16.242,1,0,0.211,1.308,57344,21,9,21
"BudgetCrossing",20000,5,226,17.938,17.941,0.518,16.478,1,0,0.178,1.282,65536,21,9,21
"BudgetCrossing",20000,5,227,18.078,18.074,0.681,16.524,1,0,0.165,1.388,73728,21,9,21
"BudgetCrossing",20000,5,228,17.215,17.211,0.549,15.679,1,0,0.168,1.369,73728,21,9,21
"BudgetCrossing",20000,5,229,18.899,18.874,0.564,15.882,1,0,0.209,2.808,73728,21,9,21
"BudgetCrossing",20000,5,230,20.150,20.152,0.572,18.537,1,0,0.204,1.410,73728,21,9,21
"BudgetCrossing",20000,5,231,19.640,19.634,0.667,17.682,1,0,0.217,1.741,69632,21,9,21
"BudgetCrossing",20000,5,232,17.653,17.686,0.629,16.165,1,0,0.184,1.303,77824,21,9,21
"BudgetCrossing",20000,5,233,19.085,19.076,0.720,18.137,1,0,0.334,0.613,16384,21,9,21
"BudgetCrossing",20000,5,234,16.462,16.459,0.559,14.687,1,0,0.149,1.626,69632,21,9,21
"BudgetCrossing",20000,5,235,20.329,20.323,0.629,15.648,1,0,0.153,4.528,77824,21,9,21
"BudgetCrossing",20000,5,236,18.440,18.432,0.666,14.767,1,0,0.215,3.458,,21,9,21
"BudgetCrossing",20000,5,237,16.790,16.810,0.548,15.379,1,0,0.168,1.244,98304,21,9,21
"BudgetCrossing",20000,5,238,16.151,16.131,0.000,15.422,1,0,0.165,0.564,12288,21,9,21
"BudgetCrossing",20000,5,239,18.370,18.387,0.531,16.931,1,0,0.195,1.245,73728,21,9,21
"BudgetCrossing",20000,5,240,16.144,16.139,0.574,15.472,1,0,0.198,0.473,16384,21,9,21
"BudgetCrossing",20000,5,241,18.447,18.417,0.714,15.352,1,0,0.153,2.942,73728,21,9,21
"BudgetCrossing",20000,5,242,16.550,16.589,0.705,15.973,1,0,0.179,0.399,20480,21,9,21
"BudgetCrossing",20000,5,243,18.202,18.174,0.532,16.030,1,0,0.154,2.018,69632,21,9,21
"BudgetCrossing",20000,5,244,18.620,18.637,0.702,16.897,1,0,0.143,1.580,114688,21,9,21
"BudgetCrossing",20000,5,245,18.493,18.481,0.579,16.970,1,0,0.197,1.326,73728,21,9,21
"BudgetCrossing",20000,5,246,17.573,17.572,0.556,15.843,1,0,0.191,1.539,73728,21,9,21
"BudgetCrossing",20000,5,247,18.189,18.196,0.510,16.797,1,0,0.171,1.220,77824,21,9,21
"BudgetCrossing",20000,5,248,22.800,22.803,0.535,20.104,1,0,0.223,2.473,,21,9,21
"BudgetCrossing",20000,5,249,17.713,17.719,0.635,16.277,1,0,0.173,1.263,65536,21,9,21
"BudgetCrossing",20000,5,250,17.916,17.892,0.532,15.729,1,0,0.261,1.925,73728,21,9,21
"BudgetCrossing",20000,5,251,20.277,20.296,0.560,18.986,1,0,0.166,1.125,69632,21,9,21
"BudgetCrossing",20000,5,252,19.225,19.224,0.521,17.827,1,0,0.208,1.191,73728,21,9,21
"BudgetCrossing",20000,5,253,21.408,21.396,0.693,18.972,1,0,0.269,2.167,69632,21,9,21
"BudgetCrossing",20000,5,254,21.190,21.201,0.575,19.781,1,0,0.163,1.246,73728,21,9,21
"BudgetCrossing",20000,5,255,18.202,18.202,0.549,16.795,1,0,0.162,1.244,77824,21,9,21
"BudgetCrossing",20000,5,256,20.073,20.046,0.547,18.091,1,0,0.246,1.736,73728,21,9,21
"BudgetCrossing",20000,5,257,19.398,19.407,0.578,16.323,1,0,0.219,2.857,73728,21,9,21
"BudgetCrossing",20000,5,258,17.603,17.614,0.573,16.224,1,0,0.173,1.207,77824,21,9,21
"BudgetCrossing",20000,5,259,17.370,17.376,0.706,15.908,1,0,0.170,1.292,69632,21,9,21
"BudgetCrossing",20000,5,260,17.665,17.665,0.531,16.280,1,0,0.209,1.176,81920,21,9,21
"BudgetCrossing",20000,5,261,20.335,20.310,0.690,17.056,1,0,0.179,3.101,,21,9,21
"BudgetCrossing",20000,5,262,19.196,19.212,0.520,17.694,1,0,0.211,1.291,57344,21,9,21
"BudgetCrossing",20000,5,263,17.937,17.942,0.582,16.456,1,0,0.201,1.280,69632,21,9,21
"BudgetCrossing",20000,5,264,18.452,18.445,0.540,16.264,1,0,0.196,1.992,69632,21,9,21
"BudgetCrossing",20000,5,265,19.579,19.573,0.574,17.797,1,0,0.193,1.589,73728,21,9,21
"BudgetCrossing",20000,5,266,20.225,20.208,0.541,17.051,1,0,0.349,2.825,69632,21,9,21
"BudgetCrossing",20000,5,267,19.108,19.125,0.753,17.326,1,0,0.169,1.614,77824,21,9,21
"BudgetCrossing",20000,5,268,18.973,18.979,0.609,17.480,1,0,0.208,1.285,73728,21,9,21
"BudgetCrossing",20000,5,269,17.001,17.005,0.593,16.392,1,0,0.200,0.409,16384,21,9,21
"BudgetCrossing",20000,5,270,17.779,17.692,0.528,16.755,1,0,0.185,0.840,16384,21,9,21
"BudgetCrossing",20000,5,271,21.661,21.728,0.760,18.640,1,0,0.346,2.675,69632,21,9,21
"BudgetCrossing",20000,5,272,19.580,19.588,0.601,17.766,1,0,0.193,1.621,73728,21,9,21
"BudgetCrossing",20000,5,273,18.759,18.764,0.726,17.353,1,0,0.149,1.257,77824,21,9,21
"BudgetCrossing",20000,5,274,19.415,19.399,0.560,18.272,1,0,0.149,0.994,20480,21,9,21
"BudgetCrossing",20000,5,275,19.787,19.804,0.574,18.426,1,0,0.147,1.214,77824,21,9,21
"BudgetCrossing",20000,5,276,21.281,21.261,0.567,16.617,1,0,0.151,4.514,77824,21,9,21
"BudgetCrossing",20000,5,277,19.426,19.429,0.549,16.462,1,0,0.211,2.753,,21,9,21
"BudgetCrossing",20000,5,278,17.003,17.007,0.681,16.253,1,0,0.190,0.560,4096,21,9,21
"BudgetCrossing",20000,5,279,19.560,19.534,0.000,17.303,1,0,0.216,2.041,57344,21,9,21
"BudgetCrossing",20000,5,280,17.556,17.587,0.515,16.113,1,0,0.217,1.227,61440,21,9,21
"BudgetCrossing",20000,5,281,17.317,17.324,0.569,15.993,1,0,0.156,1.168,73728,21,9,21
"BudgetCrossing",20000,5,282,18.133,18.122,0.575,16.757,1,0,0.175,1.201,69632,21,9,21
"BudgetCrossing",20000,5,283,23.980,23.952,0.777,20.912,1,0,0.177,2.891,77824,21,9,21
"BudgetCrossing",20000,5,284,19.174,19.185,0.595,16.775,1,0,0.165,2.234,69632,21,9,21
"BudgetCrossing",20000,5,285,17.330,17.346,0.540,16.713,1,0,0.163,0.453,24576,21,9,21
"BudgetCrossing",20000,5,286,21.472,21.472,0.519,19.847,1,0,0.214,1.411,73728,21,9,21
"BudgetCrossing",20000,5,287,19.247,19.252,0.714,17.805,1,0,0.152,1.289,69632,21,9,21
"BudgetCrossing",20000,5,288,19.277,19.261,0.711,16.325,1,0,0.159,2.793,73728,21,9,21
"BudgetCrossing",20000,5,289,23.511,23.515,0.719,21.957,1,0,0.228,1.326,73728,21,9,21
"BudgetCrossing",20000,5,290,19.538,19.536,0.586,17.775,1,0,0.210,1.552,77824,21,9,21
"BudgetCrossing",20000,5,291,20.218,20.176,0.519,16.899,1,0,0.176,3.143,73728,21,9,21
"BudgetCrossing",20000,5,292,20.556,20.590,0.550,18.108,1,0,0.227,2.221,,21,9,21
"BudgetCrossing",20000,5,293,18.351,18.366,0.770,16.766,1,0,0.211,1.375,57344,21,9,21
"BudgetCrossing",20000,5,294,19.078,19.076,0.560,17.690,1,0,0.152,1.236,57344,21,9,21
"BudgetCrossing",20000,5,295,17.666,17.666,0.526,16.250,1,0,0.166,1.250,65536,21,9,21
"BudgetCrossing",20000,5,296,19.524,19.517,0.543,17.464,1,0,0.196,1.863,77824,21,9,21
"BudgetCrossing",20000,5,297,20.317,20.313,0.719,18.927,1,0,0.180,1.211,69632,21,9,21
"BudgetCrossing",20000,5,298,18.112,18.114,0.696,16.514,1,0,0.175,1.424,73728,21,9,21
"BudgetCrossing",20000,5,299,19.802,19.804,0.687,17.444,1,0,0.164,2.193,69632,21,9,21
"BudgetCrossing",24000,5,0,21.929,21.905,0.912,19.151,1,0,0.256,2.522,69632,14,9,14
"BudgetCrossing",24000,5,1,21.641,21.657,0.911,19.378,1,0,0.227,2.037,77824,14,9,14
"BudgetCrossing",24000,5,2,22.188,22.167,0.876,19.333,1,0,0.238,2.617,77824,14,9,14
"BudgetCrossing",24000,5,3,20.878,20.903,0.898,19.376,1,0,0.187,1.315,69632,15,9,15
"BudgetCrossing",24000,5,4,28.336,28.338,0.916,26.736,1,0,0.242,1.358,73728,15,9,15
"BudgetCrossing",24000,5,5,22.102,22.095,0.914,20.652,1,0,0.251,1.199,77824,15,9,15
"BudgetCrossing",24000,5,6,24.334,24.310,0.917,21.992,1,0,0.315,2.027,73728,15,9,15
"BudgetCrossing",24000,5,7,20.674,20.692,0.894,19.236,1,0,0.231,1.207,73728,15,9,15
"BudgetCrossing",24000,5,8,21.043,21.044,0.896,18.678,1,0,0.258,2.108,,15,9,15
"BudgetCrossing",24000,5,9,20.601,20.580,0.893,19.730,1,0,0.261,0.609,8192,15,9,15
"BudgetCrossing",24000,5,10,22.316,22.338,0.896,20.669,1,0,0.239,1.408,65536,15,9,15
"BudgetCrossing",24000,5,11,22.795,22.796,0.889,20.408,1,0,0.190,2.197,73728,15,9,15
"BudgetCrossing",24000,5,12,20.519,20.507,0.895,18.985,1,0,0.209,1.325,69632,16,9,16
"BudgetCrossing",24000,5,13,27.195,27.199,0.850,25.637,1,0,0.265,1.293,73728,16,9,16
"BudgetCrossing",24000,5,14,21.973,21.979,0.917,20.441,1,0,0.247,1.286,73728,16,9,16
"BudgetCrossing",24000,5,15,22.195,22.175,0.887,18.919,1,0,0.232,3.044,77824,16,9,16
"BudgetCrossing",24000,5,16,23.111,23.130,0.904,21.633,1,0,0.226,1.252,73728,16,9,16
"BudgetCrossing",24000,5,17,22.421,22.416,0.893,20.761,1,0,0.189,1.471,73728,16,9,16
"BudgetCrossing",24000,5,18,22.571,22.548,0.914,21.721,1,0,0.250,0.600,16384,16,9,16
"BudgetCrossing",24000,5,19,21.104,21.121,0.896,19.588,1,0,0.188,1.328,73728,16,9,16
"BudgetCrossing",24000,5,20,20.704,20.707,0.914,19.132,1,0,0.202,1.370,73728,16,9,16
"BudgetCrossing",24000,5,21,20.598,20.602,0.888,19.987,1,0,0.186,0.425,16384,17,9,17
"BudgetCrossing",24000,5,22,22.419,22.419,0.859,20.923,1,0,0.219,1.277,73728,17,9,17
"BudgetCrossing",24000,5,23,24.400,24.384,0.891,22.303,1,0,0.199,1.899,,17,9,17
"BudgetCrossing",24000,5,24,20.337,20.337,0.910,19.558,1,0,0.294,0.486,4096,17,9,17
"BudgetCrossing",24000,5,25,23.241,23.245,0.839,20.056,1,0,0.262,2.923,65536,17,9,17
"BudgetCrossing",24000,5,26,21.595,21.599,0.923,20.023,1,0,0.242,1.330,73728,17,9,17
"BudgetCrossing",24000,5,27,23.132,23.122,0.890,20.110,1,0,0.255,2.767,73728,17,9,17
"BudgetCrossing",24000,5,28,23.500,23.497,0.843,20.496,1,0,0.197,2.807,69632,17,9,17
"BudgetCrossing",24000,5,29,22.320,22.327,0.906,20.150,1,0,0.243,1.927,73728,17,9,17
"BudgetCrossing",24000,5,30,21.208,21.204,0.922,20.453,1,0,0.234,0.520,16384,18,9,18
"BudgetCrossing",24000,5,31,22.145,22.149,0.918,21.435,1,0,0.215,0.494,16384,18,9,18
"BudgetCrossing",24000,5,32,22.469,22.473,0.903,20.536,1,0,0.440,1.493,77824,18,9,18
"BudgetCrossing",24000,5,33,21.226,21.227,0.910,19.817,1,0,0.189,1.221,69632,18,9,18
"BudgetCrossing",24000,5,34,21.831,21.785,0.870,18.715,1,0,0.204,2.911,73728,18,9,18
"BudgetCrossing",24000,5,35,21.169,21.205,0.865,19.608,1,0,0.230,1.331,73728,18,9,18
"BudgetCrossing",24000,5,36,21.638,21.650,0.902,20.196,1,0,0.206,1.236,73728,18,9,18
"BudgetCrossing",24000,5,37,22.295,22.260,0.901,21.417,1,0,0.213,0.665,20480,18,9,18
"BudgetCrossing",24000,5,38,24.865,24.886,0.905,21.441,1,0,0.248,3.176,,18,9,18
"BudgetCrossing",24000,5,39,20.578,20.586,0.898,18.963,1,0,0.266,1.349,65536,19,9,19
"BudgetCrossing",24000,5,40,22.922,22.904,0.900,20.021,1,0,0.248,2.653,57344,19,9,19
"BudgetCrossing",24000,5,41,22.719,22.717,0.845,20.268,1,0,0.245,2.206,69632,19,9,19
"BudgetCrossing",24000,5,42,20.291,20.284,0.905,19.436,1,0,0.191,0.664,12288,19,9,19
"BudgetCrossing",24000,5,43,21.691,21.713,0.900,21.016,1,0,0.228,0.447,20480,19,9,19
"BudgetCrossing",24000,5,44,20.842,20.840,0.918,19.365,1,0,0.194,1.283,73728,19,9,19
"BudgetCrossing",24000,5,45,21.361,21.356,0.914,19.607,1,0,0.187,1.567,69632,19,9,19
"BudgetCrossing",24000,5,46,21.481,21.488,0.926,19.988,1,0,0.238,1.255,77824,19,9,19
"BudgetCrossing",24000,5,47,22.775,22.768,0.946,21.318,1,0,0.235,1.222,77824,19,9,19
"BudgetCrossing",24000,5,48,21.281,21.284,1.016,19.829,1,0,0.179,1.273,69632,20,9,20
"BudgetCrossing",24000,5,49,21.475,21.448,0.993,20.540,1,0,0.212,0.723,16384,20,9,20
"BudgetCrossing",24000,5,50,23.067,23.074,1.010,21.032,1,0,0.221,1.813,73728,20,9,20
"BudgetCrossing",24000,5,51,20.285,20.300,1.011,19.634,1,0,0.201,0.449,20480,20,9,20
"BudgetCrossing",24000,5,52,23.256,23.226,1.000,20.065,1,0,0.232,2.958,73728,20,9,20
"BudgetCrossing",24000,5,53,20.882,20.901,0.937,19.338,1,0,0.240,1.304,77824,20,9,20
"BudgetCrossing",24000,5,54,22.898,22.891,1.013,19.510,1,0,0.206,3.182,,20,9,20
"BudgetCrossing",24000,5,55,23.223,23.223,0.994,20.194,1,0,0.286,2.743,65536,20,9,20
"BudgetCrossing",24000,5,56,20.829,20.840,0.000,20.150,1,0,0.214,0.465,4096,20,9,20
"BudgetCrossing",24000,5,57,20.944,20.931,0.988,20.141,1,0,0.232,0.571,8192,21,9,21
"BudgetCrossing",24000,5,58,22.831,22.841,0.997,21.252,1,0,0.216,1.363,65536,21,9,21
"BudgetCrossing",24000,5,59,21.779,21.783,0.994,20.140,1,0,0.268,1.370,73728,21,9,21
"BudgetCrossing",24000,5,60,23.461,23.449,0.933,20.537,1,0,0.244,2.680,73728,21,9,21
"BudgetCrossing",24000,5,61,22.253,22.252,0.927,19.480,1,0,0.221,2.552,69632,21,9,21
"BudgetCrossing",24000,5,62,22.380,22.391,0.996,19.704,1,0,0.226,2.450,77824,21,9,21
"BudgetCrossing",24000,5,63,25.614,25.611,1.009,23.996,1,0,0.274,1.344,77824,21,9,21
"BudgetCrossing",24000,5,64,23.537,23.513,1.014,21.226,1,0,0.232,2.079,69632,21,9,21
"BudgetCrossing",24000,5,65,20.797,20.595,1.029,19.555,1,0,0.270,0.971,20480,21,9,21
"BudgetCrossing",24000,5,66,22.093,22.318,1.035,20.530,1,0,0.249,1.313,73728,21,9,21
"BudgetCrossing",24000,5,67,22.875,22.871,1.016,21.290,1,0,0.239,1.346,73728,21,9,21
"BudgetCrossing",24000,5,68,23.099,23.088,1.025,21.333,1,0,0.240,1.525,73728,21,9,21
"BudgetCrossing",24000,5,69,21.348,21.359,0.964,19.824,1,0,0.208,1.316,73728,21,9,21
"BudgetCrossing",24000,5,70,22.177,22.159,1.039,20.328,1,0,0.271,1.578,,21,9,21
"BudgetCrossing",24000,5,71,21.664,21.676,1.023,20.057,1,0,0.256,1.351,65536,21,9,21
"BudgetCrossing",24000,5,72,22.515,22.514,1.041,20.696,1,0,0.248,1.572,57344,21,9,21
"BudgetCrossing",24000,5,73,24.238,24.234,1.026,21.973,1,0,0.251,2.015,65536,21,9,21
"BudgetCrossing",24000,5,74,23.407,23.408,0.952,21.767,1,0,0.260,1.380,69632,21,9,21
"BudgetCrossing",24000,5,75,21.816,21.821,1.016,20.147,1,0,0.236,1.432,73728,21,9,21
"BudgetCrossing",24000,5,76,22.891,22.891,1.021,21.344,1,0,0.234,1.313,73728,21,9,21
"BudgetCrossing",24000,5,77,26.744,26.736,1.025,24.287,1,0,0.238,2.219,77824,21,9,21
"BudgetCrossing",24000,5,78,20.324,20.326,1.018,19.614,1,0,0.218,0.492,20480,21,9,21
"BudgetCrossing",24000,5,79,22.121,22.117,1.033,19.963,1,0,0.209,1.949,114688,21,9,21
"BudgetCrossing",24000,5,80,20.355,20.359,1.050,19.617,1,0,0.217,0.522,16384,21,9,21
"BudgetCrossing",24000,5,81,22.602,22.596,1.021,19.647,1,0,0.264,2.692,73728,21,9,21
"BudgetCrossing",24000,5,82,23.109,23.096,0.956,20.103,1,0,0.232,2.774,73728,21,9,21
"BudgetCrossing",24000,5,83,22.484,22.494,1.014,19.622,1,0,0.277,2.585,,21,9,21
"BudgetCrossing",24000,5,84,20.657,20.671,1.026,19.945,1,0,0.271,0.442,4096,21,9,21
"BudgetCrossing",24000,5,85,25.863,25.828,0.000,22.649,1,0,0.252,2.962,61440,21,9,21
"BudgetCrossing",24000,5,86,22.088,22.105,1.031,20.223,1,0,0.238,1.628,65536,21,9,21
"BudgetCrossing",24000,5,87,24.760,24.770,1.019,22.035,1,0,0.180,2.545,65536,21,9,21
"BudgetCrossing",24000,5,88,21.376,21.380,0.985,19.918,1,0,0.188,1.270,73728,21,9,21
"BudgetCrossing",24000,5,89,23.508,23.491,1.040,20.453,1,0,0.230,2.825,73728,21,9,21
"BudgetCrossing",24000,5,90,24.692,24.695,1.042,22.005,1,0,0.178,2.510,69632,21,9,21
"BudgetCrossing",24000,5,91,21.293,21.305,1.020,19.642,1,0,0.226,1.426,77824,21,9,21
"BudgetCrossing",24000,5,92,20.389,20.392,1.023,19.707,1,0,0.230,0.451,16384,21,9,21
"BudgetCrossing",24000,5,93,21.074,21.071,1.034,19.527,1,0,0.212,1.335,73728,21,9,21
"BudgetCrossing",24000,5,94,23.423,23.422,1.021,21.854,1,0,0.210,1.359,73728,21,9,21
"BudgetCrossing",24000,5,95,20.738,20.683,1.026,19.592,1,0,0.238,0.908,20480,21,9,21
"BudgetCrossing",24000,5,96,23.539,23.579,0.991,20.524,1,0,0.198,2.818,73728,21,9,21
"BudgetCrossing",24000,5,97,22.733,22.726,1.033,20.355,1,0,0.245,2.133,73728,21,9,21
"BudgetCrossing",24000,5,98,21.671,21.677,1.037,19.264,1,0,0.199,2.208,73728,21,9,21
"BudgetCrossing",24000,5,99,24.240,24.235,0.950,21.778,1,0,0.255,2.207,,21,9,21
"BudgetCrossing",24000,5,100,21.760,21.773,1.024,20.102,1,0,0.278,1.380,61440,21,9,21
"BudgetCrossing",24000,5,101,24.138,24.108,1.022,20.895,1,0,0.218,3.024,61440,21,9,21
"BudgetCrossing",24000,5,102,26.038,26.046,1.022,24.303,1,0,0.250,1.486,61440,21,9,21
"BudgetCrossing",24000,5,103,22.026,22.044,0.950,20.399,1,0,0.280,1.347,61440,21,9,21
"BudgetCrossing",24000,5,104,23.340,23.312,1.048,20.389,1,0,0.227,2.724,73728,21,9,21
"BudgetCrossing",24000,5,105,23.021,23.033,1.011,20.169,1,0,0.253,2.600,73728,21,9,21
"BudgetCrossing",24000,5,106,23.760,23.776,1.022,22.222,1,0,0.194,1.345,69632,21,9,21
"BudgetCrossing",24000,5,107,22.660,22.658,1.011,21.093,1,0,0.200,1.367,81920,21,9,21
"BudgetCrossing",24000,5,108,24.294,24.292,1.036,22.763,1,0,0.200,1.331,73728,21,9,21
"BudgetCrossing",24000,5,109,24.510,24.487,1.034,21.375,1,0,0.257,2.878,69632,21,9,21
"BudgetCrossing",24000,5,110,22.435,22.462,1.022,21.012,1,0,0.184,1.239,73728,21,9,21
"BudgetCrossing",24000,5,111,23.085,23.079,1.031,21.464,1,0,0.247,1.373,73728,21,9,21
"BudgetCrossing",24000,5,112,25.601,25.595,1.019,24.045,1,0,0.198,1.358,73728,21,9,21
"BudgetCrossing",24000,5,113,26.415,26.412,1.035,22.804,1,0,0.303,3.308,,21,9,21
"BudgetCrossing",24000,5,114,25.815,25.821,1.026,24.287,1,0,0.250,1.278,57344,21,9,21
"BudgetCrossing",24000,5,115,24.464,24.462,1.040,22.588,1,0,0.257,1.619,57344,21,9,21
"BudgetCrossing",24000,5,116,26.336,26.329,1.014,24.298,1,0,0.241,1.798,61440,21,9,21
"BudgetCrossing",24000,5,117,25.862,25.862,1.022,24.295,1,0,0.211,1.356,65536,21,9,21
"BudgetCrossing",24000,5,118,21.968,21.968,1.029,19.269,1,0,0.252,2.447,73728,21,9,21
"BudgetCrossing",24000,5,119,22.153,22.144,1.036,21.310,1,0,0.224,0.619,16384,21,9,21
"BudgetCrossing",24000,5,120,21.732,21.753,1.028,20.300,1,0,0.184,1.248,77824,21,9,21
"BudgetCrossing",24000,5,121,22.697,22.678,1.016,20.442,1,0,0.248,2.007,73728,21,9,21
"BudgetCrossing",24000,5,122,24.772,24.781,1.017,23.275,1,0,0.202,1.294,73728,21,9,21
"BudgetCrossing",24000,5,123,23.814,23.803,0.970,22.200,1,0,0.227,1.387,69632,21,9,21
"BudgetCrossing",24000,5,124,22.060,22.064,1.044,19.251,1,0,0.266,2.543,73728,21,9,21
"BudgetCrossing",24000,5,125,23.775,23.786,1.023,22.263,1,0,0.250,1.262,73728,21,9,21
"BudgetCrossing",24000,5,126,22.585,22.578,1.043,21.907,1,0,0.195,0.482,16384,21,9,21
"BudgetCrossing",24000,5,127,21.175,21.162,1.016,20.302,1,0,0.249,0.623,20480,21,9,21
"BudgetCrossing",24000,5,128,25.948,25.925,1.033,21.650,1,0,0.186,4.112,,21,9,21
"BudgetCrossing",24000,5,129,21.826,21.865,0.960,20.099,1,0,0.261,1.466,65536,21,9,21
"BudgetCrossing",24000,5,130,23.294,23.289,0.000,22.606,1,0,0.192,0.496,4096,21,9,21
"BudgetCrossing",24000,5,131,22.970,22.936,0.959,19.650,1,0,0.195,3.125,61440,21,9,21
"BudgetCrossing",24000,5,132,24.683,24.717,1.024,23.116,1,0,0.245,1.322,57344,21,9,21
"BudgetCrossing",24000,5,133,26.682,26.664,1.014,23.826,1,0,0.217,2.639,65536,21,9,21
"BudgetCrossing",24000,5,134,21.883,21.902,0.961,20.330,1,0,0.186,1.368,73728,21,9,21
"BudgetCrossing",24000,5,135,24.032,24.022,1.019,22.234,1,0,0.227,1.572,73728,21,9,21
"BudgetCrossing",24000,5,136,22.009,22.014,1.039,20.488,1,0,0.228,1.292,77824,21,9,21
"BudgetCrossing",24000,5,137,21.883,21.886,1.021,20.198,1,0,0.262,1.423,73728,21,9,21
"BudgetCrossing",24000,5,138,24.834,24.794,1.044,21.606,1,0,0.233,2.995,69632,21,9,21
"BudgetCrossing",24000,5,139,23.529,23.554,1.034,21.768,1,0,0.334,1.426,73728,21,9,21
"BudgetCrossing",24000,5,140,25.566,25.552,1.058,22.519,1,0,0.242,2.805,73728,21,9,21
"BudgetCrossing",24000,5,141,21.940,21.968,1.018,20.433,1,0,0.235,1.272,77824,21,9,21
"BudgetCrossing",24000,5,142,21.429,21.400,1.030,20.510,1,0,0.200,0.719,16384,21,9,21
"BudgetCrossing",24000,5,143,22.094,22.113,1.029,21.341,1,0,0.253,0.500,20480,21,9,21
"BudgetCrossing",24000,5,144,23.343,23.324,1.056,20.644,1,0,0.186,2.513,,21,9,21
"BudgetCrossing",24000,5,145,28.531,28.529,1.018,25.347,1,0,0.212,2.972,61440,21,9,21
"BudgetCrossing",24000,5,146,22.353,22.377,0.971,20.845,1,0,0.252,1.256,57344,21,9,21
"BudgetCrossing",24000,5,147,20.893,20.895,0.952,20.277,1,0,0.190,0.427,8192,21,9,21
"BudgetCrossing",24000,5,148,23.099,23.094,1.021,21.543,1,0,0.239,1.317,57344,21,9,21
"BudgetCrossing",24000,5,149,22.547,22.549,1.026,21.063,1,0,0.220,1.264,65536,21,9,21
"BudgetCrossing",24000,5,150,23.494,23.480,1.027,21.817,1,0,0.268,1.409,77824,21,9,21
"BudgetCrossing",24000,5,151,22.869,22.886,0.953,21.313,1,0,0.252,1.304,69632,21,9,21
"BudgetCrossing",24000,5,152,24.416,24.393,1.044,21.754,1,0,0.245,2.417,77824,21,9,21
"BudgetCrossing",24000,5,153,24.125,24.139,1.017,22.593,1,0,0.234,1.298,73728,21,9,21
"BudgetCrossing",24000,5,154,25.907,25.895,1.030,23.769,1,0,0.178,1.960,73728,21,9,21
"BudgetCrossing",24000,5,155,22.545,22.551,1.046,20.818,1,0,0.287,1.441,73728,21,9,21
"BudgetCrossing",24000,5,156,23.238,23.252,1.043,21.753,1,0,0.201,1.285,77824,21,9,21
"BudgetCrossing",24000,5,157,24.416,24.406,1.038,22.916,1,0,0.233,1.267,73728,21,9,21
"BudgetCrossing",24000,5,158,24.099,24.072,1.026,21.109,1,0,0.240,2.751,73728,21,9,21
"BudgetCrossing",24000,5,159,26.170,26.184,1.017,21.677,1,0,0.245,4.248,,21,9,21
"BudgetCrossing",24000,5,160,23.427,23.439,1.016,21.841,1,0,0.202,1.384,57344,21,9,21
"BudgetCrossing",24000,5,161,24.714,24.714,1.038,22.943,1,0,0.187,1.584,57344,21,9,21
"BudgetCrossing",24000,5,162,22.448,22.442,1.037,20.862,1,0,0.241,1.344,61440,21,9,21
"BudgetCrossing",24000,5,163,22.227,22.231,1.021,21.486,1,0,0.199,0.542,8192,21,9,21
"BudgetCrossing",24000,5,164,22.678,22.674,1.033,21.117,1,0,0.204,1.358,69632,21,9,21
"BudgetCrossing",24000,5,165,23.309,23.304,1.012,21.632,1,0,0.215,1.461,73728,21,9,21
"BudgetCrossing",24000,5,166,23.152,23.142,1.035,21.054,1,0,0.271,1.827,77824,21,9,21
"BudgetCrossing",24000,5,167,23.083,23.102,0.959,21.477,1,0,0.253,1.353,69632,21,9,21
"BudgetCrossing",24000,5,168,23.781,23.761,1.021,21.441,1,0,0.246,2.094,73728,21,9,21
"BudgetCrossing",24000,5,169,23.148,23.157,1.018,21.288,1,0,0.248,1.612,73728,21,9,21
"BudgetCrossing",24000,5,170,22.878,22.878,1.027,21.167,1,0,0.274,1.436,73728,21,9,21
"BudgetCrossing",24000,5,171,24.093,24.082,1.015,21.927,1,0,0.264,1.902,73728,21,9,21
"BudgetCrossing",24000,5,172,23.785,23.797,1.044,21.926,1,0,0.240,1.619,73728,21,9,21
"BudgetCrossing",24000,5,173,31.818,31.780,1.044,28.265,1,0,0.249,3.303,,21,9,21
"BudgetCrossing",24000,5,174,23.846,23.875,1.020,22.179,1,0,0.272,1.395,57344,21,9,21
"BudgetCrossing",24000,5,175,25.137,25.115,1.026,21.952,1,0,0.256,2.929,61440,21,9,21
"BudgetCrossing",24000,5,176,24.308,24.335,1.038,22.452,1,0,0.226,1.630,61440,21,9,21
"BudgetCrossing",24000,5,177,26.156,26.117,1.030,23.312,1,0,0.193,2.651,61440,21,9,21
"BudgetCrossing",24000,5,178,23.406,23.399,1.029,21.562,1,0,0.243,1.601,57344,21,9,21
"BudgetCrossing",24000,5,179,24.651,24.699,1.043,23.127,1,0,0.219,1.305,73728,21,9,21
"BudgetCrossing",24000,5,180,24.881,24.831,1.038,21.611,1,0,0.241,3.029,69632,21,9,21
"BudgetCrossing",24000,5,181,25.087,25.113,1.026,22.073,1,0,0.276,2.737,81920,21,9,21
"BudgetCrossing",24000,5,182,28.656,28.652,1.037,25.817,1,0,0.190,2.649,73728,21,9,21
"BudgetCrossing",24000,5,183,24.668,24.657,1.034,21.667,1,0,0.240,2.761,69632,21,9,21
"BudgetCrossing",24000,5,184,25.644,25.653,1.024,23.772,1,0,0.210,1.663,73728,21,9,21
"BudgetCrossing",24000,5,185,23.280,23.298,1.022,21.687,1,0,0.196,1.397,73728,21,9,21
"BudgetCrossing",24000,5,186,25.054,25.042,1.046,21.672,1,0,0.281,3.101,,21,9,21
"BudgetCrossing",24000,5,187,27.266,27.096,1.041,25.482,1,0,0.238,1.546,61440,21,9,21
"BudgetCrossing",24000,5,188,24.668,24.844,1.029,23.031,1,0,0.282,1.356,57344,21,9,21
"BudgetCrossing",24000,5,189,24.601,24.570,1.037,21.281,1,0,0.257,3.063,57344,21,9,21
"BudgetCrossing",24000,5,190,25.480,25.487,1.019,22.320,1,0,0.248,2.912,61440,21,9,21
"BudgetCrossing",24000,5,191,24.202,24.207,1.015,21.917,1,0,0.259,2.027,57344,21,9,21
"BudgetCrossing",24000,5,192,27.499,27.488,1.037,24.829,1,0,0.245,2.425,73728,21,9,21
"BudgetCrossing",24000,5,193,24.605,24.630,1.021,21.967,1,0,0.189,2.450,73728,21,9,21
"BudgetCrossing",24000,5,194,22.781,22.785,1.045,21.325,1,0,0.189,1.267,73728,21,9,21
"BudgetCrossing",24000,5,195,23.038,23.031,1.033,21.419,1,0,0.238,1.381,73728,21,9,21
"BudgetCrossing",24000,5,196,22.713,22.689,1.029,21.508,1,0,0.265,0.940,12288,21,9,21
"BudgetCrossing",24000,5,197,24.048,24.051,1.017,23.178,1,0,0.244,0.625,20480,21,9,21
"BudgetCrossing",24000,5,198,23.698,23.715,1.021,21.718,1,0,0.233,1.747,73728,21,9,21
"BudgetCrossing",24000,5,199,26.608,26.581,1.018,23.516,1,0,0.231,2.861,73728,21,9,21
"BudgetCrossing",24000,5,200,23.255,23.281,1.023,21.619,1,0,0.247,1.389,77824,21,9,21
"BudgetCrossing",24000,5,201,26.229,26.219,0.976,23.919,1,0,0.246,2.065,81920,21,9,21
"BudgetCrossing",24000,5,202,26.317,26.317,1.021,22.019,1,0,0.252,4.045,,21,9,21
"BudgetCrossing",24000,5,203,24.438,24.431,1.033,21.297,1,0,0.256,2.885,57344,21,9,21
"BudgetCrossing",24000,5,204,24.049,24.067,1.051,22.438,1,0,0.248,1.362,57344,21,9,21
"BudgetCrossing",24000,5,205,25.152,25.143,1.040,23.546,1,0,0.220,1.385,57344,21,9,21
"BudgetCrossing",24000,5,206,25.298,25.294,1.023,23.682,1,0,0.216,1.400,57344,21,9,21
"BudgetCrossing",24000,5,207,31.486,31.463,1.019,28.302,1,0,0.274,2.911,73728,21,9,21
"BudgetCrossing",24000,5,208,27.513,27.524,1.022,24.707,1,0,0.192,2.614,73728,21,9,21
"BudgetCrossing",24000,5,209,23.763,23.778,1.017,21.772,1,0,0.262,1.729,69632,21,9,21
"BudgetCrossing",24000,5,210,23.934,23.938,1.033,23.220,1,0,0.249,0.466,16384,21,9,21
"BudgetCrossing",24000,5,211,23.126,23.128,1.033,21.513,1,0,0.256,1.358,73728,21,9,21
"BudgetCrossing",24000,5,212,24.968,24.963,1.018,22.076,1,0,0.253,2.638,69632,21,9,21
"BudgetCrossing",24000,5,213,23.589,23.588,1.014,21.805,1,0,0.189,1.594,73728,21,9,21
"BudgetCrossing",24000,5,214,24.056,24.051,1.026,22.436,1,0,0.250,1.370,77824,21,9,21
"BudgetCrossing",24000,5,215,23.731,23.734,1.017,22.119,1,0,0.250,1.361,73728,21,9,21
"BudgetCrossing",24000,5,216,22.736,22.705,1.047,21.649,1,0,0.273,0.814,16384,21,9,21
"BudgetCrossing",24000,5,217,27.028,27.060,1.018,22.936,1,0,0.228,3.864,,21,9,21
"BudgetCrossing",24000,5,218,24.443,24.428,1.019,21.988,1,0,0.198,2.256,57344,21,9,21
"BudgetCrossing",24000,5,219,25.745,25.751,1.035,23.096,1,0,0.253,2.396,57344,21,9,21
"BudgetCrossing",24000,5,220,25.363,25.332,0.970,23.889,1,0,0.377,1.097,4096,21,9,21
"BudgetCrossing",24000,5,221,24.776,24.795,1.022,21.826,1,0,0.262,2.688,57344,21,9,21
"BudgetCrossing",24000,5,222,22.863,22.866,1.029,21.998,1,0,0.245,0.619,4096,21,9,21
"BudgetCrossing",24000,5,223,26.749,26.742,1.042,23.859,1,0,0.231,2.658,69632,21,9,21
"BudgetCrossing",24000,5,224,23.935,23.947,0.955,22.140,1,0,0.187,1.608,69632,21,9,21
"BudgetCrossing",24000,5,225,25.560,25.532,1.018,22.523,1,0,0.270,2.767,77824,21,9,21
"BudgetCrossing",24000,5,226,25.165,25.191,0.975,23.456,1,0,0.219,1.490,73728,21,9,21
"BudgetCrossing",24000,5,227,25.053,25.051,1.021,23.422,1,0,0.264,1.367,69632,21,9,21
"BudgetCrossing",24000,5,228,24.428,24.404,1.043,23.416,1,0,0.244,0.768,16384,21,9,21
"BudgetCrossing",24000,5,229,24.292,24.325,1.017,22.788,1,0,0.188,1.316,73728,21,9,21
"BudgetCrossing",24000,5,230,25.419,25.413,1.030,23.839,1,0,0.236,1.345,77824,21,9,21
"BudgetCrossing",24000,5,231,26.124,26.121,1.031,23.942,1,0,0.188,1.994,73728,21,9,21
"BudgetCrossing",24000,5,232,27.056,27.031,0.981,24.564,1,0,0.254,2.239,81920,21,9,21
"BudgetCrossing",24000,5,233,24.592,24.606,1.038,21.892,1,0,0.252,2.448,,21,9,21
"BudgetCrossing",24000,5,234,23.865,23.878,1.047,22.411,1,0,0.206,1.248,57344,21,9,21
"BudgetCrossing",24000,5,235,25.506,25.474,1.018,22.715,1,0,0.250,2.541,57344,21,9,21
"BudgetCrossing",24000,5,236,24.124,24.147,1.033,23.249,1,0,0.294,0.581,4096,21,9,21
"BudgetCrossing",24000,5,237,30.497,30.504,1.017,28.858,1,0,0.251,1.388,61440,21,9,21
"BudgetCrossing",24000,5,238,27.385,27.357,1.034,24.445,1,0,0.239,2.700,57344,21,9,21
"BudgetCrossing",24000,5,239,24.179,24.199,1.035,22.227,1,0,0.242,1.710,61440,21,9,21
"BudgetCrossing",24000,5,240,26.862,26.858,0.976,23.940,1,0,0.188,2.734,69632,21,9,21
"BudgetCrossing",24000,5,241,26.834,26.843,1.046,24.376,1,0,0.227,2.232,73728,21,9,21
"BudgetCrossing",24000,5,242,26.930,26.905,1.042,23.896,1,0,0.242,2.792,73728,21,9,21
"BudgetCrossing",24000,5,243,23.548,23.577,1.040,22.084,1,0,0.182,1.282,73728,21,9,21
"BudgetCrossing",24000,5,244,23.763,23.756,1.027,22.292,1,0,0.196,1.276,73728,21,9,21
"BudgetCrossing",24000,5,245,22.665,22.665,1.047,21.932,1,0,0.203,0.530,20480,21,9,21
"BudgetCrossing",24000,5,246,24.076,24.070,1.038,22.066,1,0,0.292,1.719,73728,21,9,21
"BudgetCrossing",24000,5,247,24.609,24.616,1.037,22.841,1,0,0.201,1.567,73728,21,9,21
"BudgetCrossing",24000,5,248,29.811,29.779,1.028,24.654,1,0,0.195,4.962,,21,9,21
"BudgetCrossing",24000,5,249,24.224,24.247,0.980,22.583,1,0,0.222,1.420,110592,21,9,21
"BudgetCrossing",24000,5,250,27.160,27.142,1.021,24.083,1,0,0.216,2.861,73728,21,9,21
"BudgetCrossing",24000,5,251,23.979,24.000,1.027,22.335,1,0,0.274,1.371,73728,21,9,21
"BudgetCrossing",24000,5,252,26.965,26.937,1.027,25.170,1,0,0.234,1.562,69632,21,9,21
"BudgetCrossing",24000,5,253,25.630,25.613,1.027,24.224,1,0,0.286,1.120,20480,21,9,21
"BudgetCrossing",24000,5,254,25.231,25.247,1.024,23.968,1,0,0.261,1.002,16384,21,9,21
"BudgetCrossing",24000,5,255,30.013,30.048,1.019,28.451,1,0,0.238,1.324,69632,21,9,21
"BudgetCrossing",24000,5,256,25.989,25.957,1.022,22.930,1,0,0.238,2.820,77824,21,9,21
"BudgetCrossing",24000,5,257,23.337,23.365,0.967,21.888,1,0,0.178,1.272,73728,21,9,21
"BudgetCrossing",24000,5,258,26.879,26.839,0.982,23.787,1,0,0.257,2.835,73728,21,9,21
"BudgetCrossing",24000,5,259,24.392,24.405,1.031,22.240,1,0,0.238,1.914,73728,21,9,21
"BudgetCrossing",24000,5,260,26.790,26.798,1.040,22.750,1,0,0.281,3.758,,21,9,21
"BudgetCrossing",24000,5,261,27.278,27.262,1.044,24.042,1,0,0.269,2.967,65536,21,9,21
"BudgetCrossing",24000,5,262,24.503,24.531,1.050,22.909,1,0,0.244,1.350,65536,21,9,21
"BudgetCrossing",24000,5,263,25.272,25.272,1.027,23.783,1,0,0.203,1.286,73728,21,9,21
"BudgetCrossing",24000,5,264,25.602,25.589,1.034,23.172,1,0,0.242,2.189,73728,21,9,21
"BudgetCrossing",24000,5,265,25.213,25.205,1.020,22.358,1,0,0.237,2.618,73728,21,9,21
"BudgetCrossing",24000,5,266,32.009,32.020,1.047,30.454,1,0,0.210,1.345,73728,21,9,21
"BudgetCrossing",24000,5,267,26.341,26.326,1.041,23.948,1,0,0.265,2.127,69632,21,9,21
"BudgetCrossing",24000,5,268,24.202,24.195,1.049,21.855,1,0,0.190,2.157,77824,21,9,21
"BudgetCrossing",24000,5,269,25.003,25.029,1.022,23.479,1,0,0.191,1.332,73728,21,9,21
"BudgetCrossing",24000,5,270,27.999,27.993,1.049,22.874,1,0,0.237,4.887,106496,21,9,21
"BudgetCrossing",24000,5,271,24.184,24.181,1.030,22.426,1,0,0.266,1.493,73728,21,9,21
"BudgetCrossing",24000,5,272,24.972,24.957,1.030,22.097,1,0,0.250,2.625,81920,21,9,21
"BudgetCrossing",24000,5,273,24.384,24.375,1.027,22.313,1,0,0.191,1.880,,21,9,21
"BudgetCrossing",24000,5,274,30.384,30.397,1.031,27.402,1,0,0.237,2.745,65536,21,9,21
"BudgetCrossing",24000,5,275,24.209,24.224,1.028,22.617,1,0,0.205,1.386,61440,21,9,21
"BudgetCrossing",24000,5,276,23.442,23.412,1.028,22.487,1,0,0.251,0.704,16384,21,9,21
"BudgetCrossing",24000,5,277,24.961,24.995,1.021,24.309,1,0,0.239,0.413,12288,21,9,21
"BudgetCrossing",24000,5,278,25.520,25.487,1.024,22.257,1,0,0.207,3.055,77824,21,9,21
"BudgetCrossing",24000,5,279,28.496,28.512,1.022,26.952,1,0,0.190,1.354,73728,21,9,21
"BudgetCrossing",24000,5,280,24.322,24.329,0.999,22.681,1,0,0.242,1.399,69632,21,9,21
"BudgetCrossing",24000,5,281,24.765,24.747,0.989,23.990,1,0,0.180,0.595,24576,21,9,21
"BudgetCrossing",24000,5,282,29.740,29.762,1.041,28.283,1,0,0.190,1.267,73728,21,9,21
"BudgetCrossing",24000,5,283,26.505,26.485,1.043,24.615,1,0,0.285,1.605,69632,21,9,21
"BudgetCrossing",24000,5,284,24.631,24.632,1.047,22.765,1,0,0.207,1.659,73728,21,9,21
"BudgetCrossing",24000,5,285,27.512,27.506,0.989,25.289,1,0,0.196,2.027,77824,21,9,21
"BudgetCrossing",24000,5,286,27.413,27.427,1.062,25.815,1,0,0.248,1.350,73728,21,9,21
"BudgetCrossing",24000,5,287,26.012,26.007,1.048,23.302,1,0,0.287,2.422,77824,21,9,21
"BudgetCrossing",24000,5,288,28.213,28.196,1.024,25.293,1,0,0.203,2.718,73728,21,9,21
"BudgetCrossing",24000,5,289,25.293,25.285,1.027,22.304,1,0,0.278,2.711,,21,9,21
"BudgetCrossing",24000,5,290,25.972,26.001,1.032,23.266,1,0,0.276,2.430,65536,21,9,21
"BudgetCrossing",24000,5,291,30.802,30.798,0.000,28.388,1,0,0.274,2.141,61440,21,9,21
"BudgetCrossing",24000,5,292,27.253,27.249,1.033,24.367,1,0,0.242,2.644,73728,21,9,21
"BudgetCrossing",24000,5,293,24.013,24.023,1.022,22.606,1,0,0.186,1.221,69632,21,9,21
"BudgetCrossing",24000,5,294,26.398,26.390,1.029,24.794,1,0,0.243,1.361,73728,21,9,21
"BudgetCrossing",24000,5,295,25.109,25.111,1.026,23.339,1,0,0.242,1.528,73728,21,9,21
"BudgetCrossing",24000,5,296,27.135,27.133,1.046,25.631,1,0,0.195,1.310,69632,21,9,21
"BudgetCrossing",24000,5,297,26.324,26.311,1.033,24.725,1,0,0.237,1.362,81920,21,9,21
"BudgetCrossing",24000,5,298,24.511,24.524,1.024,23.071,1,0,0.207,1.233,73728,21,9,21
"BudgetCrossing",24000,5,299,23.986,23.973,1.027,23.193,1,0,0.254,0.539,16384,21,9,21
