config,agent_count,run,frame,frame_ms,main_thread_ms,gpu_ms,sim_ms,steps,step_cap_hit,present_ms,other_ms,gc_alloc_bytes,draw_calls,setpass_calls,batches
"BaselineSweep",500,1,0,3.329,3.341,0.287,1.761,1,0,0.038,1.530,,495,12,492
"BaselineSweep",500,1,1,3.875,3.866,0.000,1.530,1,0,0.037,2.308,176128,512,13,506
"BaselineSweep",500,1,2,3.017,3.028,0.186,1.881,1,0,0.039,1.098,,511,13,497
"BaselineSweep",500,1,3,2.875,2.876,0.000,1.681,1,0,0.037,1.156,,511,13,506
"BaselineSweep",500,1,4,2.979,2.975,0.260,1.474,1,0,0.036,1.469,,513,13,486
"BaselineSweep",500,1,5,2.088,2.079,0.258,1.492,1,0,0.036,0.560,131072,509,13,502
"BaselineSweep",500,1,6,3.078,3.085,0.213,1.859,1,0,0.036,1.183,,504,13,501
"BaselineSweep",500,1,7,3.015,3.006,0.390,1.695,1,0,0.039,1.282,,511,13,505
"BaselineSweep",500,1,8,2.059,2.049,0.244,1.493,1,0,0.036,0.530,139264,512,13,487
"BaselineSweep",500,1,9,3.002,3.018,0.357,1.814,1,0,0.037,1.150,,512,13,496
"BaselineSweep",500,1,10,4.032,4.005,0.239,1.615,1,0,0.035,2.383,,513,13,499
"BaselineSweep",500,1,11,2.312,2.340,0.457,1.816,1,0,0.036,0.459,,507,13,506
"BaselineSweep",500,1,12,2.139,2.129,0.000,1.622,1,0,0.073,0.445,102400,515,13,508
"BaselineSweep",500,1,13,3.202,3.209,0.236,2.019,1,0,0.037,1.147,,516,13,505
"BaselineSweep",500,1,14,2.920,2.920,0.212,1.606,1,0,0.035,1.279,,510,13,500
"BaselineSweep",500,1,15,1.929,1.934,0.272,1.482,1,0,0.035,0.411,94208,515,13,506
"BaselineSweep",500,1,16,2.967,2.961,0.248,1.757,1,0,0.034,1.176,,514,13,509
"BaselineSweep",500,1,17,3.085,3.084,0.251,1.865,1,0,0.036,1.184,,514,13,504
"BaselineSweep",500,1,18,2.865,2.862,0.289,1.630,1,0,0.035,1.200,,515,13,507
"BaselineSweep",500,1,19,3.874,3.846,0.228,1.504,1,0,0.041,2.328,,512,13,502
"BaselineSweep",500,1,20,2.756,2.786,0.242,1.554,1,0,0.044,1.158,102400,514,13,504
"BaselineSweep",500,1,21,3.136,3.133,0.000,1.781,1,0,0.037,1.318,,515,13,497
"BaselineSweep",500,1,22,3.958,3.952,0.256,1.748,1,0,0.038,2.172,,516,13,501
"BaselineSweep",500,1,23,2.064,2.072,0.213,1.570,1,0,0.036,0.458,61440,506,13,494
"BaselineSweep",500,1,24,3.005,3.001,0.000,1.761,1,0,0.040,1.204,,511,13,505
"BaselineSweep",500,1,25,2.167,2.163,0.250,1.643,1,0,0.035,0.489,,516,13,508
"BaselineSweep",500,1,26,2.260,2.248,0.231,1.606,1,0,0.036,0.619,73728,512,13,496
"BaselineSweep",500,1,27,3.252,3.265,0.229,1.873,1,0,0.037,1.342,,509,13,495
"BaselineSweep",500,1,28,3.112,3.111,0.255,1.790,1,0,0.035,1.287,,515,13,508
"BaselineSweep",500,1,29,2.113,2.114,0.244,1.565,1,0,0.094,0.454,57344,515,13,512
"BaselineSweep",500,1,30,3.185,3.182,0.412,1.929,1,0,0.036,1.220,,514,13,508
"BaselineSweep",500,1,31,3.874,3.872,0.290,1.702,1,0,0.036,2.137,,517,12,508
"BaselineSweep",500,1,32,2.403,2.404,0.227,1.838,1,0,0.040,0.525,,511,13,499
"BaselineSweep",500,1,33,2.189,2.178,0.000,1.612,1,0,0.038,0.539,143360,518,13,512
"BaselineSweep",500,1,34,3.163,3.169,0.238,1.843,1,0,0.036,1.284,,509,13,504
"BaselineSweep",500,1,35,2.487,2.490,0.202,1.920,1,0,0.037,0.531,,515,13,505
"BaselineSweep",500,1,36,2.129,2.133,0.221,1.668,1,0,0.038,0.423,122880,503,13,496
"BaselineSweep",500,1,37,3.028,3.021,0.362,1.790,1,0,0.037,1.202,,517,13,506
"BaselineSweep",500,1,38,2.157,2.159,0.285,1.704,1,0,0.037,0.417,,514,13,507
"BaselineSweep",500,1,39,2.802,2.800,0.279,1.580,1,0,0.034,1.189,147456,515,13,497
"BaselineSweep",500,1,40,3.977,3.961,0.342,1.702,1,0,0.037,2.238,,516,13,501
"BaselineSweep",500,1,41,2.987,3.002,0.356,1.797,1,0,0.038,1.152,,512,13,509
"BaselineSweep",500,1,42,4.136,4.126,0.000,1.474,1,0,0.035,2.627,,516,13,505
"BaselineSweep",500,1,43,2.787,2.795,0.196,1.496,1,0,0.036,1.255,118784,507,13,508
"BaselineSweep",500,1,44,3.038,3.035,0.000,1.621,1,0,0.036,1.381,,509,13,490
"BaselineSweep",500,1,45,2.256,2.252,0.263,1.714,1,0,0.039,0.503,,513,13,499
"BaselineSweep",500,1,46,2.802,2.807,0.246,1.559,1,0,0.035,1.207,126976,515,13,513
"BaselineSweep",500,1,47,2.973,2.964,0.242,1.707,1,0,0.036,1.231,,515,13,503
"BaselineSweep",500,1,48,2.172,2.181,0.412,1.671,1,0,0.039,0.462,,512,13,508
"BaselineSweep",500,1,49,2.022,2.025,0.406,1.595,1,0,0.034,0.393,86016,518,13,514
"BaselineSweep",500,1,50,2.981,2.976,0.316,1.734,1,0,0.035,1.211,,518,13,504
"BaselineSweep",500,1,51,4.303,4.272,0.225,1.727,1,0,0.037,2.538,,510,13,508
"BaselineSweep",500,1,52,2.880,2.905,0.227,1.588,1,0,0.036,1.256,110592,512,13,504
"BaselineSweep",500,1,53,4.378,4.372,0.000,1.710,1,0,0.036,2.632,,517,13,515
"BaselineSweep",500,1,54,2.939,2.935,0.182,1.650,1,0,0.035,1.254,,513,13,511
"BaselineSweep",500,1,55,4.018,4.015,0.000,1.479,1,0,0.036,2.503,49152,520,13,509
"BaselineSweep",500,1,56,3.035,3.044,0.250,1.749,1,0,0.037,1.248,,513,13,508
"BaselineSweep",500,1,57,4.069,4.038,0.000,1.746,1,0,0.037,2.286,,518,13,510
"BaselineSweep",500,1,58,2.110,2.142,0.204,1.611,1,0,0.037,0.461,53248,520,13,517
"BaselineSweep",500,1,59,3.842,3.830,0.000,1.932,1,0,0.036,1.874,,519,13,519
"BaselineSweep",500,1,60,2.941,2.941,0.197,1.792,1,0,0.037,1.111,,517,13,504
"BaselineSweep",500,1,61,2.919,2.926,0.000,1.497,1,0,0.036,1.386,,516,13,506
"BaselineSweep",500,1,62,4.071,4.055,0.217,1.481,1,0,0.036,2.554,225280,521,13,516
"BaselineSweep",500,1,63,2.950,2.966,0.273,1.641,1,0,0.043,1.267,,507,13,503
"BaselineSweep",500,1,64,4.121,4.108,0.000,1.771,1,0,0.036,2.314,,513,13,507
"BaselineSweep",500,1,65,2.283,2.294,0.250,1.790,1,0,0.040,0.452,,506,13,501
"BaselineSweep",500,1,66,2.782,2.776,0.000,1.603,1,0,0.036,1.142,163840,521,13,508
"BaselineSweep",500,1,67,3.035,3.039,0.220,1.729,1,0,0.036,1.271,,514,13,504
"BaselineSweep",500,1,68,2.366,2.370,0.199,1.863,1,0,0.036,0.467,,518,13,511
"BaselineSweep",500,1,69,2.932,2.930,0.230,1.690,1,0,0.037,1.205,159744,513,13,513
"BaselineSweep",500,1,70,2.153,2.150,0.401,1.624,1,0,0.037,0.492,,520,13,519
"BaselineSweep",500,1,71,3.094,3.095,0.241,1.756,1,0,0.041,1.297,,512,13,495
"BaselineSweep",500,1,72,2.057,2.048,0.242,1.502,1,0,0.038,0.518,73728,514,13,495
"BaselineSweep",500,1,73,3.129,3.124,0.232,1.913,1,0,0.037,1.179,,518,13,511
"BaselineSweep",500,1,74,3.899,3.897,0.363,1.643,1,0,0.036,2.220,,519,13,513
"BaselineSweep",500,1,75,2.742,2.753,0.292,1.545,1,0,0.038,1.160,106496,502,13,499
"BaselineSweep",500,1,76,10.035,10.014,0.000,1.777,1,0,0.043,8.215,,0,0,0
"BaselineSweep",500,1,77,3.216,3.221,0.298,1.835,1,0,0.052,1.329,,1031,26,1013
"BaselineSweep",500,1,78,2.041,2.048,0.260,1.487,1,0,0.035,0.519,81920,519,13,517
"BaselineSweep",500,1,79,2.462,2.465,0.281,1.774,1,0,0.035,0.653,,519,13,509
"BaselineSweep",500,1,80,2.383,2.382,0.223,1.765,1,0,0.036,0.583,,517,13,509
"BaselineSweep",500,1,81,2.820,2.823,0.722,1.561,1,0,0.038,1.221,98304,514,13,514
"BaselineSweep",500,1,82,3.070,3.066,0.239,1.812,1,0,0.035,1.223,,521,13,516
"BaselineSweep",500,1,83,2.968,2.967,0.354,1.784,1,0,0.036,1.148,,515,13,497
"BaselineSweep",500,1,84,3.248,3.233,0.439,1.563,1,0,0.035,1.650,,510,13,511
"BaselineSweep",500,1,85,3.138,3.131,0.311,1.734,1,0,0.052,1.351,180224,516,13,507
"BaselineSweep",500,1,86,4.140,4.154,0.304,1.729,1,0,0.040,2.371,,516,11,505
"BaselineSweep",500,1,87,3.054,3.059,0.241,1.793,1,0,0.036,1.225,,509,13,503
"BaselineSweep",500,1,88,4.180,4.147,0.000,1.514,1,0,0.038,2.629,155648,515,13,510
"BaselineSweep",500,1,89,3.490,3.513,0.193,2.090,1,0,0.048,1.352,,514,13,509
"BaselineSweep",500,1,90,3.350,3.346,0.000,2.000,1,0,0.038,1.313,,520,13,511
"BaselineSweep",500,1,91,3.161,3.169,0.221,1.498,1,0,0.046,1.618,,518,13,515
"BaselineSweep",500,1,92,2.866,2.867,0.197,1.500,1,0,0.036,1.330,147456,521,13,512
"BaselineSweep",500,1,93,2.895,2.896,0.231,1.635,1,0,0.038,1.222,,515,13,505
"BaselineSweep",500,1,94,2.225,2.221,0.231,1.704,1,0,0.038,0.484,,519,13,515
"BaselineSweep",500,1,95,2.019,2.026,0.236,1.570,1,0,0.037,0.412,86016,516,13,501
"BaselineSweep",500,1,96,2.978,2.972,0.256,1.724,1,0,0.036,1.218,,506,13,493
"BaselineSweep",500,1,97,2.142,2.139,0.233,1.529,1,0,0.035,0.578,122880,515,13,506
"BaselineSweep",500,1,98,2.922,2.917,0.277,1.717,1,0,0.036,1.170,,520,13,518
"BaselineSweep",500,1,99,2.969,2.977,0.697,1.791,1,0,0.036,1.142,,520,13,506
"BaselineSweep",500,1,100,3.014,3.011,0.355,1.539,1,0,0.053,1.422,,518,13,510
"BaselineSweep",500,1,101,3.822,3.813,0.412,1.484,1,0,0.036,2.302,102400,514,13,509
"BaselineSweep",500,1,102,2.982,2.991,0.246,1.735,1,0,0.073,1.174,,510,13,497
"BaselineSweep",500,1,103,3.721,3.711,0.000,1.774,1,0,0.037,1.910,,513,13,510
"BaselineSweep",500,1,104,2.708,2.711,0.288,1.530,1,0,0.036,1.142,106496,513,13,509
"BaselineSweep",500,1,105,3.955,3.949,0.000,1.651,1,0,0.035,2.269,,520,13,509
"BaselineSweep",500,1,106,2.264,2.275,0.226,1.743,1,0,0.036,0.485,,513,13,503
"BaselineSweep",500,1,107,4.133,4.108,0.000,1.507,1,0,0.034,2.592,81920,518,13,506
"BaselineSweep",500,1,108,3.211,3.231,0.220,1.999,1,0,0.038,1.174,,508,13,500
"BaselineSweep",500,1,109,4.393,4.386,0.000,1.953,1,0,0.036,2.403,,519,13,518
"BaselineSweep",500,1,110,2.783,2.784,0.254,1.538,1,0,0.037,1.208,86016,499,13,504
"BaselineSweep",500,1,111,4.090,4.087,0.000,1.828,1,0,0.036,2.226,,518,13,499
"BaselineSweep",500,1,112,3.022,3.023,0.210,1.796,1,0,0.042,1.185,,510,13,496
"BaselineSweep",500,1,113,3.964,3.963,0.000,1.482,1,0,0.034,2.448,167936,515,13,506
"BaselineSweep",500,1,114,2.299,2.304,0.206,1.788,1,0,0.036,0.474,,506,13,496
"BaselineSweep",500,1,115,2.315,2.316,0.000,1.859,1,0,0.038,0.419,,516,13,504
"BaselineSweep",500,1,116,2.185,2.183,0.216,1.555,1,0,0.034,0.596,151552,516,13,503
"BaselineSweep",500,1,117,2.904,2.897,0.189,1.739,1,0,0.036,1.130,,512,13,504
"BaselineSweep",500,1,118,2.194,2.197,0.240,1.640,1,0,0.036,0.518,,520,13,513
"BaselineSweep",500,1,119,2.293,2.295,0.236,1.742,1,0,0.036,0.516,98304,518,13,503
"BaselineSweep",500,1,120,3.023,3.018,0.389,1.693,1,0,0.038,1.292,,517,13,514
"BaselineSweep",500,1,121,2.208,2.203,0.248,1.568,1,0,0.053,0.587,139264,505,13,493
"BaselineSweep",500,1,122,3.114,3.121,0.282,1.920,1,0,0.041,1.153,,520,13,516
"BaselineSweep",500,1,123,3.906,3.888,0.326,1.656,1,0,0.039,2.211,,519,13,512
"BaselineSweep",500,1,124,2.802,2.816,0.370,1.574,1,0,0.036,1.192,167936,496,13,492
"BaselineSweep",500,1,125,3.879,3.874,0.000,1.699,1,0,0.037,2.143,,515,13,509
"BaselineSweep",500,1,126,2.134,2.143,0.191,1.691,1,0,0.037,0.406,,504,13,497
"BaselineSweep",500,1,127,2.097,2.092,0.000,1.530,1,0,0.034,0.533,77824,521,13,518
"BaselineSweep",500,1,128,3.242,3.245,0.217,2.416,1,0,0.066,0.760,,521,13,511
"BaselineSweep",500,1,129,3.050,3.044,0.226,1.559,1,0,0.036,1.455,,514,13,506
"BaselineSweep",500,1,130,2.690,2.696,0.254,1.483,1,0,0.036,1.170,94208,519,13,507
"BaselineSweep",500,1,131,3.488,3.471,0.395,2.099,1,0,0.054,1.336,,519,13,506
"BaselineSweep",500,1,132,3.389,3.395,0.287,1.507,1,0,0.038,1.844,,521,13,512
"BaselineSweep",500,1,133,3.516,3.517,0.343,1.916,1,0,0.045,1.555,90112,519,13,515
"BaselineSweep",500,1,134,2.241,2.244,0.277,1.756,1,0,0.038,0.448,,517,13,515
"BaselineSweep",500,1,135,2.067,2.067,0.000,1.559,1,0,0.034,0.474,90112,519,13,516
"BaselineSweep",500,1,136,2.470,2.474,0.244,1.822,1,0,0.036,0.612,,517,13,504
"BaselineSweep",500,1,137,2.445,2.444,0.247,1.564,1,0,0.036,0.845,,520,13,515
"BaselineSweep",500,1,138,1.974,1.965,0.256,1.552,1,0,0.035,0.387,40960,516,13,509
"BaselineSweep",500,1,139,2.287,2.290,0.351,1.775,1,0,0.040,0.473,,510,13,497
"BaselineSweep",500,1,140,2.256,2.254,0.272,1.551,1,0,0.034,0.671,61440,516,13,509
"BaselineSweep",500,1,141,2.254,2.257,0.339,1.817,1,0,0.035,0.402,,517,13,508
"BaselineSweep",500,1,142,3.122,3.117,0.675,1.530,1,0,0.034,1.558,,515,13,510
"BaselineSweep",500,1,143,2.865,2.848,0.682,1.507,1,0,0.055,1.304,200704,516,13,513
"BaselineSweep",500,1,144,3.259,3.268,0.260,1.925,1,0,0.047,1.287,,515,13,511
"BaselineSweep",500,1,145,4.302,4.296,0.308,1.701,1,0,0.036,2.565,,514,13,501
"BaselineSweep",500,1,146,2.848,2.859,0.308,1.553,1,0,0.036,1.260,188416,517,13,515
"BaselineSweep",500,1,147,2.987,2.988,0.000,1.788,1,0,0.035,1.165,,521,13,513
"BaselineSweep",500,1,148,2.314,2.310,0.266,1.651,1,0,0.035,0.628,,518,13,507
"BaselineSweep",500,1,149,2.897,2.898,0.246,1.511,1,0,0.043,1.343,163840,520,13,518
"BaselineSweep",500,1,150,2.218,2.217,0.255,1.723,1,0,0.038,0.458,,514,13,510
"BaselineSweep",500,1,151,2.780,2.783,0.250,1.590,1,0,0.035,1.154,200704,517,13,504
"BaselineSweep",500,1,152,2.906,2.891,0.440,1.639,1,0,0.042,1.225,,516,13,505
"BaselineSweep",500,1,153,2.874,2.883,0.317,1.731,1,0,0.038,1.105,,513,13,512
"BaselineSweep",500,1,154,4.117,4.106,0.351,1.472,1,0,0.034,2.610,131072,517,13,510
"BaselineSweep",500,1,155,2.976,2.986,0.284,1.769,1,0,0.039,1.169,,521,13,517
"BaselineSweep",500,1,156,2.948,2.945,0.000,1.748,1,0,0.037,1.163,,520,13,517
"BaselineSweep",500,1,157,3.863,3.859,0.290,1.510,1,0,0.035,2.318,163840,517,13,510
"BaselineSweep",500,1,158,2.251,2.258,0.261,1.755,1,0,0.035,0.461,,504,13,503
"BaselineSweep",500,1,159,3.812,3.790,0.000,1.879,1,0,0.038,1.896,,516,13,515
"BaselineSweep",500,1,160,2.906,2.925,0.221,1.591,1,0,0.037,1.279,122880,521,13,513
"BaselineSweep",500,1,161,4.297,4.290,0.000,1.729,1,0,0.038,2.531,,518,13,509
"BaselineSweep",500,1,162,3.065,3.071,0.247,1.851,1,0,0.037,1.177,,512,13,503
"BaselineSweep",500,1,163,4.144,4.133,0.000,1.531,1,0,0.036,2.577,114688,520,13,499
"BaselineSweep",500,1,164,3.041,3.045,0.276,1.717,1,0,0.037,1.287,,518,13,498
"BaselineSweep",500,1,165,2.231,2.237,0.000,1.749,1,0,0.039,0.443,,515,13,511
"BaselineSweep",500,1,166,1.998,2.001,0.250,1.551,1,0,0.036,0.412,61440,519,13,512
"BaselineSweep",500,1,167,2.201,2.194,0.229,1.683,1,0,0.036,0.482,,519,13,514
"BaselineSweep",500,1,168,2.777,2.779,0.265,1.540,1,0,0.034,1.203,126976,520,13,513
"BaselineSweep",500,1,169,2.428,2.421,0.286,1.880,1,0,0.038,0.510,,502,13,487
"BaselineSweep",500,1,170,2.319,2.324,0.304,1.574,1,0,0.044,0.701,,520,13,518
"BaselineSweep",500,1,171,2.867,2.869,0.350,1.626,1,0,0.038,1.203,86016,517,13,508
"BaselineSweep",500,1,172,2.988,2.978,0.398,1.745,1,0,0.038,1.205,,513,13,493
"BaselineSweep",500,1,173,3.331,3.328,0.554,1.563,1,0,0.036,1.732,,510,13,505
"BaselineSweep",500,1,174,4.198,4.185,0.426,1.535,1,0,0.037,2.626,204800,510,13,508
"BaselineSweep",500,1,175,2.885,2.909,0.282,1.669,1,0,0.044,1.172,,519,13,516
"BaselineSweep",500,1,176,3.035,3.029,0.000,1.517,1,0,0.035,1.484,,520,13,515
"BaselineSweep",500,1,177,2.059,2.065,0.247,1.569,1,0,0.037,0.453,135168,520,13,516
"BaselineSweep",500,1,178,3.055,3.050,0.215,1.691,1,0,0.036,1.328,,509,13,506
"BaselineSweep",500,1,179,4.051,4.031,0.258,1.486,1,0,0.035,2.531,155648,514,13,510
"BaselineSweep",500,1,180,2.935,2.953,0.268,1.718,1,0,0.039,1.178,,519,13,515
"BaselineSweep",500,1,181,2.782,2.783,0.000,1.668,1,0,0.036,1.078,,518,13,496
"BaselineSweep",500,1,182,3.886,3.875,0.267,1.530,1,0,0.039,2.317,172032,513,13,505
"BaselineSweep",500,1,183,2.971,2.978,0.266,1.692,1,0,0.036,1.243,,503,13,501
"BaselineSweep",500,1,184,3.815,3.803,0.000,1.699,1,0,0.039,2.078,,515,13,508
"BaselineSweep",500,1,185,2.112,2.118,0.229,1.533,1,0,0.037,0.541,122880,519,13,504
"BaselineSweep",500,1,186,4.993,4.994,0.000,1.663,1,0,0.035,3.296,,517,13,500
"BaselineSweep",500,1,187,3.000,3.001,0.324,1.568,1,0,0.035,1.398,,496,13,476
"BaselineSweep",500,1,188,4.051,4.019,0.000,1.580,1,0,0.039,2.432,131072,520,13,513
"BaselineSweep",500,1,189,3.108,3.140,0.231,1.864,1,0,0.041,1.203,,514,13,506
"BaselineSweep",500,1,190,4.220,4.192,0.000,1.496,1,0,0.035,2.689,126976,520,13,513
"BaselineSweep",500,1,191,3.274,3.299,0.231,1.918,1,0,0.037,1.319,,497,13,491
"BaselineSweep",500,1,192,4.266,4.258,0.000,2.313,1,0,0.066,1.888,,521,13,514
"BaselineSweep",500,1,193,4.155,4.162,0.270,2.542,1,0,0.058,1.554,151552,520,13,515
"BaselineSweep",500,1,194,4.076,4.067,0.252,2.470,1,0,0.052,1.554,,518,13,510
"BaselineSweep",500,1,195,3.272,3.274,0.249,2.074,1,0,0.037,1.162,,513,13,508
"BaselineSweep",500,1,196,1.922,1.932,0.257,1.488,1,0,0.036,0.398,98304,520,13,513
"BaselineSweep",500,1,197,3.296,3.289,0.264,2.027,1,0,0.044,1.225,,519,13,512
"BaselineSweep",500,1,198,2.355,2.356,0.252,1.849,1,0,0.037,0.469,,517,13,505
"BaselineSweep",500,1,199,2.085,2.079,0.260,1.538,1,0,0.034,0.513,57344,519,13,516
"BaselineSweep",500,1,200,2.365,2.367,0.545,1.823,1,0,0.037,0.505,,513,13,504
"BaselineSweep",500,1,201,2.136,2.142,0.312,1.661,1,0,0.037,0.438,86016,520,13,510
"BaselineSweep",500,1,202,3.074,3.068,0.715,1.764,1,0,0.036,1.273,,521,13,515
"BaselineSweep",500,1,203,3.099,3.088,0.704,1.555,1,0,0.036,1.508,,516,12,515
"BaselineSweep",500,1,204,2.208,2.217,0.315,1.641,1,0,0.043,0.523,40960,514,13,500
"BaselineSweep",500,1,205,2.505,2.503,0.319,1.928,1,0,0.046,0.532,,500,13,494
"BaselineSweep",500,1,206,2.722,2.728,0.310,1.576,1,0,0.036,1.110,212992,521,13,511
"BaselineSweep",500,1,207,2.919,2.914,0.689,1.675,1,0,0.035,1.209,,521,13,513
"BaselineSweep",500,1,208,3.994,3.989,0.452,1.527,1,0,0.035,2.432,,512,13,507
"BaselineSweep",500,1,209,2.975,2.975,0.281,1.640,1,0,0.037,1.298,176128,508,13,505
"BaselineSweep",500,1,210,4.233,4.207,0.000,1.969,1,0,0.038,2.226,,519,13,510
"BaselineSweep",500,1,211,2.996,3.023,0.242,1.802,1,0,0.041,1.154,,506,13,496
"BaselineSweep",500,1,212,2.748,2.751,0.000,1.595,1,0,0.036,1.116,167936,515,13,515
"BaselineSweep",500,1,213,4.000,3.981,0.250,1.666,1,0,0.035,2.299,,516,13,514
"BaselineSweep",500,1,214,3.005,3.016,0.253,1.783,1,0,0.037,1.185,,503,13,494
"BaselineSweep",500,1,215,2.651,2.654,0.000,1.539,1,0,0.035,1.078,147456,516,13,503
"BaselineSweep",500,1,216,2.380,2.376,0.254,1.877,1,0,0.036,0.467,,519,13,510
"BaselineSweep",500,1,217,2.988,2.978,0.238,1.553,1,0,0.034,1.401,,513,13,509
"BaselineSweep",500,1,218,2.027,2.036,0.273,1.496,1,0,0.037,0.494,77824,514,13,508
"BaselineSweep",500,1,219,2.238,2.238,0.264,1.755,1,0,0.042,0.441,,521,13,518
"BaselineSweep",500,1,220,2.083,2.086,0.269,1.676,1,0,0.036,0.372,102400,515,13,513
"BaselineSweep",500,1,221,2.347,2.342,0.264,1.743,1,0,0.036,0.569,,513,13,511
"BaselineSweep",500,1,222,2.917,2.918,0.606,1.641,1,0,0.036,1.240,167936,514,13,512
"BaselineSweep",500,1,223,2.883,2.880,0.286,1.699,1,0,0.036,1.148,,520,13,515
"BaselineSweep",500,1,224,2.937,2.927,0.360,1.726,1,0,0.036,1.175,,515,13,507
"BaselineSweep",500,1,225,4.499,4.499,0.468,1.488,1,0,0.035,2.977,81920,515,13,506
"BaselineSweep",500,1,226,3.095,3.103,0.315,1.807,1,0,0.037,1.251,,508,13,505
"BaselineSweep",500,1,227,2.896,2.897,0.000,1.507,1,0,0.036,1.354,,516,13,506
"BaselineSweep",500,1,228,2.784,2.781,0.303,1.489,1,0,0.036,1.259,90112,519,13,518
"BaselineSweep",500,1,229,3.250,3.250,0.272,1.851,1,0,0.036,1.363,,520,13,507
"BaselineSweep",500,1,230,3.769,3.751,0.267,1.525,1,0,0.035,2.209,135168,518,13,519
"BaselineSweep",500,1,231,2.938,2.957,0.265,1.693,1,0,0.040,1.204,,506,13,506
"BaselineSweep",500,1,232,2.251,2.249,0.000,1.651,1,0,0.035,0.565,,520,13,516
"BaselineSweep",500,1,233,2.681,2.685,0.272,1.547,1,0,0.036,1.098,118784,520,13,517
"BaselineSweep",500,1,234,2.952,2.946,0.285,1.680,1,0,0.035,1.237,,511,13,499
"BaselineSweep",500,1,235,3.901,3.894,0.258,1.547,1,0,0.036,2.319,,514,13,499
"BaselineSweep",500,1,236,2.770,2.775,0.257,1.533,1,0,0.036,1.201,90112,515,13,502
"BaselineSweep",500,1,237,3.925,3.911,0.000,2.220,1,0,0.036,1.668,,521,13,509
"BaselineSweep",500,1,238,2.993,3.002,0.245,1.559,1,0,0.036,1.399,,507,13,499
"BaselineSweep",500,1,239,2.700,2.706,0.000,1.492,1,0,0.042,1.167,188416,510,13,510
"BaselineSweep",500,1,240,4.381,4.346,0.242,1.909,1,0,0.048,2.424,,519,13,503
"BaselineSweep",500,1,241,2.906,2.937,0.293,1.500,1,0,0.037,1.368,212992,499,13,495
"BaselineSweep",500,1,242,3.022,3.020,0.000,1.754,1,0,0.035,1.232,,514,13,506
"BaselineSweep",500,1,243,2.989,2.969,0.315,1.704,1,0,0.040,1.245,,518,13,500
"BaselineSweep",500,1,244,2.088,2.106,0.298,1.501,1,0,0.035,0.552,131072,519,13,504
"BaselineSweep",500,1,245,2.309,2.308,0.264,1.742,1,0,0.036,0.532,,519,13,507
"BaselineSweep",500,1,246,2.688,2.692,0.254,1.533,1,0,0.036,1.119,208896,516,13,509
"BaselineSweep",500,1,247,2.943,2.939,0.267,1.718,1,0,0.038,1.187,,515,13,509
"BaselineSweep",500,1,248,2.995,2.990,0.521,1.742,1,0,0.039,1.214,,520,13,514
"BaselineSweep",500,1,249,2.105,2.113,0.490,1.584,1,0,0.037,0.485,118784,520,13,514
"BaselineSweep",500,1,250,3.061,3.057,0.326,1.823,1,0,0.040,1.199,,521,13,518
"BaselineSweep",500,1,251,3.290,3.273,0.307,1.588,1,0,0.041,1.661,,506,13,500
"BaselineSweep",500,1,252,2.140,2.150,0.310,1.484,1,0,0.037,0.619,86016,518,13,515
"BaselineSweep",500,1,253,3.105,3.108,0.337,1.893,1,0,0.037,1.175,,521,13,507
"BaselineSweep",500,1,254,3.861,3.858,0.311,1.495,1,0,0.035,2.331,167936,517,13,516
"BaselineSweep",500,1,255,3.182,3.183,0.248,1.959,1,0,0.040,1.184,,504,13,492
"BaselineSweep",500,1,256,4.149,4.107,0.000,1.735,1,0,0.037,2.377,,519,13,508
"BaselineSweep",500,1,257,2.767,2.802,0.227,1.532,1,0,0.039,1.196,147456,501,13,495
"BaselineSweep",500,1,258,2.940,2.948,0.000,1.771,1,0,0.036,1.133,,519,13,502
"BaselineSweep",500,1,259,3.948,3.932,0.313,1.478,1,0,0.035,2.435,,515,13,510
"BaselineSweep",500,1,260,2.793,2.803,0.254,1.496,1,0,0.036,1.261,106496,517,13,512
"BaselineSweep",500,1,261,2.415,2.415,0.000,1.827,1,0,0.037,0.552,,518,13,510
"BaselineSweep",500,1,262,1.967,1.971,0.267,1.522,1,0,0.034,0.410,86016,497,13,486
"BaselineSweep",500,1,263,2.090,2.088,0.248,1.675,1,0,0.037,0.378,,516,13,515
"BaselineSweep",500,1,264,2.900,2.885,0.248,1.610,1,0,0.037,1.253,151552,520,13,517
"BaselineSweep",500,1,265,2.194,2.208,0.340,1.730,1,0,0.037,0.428,,514,13,500
"BaselineSweep",500,1,266,3.094,3.089,0.653,1.496,1,0,0.034,1.564,,517,12,514
"BaselineSweep",500,1,267,2.821,2.821,0.324,1.505,1,0,0.036,1.280,86016,519,13,515
"BaselineSweep",500,1,268,4.004,3.994,0.314,1.746,1,0,0.038,2.220,,517,13,508
"BaselineSweep",500,1,269,2.801,2.813,0.285,1.540,1,0,0.038,1.224,139264,513,13,508
"BaselineSweep",500,1,270,2.391,2.388,0.000,1.889,1,0,0.036,0.465,,512,13,503
"BaselineSweep",500,1,271,2.261,2.252,0.279,1.529,1,0,0.041,0.691,,517,13,502
"BaselineSweep",500,1,272,2.279,2.269,0.252,1.640,1,0,0.038,0.601,155648,521,13,515
"BaselineSweep",500,1,273,2.293,2.310,0.257,1.830,1,0,0.037,0.425,,505,13,487
"BaselineSweep",500,1,274,2.154,2.156,0.267,1.581,1,0,0.035,0.538,155648,520,13,515
"BaselineSweep",500,1,275,2.256,2.252,0.611,1.770,1,0,0.036,0.451,,518,13,516
"BaselineSweep",500,1,276,2.834,2.834,0.712,1.554,1,0,0.034,1.246,208896,519,13,510
"BaselineSweep",500,1,277,2.999,2.997,0.296,1.762,1,0,0.038,1.200,,516,13,508
"BaselineSweep",500,1,278,2.236,2.235,0.296,1.732,1,0,0.039,0.465,,521,13,512
"BaselineSweep",500,1,279,2.749,2.746,0.397,1.542,1,0,0.035,1.172,151552,516,13,494
"BaselineSweep",500,1,280,3.055,3.049,0.351,1.846,1,0,0.039,1.170,,521,13,513
"BaselineSweep",500,1,281,3.998,4.001,0.327,1.475,1,0,0.035,2.488,143360,517,13,501
"BaselineSweep",500,1,282,2.848,2.851,0.288,1.701,1,0,0.036,1.110,,512,13,505
"BaselineSweep",500,1,283,4.312,4.306,0.000,1.795,1,0,0.038,2.479,,518,13,513
"BaselineSweep",500,1,284,2.858,2.862,0.275,1.536,1,0,0.039,1.282,126976,514,13,501
"BaselineSweep",500,1,285,2.784,2.785,0.000,1.667,1,0,0.036,1.081,,516,13,508
"BaselineSweep",500,1,286,2.377,2.364,0.289,1.491,1,0,0.034,0.851,,520,13,513
"BaselineSweep",500,1,287,1.940,1.954,0.271,1.501,1,0,0.036,0.403,61440,520,13,518
"BaselineSweep",500,1,288,2.252,2.246,0.294,1.715,1,0,0.038,0.499,,519,13,511
"BaselineSweep",500,1,289,2.075,2.076,0.322,1.523,1,0,0.037,0.516,61440,514,13,498
"BaselineSweep",500,1,290,2.254,2.250,0.355,1.748,1,0,0.036,0.470,,519,13,512
"BaselineSweep",500,1,291,4.035,4.028,0.359,1.739,1,0,0.036,2.260,126976,517,13,513
"BaselineSweep",500,1,292,3.009,3.018,0.480,1.825,1,0,0.036,1.147,,520,13,510
"BaselineSweep",500,1,293,4.143,4.121,0.000,1.496,1,0,0.035,2.611,118784,517,13,506
"BaselineSweep",500,1,294,2.881,2.900,0.295,1.720,1,0,0.040,1.122,,497,13,481
"BaselineSweep",500,1,295,4.148,4.136,0.000,1.660,1,0,0.036,2.452,,518,13,500
"BaselineSweep",500,1,296,2.153,2.165,0.261,1.628,1,0,0.036,0.489,49152,504,13,491
"BaselineSweep",500,1,297,4.340,4.324,0.000,2.298,1,0,0.070,1.972,,510,13,503
"BaselineSweep",500,1,298,4.509,4.518,0.292,2.694,1,0,0.059,1.755,98304,511,13,512
"BaselineSweep",500,1,299,4.274,4.255,0.273,2.639,1,0,0.056,1.579,,518,13,505
"BaselineSweep",2000,1,0,27.920,27.922,0.962,24.989,1,0,0.173,2.759,,1976,28,1909
"BaselineSweep",2000,1,1,26.394,26.393,0.968,23.856,1,0,0.169,2.369,,2010,28,1933
"BaselineSweep",2000,1,2,27.282,27.268,0.958,23.472,1,0,0.178,3.631,,2002,28,1899
"BaselineSweep",2000,1,3,29.967,29.952,1.068,27.843,1,0,0.186,1.938,,2000,28,1888
"BaselineSweep",2000,1,4,27.369,27.391,0.951,25.233,1,0,0.229,1.907,,1991,28,1903
"BaselineSweep",2000,1,5,31.209,31.180,0.983,27.598,1,0,0.232,3.379,,1987,28,1942
"BaselineSweep",2000,1,6,28.237,28.258,0.980,24.588,1,0,0.191,3.457,,1964,28,1865
"BaselineSweep",2000,1,7,26.932,26.930,1.005,24.843,1,0,0.209,1.880,,1977,28,1932
"BaselineSweep",2000,1,8,26.848,26.831,0.986,25.303,1,0,0.184,1.361,,1984,28,1908
"BaselineSweep",2000,1,9,27.668,27.690,0.964,26.455,1,0,0.190,1.023,,1981,28,1902
"BaselineSweep",2000,1,10,28.001,27.996,0.959,24.640,1,0,0.197,3.164,,1971,28,1908
"BaselineSweep",2000,1,11,28.803,28.802,0.964,26.574,1,0,0.184,2.046,,1991,28,1934
"BaselineSweep",2000,1,12,30.104,30.108,0.963,28.022,1,0,0.190,1.892,,1989,28,1932
"BaselineSweep",2000,1,13,29.594,29.596,0.986,27.460,1,0,0.219,1.915,,1986,28,1924
"BaselineSweep",2000,1,14,28.442,28.426,0.970,26.366,1,0,0.192,1.884,,1984,28,1946
"BaselineSweep",2000,1,15,28.367,28.369,1.007,25.931,1,0,0.210,2.225,,1982,28,1917
"BaselineSweep",2000,1,16,30.385,30.364,0.978,26.856,1,0,0.180,3.350,,1994,28,1911
"BaselineSweep",2000,1,17,27.089,27.110,0.971,24.739,1,0,0.194,2.157,,1984,28,1931
"BaselineSweep",2000,1,18,34.961,34.944,0.967,31.477,1,0,0.184,3.300,,1987,28,1906
"BaselineSweep",2000,1,19,28.566,28.576,0.999,26.060,1,0,0.190,2.316,,1912,28,1930
"BaselineSweep",2000,1,20,28.800,28.799,0.964,26.741,1,0,0.212,1.846,,1981,27,1905
"BaselineSweep",2000,1,21,26.667,26.669,0.971,24.502,1,0,0.181,1.984,,1987,27,1936
"BaselineSweep",2000,1,22,26.740,26.740,0.960,24.873,1,0,0.180,1.686,,1987,28,1929
"BaselineSweep",2000,1,23,26.803,26.797,0.987,24.451,1,0,0.175,2.177,,1996,28,1927
"BaselineSweep",2000,1,24,26.477,26.485,0.958,24.592,1,0,0.174,1.711,,1998,28,1934
"BaselineSweep",2000,1,25,26.361,26.364,0.982,24.269,1,0,0.179,1.913,,1983,28,1915
"BaselineSweep",2000,1,26,28.091,28.070,0.967,24.918,1,0,0.174,2.999,,1998,27,1967
"BaselineSweep",2000,1,27,32.462,32.453,0.991,29.089,1,0,0.187,3.185,,1998,28,1939
"BaselineSweep",2000,1,28,27.054,27.071,0.980,24.783,1,0,0.175,2.096,,2001,28,1916
"BaselineSweep",2000,1,29,26.258,26.240,0.985,24.361,1,0,0.185,1.713,,1998,28,1920
"BaselineSweep",2000,1,30,26.765,26.776,0.962,24.501,1,0,0.223,2.041,,1984,28,1919
"BaselineSweep",2000,1,31,27.709,27.711,0.995,26.359,1,0,0.267,1.083,,1993,28,1917
"BaselineSweep",2000,1,32,29.713,29.716,0.983,27.433,1,0,0.188,2.093,,2004,28,1914
"BaselineSweep",2000,1,33,29.192,29.170,0.980,25.745,1,0,0.231,3.215,,1979,27,1931
"BaselineSweep",2000,1,34,26.436,26.443,0.978,24.476,1,0,0.173,1.788,,1993,28,1937
"BaselineSweep",2000,1,35,26.801,26.816,0.999,24.898,1,0,0.189,1.714,,1976,28,1912
"BaselineSweep",2000,1,36,30.742,30.745,0.969,28.673,1,0,0.162,1.907,,1981,28,1917
"BaselineSweep",2000,1,37,28.191,28.179,1.006,25.999,1,0,0.232,1.960,,2009,28,1915
"BaselineSweep",2000,1,38,27.295,27.304,1.022,25.455,1,0,0.180,1.660,,1999,28,1925
"BaselineSweep",2000,1,39,29.776,29.759,0.989,26.518,1,0,0.226,3.033,,1983,28,1899
"BaselineSweep",2000,1,40,28.080,28.067,1.123,26.061,1,0,0.191,1.828,,1979,28,1931
"BaselineSweep",2000,1,41,27.614,27.635,0.978,25.514,1,0,0.200,1.900,,2001,28,1907
"BaselineSweep",2000,1,42,29.037,29.041,0.969,26.092,1,0,0.158,2.787,,2001,27,1949
"BaselineSweep",2000,1,43,26.425,26.420,0.983,24.428,1,0,0.208,1.789,,2000,27,1928
"BaselineSweep",2000,1,44,28.809,28.792,1.008,25.449,1,0,0.287,3.073,,1994,28,1954
"BaselineSweep",2000,1,45,29.426,29.444,0.974,26.508,1,0,0.361,2.557,,1990,28,1891
"BaselineSweep",2000,1,46,32.101,32.099,1.008,29.755,1,0,0.171,2.176,,1983,28,1926
"BaselineSweep",2000,1,47,26.892,26.889,1.005,23.998,1,0,0.215,2.680,,1988,28,1941
"BaselineSweep",2000,1,48,29.952,29.914,1.012,26.314,1,0,0.180,3.458,,1993,28,1922
"BaselineSweep",2000,1,49,29.387,29.412,1.007,26.986,1,0,0.208,2.193,,1973,28,1915
"BaselineSweep",2000,1,50,28.855,28.859,0.962,25.788,1,0,0.203,2.864,,1989,28,1946
"BaselineSweep",2000,1,51,29.141,29.136,0.978,26.054,1,0,0.183,2.905,,1985,27,1926
"BaselineSweep",2000,1,52,26.041,26.041,0.963,23.476,1,0,0.183,2.383,,2011,28,1941
"BaselineSweep",2000,1,53,26.428,26.412,0.976,23.813,1,0,0.200,2.416,,2015,28,1902
"BaselineSweep",2000,1,54,32.147,32.172,0.998,30.260,1,0,0.179,1.709,,1989,28,1881
"BaselineSweep",2000,1,55,28.454,28.375,0.987,26.197,1,0,0.197,2.060,,1957,28,1953
"BaselineSweep",2000,1,56,26.075,26.149,1.010,24.885,1,0,0.186,1.004,,1978,28,1939
"BaselineSweep",2000,1,57,27.317,27.318,1.000,26.155,1,0,0.167,0.996,,2014,28,1919
"BaselineSweep",2000,1,58,29.476,29.470,0.966,26.287,1,0,0.277,2.913,,1991,28,1932
"BaselineSweep",2000,1,59,27.073,27.062,0.983,25.040,1,0,0.208,1.825,,2010,28,1937
"BaselineSweep",2000,1,60,28.937,28.915,0.990,25.087,1,0,0.200,3.650,,1992,28,1896
"BaselineSweep",2000,1,61,34.817,34.853,1.000,31.055,1,0,0.226,3.536,,2006,28,1955
"BaselineSweep",2000,1,62,29.232,29.223,0.967,26.074,1,0,0.189,2.969,,1997,28,1954
"BaselineSweep",2000,1,63,25.825,25.831,0.998,23.780,1,0,0.222,1.823,,1983,28,1932
"BaselineSweep",2000,1,64,26.735,26.710,0.963,24.483,1,0,0.212,2.041,,2000,28,1941
"BaselineSweep",2000,1,65,26.229,26.249,1.007,24.237,1,0,0.182,1.810,,1989,28,1897
"BaselineSweep",2000,1,66,27.668,27.670,0.966,26.430,1,0,0.195,1.044,,1992,28,1926
"BaselineSweep",2000,1,67,26.966,26.966,0.988,25.105,1,0,0.177,1.684,,1978,28,1919
"BaselineSweep",2000,1,68,29.501,29.494,1.162,28.228,1,0,0.195,1.079,,1974,28,1937
"BaselineSweep",2000,1,69,28.009,28.019,1.007,26.664,1,0,0.231,1.114,,1997,28,1947
"BaselineSweep",2000,1,70,29.779,29.752,0.970,26.353,1,0,0.180,3.246,,2003,28,1969
"BaselineSweep",2000,1,71,27.903,27.899,1.081,24.008,1,0,0.189,3.706,,1993,28,1929
"BaselineSweep",2000,1,72,33.312,33.311,0.989,30.531,1,0,0.231,2.550,,1991,27,1949
"BaselineSweep",2000,1,73,30.605,30.611,0.981,27.422,1,0,0.193,2.990,,1996,28,1947
"BaselineSweep",2000,1,74,27.014,27.024,0.964,25.099,1,0,0.167,1.747,,1986,28,1932
"BaselineSweep",2000,1,75,26.122,26.118,0.979,24.172,1,0,0.190,1.761,,1974,28,1915
"BaselineSweep",2000,1,76,26.069,26.059,0.983,24.730,1,0,0.174,1.164,,1998,27,1928
"BaselineSweep",2000,1,77,31.190,31.210,0.979,29.188,1,0,0.189,1.813,,1979,28,1937
"BaselineSweep",2000,1,78,29.816,29.812,0.969,26.555,1,0,0.193,3.068,,1993,28,1940
"BaselineSweep",2000,1,79,26.784,26.766,0.969,24.836,1,0,0.181,1.768,,1982,28,1917
"BaselineSweep",2000,1,80,26.938,26.953,0.968,25.055,1,0,0.165,1.719,,1982,28,1924
"BaselineSweep",2000,1,81,27.019,27.004,0.979,23.837,1,0,0.186,2.996,,1996,28,1951
"BaselineSweep",2000,1,82,27.316,27.323,0.976,24.818,1,0,0.209,2.289,,1998,28,1940
"BaselineSweep",2000,1,83,27.903,27.906,0.967,25.230,1,0,0.219,2.454,,1989,28,1939
"BaselineSweep",2000,1,84,29.263,29.253,1.119,26.205,1,0,0.190,2.868,,1975,28,1882
"BaselineSweep",2000,1,85,28.897,28.880,0.978,26.299,1,0,0.193,2.405,,2000,28,1939
"BaselineSweep",2000,1,86,28.538,28.557,0.984,26.354,1,0,0.194,1.990,,1987,28,1927
"BaselineSweep",2000,1,87,29.697,29.697,0.963,26.656,1,0,0.241,2.800,,1989,28,1944
"BaselineSweep",2000,1,88,29.005,29.012,1.006,26.793,1,0,0.186,2.026,,1990,28,1943
"BaselineSweep",2000,1,89,31.673,31.643,0.985,28.338,1,0,0.169,3.166,,1994,28,1962
"BaselineSweep",2000,1,90,27.842,27.828,0.965,25.267,1,0,0.188,2.387,,1996,28,1921
"BaselineSweep",2000,1,91,28.854,28.884,1.010,24.994,1,0,0.187,3.673,,1988,28,1940
"BaselineSweep",2000,1,92,35.484,35.481,0.966,32.442,1,0,0.213,2.829,,1999,28,1939
"BaselineSweep",2000,1,93,27.456,27.434,0.989,24.433,1,0,0.180,2.844,,1999,27,1915
"BaselineSweep",2000,1,94,31.183,31.187,0.976,27.577,1,0,0.211,3.395,,2007,28,1942
"BaselineSweep",2000,1,95,26.973,26.981,0.990,24.350,1,0,0.173,2.451,,2010,28,1956
"BaselineSweep",2000,1,96,28.726,28.734,1.019,25.551,1,0,0.210,2.965,,2004,28,1904
"BaselineSweep",2000,1,97,26.385,26.383,0.982,24.443,1,0,0.180,1.762,,1993,28,1929
"BaselineSweep",2000,1,98,28.363,28.362,0.967,27.056,1,0,0.207,1.099,,1974,28,1952
"BaselineSweep",2000,1,99,29.266,29.261,0.975,26.675,1,0,0.175,2.416,,1990,28,1910
"BaselineSweep",2000,1,100,31.597,31.587,1.046,27.188,1,0,0.202,4.207,,1993,28,1927
"BaselineSweep",2000,1,101,27.825,27.840,1.124,24.142,1,0,0.193,3.490,,1964,27,1927
"BaselineSweep",2000,1,102,27.313,27.285,1.130,23.714,1,0,0.196,3.402,,2000,28,1930
"BaselineSweep",2000,1,103,30.945,30.958,1.017,28.445,1,0,0.192,2.308,,1981,28,1896
"BaselineSweep",2000,1,104,28.950,28.913,1.010,26.024,1,0,0.191,2.736,,1998,28,1936
"BaselineSweep",2000,1,105,29.042,29.088,1.131,26.952,1,0,0.240,1.850,,1990,28,1922
"BaselineSweep",2000,1,106,35.025,35.013,0.980,32.541,1,0,0.190,2.294,,1995,28,1919
"BaselineSweep",2000,1,107,29.070,29.079,0.983,27.068,1,0,0.188,1.813,,1961,28,1919
"BaselineSweep",2000,1,108,29.182,29.184,1.022,27.052,1,0,0.234,1.895,,1995,28,1929
"BaselineSweep",2000,1,109,28.889,28.893,0.987,26.908,1,0,0.183,1.799,,1982,28,1906
"BaselineSweep",2000,1,110,28.283,28.250,0.971,25.564,1,0,0.187,2.533,,1999,28,1925
"BaselineSweep",2000,1,111,27.004,27.028,0.961,25.056,1,0,0.195,1.753,,1980,28,1938
"BaselineSweep",2000,1,112,28.925,28.922,0.964,26.560,1,0,0.192,2.173,,2003,28,1906
"BaselineSweep",2000,1,113,31.405,31.404,0.981,29.450,1,0,0.191,1.764,,2005,28,1964
"BaselineSweep",2000,1,114,28.169,28.156,0.999,26.128,1,0,0.215,1.825,,1975,28,1920
"BaselineSweep",2000,1,115,33.393,33.400,0.973,30.343,1,0,0.172,2.878,,1984,28,1900
"BaselineSweep",2000,1,116,29.643,29.646,0.976,27.513,1,0,0.288,1.842,,2003,27,1941
"BaselineSweep",2000,1,117,29.168,29.132,0.956,25.638,1,0,0.183,3.346,,1986,28,1932
"BaselineSweep",2000,1,118,26.951,26.983,0.959,24.717,1,0,0.177,2.057,,1983,28,1937
"BaselineSweep",2000,1,119,26.964,26.963,0.983,24.889,1,0,0.192,1.882,,1993,28,1928
"BaselineSweep",2000,1,120,29.000,28.998,0.981,26.838,1,0,0.197,1.966,,1992,28,1911
"BaselineSweep",2000,1,121,29.084,29.076,0.989,26.288,1,0,0.201,2.595,,1994,28,1933
"BaselineSweep",2000,1,122,30.982,30.979,1.117,28.391,1,0,0.171,2.420,,1999,28,1906
"BaselineSweep",2000,1,123,29.973,29.983,0.975,28.018,1,0,0.195,1.760,,2005,28,1931
"BaselineSweep",2000,1,124,28.497,28.482,0.982,27.050,1,0,0.230,1.218,,1999,28,1909
"BaselineSweep",2000,1,125,30.736,30.723,0.987,26.870,1,0,0.176,3.691,,2014,28,1965
"BaselineSweep",2000,1,126,28.596,28.611,0.981,25.431,1,0,0.197,2.967,,1993,28,1920
"BaselineSweep",2000,1,127,27.465,27.467,1.000,25.148,1,0,0.180,2.138,,1980,28,1928
"BaselineSweep",2000,1,128,27.126,27.110,1.148,24.754,1,0,0.234,2.138,,2012,28,1927
"BaselineSweep",2000,1,129,28.039,28.044,1.025,25.732,1,0,0.228,2.078,,2005,28,1924
"BaselineSweep",2000,1,130,36.130,36.117,0.987,32.196,1,0,0.179,3.755,,1967,28,1895
"BaselineSweep",2000,1,131,26.046,26.075,1.210,24.049,1,0,0.208,1.789,,1984,28,1917
"BaselineSweep",2000,1,132,27.896,27.882,0.984,25.121,1,0,0.217,2.558,,1994,26,1925
"BaselineSweep",2000,1,133,28.027,28.016,0.993,24.480,1,0,0.221,3.326,,1991,28,1930
"BaselineSweep",2000,1,134,28.476,28.490,0.992,26.300,1,0,0.241,1.935,,2002,28,1935
"BaselineSweep",2000,1,135,30.839,30.811,0.998,27.509,1,0,0.197,3.133,,1973,28,1896
"BaselineSweep",2000,1,136,26.134,26.154,0.984,23.863,1,0,0.179,2.092,,2000,27,1950
"BaselineSweep",2000,1,137,26.875,26.842,0.983,23.582,1,0,0.165,3.128,,1966,28,1894
"BaselineSweep",2000,1,138,28.150,28.167,0.965,24.896,1,0,0.186,3.069,,2008,28,1934
"BaselineSweep",2000,1,139,27.945,27.953,0.962,25.830,1,0,0.177,1.938,,2003,28,1907
"BaselineSweep",2000,1,140,27.772,27.777,0.993,26.071,1,0,0.156,1.545,,1996,28,1946
"BaselineSweep",2000,1,141,27.987,27.980,0.969,26.053,1,0,0.190,1.743,,1983,28,1929
"BaselineSweep",2000,1,142,30.406,30.399,0.964,27.828,1,0,0.202,2.376,,1995,28,1929
"BaselineSweep",2000,1,143,32.416,32.416,1.070,30.106,1,0,0.282,2.027,,1980,28,1925
"BaselineSweep",2000,1,144,30.105,30.088,0.973,26.470,1,0,0.337,3.298,,1995,28,1936
"BaselineSweep",2000,1,145,28.391,28.405,0.967,25.267,1,0,0.185,2.939,,1986,28,1933
"BaselineSweep",2000,1,146,28.304,28.313,0.967,25.651,1,0,0.173,2.480,,1989,28,1909
"BaselineSweep",2000,1,147,27.959,27.945,0.977,26.570,1,0,0.190,1.200,,1978,28,1907
"BaselineSweep",2000,1,148,26.152,26.159,0.975,24.184,1,0,0.182,1.786,,1985,28,1926
"BaselineSweep",2000,1,149,28.719,28.713,0.981,26.387,1,0,0.190,2.142,,1995,28,1926
"BaselineSweep",2000,1,150,28.532,28.532,1.046,26.543,1,0,0.195,1.794,,1984,28,1933
"BaselineSweep",2000,1,151,30.400,30.385,0.993,26.639,1,0,0.189,3.572,,1988,28,1906
"BaselineSweep",2000,1,152,29.830,29.835,1.014,27.365,1,0,0.190,2.275,,1991,28,1934
"BaselineSweep",2000,1,153,28.468,28.458,0.979,25.201,1,0,0.182,3.085,,1967,28,1907
"BaselineSweep",2000,1,154,28.067,28.069,1.011,25.176,1,0,0.189,2.702,,1993,28,1935
"BaselineSweep",2000,1,155,30.465,30.470,0.985,27.635,1,0,0.308,2.522,,1992,28,1927
"BaselineSweep",2000,1,156,28.699,28.709,1.008,26.863,1,0,0.185,1.651,,1884,28,1929
"BaselineSweep",2000,1,157,29.213,29.189,1.000,26.563,1,0,0.212,2.438,,1993,28,1920
"BaselineSweep",2000,1,158,27.252,27.260,0.966,25.192,1,0,0.205,1.854,,1985,28,1930
"BaselineSweep",2000,1,159,28.629,28.625,1.011,25.007,1,0,0.244,3.378,,1985,28,1923
"BaselineSweep",2000,1,160,26.618,26.619,0.985,25.269,1,0,0.202,1.147,,2000,28,1929
"BaselineSweep",2000,1,161,26.407,26.408,1.003,24.882,1,0,0.197,1.328,,1986,28,1917
"BaselineSweep",2000,1,162,34.570,34.566,0.971,30.338,1,0,0.243,3.989,,1975,28,1921
"BaselineSweep",2000,1,163,26.765,26.774,1.009,24.398,1,0,0.183,2.185,,1933,28,1922
"BaselineSweep",2000,1,164,29.653,29.645,1.084,27.359,1,0,0.242,2.053,,2000,28,1928
"BaselineSweep",2000,1,165,29.836,29.838,1.031,27.137,1,0,0.194,2.505,,1991,28,1948
"BaselineSweep",2000,1,166,28.222,28.223,1.011,26.120,1,0,0.201,1.901,,1990,28,1920
"BaselineSweep",2000,1,167,29.741,29.744,0.994,27.897,1,0,0.188,1.655,,1995,28,1915
"BaselineSweep",2000,1,168,27.873,27.869,1.027,25.814,1,0,0.191,1.869,,1966,28,1890
"BaselineSweep",2000,1,169,31.042,31.028,1.076,27.180,1,0,0.209,3.653,,1990,28,1927
"BaselineSweep",2000,1,170,34.878,34.884,0.973,32.344,1,0,0.237,2.298,,1973,28,1901
"BaselineSweep",2000,1,171,29.801,29.803,0.974,26.613,1,0,0.195,2.993,,2002,27,1951
"BaselineSweep",2000,1,172,26.411,26.387,0.967,24.539,1,0,0.175,1.697,,1985,28,1926
"BaselineSweep",2000,1,173,29.243,29.238,0.988,25.984,1,0,0.203,3.056,,1992,27,1905
"BaselineSweep",2000,1,174,26.744,26.761,1.015,24.516,1,0,0.233,1.995,,1993,28,1907
"BaselineSweep",2000,1,175,28.599,28.595,1.001,25.792,1,0,0.189,2.619,,1975,28,1910
"BaselineSweep",2000,1,176,29.227,29.237,0.978,27.313,1,0,0.188,1.726,,1995,28,1962
"BaselineSweep",2000,1,177,28.697,28.684,0.977,26.291,1,0,0.222,2.184,,1995,28,1905
"BaselineSweep",2000,1,178,29.536,29.551,0.966,26.785,1,0,0.196,2.556,,1957,27,1889
"BaselineSweep",2000,1,179,28.704,28.649,0.979,25.816,1,0,0.260,2.628,,1982,28,1916
"BaselineSweep",2000,1,180,29.336,29.384,0.987,27.114,1,0,0.208,2.015,,1988,28,1885
"BaselineSweep",2000,1,181,30.609,30.615,0.987,26.708,1,0,0.214,3.688,,1984,28,1936
"BaselineSweep",2000,1,182,27.656,27.652,1.034,25.825,1,0,0.167,1.664,,1981,28,1927
"BaselineSweep",2000,1,183,28.251,28.259,1.174,26.351,1,0,0.205,1.695,,1990,28,1947
"BaselineSweep",2000,1,184,26.176,26.171,0.972,24.929,1,0,0.193,1.054,,1984,27,1926
"BaselineSweep",2000,1,185,27.004,26.997,0.987,25.427,1,0,0.180,1.397,,1985,28,1946
"BaselineSweep",2000,1,186,27.230,27.231,0.967,24.901,1,0,0.234,2.095,,1982,28,1919
"BaselineSweep",2000,1,187,29.026,29.006,0.986,25.719,1,0,0.169,3.138,,1986,28,1933
"BaselineSweep",2000,1,188,27.898,27.883,1.003,23.911,1,0,0.188,3.799,,2008,28,1949
"BaselineSweep",2000,1,189,31.390,31.392,1.022,28.002,1,0,0.192,3.196,,2007,28,1942
"BaselineSweep",2000,1,190,515.163,515.066,1.024,25.831,1,0,0.196,489.137,,2009,28,1955
"BaselineSweep",2000,1,191,30.865,30.980,1.055,28.357,1,0,0.244,2.265,,2008,28,1903
"BaselineSweep",2000,1,192,27.682,27.684,0.000,25.826,1,0,0.176,1.680,,2021,28,2021
"BaselineSweep",2000,1,193,28.153,28.154,1.044,26.272,1,0,0.224,1.657,,1992,28,1925
"BaselineSweep",2000,1,194,26.464,26.468,1.190,23.862,1,0,0.169,2.432,,1982,28,1922
"BaselineSweep",2000,1,195,26.449,26.437,0.969,24.182,1,0,0.209,2.058,,1968,28,1906
"BaselineSweep",2000,1,196,26.610,26.589,0.959,24.707,1,0,0.177,1.726,,1949,28,1885
"BaselineSweep",2000,1,197,29.154,29.143,0.971,25.643,1,0,0.189,3.322,,1973,28,1909
"BaselineSweep",2000,1,198,26.487,26.521,0.980,24.690,1,0,0.178,1.619,,1990,28,1937
"BaselineSweep",2000,1,199,27.929,27.927,1.013,25.614,1,0,0.179,2.137,,1989,28,1946
"BaselineSweep",2000,1,200,25.254,25.249,0.978,23.795,1,0,0.200,1.259,,1985,28,1912
"BaselineSweep",2000,1,201,26.926,26.922,0.978,25.622,1,0,0.195,1.108,,1997,28,1949
"BaselineSweep",2000,1,202,30.017,30.010,0.983,27.568,1,0,0.405,2.044,,1981,28,1932
"BaselineSweep",2000,1,203,28.731,28.722,0.980,26.361,1,0,0.216,2.153,,1985,28,1904
"BaselineSweep",2000,1,204,27.044,27.053,0.970,24.901,1,0,0.198,1.945,,2012,26,1874
"BaselineSweep",2000,1,205,27.342,27.332,0.978,25.090,1,0,0.200,2.053,,2015,27,1946
"BaselineSweep",2000,1,206,28.124,28.125,1.018,25.915,1,0,0.213,1.996,,2000,28,1932
"BaselineSweep",2000,1,207,28.063,28.064,1.388,25.912,1,0,0.214,1.937,,2011,28,1978
"BaselineSweep",2000,1,208,28.627,28.606,1.057,25.203,1,0,0.280,3.143,,1998,27,1951
"BaselineSweep",2000,1,209,28.006,28.021,1.444,25.814,1,0,0.222,1.970,,1999,28,1933
"BaselineSweep",2000,1,210,34.862,34.863,1.024,32.261,1,0,0.216,2.385,,2008,28,1902
"BaselineSweep",2000,1,211,28.075,28.077,1.310,25.346,1,0,0.208,2.521,,1987,28,1913
"BaselineSweep",2000,1,212,25.837,25.843,1.121,23.874,1,0,0.186,1.777,,1997,27,1937
"BaselineSweep",2000,1,213,29.174,29.156,1.347,25.788,1,0,0.201,3.186,,2013,28,1957
"BaselineSweep",2000,1,214,27.014,27.029,1.007,25.036,1,0,0.184,1.795,,2001,28,1941
"BaselineSweep",2000,1,215,26.268,26.268,1.140,24.442,1,0,0.180,1.646,,1992,27,1919
"BaselineSweep",2000,1,216,27.181,27.160,0.985,25.694,1,0,0.240,1.247,,1996,28,1927
"BaselineSweep",2000,1,217,30.026,30.035,0.985,26.047,1,0,0.188,3.791,,1981,28,1918
"BaselineSweep",2000,1,218,28.757,28.750,0.958,25.935,1,0,0.187,2.635,,1982,28,1913
"BaselineSweep",2000,1,219,28.554,28.546,1.108,25.020,1,0,0.229,3.305,,1993,28,1955
"BaselineSweep",2000,1,220,31.636,31.638,0.990,30.054,1,0,0.214,1.368,,1998,28,1934
"BaselineSweep",2000,1,221,26.865,26.869,1.035,25.203,1,0,0.175,1.487,,1984,28,1939
"BaselineSweep",2000,1,222,27.890,27.908,0.968,25.963,1,0,0.180,1.747,,1985,27,1941
"BaselineSweep",2000,1,223,28.769,28.740,1.018,25.787,1,0,0.211,2.772,,1958,28,1944
"BaselineSweep",2000,1,224,27.278,27.305,1.021,26.011,1,0,0.185,1.083,,2002,28,1954
"BaselineSweep",2000,1,225,26.241,26.234,1.112,24.082,1,0,0.187,1.973,,2007,28,1951
"BaselineSweep",2000,1,226,26.337,26.344,0.988,24.250,1,0,0.236,1.852,,2010,28,1954
"BaselineSweep",2000,1,227,34.925,34.901,0.962,31.927,1,0,0.235,2.762,,1980,28,1956
"BaselineSweep",2000,1,228,26.838,26.844,0.994,24.889,1,0,0.200,1.749,,2015,28,1960
"BaselineSweep",2000,1,229,29.094,29.075,0.964,25.773,1,0,0.217,3.104,,1978,28,1917
"BaselineSweep",2000,1,230,29.658,29.673,0.994,26.417,1,0,0.218,3.024,,1993,28,1932
"BaselineSweep",2000,1,231,29.964,29.965,0.984,26.924,1,0,0.207,2.834,,1990,28,1947
"BaselineSweep",2000,1,232,29.863,29.858,1.059,27.104,1,0,0.207,2.552,,1987,28,1939
"BaselineSweep",2000,1,233,27.765,27.766,1.079,25.812,1,0,0.191,1.761,,1998,28,1954
"BaselineSweep",2000,1,234,29.122,29.106,0.988,25.710,1,0,0.219,3.192,,2001,28,1941
"BaselineSweep",2000,1,235,28.053,28.070,0.959,26.090,1,0,0.197,1.766,,2001,28,1916
"BaselineSweep",2000,1,236,26.042,26.039,0.994,24.078,1,0,0.186,1.778,,2012,28,1942
"BaselineSweep",2000,1,237,25.831,25.831,1.121,23.400,1,0,0.170,2.261,,1999,28,1934
"BaselineSweep",2000,1,238,26.668,26.676,0.951,24.830,1,0,0.187,1.652,,2012,28,1969
"BaselineSweep",2000,1,239,32.065,32.039,0.951,28.690,1,0,0.178,3.198,,2000,28,1918
"BaselineSweep",2000,1,240,28.736,28.751,0.976,24.811,1,0,0.193,3.733,,2020,28,1965
"BaselineSweep",2000,1,241,26.505,26.489,1.128,24.915,1,0,0.210,1.379,,1967,27,1923
"BaselineSweep",2000,1,242,26.225,26.240,0.975,23.936,1,0,0.175,2.114,,1987,28,1918
"BaselineSweep",2000,1,243,26.920,26.929,1.141,25.254,1,0,0.163,1.504,,1977,28,1913
"BaselineSweep",2000,1,244,27.824,27.820,1.007,25.862,1,0,0.172,1.790,,1962,28,1942
"BaselineSweep",2000,1,245,29.649,29.651,0.982,27.730,1,0,0.215,1.704,,2001,28,1931
"BaselineSweep",2000,1,246,29.470,29.433,1.109,26.073,1,0,0.195,3.202,,2000,28,1930
"BaselineSweep",2000,1,247,26.796,26.827,0.969,25.381,1,0,0.218,1.196,,1979,28,1906
"BaselineSweep",2000,1,248,28.744,28.748,0.955,26.905,1,0,0.173,1.666,,1992,28,1924
"BaselineSweep",2000,1,249,28.298,28.295,0.957,26.464,1,0,0.184,1.650,,1978,28,1915
"BaselineSweep",2000,1,250,29.184,29.184,0.976,27.453,1,0,0.160,1.571,,1974,28,1913
"BaselineSweep",2000,1,251,29.082,29.044,1.007,26.052,1,0,0.183,2.847,,1982,28,1918
"BaselineSweep",2000,1,252,29.252,29.275,0.953,27.118,1,0,0.179,1.956,,1967,28,1928
"BaselineSweep",2000,1,253,25.991,26.000,0.972,23.938,1,0,0.176,1.878,,2010,28,1942
"BaselineSweep",2000,1,254,28.019,28.019,0.963,26.037,1,0,0.187,1.795,,1990,28,1935
"BaselineSweep",2000,1,255,28.187,28.156,1.064,24.769,1,0,0.202,3.216,,1969,28,1909
"BaselineSweep",2000,1,256,32.288,32.300,0.990,29.718,1,0,0.173,2.397,,2017,28,1944
"BaselineSweep",2000,1,257,27.674,27.662,1.059,24.584,1,0,0.163,2.927,,1986,28,1954
"BaselineSweep",2000,1,258,25.852,25.860,0.955,24.472,1,0,0.199,1.181,,1990,28,1951
"BaselineSweep",2000,1,259,27.070,27.071,1.028,24.849,1,0,0.178,2.043,,1980,28,1928
"BaselineSweep",2000,1,260,28.873,28.842,0.983,25.033,1,0,0.233,3.607,,1999,28,1953
"BaselineSweep",2000,1,261,33.452,33.495,1.103,31.663,1,0,0.166,1.623,,1983,28,1937
"BaselineSweep",2000,1,262,29.952,29.922,0.959,26.275,1,0,0.209,3.468,,1991,28,1934
"BaselineSweep",2000,1,263,32.530,32.554,0.988,31.222,1,0,0.173,1.135,,1966,28,1899
"BaselineSweep",2000,1,264,29.056,29.028,0.970,25.819,1,0,0.280,2.957,,2005,28,1958
"BaselineSweep",2000,1,265,30.960,30.989,0.954,27.656,1,0,0.166,3.139,,1989,28,1917
"BaselineSweep",2000,1,266,26.246,26.214,0.980,24.645,1,0,0.195,1.406,,1994,28,1903
"BaselineSweep",2000,1,267,28.947,28.954,1.020,26.740,1,0,0.186,2.021,,2002,28,1936
"BaselineSweep",2000,1,268,28.484,28.502,0.993,26.381,1,0,0.218,1.885,,2013,27,1904
"BaselineSweep",2000,1,269,26.567,26.555,0.985,24.551,1,0,0.209,1.807,,2009,28,1920
"BaselineSweep",2000,1,270,25.335,25.330,0.996,23.249,1,0,0.217,1.869,,2005,28,1941
"BaselineSweep",2000,1,271,28.004,28.006,0.966,24.620,1,0,0.169,3.216,,2002,28,1926
"BaselineSweep",2000,1,272,28.700,28.693,0.960,26.749,1,0,0.175,1.776,,2004,28,1926
"BaselineSweep",2000,1,273,26.257,26.264,0.953,23.966,1,0,0.198,2.093,,1990,27,1908
"BaselineSweep",2000,1,274,27.473,27.469,1.007,25.151,1,0,0.219,2.103,,1998,28,1898
"BaselineSweep",2000,1,275,34.024,34.037,1.124,31.947,1,0,0.201,1.875,,2003,28,1948
"BaselineSweep",2000,1,276,28.236,28.221,0.978,25.905,1,0,0.240,2.091,,2014,28,1955
"BaselineSweep",2000,1,277,27.727,27.732,1.018,25.294,1,0,0.201,2.232,,1991,28,1938
"BaselineSweep",2000,1,278,27.534,27.520,0.949,24.676,1,0,0.202,2.656,,2000,28,1897
"BaselineSweep",2000,1,279,29.634,29.653,0.977,26.608,1,0,0.198,2.828,,2008,28,1903
"BaselineSweep",2000,1,280,25.295,25.292,0.969,23.183,1,0,0.223,1.890,,1988,28,1906
"BaselineSweep",2000,1,281,28.527,28.511,0.961,26.916,1,0,0.216,1.396,,2008,28,1951
"BaselineSweep",2000,1,282,28.149,28.155,0.982,25.666,1,0,0.185,2.298,,2012,28,1966
"BaselineSweep",2000,1,283,29.853,29.851,0.979,27.884,1,0,0.190,1.779,,1995,28,1952
"BaselineSweep",2000,1,284,26.874,26.872,0.957,24.413,1,0,0.210,2.251,,1999,28,1960
"BaselineSweep",2000,1,285,28.479,28.479,0.956,25.723,1,0,0.169,2.588,,2013,28,1938
"BaselineSweep",2000,1,286,27.893,27.885,1.104,24.559,1,0,0.198,3.137,,1997,28,1948
"BaselineSweep",2000,1,287,28.701,28.698,0.956,25.545,1,0,0.175,2.981,,1991,28,1930
"BaselineSweep",2000,1,288,26.509,26.515,0.957,24.350,1,0,0.195,1.964,,1998,28,1945
"BaselineSweep",2000,1,289,28.287,28.285,0.957,27.013,1,0,0.205,1.069,,1992,28,1937
"BaselineSweep",2000,1,290,27.593,27.584,0.968,25.589,1,0,0.203,1.801,,1993,28,1935
"BaselineSweep",2000,1,291,27.975,27.968,0.954,25.989,1,0,0.173,1.813,,1990,28,1919
"BaselineSweep",2000,1,292,29.447,29.456,0.961,27.143,1,0,0.225,2.079,,1982,27,1915
"BaselineSweep",2000,1,293,30.427,30.414,0.960,26.396,1,0,0.238,3.793,,1969,28,1929
"BaselineSweep",2000,1,294,27.572,27.575,0.961,25.372,1,0,0.214,1.986,,2003,28,1938
"BaselineSweep",2000,1,295,27.515,27.537,1.087,25.452,1,0,0.173,1.891,,1994,28,1942
"BaselineSweep",2000,1,296,27.280,27.268,0.969,24.450,1,0,0.182,2.648,,2003,28,1962
"BaselineSweep",2000,1,297,25.702,25.711,0.962,23.896,1,0,0.183,1.623,,1969,28,1887
"BaselineSweep",2000,1,298,28.281,28.276,0.961,25.913,1,0,0.190,2.178,,2011,28,1939
"BaselineSweep",2000,1,299,28.953,28.941,0.958,25.573,1,0,0.172,3.209,,1985,28,1935
"BaselineSweep",5000,1,0,159.477,159.553,2.119,155.206,1,0,0.452,3.819,,4605,58,4494
"BaselineSweep",5000,1,1,162.958,162.962,0.000,160.304,1,0,0.473,2.181,,5254,58,5047
"BaselineSweep",5000,1,2,163.647,163.676,2.155,159.796,1,0,0.540,3.311,,4947,58,4799
"BaselineSweep",5000,1,3,165.206,165.207,2.081,161.640,1,0,0.520,3.046,,4970,57,4792
"BaselineSweep",5000,1,4,394.568,394.461,2.135,156.606,1,0,0.403,237.559,,4951,58,4837
"BaselineSweep",5000,1,5,162.087,162.183,2.142,158.577,1,0,0.661,2.849,,4910,58,4729
"BaselineSweep",5000,1,6,159.246,159.245,2.137,155.562,1,0,0.554,3.130,,4927,58,4760
"BaselineSweep",5000,1,7,158.847,158.852,2.154,155.228,1,0,0.538,3.081,,4970,57,4807
"BaselineSweep",5000,1,8,157.288,157.286,2.249,153.271,1,0,1.018,2.999,,4932,58,4815
"BaselineSweep",5000,1,9,421.723,421.664,2.105,162.910,1,0,0.437,258.376,,4910,58,4750
"BaselineSweep",5000,1,10,157.702,157.705,2.125,153.644,1,0,0.440,3.618,,4530,58,4373
"BaselineSweep",5000,1,11,161.478,161.494,0.000,156.401,1,0,0.459,4.617,,5340,58,5199
"BaselineSweep",5000,1,12,162.277,162.309,2.161,158.173,1,0,0.564,3.540,,4970,58,4757
"BaselineSweep",5000,1,13,164.352,164.338,2.090,160.393,1,0,0.517,3.442,,4939,58,4798
"BaselineSweep",5000,1,14,418.171,418.093,2.130,161.599,1,0,0.437,256.135,,4963,57,4735
"BaselineSweep",5000,1,15,166.623,166.714,2.103,163.493,1,0,0.420,2.710,,4520,58,4334
"BaselineSweep",5000,1,16,162.931,162.884,0.000,157.940,1,0,0.451,4.540,,5237,58,5163
"BaselineSweep",5000,1,17,158.844,158.885,2.181,155.728,1,0,0.548,2.568,,4985,58,4803
"BaselineSweep",5000,1,18,155.314,155.313,2.126,151.855,1,0,0.438,3.020,,4932,58,4767
"BaselineSweep",5000,1,19,165.348,165.281,2.152,160.328,1,0,0.516,4.504,,4894,58,4735
"BaselineSweep",5000,1,20,152.557,152.618,2.157,149.162,1,0,0.541,2.854,,4978,57,4804
"BaselineSweep",5000,1,21,152.553,152.540,2.122,149.189,1,0,0.463,2.902,,4928,58,4773
"BaselineSweep",5000,1,22,413.197,413.077,2.115,150.362,1,0,0.552,262.283,,5003,58,4983
"BaselineSweep",5000,1,23,158.185,158.315,2.105,154.759,1,0,0.443,2.983,,4509,57,4303
"BaselineSweep",5000,1,24,163.502,163.497,0.000,158.728,1,0,0.430,4.344,,5388,58,5181
"BaselineSweep",5000,1,25,164.033,164.022,2.184,158.991,1,0,0.767,4.276,,4943,58,4746
"BaselineSweep",5000,1,26,162.852,162.861,2.096,159.777,1,0,0.407,2.669,,4980,57,4743
"BaselineSweep",5000,1,27,401.650,401.568,2.143,159.841,1,0,0.421,241.388,,4923,58,4748
"BaselineSweep",5000,1,28,158.340,158.425,2.136,155.407,1,0,0.550,2.383,,4523,58,4320
"BaselineSweep",5000,1,29,156.468,156.436,0.000,152.226,1,0,0.434,3.807,,5289,57,5216
"BaselineSweep",5000,1,30,153.494,153.513,2.161,149.692,1,0,0.552,3.249,,4955,58,4783
"BaselineSweep",5000,1,31,158.512,158.516,2.109,155.134,1,0,0.575,2.803,,4933,58,4800
"BaselineSweep",5000,1,32,419.240,419.138,2.173,158.086,1,0,0.420,260.735,,4928,57,4835
"BaselineSweep",5000,1,33,156.299,156.398,2.119,152.464,1,0,0.537,3.298,,4595,57,4448
"BaselineSweep",5000,1,34,153.082,153.048,0.000,148.284,1,0,0.544,4.253,,5234,58,5072
"BaselineSweep",5000,1,35,154.120,154.152,2.138,150.827,1,0,0.530,2.764,,4912,58,4765
"BaselineSweep",5000,1,36,157.383,157.381,2.114,154.108,1,0,0.439,2.837,,4945,58,4796
"BaselineSweep",5000,1,37,431.780,431.713,2.143,154.106,1,0,0.559,277.114,,4926,58,4815
"BaselineSweep",5000,1,38,152.014,152.080,2.140,148.537,1,0,0.567,2.910,,4566,58,4383
"BaselineSweep",5000,1,39,152.789,152.595,0.000,148.941,1,0,0.534,3.315,,5295,58,5127
"BaselineSweep",5000,1,40,160.724,160.874,2.175,156.107,1,0,0.709,3.909,,4928,58,4773
"BaselineSweep",5000,1,41,163.747,163.784,2.158,160.289,1,0,0.540,2.918,,4935,58,4772
"BaselineSweep",5000,1,42,402.538,402.499,2.121,157.403,1,0,0.423,244.712,,4912,58,4762
"BaselineSweep",5000,1,43,161.622,161.654,2.435,156.068,1,0,0.408,5.146,,4368,58,4215
"BaselineSweep",5000,1,44,162.365,162.328,0.000,157.272,1,0,0.757,4.336,,5449,58,5362
"BaselineSweep",5000,1,45,160.408,160.444,2.148,156.894,1,0,0.533,2.981,,4971,58,4812
"BaselineSweep",5000,1,46,159.419,159.414,2.108,154.562,1,0,0.559,4.298,,4953,58,4814
"BaselineSweep",5000,1,47,425.260,425.201,2.110,152.447,1,0,0.539,272.274,,4931,58,4799
"BaselineSweep",5000,1,48,155.405,155.420,2.139,150.165,1,0,0.565,4.674,,4681,58,4490
"BaselineSweep",5000,1,49,161.261,161.305,0.000,158.312,1,0,0.422,2.526,,5263,58,5122
"BaselineSweep",5000,1,50,159.953,159.920,2.177,154.852,1,0,0.421,4.681,,4921,58,4699
"BaselineSweep",5000,1,51,162.300,162.303,2.206,158.634,1,0,0.542,3.124,,4992,58,4789
"BaselineSweep",5000,1,52,413.022,412.955,2.127,152.265,1,0,0.537,260.220,,4904,58,4742
"BaselineSweep",5000,1,53,153.701,153.792,2.119,150.431,1,0,0.536,2.733,,4471,58,4251
"BaselineSweep",5000,1,54,158.306,158.303,0.000,154.587,1,0,0.532,3.188,,5400,58,5351
"BaselineSweep",5000,1,55,157.633,157.627,2.186,153.939,1,0,0.541,3.153,,4986,58,4771
"BaselineSweep",5000,1,56,164.122,164.127,2.102,159.491,1,0,0.539,4.092,,4910,58,4767
"BaselineSweep",5000,1,57,423.339,423.202,2.130,156.531,1,0,0.435,266.373,,4790,58,4771
"BaselineSweep",5000,1,58,164.576,164.705,2.163,160.031,1,0,0.564,3.980,,4466,58,4279
"BaselineSweep",5000,1,59,164.238,164.234,0.000,159.374,1,0,0.567,4.297,,5420,58,5202
"BaselineSweep",5000,1,60,171.151,171.134,2.172,166.716,1,0,0.663,3.773,,4938,58,4808
"BaselineSweep",5000,1,61,160.835,160.853,2.152,158.189,1,0,0.523,2.123,,4959,58,4776
"BaselineSweep",5000,1,62,158.336,158.324,2.143,154.746,1,0,0.515,3.076,,4960,58,4837
"BaselineSweep",5000,1,63,165.947,165.944,2.116,159.963,1,0,0.431,5.553,,4901,58,4731
"BaselineSweep",5000,1,64,162.811,162.769,2.379,158.552,1,0,0.521,3.738,,4917,58,4692
"BaselineSweep",5000,1,65,419.165,419.153,2.111,158.569,1,0,0.535,260.061,,4933,57,4812
"BaselineSweep",5000,1,66,163.513,163.536,2.143,158.194,1,0,0.538,4.782,,4972,58,4747
"BaselineSweep",5000,1,67,165.094,165.108,2.123,159.194,1,0,0.551,5.348,,4940,58,4803
"BaselineSweep",5000,1,68,170.446,170.460,2.180,166.778,1,0,0.481,3.187,,4737,58,4717
"BaselineSweep",5000,1,69,163.035,163.035,2.098,156.611,1,0,0.970,5.454,,4933,58,4783
"BaselineSweep",5000,1,70,405.795,405.666,2.176,156.449,1,0,0.537,248.809,,4912,58,4703
"BaselineSweep",5000,1,71,165.666,165.755,2.135,160.903,1,0,0.512,4.251,,4425,58,4381
"BaselineSweep",5000,1,72,161.915,161.945,0.000,156.825,1,0,0.565,4.526,,5355,57,9492
"BaselineSweep",5000,1,73,163.566,163.566,2.337,160.052,1,0,0.560,2.954,,4872,58,4731
"BaselineSweep",5000,1,74,157.011,157.011,2.129,154.000,1,0,0.417,2.594,,4941,58,4806
"BaselineSweep",5000,1,75,409.364,409.266,2.223,160.720,1,0,0.553,248.091,,4975,58,4820
"BaselineSweep",5000,1,76,158.561,158.657,2.155,156.170,1,0,0.426,1.964,,4550,57,4300
"BaselineSweep",5000,1,77,167.135,167.132,0.000,164.188,1,0,0.403,2.544,,5336,56,5193
"BaselineSweep",5000,1,78,159.273,159.274,2.171,156.043,1,0,0.554,2.676,,4957,58,4705
"BaselineSweep",5000,1,79,163.771,163.750,2.140,158.561,1,0,0.716,4.494,,4917,57,4802
"BaselineSweep",5000,1,80,416.092,416.051,2.137,155.245,1,0,0.430,260.417,,4946,58,4752
"BaselineSweep",5000,1,81,166.164,166.209,2.124,159.759,1,0,0.559,5.846,,4691,58,4476
"BaselineSweep",5000,1,82,161.071,161.078,0.000,157.665,1,0,0.550,2.855,,5226,57,5044
"BaselineSweep",5000,1,83,168.318,168.293,2.166,163.972,1,0,0.462,3.884,,4950,58,4771
"BaselineSweep",5000,1,84,165.302,165.326,2.179,161.647,1,0,0.578,3.078,,4937,57,4828
"BaselineSweep",5000,1,85,404.881,404.773,2.108,157.506,1,0,0.540,246.835,,4953,58,4810
"BaselineSweep",5000,1,86,171.791,171.893,2.109,166.532,1,0,0.526,4.734,,4968,58,4796
"BaselineSweep",5000,1,87,169.035,169.030,2.177,163.776,1,0,0.560,4.699,,4970,58,4697
"BaselineSweep",5000,1,88,170.125,170.101,2.150,165.870,1,0,0.467,3.789,,4915,58,4724
"BaselineSweep",5000,1,89,163.658,163.672,2.083,158.088,1,0,0.563,5.007,,4941,58,4795
"BaselineSweep",5000,1,90,158.355,158.351,2.114,154.348,1,0,0.534,3.474,,4933,57,4709
"BaselineSweep",5000,1,91,161.648,161.658,2.138,156.023,1,0,0.537,5.088,,4976,58,4748
"BaselineSweep",5000,1,92,160.764,160.759,2.142,157.122,1,0,0.459,3.182,,4987,58,4707
"BaselineSweep",5000,1,93,422.898,422.736,2.106,157.009,1,0,0.452,265.437,,4951,58,4743
"BaselineSweep",5000,1,94,160.145,160.257,2.093,155.177,1,0,0.451,4.517,,4946,58,4781
"BaselineSweep",5000,1,95,166.647,166.654,2.125,161.695,1,0,0.526,4.425,,4978,58,4756
"BaselineSweep",5000,1,96,160.860,160.856,2.165,155.503,1,0,0.581,4.776,,4937,58,4736
"BaselineSweep",5000,1,97,159.864,159.907,2.183,156.826,1,0,0.436,2.602,,4924,58,4750
"BaselineSweep",5000,1,98,158.246,158.241,2.112,153.980,1,0,0.572,3.695,,4952,58,4806
"BaselineSweep",5000,1,99,166.491,166.493,2.227,163.281,1,0,0.525,2.686,,4931,58,4812
"BaselineSweep",5000,1,100,158.222,158.221,2.106,155.167,1,0,0.445,2.611,,4947,58,4768
"BaselineSweep",5000,1,101,422.352,422.294,2.499,159.005,1,0,0.409,262.938,,4946,58,4822
"BaselineSweep",5000,1,102,165.154,165.148,2.129,159.705,1,0,0.565,4.883,,4853,58,4805
"BaselineSweep",5000,1,103,159.176,159.233,2.224,155.882,1,0,0.444,2.849,,4942,58,4780
"BaselineSweep",5000,1,104,161.080,161.077,2.185,158.101,1,0,0.422,2.557,,4889,58,4826
"BaselineSweep",5000,1,105,157.977,157.978,2.179,154.796,1,0,0.447,2.734,,4988,58,4819
"BaselineSweep",5000,1,106,402.204,402.170,2.129,160.746,1,0,0.569,240.889,,4915,58,4756
"BaselineSweep",5000,1,107,159.079,159.076,2.145,153.892,1,0,0.489,4.697,,4379,58,4337
"BaselineSweep",5000,1,108,156.442,156.473,0.000,153.614,1,0,0.573,2.256,,9799,58,5228
"BaselineSweep",5000,1,109,170.664,170.658,2.343,166.894,1,0,0.523,3.246,,4916,58,4794
"BaselineSweep",5000,1,110,160.853,160.855,2.113,157.355,1,0,0.439,3.060,,4924,58,4751
"BaselineSweep",5000,1,111,401.903,401.715,2.143,157.539,1,0,0.549,243.815,,4945,58,4800
"BaselineSweep",5000,1,112,170.217,170.387,2.133,166.944,1,0,0.536,2.737,,4951,58,4763
"BaselineSweep",5000,1,113,156.414,156.428,2.186,152.664,1,0,0.528,3.222,,4964,58,4742
"BaselineSweep",5000,1,114,161.975,161.951,2.183,157.554,1,0,0.398,4.022,,4921,57,4771
"BaselineSweep",5000,1,115,162.353,162.373,2.455,159.107,1,0,0.423,2.823,,4938,58,4768
"BaselineSweep",5000,1,116,162.003,161.996,2.177,158.067,1,0,0.563,3.373,,4945,58,4781
"BaselineSweep",5000,1,117,161.620,161.622,2.136,158.576,1,0,0.436,2.608,,4937,58,4743
"BaselineSweep",5000,1,118,160.405,160.405,2.158,157.423,1,0,0.400,2.581,,4943,58,4784
"BaselineSweep",5000,1,119,420.297,420.200,2.144,157.669,1,0,0.423,262.206,,4976,58,4790
"BaselineSweep",5000,1,120,167.035,167.105,2.119,162.387,1,0,0.569,4.079,,4733,58,4556
"BaselineSweep",5000,1,121,155.509,155.530,0.000,151.804,1,0,0.560,3.145,,5196,58,5005
"BaselineSweep",5000,1,122,157.826,157.816,2.150,152.255,1,0,0.463,5.109,,4967,58,4787
"BaselineSweep",5000,1,123,161.279,161.256,2.108,156.716,1,0,0.470,4.093,,4816,57,4714
"BaselineSweep",5000,1,124,416.274,416.187,2.235,158.076,1,0,0.565,257.633,,5008,58,4819
"BaselineSweep",5000,1,125,157.226,157.320,2.120,153.849,1,0,0.445,2.932,,4369,58,4188
"BaselineSweep",5000,1,126,167.475,167.477,0.000,163.408,1,0,0.455,3.612,,5513,58,5324
"BaselineSweep",5000,1,127,164.248,164.256,2.192,160.945,1,0,0.463,2.840,,4952,58,4736
"BaselineSweep",5000,1,128,162.936,162.918,2.141,158.643,1,0,0.424,3.870,,4972,57,4792
"BaselineSweep",5000,1,129,412.730,412.717,2.114,163.246,1,0,0.473,249.011,,4964,57,4724
"BaselineSweep",5000,1,130,158.779,158.791,2.213,153.672,1,0,0.441,4.665,,4848,58,4785
"BaselineSweep",5000,1,131,163.980,163.989,0.000,160.735,1,0,0.460,2.785,,4971,58,4762
"BaselineSweep",5000,1,132,159.945,159.945,2.158,155.913,1,0,0.467,3.565,,4955,58,4782
"BaselineSweep",5000,1,133,161.516,161.510,2.094,157.382,1,0,0.483,3.650,,4972,57,4751
"BaselineSweep",5000,1,134,409.521,409.414,2.132,154.785,1,0,0.773,253.963,,4980,58,4760
"BaselineSweep",5000,1,135,174.739,174.844,2.172,169.187,1,0,0.478,5.074,,4656,58,4430
"BaselineSweep",5000,1,136,159.915,159.876,0.000,154.964,1,0,0.450,4.501,,5195,58,5014
"BaselineSweep",5000,1,137,164.559,164.597,2.143,161.295,1,0,0.558,2.706,,4950,58,4731
"BaselineSweep",5000,1,138,167.937,167.937,2.116,164.802,1,0,0.474,2.661,,4919,58,4723
"BaselineSweep",5000,1,139,398.275,398.187,2.118,155.277,1,0,0.449,242.549,,4918,58,4646
"BaselineSweep",5000,1,140,164.522,164.606,2.122,161.309,1,0,0.493,2.720,,4540,58,4328
"BaselineSweep",5000,1,141,164.662,164.660,0.000,161.505,1,0,0.446,2.711,,5305,58,5062
"BaselineSweep",5000,1,142,162.413,162.409,2.167,157.884,1,0,0.475,4.054,,4269,58,4786
"BaselineSweep",5000,1,143,162.139,162.102,2.124,157.723,1,0,0.410,4.006,,4985,58,4704
"BaselineSweep",5000,1,144,408.808,408.747,2.121,155.494,1,0,0.465,252.848,,4983,58,4734
"BaselineSweep",5000,1,145,163.510,163.599,2.162,159.012,1,0,0.480,4.019,,4961,58,4700
"BaselineSweep",5000,1,146,164.526,164.526,0.000,159.680,1,0,0.473,4.373,,4937,58,4688
"BaselineSweep",5000,1,147,159.951,159.952,2.153,156.880,1,0,0.461,2.610,,4947,57,4770
"BaselineSweep",5000,1,148,167.862,167.864,2.102,164.562,1,0,0.511,2.788,,4874,58,4750
"BaselineSweep",5000,1,149,392.999,392.961,2.166,152.022,1,0,0.435,240.543,,4957,58,4698
"BaselineSweep",5000,1,150,165.714,165.748,2.170,162.131,1,0,0.595,2.988,,4868,58,4770
"BaselineSweep",5000,1,151,161.153,161.139,0.000,155.413,1,0,0.466,5.274,,4914,58,4724
"BaselineSweep",5000,1,152,173.161,173.151,2.148,167.107,1,0,0.441,5.613,,4869,57,4679
"BaselineSweep",5000,1,153,162.184,162.175,2.091,157.232,1,0,0.642,4.310,,4946,58,4734
"BaselineSweep",5000,1,154,161.251,161.275,2.135,158.278,1,0,0.432,2.541,,4928,58,4679
"BaselineSweep",5000,1,155,161.527,161.523,2.165,158.220,1,0,0.492,2.815,,4944,58,4790
"BaselineSweep",5000,1,156,165.985,165.959,2.137,161.813,1,0,0.580,3.592,,4952,58,4757
"BaselineSweep",5000,1,157,170.346,170.368,2.135,167.297,1,0,0.467,2.582,,4962,58,4675
"BaselineSweep",5000,1,158,165.384,165.386,2.140,162.358,1,0,0.472,2.553,,4937,58,4801
"BaselineSweep",5000,1,159,155.948,155.944,2.121,152.951,1,0,0.439,2.558,,4944,58,4737
"BaselineSweep",5000,1,160,401.869,401.836,2.131,156.114,1,0,0.456,245.300,,4933,58,4741
"BaselineSweep",5000,1,161,163.027,163.053,2.141,159.571,1,0,0.473,2.983,,4970,56,4711
"BaselineSweep",5000,1,162,167.381,167.385,0.000,162.351,1,0,0.460,4.570,,4949,58,4738
"BaselineSweep",5000,1,163,171.913,171.913,2.150,168.691,1,0,0.471,2.752,,4982,58,4752
"BaselineSweep",5000,1,164,169.557,169.555,2.132,165.692,1,0,0.586,3.279,,4988,58,4816
"BaselineSweep",5000,1,165,171.521,171.519,2.131,167.548,1,0,0.587,3.386,,4952,58,4747
"BaselineSweep",5000,1,166,171.005,170.986,2.134,164.784,1,0,0.594,5.626,,4913,58,4703
"BaselineSweep",5000,1,167,172.430,172.437,2.115,167.738,1,0,0.635,4.057,,4908,57,4637
"BaselineSweep",5000,1,168,162.834,162.843,2.129,159.271,1,0,0.581,2.982,,4937,58,4712
"BaselineSweep",5000,1,169,170.028,170.026,2.120,166.488,1,0,0.570,2.970,,4874,58,4772
"BaselineSweep",5000,1,170,170.236,170.232,2.166,166.600,1,0,0.589,3.047,,4930,58,4751
"BaselineSweep",5000,1,171,168.254,168.233,2.102,162.598,1,0,0.473,5.183,,4902,58,4721
"BaselineSweep",5000,1,172,162.282,162.280,2.112,157.189,1,0,0.573,4.520,,4947,58,4736
"BaselineSweep",5000,1,173,171.745,171.764,2.215,168.614,1,0,0.462,2.670,,4910,58,4707
"BaselineSweep",5000,1,174,170.728,170.671,2.264,166.143,1,0,0.482,4.103,,4062,58,4800
"BaselineSweep",5000,1,175,161.712,161.765,2.232,157.808,1,0,0.582,3.322,,4934,58,4772
"BaselineSweep",5000,1,176,173.976,173.974,2.848,169.211,1,0,0.402,4.364,,4914,58,4707
"BaselineSweep",5000,1,177,404.907,404.809,2.858,158.031,1,0,0.427,246.449,,4937,58,4708
"BaselineSweep",5000,1,178,162.131,162.224,2.745,156.911,1,0,0.576,4.645,,4653,58,4465
"BaselineSweep",5000,1,179,169.286,169.278,0.000,162.473,1,0,0.467,6.346,,5275,58,5114
"BaselineSweep",5000,1,180,165.604,165.612,2.245,163.059,1,0,0.461,2.084,,4944,58,4751
"BaselineSweep",5000,1,181,164.579,164.535,2.221,159.249,1,0,0.584,4.746,,4933,58,4819
"BaselineSweep",5000,1,182,392.917,392.897,2.224,162.391,1,0,0.403,230.123,,4921,58,4798
"BaselineSweep",5000,1,183,162.046,162.104,2.212,158.876,1,0,0.399,2.771,,4413,58,4197
"BaselineSweep",5000,1,184,166.482,166.451,0.000,161.948,1,0,0.463,4.072,,5524,58,5344
"BaselineSweep",5000,1,185,161.793,161.799,2.188,156.140,1,0,0.563,5.090,,4962,58,4768
"BaselineSweep",5000,1,186,163.290,163.310,2.089,159.884,1,0,0.462,2.944,,4979,58,4752
"BaselineSweep",5000,1,187,411.066,410.984,2.157,161.598,1,0,0.579,248.889,,4916,58,4770
"BaselineSweep",5000,1,188,168.799,168.870,2.124,164.164,1,0,0.440,4.195,,4959,58,4750
"BaselineSweep",5000,1,189,159.215,159.218,2.125,153.589,1,0,0.557,5.069,,4974,57,4780
"BaselineSweep",5000,1,190,169.710,169.710,2.187,165.930,1,0,0.562,3.219,,4937,58,4815
"BaselineSweep",5000,1,191,162.083,162.082,2.343,157.985,1,0,0.449,3.649,,4982,58,4816
"BaselineSweep",5000,1,192,161.485,161.448,2.133,156.809,1,0,0.445,4.231,,4958,58,4766
"BaselineSweep",5000,1,193,171.613,171.645,2.131,166.547,1,0,0.456,4.610,,4974,57,4774
"BaselineSweep",5000,1,194,159.036,158.989,2.124,154.580,1,0,0.418,4.037,,4939,58,4735
"BaselineSweep",5000,1,195,415.523,415.496,2.147,165.074,1,0,0.547,249.902,,4946,58,4713
"BaselineSweep",5000,1,196,165.863,165.930,2.144,159.746,1,0,0.572,5.546,,4773,58,4638
"BaselineSweep",5000,1,197,167.266,167.266,0.000,163.502,1,0,0.562,3.202,,5141,58,4927
"BaselineSweep",5000,1,198,160.268,160.270,2.200,156.789,1,0,0.550,2.929,,4932,58,4774
"BaselineSweep",5000,1,199,164.286,164.270,2.292,159.764,1,0,0.433,4.089,,4982,58,4802
"BaselineSweep",5000,1,200,165.862,165.861,2.139,160.974,1,0,0.571,4.316,,4969,58,4811
"BaselineSweep",5000,1,201,159.093,159.105,2.134,156.038,1,0,0.406,2.649,,4971,58,4772
"BaselineSweep",5000,1,202,159.518,159.515,2.138,156.082,1,0,0.531,2.905,,4957,58,4770
"BaselineSweep",5000,1,203,162.514,162.511,2.131,159.529,1,0,0.436,2.549,,4982,58,4733
"BaselineSweep",5000,1,204,161.927,161.928,2.115,158.333,1,0,0.552,3.042,,4979,57,4782
"BaselineSweep",5000,1,205,162.498,162.467,2.109,156.937,1,0,0.568,4.994,,4918,58,4773
"BaselineSweep",5000,1,206,409.333,409.225,2.138,157.327,1,0,0.538,251.467,,4948,58,4757
"BaselineSweep",5000,1,207,163.706,163.825,2.100,157.856,1,0,0.563,5.287,,4930,58,4744
"BaselineSweep",5000,1,208,164.063,164.046,2.139,160.545,1,0,0.580,2.939,,4955,58,4760
"BaselineSweep",5000,1,209,163.281,163.307,2.173,159.379,1,0,0.559,3.343,,4956,57,4772
"BaselineSweep",5000,1,210,165.864,165.838,2.155,161.410,1,0,0.450,4.005,,4943,58,4811
"BaselineSweep",5000,1,211,421.880,421.750,2.150,163.285,1,0,0.557,258.037,,4902,58,4705
"BaselineSweep",5000,1,212,164.491,164.642,2.134,160.573,1,0,0.563,3.356,,4851,58,4723
"BaselineSweep",5000,1,213,164.821,164.822,2.104,161.848,1,0,0.406,2.567,,4948,58,4785
"BaselineSweep",5000,1,214,159.580,159.577,2.234,156.493,1,0,0.450,2.637,,4966,58,4711
"BaselineSweep",5000,1,215,168.843,168.840,2.127,165.768,1,0,0.440,2.635,,4936,58,4812
"BaselineSweep",5000,1,216,387.394,387.287,2.154,160.125,1,0,0.429,226.840,,4980,58,4793
"BaselineSweep",5000,1,217,163.567,163.617,2.127,158.306,1,0,0.566,4.695,,4544,58,4346
"BaselineSweep",5000,1,218,159.258,159.310,0.000,156.874,1,0,0.472,1.911,,5399,58,5413
"BaselineSweep",5000,1,219,165.474,165.470,2.147,161.380,1,0,0.561,3.533,,4949,58,4811
"BaselineSweep",5000,1,220,175.822,175.795,2.137,170.665,1,0,0.474,4.683,,4966,58,4806
"BaselineSweep",5000,1,221,400.296,400.291,2.118,169.772,1,0,0.453,230.071,,4997,58,4771
"BaselineSweep",5000,1,222,159.602,159.632,2.167,156.526,1,0,0.452,2.624,,4717,58,4582
"BaselineSweep",5000,1,223,162.430,162.415,0.000,157.367,1,0,0.568,4.495,,5140,58,4954
"BaselineSweep",5000,1,224,160.350,160.324,2.178,155.692,1,0,0.571,4.087,,4942,58,4783
"BaselineSweep",5000,1,225,163.543,163.550,2.107,158.872,1,0,0.455,4.217,,4924,58,4730
"BaselineSweep",5000,1,226,400.107,400.026,2.137,153.525,1,0,0.552,246.031,,4948,58,4786
"BaselineSweep",5000,1,227,159.647,159.752,2.144,156.086,1,0,0.463,3.098,,4684,58,4470
"BaselineSweep",5000,1,228,161.981,161.981,0.000,159.571,1,0,0.494,1.917,,5228,58,5031
"BaselineSweep",5000,1,229,160.231,160.179,2.153,154.358,1,0,0.446,5.427,,4950,58,4813
"BaselineSweep",5000,1,230,160.988,161.032,2.137,156.364,1,0,0.452,4.172,,4918,58,4794
"BaselineSweep",5000,1,231,420.908,420.830,2.152,164.742,1,0,0.584,255.582,,4922,58,4746
"BaselineSweep",5000,1,232,171.842,171.915,2.139,167.856,1,0,0.543,3.444,,4840,58,4802
"BaselineSweep",5000,1,233,159.302,159.305,0.000,156.824,1,0,0.444,2.034,,4937,58,4806
"BaselineSweep",5000,1,234,161.609,161.610,2.212,158.472,1,0,0.436,2.701,,4992,58,4761
"BaselineSweep",5000,1,235,171.803,171.799,2.140,168.377,1,0,0.476,2.950,,4993,58,4802
"BaselineSweep",5000,1,236,398.087,397.975,2.163,159.543,1,0,0.553,237.991,,4935,58,4839
"BaselineSweep",5000,1,237,161.657,161.766,2.131,158.280,1,0,0.459,2.917,,4785,58,4637
"BaselineSweep",5000,1,238,161.189,161.184,0.000,158.958,1,0,0.399,1.832,,5105,58,4938
"BaselineSweep",5000,1,239,160.493,160.474,2.202,155.943,1,0,0.484,4.066,,4937,58,4774
"BaselineSweep",5000,1,240,165.451,165.463,2.123,160.584,1,0,0.455,4.411,,4997,58,4831
"BaselineSweep",5000,1,241,396.372,396.336,2.141,159.669,1,0,0.561,236.142,,4940,58,4797
"BaselineSweep",5000,1,242,158.367,158.404,2.133,154.686,1,0,0.529,3.153,,4195,58,4007
"BaselineSweep",5000,1,243,169.995,169.992,0.000,166.616,1,0,0.407,2.972,,5283,58,5524
"BaselineSweep",5000,1,244,172.020,172.013,2.196,166.320,1,0,0.444,5.255,,4976,58,4826
"BaselineSweep",5000,1,245,164.197,164.205,2.112,160.956,1,0,0.413,2.828,,4975,58,4813
"BaselineSweep",5000,1,246,400.283,400.246,2.115,157.070,1,0,1.096,242.118,,4943,58,4753
"BaselineSweep",5000,1,247,167.894,167.877,2.140,161.803,1,0,0.564,5.527,,4526,57,4391
"BaselineSweep",5000,1,248,166.521,166.556,0.000,161.755,1,0,0.541,4.225,,5326,58,5148
"BaselineSweep",5000,1,249,164.570,164.570,2.186,160.723,1,0,0.435,3.412,,4989,58,4841
"BaselineSweep",5000,1,250,168.968,168.977,2.136,165.884,1,0,0.473,2.611,,4952,58,4807
"BaselineSweep",5000,1,251,168.095,168.078,2.143,164.095,1,0,0.689,3.311,,4949,58,4802
"BaselineSweep",5000,1,252,163.991,164.008,2.121,160.677,1,0,0.526,2.788,,4953,58,4773
"BaselineSweep",5000,1,253,167.613,167.574,2.151,162.638,1,0,0.573,4.402,,4928,58,4741
"BaselineSweep",5000,1,254,177.641,177.674,2.139,174.036,1,0,0.517,3.088,,4956,58,4716
"BaselineSweep",5000,1,255,165.239,165.238,2.139,162.035,1,0,0.462,2.742,,4944,58,4738
"BaselineSweep",5000,1,256,170.094,170.093,2.125,166.391,1,0,0.556,3.147,,4915,58,4740
"BaselineSweep",5000,1,257,161.708,161.704,2.149,157.841,1,0,0.536,3.331,,4874,58,4768
"BaselineSweep",5000,1,258,165.010,164.992,2.130,159.226,1,0,0.573,5.212,,4980,58,4716
"BaselineSweep",5000,1,259,170.973,170.949,2.133,165.723,1,0,0.515,4.734,,4963,58,4803
"BaselineSweep",5000,1,260,167.035,167.072,2.139,163.544,1,0,0.611,2.880,,4980,58,4783
"BaselineSweep",5000,1,261,167.427,167.412,2.169,161.382,1,0,0.560,5.485,,4956,58,4774
"BaselineSweep",5000,1,262,175.076,175.047,2.161,169.902,1,0,0.458,4.717,,4896,58,4714
"BaselineSweep",5000,1,263,170.940,170.977,2.136,167.027,1,0,0.586,3.327,,4883,57,4800
"BaselineSweep",5000,1,264,166.485,166.434,2.123,161.847,1,0,0.528,4.110,,4941,58,4831
"BaselineSweep",5000,1,265,161.214,161.252,2.162,158.182,1,0,0.486,2.545,,4965,58,4723
"BaselineSweep",5000,1,266,162.006,162.012,2.132,158.897,1,0,0.463,2.647,,4959,58,4790
"BaselineSweep",5000,1,267,164.233,164.227,2.140,158.103,1,0,0.452,5.678,,4965,58,4813
"BaselineSweep",5000,1,268,166.062,166.068,2.706,162.662,1,0,0.582,2.818,,4939,58,4714
"BaselineSweep",5000,1,269,391.469,391.363,6.377,161.927,1,0,0.587,228.955,,4898,58,4801
"BaselineSweep",5000,1,270,160.095,160.199,2.256,157.549,1,0,0.419,2.127,,4412,58,4232
"BaselineSweep",5000,1,271,169.935,169.922,0.000,164.971,1,0,0.555,4.408,,5475,58,5250
"BaselineSweep",5000,1,272,165.703,165.698,2.182,161.120,1,0,0.676,3.907,,4916,58,4760
"BaselineSweep",5000,1,273,166.973,166.989,2.126,163.331,1,0,0.591,3.051,,4953,57,4785
"BaselineSweep",5000,1,274,387.813,387.734,2.119,173.366,1,0,0.462,213.984,,4939,58,4760
"BaselineSweep",5000,1,275,169.008,169.080,2.161,165.144,1,0,0.554,3.310,,4993,56,4791
"BaselineSweep",5000,1,276,164.828,164.772,2.165,160.370,1,0,0.403,4.054,,4917,58,4802
"BaselineSweep",5000,1,277,163.289,163.319,2.187,157.992,1,0,0.842,4.455,,4961,58,4808
"BaselineSweep",5000,1,278,159.934,159.955,2.103,156.789,1,0,0.459,2.686,,4973,58,4812
"BaselineSweep",5000,1,279,162.085,162.082,2.124,158.994,1,0,0.414,2.677,,4613,58,4751
"BaselineSweep",5000,1,280,163.346,163.305,2.140,158.732,1,0,0.466,4.148,,4976,58,4903
"BaselineSweep",5000,1,281,164.047,164.085,2.131,160.317,1,0,0.458,3.272,,4920,58,4776
"BaselineSweep",5000,1,282,402.620,402.487,2.170,156.303,1,0,0.571,245.746,,4948,58,4792
"BaselineSweep",5000,1,283,167.042,167.157,2.163,162.949,1,0,0.570,3.523,,4592,57,4397
"BaselineSweep",5000,1,284,169.761,169.761,0.000,166.523,1,0,0.483,2.755,,9938,58,5202
"BaselineSweep",5000,1,285,162.067,162.068,2.160,158.984,1,0,0.470,2.613,,4977,58,4842
"BaselineSweep",5000,1,286,163.177,163.176,2.275,159.894,1,0,0.491,2.792,,4987,58,4779
"BaselineSweep",5000,1,287,172.239,172.242,2.168,168.695,1,0,0.500,3.044,,4969,58,4770
"BaselineSweep",5000,1,288,164.019,164.020,7.472,160.169,1,0,0.577,3.273,,4988,58,4784
"BaselineSweep",5000,1,289,165.651,165.651,2.162,162.851,1,0,0.562,2.238,,4902,58,4764
"BaselineSweep",5000,1,290,403.292,403.200,2.250,156.681,1,0,0.448,246.163,,4935,58,4889
"BaselineSweep",5000,1,291,168.481,168.560,2.187,163.297,1,0,0.561,4.623,,3800,50,3664
"BaselineSweep",5000,1,292,170.157,170.160,2.256,165.432,1,0,0.408,4.317,,6123,65,5838
"BaselineSweep",5000,1,293,164.555,164.557,2.216,160.098,1,0,0.458,3.999,,4961,58,4786
"BaselineSweep",5000,1,294,170.492,170.493,2.239,167.071,1,0,0.744,2.677,,4958,58,4818
"BaselineSweep",5000,1,295,408.279,408.131,2.152,162.652,1,0,0.644,244.984,,4936,58,4815
"BaselineSweep",5000,1,296,160.643,160.788,2.140,157.690,1,0,0.444,2.510,,4626,58,4470
"BaselineSweep",5000,1,297,165.891,165.884,0.000,160.090,1,0,0.572,5.228,,5317,58,5120
"BaselineSweep",5000,1,298,158.851,158.856,2.262,155.476,1,0,0.541,2.834,,4915,57,4688
"BaselineSweep",5000,1,299,167.088,167.085,2.134,163.548,1,0,0.530,3.009,,4990,58,4776
"BaselineSweep",10000,1,0,645.106,645.103,22.740,639.863,1,0,0.945,4.298,,9821,108,9433
"BaselineSweep",10000,1,1,651.954,651.853,20.411,647.177,1,0,0.947,3.831,,9910,108,9318
"BaselineSweep",10000,1,2,645.405,645.360,20.566,639.157,1,0,1.073,5.175,,9826,108,9494
"BaselineSweep",10000,1,3,639.059,639.159,18.555,633.424,1,0,1.256,4.379,,9839,108,9379
"BaselineSweep",10000,1,4,653.156,653.152,5.157,647.406,1,0,0.948,4.803,,9825,108,9385
"BaselineSweep",10000,1,5,647.024,646.977,20.376,640.175,1,0,1.205,5.645,,9813,106,9436
"BaselineSweep",10000,1,6,658.616,658.636,20.384,652.139,1,0,0.927,5.550,,9799,108,9405
"BaselineSweep",10000,1,7,650.212,650.239,20.406,644.774,1,0,1.222,4.217,,9910,108,9326
"BaselineSweep",10000,1,8,647.121,647.117,4.233,641.877,1,0,1.127,4.116,,9804,108,9350
"BaselineSweep",10000,1,9,646.360,646.357,4.046,640.446,1,0,0.927,4.987,,9919,108,9452
"BaselineSweep",10000,1,10,656.511,656.498,4.507,648.381,1,0,1.084,7.046,,9786,108,9517
"BaselineSweep",10000,1,11,639.978,639.986,18.979,634.429,1,0,0.973,4.576,,9808,108,9395
"BaselineSweep",10000,1,12,643.206,643.204,20.448,637.101,1,0,0.961,5.145,,9843,108,9341
"BaselineSweep",10000,1,13,662.289,662.290,5.159,656.591,1,0,0.944,4.755,,9861,107,9305
"BaselineSweep",10000,1,14,637.255,637.208,4.026,631.530,1,0,0.913,4.812,,9132,107,9384
"BaselineSweep",10000,1,15,644.731,644.764,4.335,637.406,1,0,2.389,4.936,,9895,108,9344
"BaselineSweep",10000,1,16,634.486,634.491,4.036,628.629,1,0,1.054,4.803,,9881,108,9464
"BaselineSweep",10000,1,17,631.739,631.732,4.093,622.800,1,0,1.231,7.708,,9882,108,9348
"BaselineSweep",10000,1,18,636.045,636.051,4.080,631.088,1,0,0.892,4.065,,9795,107,9281
"BaselineSweep",10000,1,19,642.439,642.437,4.047,636.957,1,0,1.193,4.289,,9818,108,9422
"BaselineSweep",10000,1,20,631.699,631.699,4.036,626.443,1,0,0.942,4.314,,9751,108,9343
"BaselineSweep",10000,1,21,645.747,645.726,4.326,639.963,1,0,0.914,4.870,,9699,108,9390
"BaselineSweep",10000,1,22,651.135,651.131,4.049,643.063,1,0,1.214,6.859,,9834,108,9340
"BaselineSweep",10000,1,23,639.768,639.741,20.575,632.983,1,0,1.176,5.609,,9871,107,9281
"BaselineSweep",10000,1,24,649.646,649.691,20.378,641.186,1,0,1.297,7.163,,9793,108,9351
"BaselineSweep",10000,1,25,645.963,645.961,4.026,638.525,1,0,0.896,6.542,,9758,108,9386
"BaselineSweep",10000,1,26,630.494,630.487,4.074,622.233,1,0,1.045,7.217,,9896,108,9378
"BaselineSweep",10000,1,27,643.463,643.464,4.059,635.173,1,0,1.178,7.112,,9878,108,9413
"BaselineSweep",10000,1,28,651.820,651.816,5.996,646.794,1,0,0.949,4.077,,9826,107,9368
"BaselineSweep",10000,1,29,651.811,651.818,20.579,646.440,1,0,0.907,4.464,,9645,108,9366
"BaselineSweep",10000,1,30,649.390,649.379,4.022,644.778,1,0,0.926,3.686,,6729,107,9441
"BaselineSweep",10000,1,31,655.715,655.722,4.052,650.477,1,0,0.940,4.299,,9880,108,9421
"BaselineSweep",10000,1,32,647.439,647.433,4.085,641.629,1,0,1.210,4.600,,9806,107,9414
"BaselineSweep",10000,1,33,638.743,638.693,20.676,634.170,1,0,0.969,3.604,,9836,108,9409
"BaselineSweep",10000,1,34,643.289,643.340,20.367,637.453,1,0,0.938,4.898,,9835,108,9468
"BaselineSweep",10000,1,35,643.791,643.767,20.685,636.447,1,0,0.974,6.371,,9799,108,9352
"BaselineSweep",10000,1,36,651.548,651.547,20.474,645.425,1,0,1.017,5.107,,9820,108,9472
"BaselineSweep",10000,1,37,630.903,630.920,20.740,625.687,1,0,0.986,4.230,,9776,108,9294
"BaselineSweep",10000,1,38,634.270,634.266,20.361,629.343,1,0,0.939,3.988,,9578,108,9375
"BaselineSweep",10000,1,39,618.984,618.983,20.738,613.449,1,0,0.985,4.550,,9941,108,9488
"BaselineSweep",10000,1,40,640.034,640.029,20.430,632.081,1,0,0.951,7.003,,9887,108,9311
"BaselineSweep",10000,1,41,642.119,642.122,20.516,636.963,1,0,0.944,4.212,,9839,107,9372
"BaselineSweep",10000,1,42,642.002,641.998,5.945,636.738,1,0,0.948,4.315,,9766,108,9334
"BaselineSweep",10000,1,43,643.527,643.526,14.451,638.360,1,0,0.948,4.219,,9871,108,9319
"BaselineSweep",10000,1,44,652.183,652.178,16.649,646.412,1,0,0.947,4.823,,9818,108,9434
"BaselineSweep",10000,1,45,636.577,636.576,4.549,628.397,1,0,1.100,7.081,,9904,108,9523
"BaselineSweep",10000,1,46,636.422,636.421,20.415,631.242,1,0,0.951,4.229,,9928,107,9301
"BaselineSweep",10000,1,47,644.327,644.331,5.154,638.847,1,0,0.944,4.537,,9858,108,9452
"BaselineSweep",10000,1,48,645.938,645.934,4.040,640.625,1,0,0.952,4.361,,9698,108,9370
"BaselineSweep",10000,1,49,648.761,648.757,4.106,644.034,1,0,0.953,3.775,,9811,108,9392
"BaselineSweep",10000,1,50,656.751,656.752,4.046,651.520,1,0,0.954,4.277,,9865,108,9384
"BaselineSweep",10000,1,51,650.905,650.901,4.047,645.867,1,0,1.020,4.018,,9874,105,9471
"BaselineSweep",10000,1,52,659.964,659.943,4.243,652.224,1,0,1.693,6.046,,9852,108,9191
"BaselineSweep",10000,1,53,657.706,657.728,4.018,652.140,1,0,1.060,4.506,,9823,108,9441
"BaselineSweep",10000,1,54,652.937,652.857,4.357,644.814,1,0,1.224,6.899,,9942,108,9423
"BaselineSweep",10000,1,55,674.098,674.165,4.043,667.163,1,0,2.530,4.406,,9863,108,9312
"BaselineSweep",10000,1,56,648.968,648.974,4.479,643.005,1,0,1.265,4.698,,9773,108,9403
"BaselineSweep",10000,1,57,670.972,670.968,4.039,661.962,1,0,0.974,8.036,,9900,108,9464
"BaselineSweep",10000,1,58,657.812,657.764,4.032,651.253,1,0,0.957,5.602,,9719,108,9380
"BaselineSweep",10000,1,59,647.721,647.770,4.182,642.490,1,0,0.979,4.252,,9948,108,9474
"BaselineSweep",10000,1,60,654.543,654.537,4.030,648.259,1,0,1.257,5.027,,9871,108,9421
"BaselineSweep",10000,1,61,657.689,657.690,4.246,651.882,1,0,1.398,4.410,,9873,108,9471
"BaselineSweep",10000,1,62,652.963,652.964,4.040,647.556,1,0,1.159,4.247,,9886,108,9434
"BaselineSweep",10000,1,63,643.433,643.427,4.093,637.951,1,0,0.962,4.520,,9921,108,9378
"BaselineSweep",10000,1,64,657.303,657.304,4.060,652.117,1,0,0.952,4.234,,9947,108,9565
"BaselineSweep",10000,1,65,653.380,653.376,4.270,647.595,1,0,1.231,4.553,,9842,107,9331
"BaselineSweep",10000,1,66,651.283,651.284,4.067,645.470,1,0,1.143,4.670,,9893,108,9611
"BaselineSweep",10000,1,67,646.827,646.823,4.061,640.876,1,0,0.911,5.040,,9906,108,9427
"BaselineSweep",10000,1,68,631.763,631.744,4.241,625.744,1,0,0.917,5.102,,9846,108,9325
"BaselineSweep",10000,1,69,643.431,643.426,20.787,637.262,1,0,0.881,5.288,,9963,108,9387
"BaselineSweep",10000,1,70,656.504,656.527,4.127,651.010,1,0,0.913,4.581,,9810,108,9400
"BaselineSweep",10000,1,71,631.451,631.453,4.082,624.786,1,0,1.925,4.740,,9821,108,9351
"BaselineSweep",10000,1,72,634.185,634.178,4.011,628.167,1,0,0.895,5.123,,9884,108,9389
"BaselineSweep",10000,1,73,639.400,639.401,4.250,634.405,1,0,0.913,4.082,,9804,108,9297
"BaselineSweep",10000,1,74,632.164,632.164,15.806,626.259,1,0,1.273,4.631,,9773,108,9456
"BaselineSweep",10000,1,75,646.952,646.929,4.090,638.097,1,0,1.590,7.265,,9751,107,9325
"BaselineSweep",10000,1,76,647.104,647.120,4.053,641.513,1,0,1.397,4.193,,9868,108,9476
"BaselineSweep",10000,1,77,640.103,640.105,20.847,634.859,1,0,0.899,4.345,,9807,108,9306
"BaselineSweep",10000,1,78,639.331,639.328,19.469,633.765,1,0,0.924,4.642,,9906,108,9339
"BaselineSweep",10000,1,79,648.011,648.009,18.702,642.706,1,0,0.912,4.393,,9839,108,9444
"BaselineSweep",10000,1,80,656.262,656.258,20.552,648.557,1,0,1.105,6.600,,9783,107,9448
"BaselineSweep",10000,1,81,657.110,657.112,19.538,652.175,1,0,0.933,4.003,,9923,108,9310
"BaselineSweep",10000,1,82,637.735,637.731,19.509,632.764,1,0,0.916,4.055,,9860,108,9362
"BaselineSweep",10000,1,83,650.878,650.848,19.795,642.053,1,0,1.190,7.635,,9831,108,9422
"BaselineSweep",10000,1,84,635.569,635.570,4.785,627.897,1,0,1.207,6.465,,9821,108,9323
"BaselineSweep",10000,1,85,644.817,644.837,4.062,637.443,1,0,1.225,6.149,,9626,108,9314
"BaselineSweep",10000,1,86,650.580,650.585,4.275,646.497,1,0,0.945,3.139,,9920,108,9323
"BaselineSweep",10000,1,87,634.647,634.648,4.045,630.286,1,0,0.942,3.419,,9940,108,9299
"BaselineSweep",10000,1,88,640.502,640.492,19.609,632.804,1,0,1.109,6.589,,9832,108,9431
"BaselineSweep",10000,1,89,643.277,643.255,20.619,634.725,1,0,1.509,7.043,,9854,108,9238
"BaselineSweep",10000,1,90,626.511,626.535,4.228,620.782,1,0,1.190,4.539,,9414,108,9318
"BaselineSweep",10000,1,91,665.940,665.931,4.032,657.542,1,0,0.946,7.452,,9824,108,9292
"BaselineSweep",10000,1,92,653.522,653.515,4.074,647.493,1,0,0.902,5.126,,9927,107,9318
"BaselineSweep",10000,1,93,663.335,663.342,4.027,658.159,1,0,1.181,3.994,,9848,108,9296
"BaselineSweep",10000,1,94,648.968,648.970,19.065,643.132,1,0,1.169,4.666,,9764,107,9395
"BaselineSweep",10000,1,95,659.682,659.668,18.705,652.070,1,0,0.923,6.690,,9896,108,9278
"BaselineSweep",10000,1,96,647.535,647.544,19.322,642.249,1,0,1.170,4.116,,9922,108,9237
"BaselineSweep",10000,1,97,636.903,636.901,17.639,631.691,1,0,0.916,4.296,,9806,106,9363
"BaselineSweep",10000,1,98,636.526,636.529,20.430,631.244,1,0,0.900,4.382,,9828,108,9471
"BaselineSweep",10000,1,99,626.540,626.528,4.926,618.333,1,0,1.236,6.970,,9852,108,9400
"BaselineSweep",10000,1,100,634.693,634.676,5.327,629.185,1,0,0.957,4.551,,9854,107,9369
"BaselineSweep",10000,1,101,639.921,639.943,20.609,634.095,1,0,0.921,4.904,,9928,108,9500
"BaselineSweep",10000,1,102,638.516,638.434,19.203,631.663,1,0,1.229,5.625,,9852,108,9441
"BaselineSweep",10000,1,103,649.377,649.365,18.682,641.703,1,0,1.913,5.761,,9805,108,9254
"BaselineSweep",10000,1,104,637.888,637.954,19.249,631.246,1,0,1.107,5.535,,9835,108,9311
"BaselineSweep",10000,1,105,634.147,634.166,16.578,628.400,1,0,1.209,4.539,,9822,107,9348
"BaselineSweep",10000,1,106,655.249,655.245,19.078,648.835,1,0,1.224,5.190,,9823,108,9417
"BaselineSweep",10000,1,107,671.459,671.456,5.842,661.810,1,0,1.198,8.451,,9810,108,9407
"BaselineSweep",10000,1,108,664.781,664.783,20.401,659.737,1,0,0.918,4.125,,9936,108,9394
"BaselineSweep",10000,1,109,669.116,669.114,19.567,663.641,1,0,0.968,4.506,,9791,108,9333
"BaselineSweep",10000,1,110,659.575,659.574,4.965,654.303,1,0,0.922,4.351,,9731,108,9443
"BaselineSweep",10000,1,111,656.397,656.395,19.602,650.797,1,0,1.177,4.423,,9943,108,9400
"BaselineSweep",10000,1,112,672.061,672.063,19.726,666.314,1,0,1.221,4.525,,9983,108,9477
"BaselineSweep",10000,1,113,656.323,656.315,13.510,650.297,1,0,1.319,4.707,,9801,108,9280
"BaselineSweep",10000,1,114,644.592,644.591,18.918,636.765,1,0,0.906,6.922,,9792,108,9237
"BaselineSweep",10000,1,115,644.118,644.118,20.523,638.504,1,0,0.946,4.668,,9929,108,9407
"BaselineSweep",10000,1,116,644.114,644.107,19.386,636.586,1,0,0.920,6.608,,9842,108,9375
"BaselineSweep",10000,1,117,643.147,643.151,19.689,637.828,1,0,1.105,4.214,,9845,107,9282
"BaselineSweep",10000,1,118,634.930,634.928,4.908,629.846,1,0,0.962,4.121,,9839,108,9281
"BaselineSweep",10000,1,119,656.786,656.778,4.036,647.600,1,0,0.957,8.230,,9721,108,9322
"BaselineSweep",10000,1,120,648.976,648.979,4.072,641.605,1,0,1.485,5.886,,9838,107,9459
"BaselineSweep",10000,1,121,637.381,637.378,4.051,629.748,1,0,0.943,6.689,,9878,107,9368
"BaselineSweep",10000,1,122,648.079,648.072,4.214,641.363,1,0,0.960,5.757,,9854,108,9437
"BaselineSweep",10000,1,123,646.792,646.790,4.471,639.586,1,0,0.928,6.279,,9908,108,9376
"BaselineSweep",10000,1,124,643.741,643.747,4.062,638.729,1,0,0.929,4.083,,9817,108,9510
"BaselineSweep",10000,1,125,647.975,647.959,4.225,643.661,1,0,0.948,3.367,,9694,108,9390
"BaselineSweep",10000,1,126,653.929,653.942,4.075,648.355,1,0,0.967,4.607,,9984,108,9331
"BaselineSweep",10000,1,127,651.262,651.254,5.109,642.721,1,0,0.965,7.575,,9911,108,9352
"BaselineSweep",10000,1,128,653.461,653.467,4.244,648.467,1,0,0.935,4.059,,9685,107,9265
"BaselineSweep",10000,1,129,648.751,648.747,4.039,643.739,1,0,0.931,4.081,,9799,107,9331
"BaselineSweep",10000,1,130,649.055,649.052,4.069,642.433,1,0,0.926,5.697,,9834,108,9321
"BaselineSweep",10000,1,131,638.281,638.283,4.047,634.138,1,0,0.939,3.204,,9895,108,9372
"BaselineSweep",10000,1,132,637.935,637.931,12.837,633.754,1,0,0.931,3.250,,9927,108,9276
"BaselineSweep",10000,1,133,640.758,640.755,12.026,632.122,1,0,0.934,7.701,,9924,108,9198
"BaselineSweep",10000,1,134,639.331,639.334,4.039,634.124,1,0,0.933,4.274,,9927,108,9280
"BaselineSweep",10000,1,135,651.855,651.818,4.136,644.417,1,0,0.950,6.488,,8924,108,9476
"BaselineSweep",10000,1,136,651.138,651.167,4.042,642.276,1,0,1.162,7.701,,9834,108,9349
"BaselineSweep",10000,1,137,645.912,645.912,19.250,641.006,1,0,0.940,3.966,,9873,107,9460
"BaselineSweep",10000,1,138,652.479,652.475,18.439,643.903,1,0,1.218,7.358,,9864,108,9327
"BaselineSweep",10000,1,139,646.502,646.504,4.054,641.047,1,0,0.976,4.479,,9859,106,9279
"BaselineSweep",10000,1,140,659.638,659.637,4.067,654.126,1,0,1.221,4.291,,9883,108,9434
"BaselineSweep",10000,1,141,638.978,638.979,4.138,633.166,1,0,1.231,4.582,,9974,107,9467
"BaselineSweep",10000,1,142,665.530,665.502,16.564,657.039,1,0,1.222,7.268,,9614,108,9299
"BaselineSweep",10000,1,143,653.137,653.162,20.648,646.400,1,0,1.265,5.471,,9790,108,9314
"BaselineSweep",10000,1,144,660.450,660.449,4.051,655.669,1,0,0.888,3.894,,9858,108,9273
"BaselineSweep",10000,1,145,664.189,664.186,4.078,657.865,1,0,1.217,5.108,,9771,108,9274
"BaselineSweep",10000,1,146,635.436,635.429,4.057,627.099,1,0,0.973,7.364,,9767,108,9308
"BaselineSweep",10000,1,147,654.586,654.591,19.582,648.979,1,0,1.192,4.415,,9914,108,9317
"BaselineSweep",10000,1,148,653.724,653.706,19.495,647.644,1,0,0.894,5.187,,9871,108,9226
"BaselineSweep",10000,1,149,652.232,652.241,20.684,647.254,1,0,0.991,3.986,,9844,108,9332
"BaselineSweep",10000,1,150,664.463,664.467,19.697,658.676,1,0,0.997,4.790,,9843,108,9470
"BaselineSweep",10000,1,151,672.915,672.894,19.992,664.975,1,0,1.018,6.921,,9811,108,9430
"BaselineSweep",10000,1,152,674.477,674.493,20.468,668.683,1,0,1.616,4.178,,9744,108,9336
"BaselineSweep",10000,1,153,647.342,647.340,18.889,641.326,1,0,1.319,4.697,,9942,108,9395
"BaselineSweep",10000,1,154,640.759,640.757,16.499,635.594,1,0,0.955,4.209,,9904,108,9438
"BaselineSweep",10000,1,155,650.806,650.804,20.785,644.416,1,0,1.478,4.912,,9819,107,9273
"BaselineSweep",10000,1,156,652.567,652.568,20.500,647.437,1,0,0.923,4.207,,9834,108,9392
"BaselineSweep",10000,1,157,645.226,645.224,20.672,639.625,1,0,0.914,4.688,,9736,108,9383
"BaselineSweep",10000,1,158,649.667,649.667,19.328,644.349,1,0,1.211,4.107,,9897,108,9452
"BaselineSweep",10000,1,159,653.872,653.864,16.331,648.417,1,0,0.935,4.520,,9789,108,9291
"BaselineSweep",10000,1,160,655.315,655.299,4.056,648.900,1,0,1.134,5.281,,9610,108,9260
"BaselineSweep",10000,1,161,652.878,652.896,4.081,647.670,1,0,0.972,4.236,,9850,108,9351
"BaselineSweep",10000,1,162,658.771,658.763,18.397,650.034,1,0,0.952,7.785,,9920,108,9442
"BaselineSweep",10000,1,163,653.841,653.836,4.760,647.680,1,0,0.903,5.257,,9981,108,9372
"BaselineSweep",10000,1,164,647.351,647.348,4.044,639.681,1,0,1.144,6.526,,9834,108,9392
"BaselineSweep",10000,1,165,650.737,650.743,4.122,645.673,1,0,0.934,4.130,,9960,108,9427
"BaselineSweep",10000,1,166,658.242,658.242,4.112,653.120,1,0,0.905,4.217,,9851,108,9415
"BaselineSweep",10000,1,167,641.389,641.387,19.164,636.265,1,0,0.966,4.158,,9967,108,9386
"BaselineSweep",10000,1,168,653.899,653.840,19.421,646.307,1,0,0.981,6.611,,9785,108,9237
"BaselineSweep",10000,1,169,651.234,651.285,4.097,644.447,1,0,1.786,5.002,,9648,108,9298
"BaselineSweep",10000,1,170,643.801,643.806,0.000,638.419,1,0,1.252,4.130,,9812,108,9422
"BaselineSweep",10000,1,171,654.212,654.143,4.133,646.353,1,0,0.910,6.949,,9404,108,9382
"BaselineSweep",10000,1,172,653.482,653.546,19.741,647.323,1,0,1.582,4.577,,9925,107,9407
"BaselineSweep",10000,1,173,654.902,654.902,19.724,649.157,1,0,1.256,4.490,,9947,108,9415
"BaselineSweep",10000,1,174,663.921,663.896,5.140,655.887,1,0,0.927,7.106,,9902,108,9354
"BaselineSweep",10000,1,175,660.060,660.069,4.054,654.153,1,0,0.955,4.952,,9734,108,9321
"BaselineSweep",10000,1,176,656.391,656.402,4.146,650.787,1,0,1.051,4.553,,9791,108,9371
"BaselineSweep",10000,1,177,664.541,664.537,19.633,658.531,1,0,1.212,4.798,,9825,108,9314
"BaselineSweep",10000,1,178,669.604,669.568,20.799,659.725,1,0,1.214,8.665,,9820,108,9344
"BaselineSweep",10000,1,179,667.045,667.074,5.084,658.182,1,0,1.191,7.672,,9868,108,9281
"BaselineSweep",10000,1,180,658.010,658.011,4.125,651.168,1,0,1.101,5.742,,9924,108,9417
"BaselineSweep",10000,1,181,653.759,653.750,4.138,645.451,1,0,1.210,7.098,,9880,108,9412
"BaselineSweep",10000,1,182,657.152,657.151,18.336,652.570,1,0,1.196,3.386,,9810,108,9316
"BaselineSweep",10000,1,183,655.609,655.608,18.832,649.702,1,0,0.936,4.971,,9879,108,9485
"BaselineSweep",10000,1,184,662.837,662.845,5.171,657.368,1,0,0.907,4.563,,9958,108,9456
"BaselineSweep",10000,1,185,647.717,647.680,4.062,641.228,1,0,0.902,5.587,,9807,108,9372
"BaselineSweep",10000,1,186,652.063,652.091,4.101,643.623,1,0,0.926,7.514,,9856,108,9420
"BaselineSweep",10000,1,187,645.570,645.571,4.044,640.213,1,0,0.909,4.448,,9856,108,9369
"BaselineSweep",10000,1,188,656.571,656.554,20.673,647.858,1,0,0.999,7.715,,9848,108,9456
"BaselineSweep",10000,1,189,655.743,655.757,4.063,649.080,1,0,1.500,5.163,,9860,108,9350
"BaselineSweep",10000,1,190,648.446,648.364,0.000,639.524,1,0,2.019,6.903,,9904,108,9362
"BaselineSweep",10000,1,191,653.806,653.808,4.068,646.590,1,0,0.938,6.279,,9834,108,9252
"BaselineSweep",10000,1,192,646.366,646.438,4.068,641.159,1,0,0.950,4.257,,9651,108,9280
"BaselineSweep",10000,1,193,645.826,645.817,4.341,637.470,1,0,0.969,7.388,,9567,108,9457
"BaselineSweep",10000,1,194,645.606,645.603,4.555,638.092,1,0,0.961,6.554,,9713,108,9336
"BaselineSweep",10000,1,195,648.838,648.844,4.036,640.714,1,0,1.251,6.872,,9925,107,9430
"BaselineSweep",10000,1,196,655.505,655.508,4.090,650.493,1,0,0.941,4.071,,9896,108,9367
"BaselineSweep",10000,1,197,642.680,642.676,4.019,637.657,1,0,0.918,4.104,,9802,108,9391
"BaselineSweep",10000,1,198,651.571,651.568,4.086,646.557,1,0,0.939,4.075,,9920,108,9435
"BaselineSweep",10000,1,199,643.311,643.308,4.047,638.090,1,0,1.189,4.031,,9937,108,9526
"BaselineSweep",10000,1,200,647.197,647.198,4.055,642.089,1,0,0.928,4.181,,9955,108,9427
"BaselineSweep",10000,1,201,647.358,647.354,4.068,641.113,1,0,1.005,5.241,,9941,108,9363
"BaselineSweep",10000,1,202,642.306,642.304,18.706,637.018,1,0,0.972,4.316,,9908,107,9280
"BaselineSweep",10000,1,203,649.963,649.962,5.235,644.541,1,0,0.969,4.453,,9803,108,9346
"BaselineSweep",10000,1,204,653.727,653.723,4.280,647.694,1,0,1.803,4.230,,9963,107,9445
"BaselineSweep",10000,1,205,660.204,660.203,4.051,655.025,1,0,1.179,4.000,,9863,107,9438
"BaselineSweep",10000,1,206,648.839,648.827,4.079,642.543,1,0,1.258,5.038,,9818,107,9407
"BaselineSweep",10000,1,207,662.878,662.884,4.060,653.797,1,0,0.962,8.119,,9838,107,9419
"BaselineSweep",10000,1,208,658.524,658.527,4.176,653.423,1,0,0.953,4.147,,9675,108,9386
"BaselineSweep",10000,1,209,649.466,649.462,4.039,644.063,1,0,0.959,4.444,,9752,108,9323
"BaselineSweep",10000,1,210,657.816,657.813,4.054,651.790,1,0,1.232,4.795,,9606,108,9450
"BaselineSweep",10000,1,211,649.487,649.486,4.070,644.276,1,0,0.951,4.261,,9795,108,9330
"BaselineSweep",10000,1,212,646.389,646.389,4.055,641.144,1,0,0.980,4.265,,9832,108,9415
"BaselineSweep",10000,1,213,653.405,653.403,4.048,647.857,1,0,0.953,4.594,,9888,108,9526
"BaselineSweep",10000,1,214,657.660,657.658,4.044,652.427,1,0,1.206,4.027,,9898,108,9394
"BaselineSweep",10000,1,215,661.231,661.231,5.135,655.750,1,0,1.138,4.342,,9895,108,9428
"BaselineSweep",10000,1,216,661.303,661.227,22.770,653.357,1,0,0.937,7.009,,9842,108,9306
"BaselineSweep",10000,1,217,658.220,658.207,22.855,650.200,1,0,1.241,6.780,,9926,107,9352
"BaselineSweep",10000,1,218,670.126,670.199,4.987,663.425,1,0,1.488,5.212,,9816,108,9291
"BaselineSweep",10000,1,219,663.101,663.106,4.046,657.449,1,0,1.174,4.478,,9921,108,9330
"BaselineSweep",10000,1,220,638.518,638.515,20.539,632.501,1,0,0.951,5.066,,9866,108,9400
"BaselineSweep",10000,1,221,644.573,644.575,18.401,638.171,1,0,1.246,5.156,,9904,108,9379
"BaselineSweep",10000,1,222,665.148,665.146,4.049,659.467,1,0,1.342,4.339,,9772,107,9340
"BaselineSweep",10000,1,223,647.284,647.282,4.064,642.350,1,0,0.954,3.981,,9897,108,9372
"BaselineSweep",10000,1,224,628.731,628.732,18.450,623.258,1,0,1.201,4.272,,9781,108,9386
"BaselineSweep",10000,1,225,653.594,653.592,22.950,648.336,1,0,1.052,4.206,,9980,108,9442
"BaselineSweep",10000,1,226,640.597,640.597,19.464,635.491,1,0,1.034,4.072,,9873,108,9346
"BaselineSweep",10000,1,227,624.112,624.112,4.068,618.306,1,0,1.194,4.612,,9921,108,9366
"BaselineSweep",10000,1,228,641.466,641.438,4.546,633.800,1,0,0.966,6.700,,9900,108,9351
"BaselineSweep",10000,1,229,662.218,662.210,18.946,651.931,1,0,0.965,9.323,,9964,107,9305
"BaselineSweep",10000,1,230,658.447,658.470,19.637,652.108,1,0,1.263,5.076,,9931,108,9379
"BaselineSweep",10000,1,231,649.053,649.056,19.257,643.461,1,0,0.991,4.601,,9859,108,9372
"BaselineSweep",10000,1,232,665.880,665.872,13.450,657.024,1,0,1.271,7.584,,9851,108,9386
"BaselineSweep",10000,1,233,645.506,645.510,20.336,640.348,1,0,0.917,4.241,,9866,108,9310
"BaselineSweep",10000,1,234,647.184,647.185,18.733,640.616,1,0,1.233,5.336,,9944,108,9415
"BaselineSweep",10000,1,235,641.869,641.867,4.123,636.640,1,0,1.169,4.059,,9920,108,9433
"BaselineSweep",10000,1,236,644.767,644.763,20.630,638.359,1,0,1.197,5.211,,9910,108,9338
"BaselineSweep",10000,1,237,652.440,652.439,20.839,647.537,1,0,0.917,3.986,,9864,106,9279
"BaselineSweep",10000,1,238,645.648,645.646,19.842,639.458,1,0,1.224,4.966,,9928,106,9466
"BaselineSweep",10000,1,239,660.364,660.362,20.909,655.238,1,0,0.995,4.131,,9843,108,9360
"BaselineSweep",10000,1,240,668.958,668.949,4.066,660.428,1,0,1.270,7.259,,9863,108,9463
"BaselineSweep",10000,1,241,659.904,659.907,4.720,651.941,1,0,0.954,7.009,,9881,108,9351
"BaselineSweep",10000,1,242,671.218,671.193,4.053,661.242,1,0,1.407,8.568,,9890,107,9390
"BaselineSweep",10000,1,243,645.722,645.746,22.119,640.405,1,0,0.930,4.387,,9872,107,9265
"BaselineSweep",10000,1,244,650.636,650.635,19.782,645.911,1,0,0.911,3.813,,9657,108,9341
"BaselineSweep",10000,1,245,641.122,641.124,4.146,636.767,1,0,0.937,3.417,,9773,108,9330
"BaselineSweep",10000,1,246,674.240,674.171,4.239,667.722,1,0,0.930,5.588,,9883,108,9407
"BaselineSweep",10000,1,247,637.679,637.671,4.071,629.584,1,0,1.020,7.075,,9903,108,9403
"BaselineSweep",10000,1,248,646.623,646.691,20.702,641.065,1,0,1.070,4.488,,9727,108,9222
"BaselineSweep",10000,1,249,653.046,653.023,18.871,644.628,1,0,0.940,7.478,,9896,108,9413
"BaselineSweep",10000,1,250,641.623,641.638,5.984,632.642,1,0,0.935,8.047,,9874,108,9459
"BaselineSweep",10000,1,251,663.561,663.560,13.715,655.215,1,0,1.071,7.276,,9880,108,9474
"BaselineSweep",10000,1,252,650.794,650.792,20.110,641.993,1,0,0.965,7.837,,9885,107,9347
"BaselineSweep",10000,1,253,659.405,659.405,19.507,650.624,1,0,0.989,7.793,,9911,108,9377
"BaselineSweep",10000,1,254,656.557,656.557,5.127,650.975,1,0,0.898,4.684,,9699,108,9407
"BaselineSweep",10000,1,255,649.854,649.853,20.097,644.285,1,0,1.189,4.379,,9776,108,9341
"BaselineSweep",10000,1,256,656.725,656.719,20.782,647.167,1,0,0.935,8.623,,9823,108,9372
"BaselineSweep",10000,1,257,653.367,653.370,4.544,647.458,1,0,1.227,4.682,,9609,108,9421
"BaselineSweep",10000,1,258,645.256,645.255,5.159,639.878,1,0,1.182,4.197,,9820,108,9344
"BaselineSweep",10000,1,259,643.188,643.181,4.402,632.799,1,0,1.246,9.143,,9780,108,9314
"BaselineSweep",10000,1,260,642.784,642.788,19.994,637.002,1,0,1.217,4.565,,9790,108,9284
"BaselineSweep",10000,1,261,657.793,657.786,18.770,649.613,1,0,0.932,7.249,,9724,108,9346
"BaselineSweep",10000,1,262,666.566,666.567,4.068,661.495,1,0,0.889,4.182,,9709,108,9424
"BaselineSweep",10000,1,263,647.767,647.767,4.057,642.733,1,0,0.895,4.140,,9852,108,9441
"BaselineSweep",10000,1,264,644.334,644.332,19.677,638.717,1,0,0.938,4.679,,9786,107,9326
"BaselineSweep",10000,1,265,652.005,652.005,20.040,646.168,1,0,1.205,4.633,,9867,108,9416
"BaselineSweep",10000,1,266,642.072,642.066,19.532,634.120,1,0,0.992,6.960,,9895,108,9272
"BaselineSweep",10000,1,267,639.008,639.008,19.601,633.005,1,0,0.940,5.063,,9716,108,9371
"BaselineSweep",10000,1,268,645.433,645.429,20.594,640.335,1,0,0.957,4.141,,9875,108,9467
"BaselineSweep",10000,1,269,650.186,650.188,20.906,644.568,1,0,1.239,4.380,,9736,107,9366
"BaselineSweep",10000,1,270,643.782,643.776,20.581,638.189,1,0,0.961,4.632,,9765,108,9363
"BaselineSweep",10000,1,271,643.762,643.761,19.346,638.567,1,0,1.021,4.174,,9924,107,9399
"BaselineSweep",10000,1,272,658.530,658.529,4.058,653.335,1,0,1.147,4.048,,9759,108,9334
"BaselineSweep",10000,1,273,649.126,649.026,4.069,641.098,1,0,0.982,7.046,,9911,106,9369
"BaselineSweep",10000,1,274,656.694,656.790,22.691,651.395,1,0,0.932,4.368,,9759,108,9311
"BaselineSweep",10000,1,275,637.434,637.431,5.150,630.438,1,0,1.217,5.780,,9896,107,9345
"BaselineSweep",10000,1,276,648.737,648.737,4.037,643.742,1,0,0.931,4.063,,9921,108,9399
"BaselineSweep",10000,1,277,635.443,635.436,4.131,629.950,1,0,0.982,4.511,,9884,108,9473
"BaselineSweep",10000,1,278,648.441,648.438,18.363,638.779,1,0,0.954,8.708,,9777,107,9530
"BaselineSweep",10000,1,279,651.157,651.161,20.125,645.926,1,0,0.993,4.239,,9868,107,9383
"BaselineSweep",10000,1,280,646.629,646.615,13.373,641.485,1,0,0.932,4.212,,9809,108,9311
"BaselineSweep",10000,1,281,662.245,662.252,4.028,653.850,1,0,0.966,7.428,,9940,108,9370
"BaselineSweep",10000,1,282,649.768,649.769,4.067,644.099,1,0,0.947,4.722,,9886,108,9373
"BaselineSweep",10000,1,283,644.614,644.615,4.151,638.945,1,0,1.221,4.448,,9934,108,9495
"BaselineSweep",10000,1,284,654.350,654.346,4.013,648.927,1,0,1.167,4.256,,9868,107,9410
"BaselineSweep",10000,1,285,655.685,655.672,4.033,647.657,1,0,1.015,7.013,,9650,108,9305
"BaselineSweep",10000,1,286,672.200,672.208,4.065,666.150,1,0,1.267,4.783,,9882,108,9464
"BaselineSweep",10000,1,287,661.249,661.250,4.029,655.999,1,0,0.954,4.296,,9874,108,9440
"BaselineSweep",10000,1,288,639.846,639.832,5.288,631.551,1,0,1.265,7.031,,9887,107,9292
"BaselineSweep",10000,1,289,643.590,643.597,4.053,638.046,1,0,0.937,4.607,,9726,108,9417
"BaselineSweep",10000,1,290,655.703,655.692,4.027,646.359,1,0,1.230,8.114,,9815,107,9421
"BaselineSweep",10000,1,291,643.907,643.916,4.633,637.870,1,0,1.194,4.844,,9853,108,9437
"BaselineSweep",10000,1,292,646.626,646.630,4.019,640.139,1,0,1.183,5.304,,9849,108,9342
"BaselineSweep",10000,1,293,648.520,648.521,4.068,643.244,1,0,0.925,4.352,,9825,107,9336
"BaselineSweep",10000,1,294,647.074,647.067,4.067,641.962,1,0,0.951,4.161,,9683,107,9394
"BaselineSweep",10000,1,295,638.048,638.048,4.049,632.389,1,0,1.199,4.460,,9840,108,9431
"BaselineSweep",10000,1,296,639.316,639.300,4.233,633.447,1,0,0.924,4.945,,9822,108,9321
"BaselineSweep",10000,1,297,641.821,641.827,19.049,633.379,1,0,1.201,7.241,,9834,108,9440
"BaselineSweep",10000,1,298,649.629,649.625,19.735,643.281,1,0,0.941,5.408,,9835,107,9324
"BaselineSweep",10000,1,299,644.937,644.950,13.248,638.735,1,0,1.067,5.135,,9938,108,9503
"BaselineSweep",500,2,0,3.365,3.358,1.567,1.669,1,0,0.037,1.659,,511,13,486
"BaselineSweep",500,2,1,2.959,2.954,1.381,1.474,1,0,0.037,1.448,,509,13,501
"BaselineSweep",500,2,2,2.745,2.758,0.000,1.599,1,0,0.043,1.103,102400,507,13,504
"BaselineSweep",500,2,3,2.920,2.914,1.605,1.869,1,0,0.037,1.015,,513,13,507
"BaselineSweep",500,2,4,2.870,2.872,1.395,1.534,1,0,0.038,1.299,,514,13,506
"BaselineSweep",500,2,5,2.721,2.723,0.000,1.614,1,0,0.038,1.068,98304,507,13,496
"BaselineSweep",500,2,6,2.942,2.941,1.687,1.774,1,0,0.039,1.128,,509,13,499
"BaselineSweep",500,2,7,6.634,6.590,1.437,1.600,1,0,0.041,4.993,,511,13,499
"BaselineSweep",500,2,8,2.655,2.697,0.687,1.475,1,0,0.037,1.142,98304,500,13,492
"BaselineSweep",500,2,9,3.465,3.460,0.000,1.881,1,0,0.043,1.541,,508,13,500
"BaselineSweep",500,2,10,2.004,2.007,1.522,1.503,1,0,0.038,0.464,94208,510,13,507
"BaselineSweep",500,2,11,3.265,3.263,0.000,1.981,1,0,0.037,1.247,,508,13,502
"BaselineSweep",500,2,12,5.496,5.464,1.427,1.783,1,0,0.041,3.672,,510,13,502
"BaselineSweep",500,2,13,4.824,4.839,0.701,2.926,1,0,0.068,1.830,180224,500,13,488
"BaselineSweep",500,2,14,4.396,4.404,0.000,2.790,1,0,0.058,1.547,,515,13,509
"BaselineSweep",500,2,15,4.082,4.082,1.254,2.518,1,0,0.050,1.514,,512,13,500
"BaselineSweep",500,2,16,2.671,2.663,1.073,1.996,1,0,0.047,0.628,139264,506,13,501
"BaselineSweep",500,2,17,2.927,2.909,1.420,1.941,1,0,0.042,0.944,,514,13,511
"BaselineSweep",500,2,18,3.167,3.193,1.173,1.957,1,0,0.043,1.168,,506,13,494
"BaselineSweep",500,2,19,2.789,2.783,0.000,1.683,1,0,0.038,1.068,122880,500,13,487
"BaselineSweep",500,2,20,2.927,2.933,1.583,1.802,1,0,0.037,1.088,,507,13,496
"BaselineSweep",500,2,21,2.226,2.226,1.531,1.751,1,0,0.038,0.438,,505,13,492
"BaselineSweep",500,2,22,2.827,2.827,1.341,1.637,1,0,0.042,1.149,131072,513,13,506
"BaselineSweep",500,2,23,2.357,2.356,1.237,1.909,1,0,0.042,0.407,,508,13,487
"BaselineSweep",500,2,24,3.088,3.078,0.993,1.712,1,0,0.039,1.337,,413,13,407
"BaselineSweep",500,2,25,2.138,2.149,0.966,1.622,1,0,0.044,0.473,53248,602,13,596
"BaselineSweep",500,2,26,2.347,2.334,0.000,1.889,1,0,0.040,0.417,,448,13,446
"BaselineSweep",500,2,27,2.061,2.074,1.018,1.657,1,0,0.038,0.366,86016,581,13,578
"BaselineSweep",500,2,28,2.965,2.959,0.778,1.718,1,0,0.036,1.211,,415,12,402
"BaselineSweep",500,2,29,2.900,2.898,0.723,1.488,1,0,0.036,1.377,,609,14,598
"BaselineSweep",500,2,30,2.826,2.828,0.677,1.627,1,0,0.038,1.160,86016,515,13,508
"BaselineSweep",500,2,31,2.519,2.517,0.620,1.846,1,0,0.037,0.637,,515,13,499
"BaselineSweep",500,2,32,3.045,3.038,0.605,1.519,1,0,0.036,1.491,,247,13,242
"BaselineSweep",500,2,33,2.660,2.668,0.563,1.480,1,0,0.044,1.135,90112,775,13,765
"BaselineSweep",500,2,34,2.935,2.916,0.000,1.746,1,0,0.038,1.151,,508,13,497
"BaselineSweep",500,2,35,3.061,3.071,0.637,1.493,1,0,0.038,1.530,,515,13,511
"BaselineSweep",500,2,36,2.030,2.039,0.597,1.510,1,0,0.040,0.479,40960,510,13,503
"BaselineSweep",500,2,37,2.291,2.288,0.000,1.844,1,0,0.041,0.407,,168,13,167
"BaselineSweep",500,2,38,2.103,2.106,0.587,1.648,1,0,0.041,0.414,61440,853,13,844
"BaselineSweep",500,2,39,3.034,3.030,0.573,1.854,1,0,0.039,1.141,,477,13,471
"BaselineSweep",500,2,40,3.096,3.094,0.577,1.600,1,0,0.040,1.457,,549,13,536
"BaselineSweep",500,2,41,3.053,3.046,0.540,1.687,1,0,0.041,1.326,81920,518,13,514
"BaselineSweep",500,2,42,3.210,3.217,0.546,1.991,1,0,0.039,1.180,,515,13,515
"BaselineSweep",500,2,43,3.280,3.275,0.549,1.741,1,0,0.041,1.499,,517,13,512
"BaselineSweep",500,2,44,2.008,2.009,0.518,1.490,1,0,0.038,0.480,126976,511,13,502
"BaselineSweep",500,2,45,2.280,2.281,0.504,1.792,1,0,0.039,0.449,,516,13,497
"BaselineSweep",500,2,46,2.762,2.763,0.541,1.518,1,0,0.037,1.207,192512,513,13,503
"BaselineSweep",500,2,47,3.152,3.147,0.543,1.890,1,0,0.041,1.221,,504,13,483
"BaselineSweep",500,2,48,2.915,2.894,0.503,2.028,1,0,0.082,0.806,,517,13,515
"BaselineSweep",500,2,49,5.154,5.167,0.490,3.241,1,0,0.071,1.842,163840,518,13,514
"BaselineSweep",500,2,50,4.666,4.669,0.498,2.980,1,0,0.060,1.627,,512,13,496
"BaselineSweep",500,2,51,4.245,4.241,0.497,2.314,1,0,0.055,1.877,,511,13,512
"BaselineSweep",500,2,52,3.277,3.279,0.525,1.844,1,0,0.039,1.394,122880,509,13,495
"BaselineSweep",500,2,53,3.078,3.075,0.547,1.959,1,0,0.037,1.082,,518,13,505
"BaselineSweep",500,2,54,3.096,3.102,0.495,1.483,1,0,0.042,1.572,,519,13,501
"BaselineSweep",500,2,55,2.865,2.865,0.483,1.674,1,0,0.040,1.151,122880,519,13,503
"BaselineSweep",500,2,56,3.041,3.040,0.519,1.807,1,0,0.038,1.195,,519,13,499
"BaselineSweep",500,2,57,2.180,2.182,0.488,1.701,1,0,0.037,0.443,,515,13,508
"BaselineSweep",500,2,58,2.242,2.238,0.968,1.674,1,0,0.040,0.528,73728,514,13,506
"BaselineSweep",500,2,59,3.058,3.056,0.722,1.819,1,0,0.037,1.203,,512,13,514
"BaselineSweep",500,2,60,2.668,2.661,0.558,1.499,1,0,0.038,1.131,139264,512,13,501
"BaselineSweep",500,2,61,3.160,3.167,0.535,1.794,1,0,0.045,1.321,,518,13,509
"BaselineSweep",500,2,62,3.167,3.169,0.576,1.874,1,0,0.041,1.252,,502,13,495
"BaselineSweep",500,2,63,3.138,3.135,0.576,1.852,1,0,0.039,1.247,,514,13,496
"BaselineSweep",500,2,64,2.747,2.750,0.548,1.565,1,0,0.038,1.145,102400,521,13,511
"BaselineSweep",500,2,65,3.387,3.387,0.482,1.912,1,0,0.038,1.437,,513,13,508
"BaselineSweep",500,2,66,3.072,3.066,0.493,1.793,1,0,0.038,1.241,,521,13,521
"BaselineSweep",500,2,67,2.843,2.839,0.485,1.636,1,0,0.041,1.165,98304,514,13,497
"BaselineSweep",500,2,68,3.061,3.066,0.493,1.815,1,0,0.040,1.207,,518,13,516
"BaselineSweep",500,2,69,2.309,2.312,0.530,1.758,1,0,0.041,0.510,,507,13,494
"BaselineSweep",500,2,70,2.824,2.822,0.486,1.670,1,0,0.038,1.116,86016,338,13,337
"BaselineSweep",500,2,71,6.378,6.342,0.495,1.745,1,0,0.049,4.583,,679,13,1010
"BaselineSweep",500,2,72,3.162,3.188,0.748,1.493,1,0,0.040,1.629,,509,13,504
"BaselineSweep",500,2,73,3.489,3.459,0.000,1.540,1,0,0.039,1.910,147456,521,13,521
"BaselineSweep",500,2,74,5.084,5.115,1.508,3.588,1,0,0.074,1.422,,521,13,512
"BaselineSweep",500,2,75,6.598,6.569,0.000,1.560,1,0,0.038,5.000,200704,517,13,515
"BaselineSweep",500,2,76,4.247,4.272,1.146,2.659,1,0,0.054,1.534,,513,13,488
"BaselineSweep",500,2,77,3.651,3.642,0.000,2.304,1,0,0.048,1.299,,519,13,516
"BaselineSweep",500,2,78,2.778,2.788,1.578,1.593,1,0,0.037,1.148,184320,506,13,496
"BaselineSweep",500,2,79,2.624,2.620,1.506,2.065,1,0,0.042,0.516,,514,13,494
"BaselineSweep",500,2,80,3.622,3.600,1.453,1.559,1,0,0.039,2.025,,521,13,511
"BaselineSweep",500,2,81,2.908,2.929,1.013,1.592,1,0,0.039,1.277,139264,521,13,514
"BaselineSweep",500,2,82,5.909,5.892,0.000,1.762,1,0,0.038,4.109,,519,13,506
"BaselineSweep",500,2,83,3.112,3.125,1.390,1.506,1,0,0.037,1.568,,509,13,505
"BaselineSweep",500,2,84,4.323,4.310,0.000,1.482,1,0,0.038,2.803,122880,515,13,512
"BaselineSweep",500,2,85,2.217,2.231,0.518,1.692,1,0,0.037,0.488,,515,13,510
"BaselineSweep",500,2,86,4.378,4.351,0.000,1.496,1,0,0.042,2.840,,514,13,509
"BaselineSweep",500,2,87,2.688,2.711,0.452,1.484,1,0,0.041,1.164,114688,501,13,493
"BaselineSweep",500,2,88,4.466,4.426,0.000,1.802,1,0,0.039,2.625,,518,13,514
"BaselineSweep",500,2,89,2.815,2.854,1.215,1.525,1,0,0.037,1.253,155648,513,13,499
"BaselineSweep",500,2,90,4.826,4.794,0.000,1.784,1,0,0.041,3.001,,520,13,500
"BaselineSweep",500,2,91,2.884,2.912,0.467,1.725,1,0,0.039,1.119,,503,13,495
"BaselineSweep",500,2,92,4.377,4.346,0.000,1.626,1,0,0.042,2.709,114688,517,13,506
"BaselineSweep",500,2,93,3.252,3.280,0.499,1.957,1,0,0.043,1.252,,518,13,507
"BaselineSweep",500,2,94,4.380,4.306,0.000,1.621,1,0,0.037,2.722,,519,13,503
"BaselineSweep",500,2,95,2.197,2.264,0.512,1.516,1,0,0.041,0.640,65536,506,13,498
"BaselineSweep",500,2,96,4.333,4.332,0.000,2.717,1,0,0.090,1.525,,520,13,510
"BaselineSweep",500,2,97,3.372,3.361,0.480,1.507,1,0,0.037,1.829,,520,13,512
"BaselineSweep",500,2,98,3.990,3.985,0.463,2.638,1,0,0.062,1.290,49152,511,13,509
"BaselineSweep",500,2,99,4.287,4.289,0.523,2.594,1,0,0.055,1.639,,521,13,502
"BaselineSweep",500,2,100,4.065,4.056,0.000,2.095,1,0,0.049,1.921,118784,516,13,509
"BaselineSweep",500,2,101,3.652,3.671,0.498,2.177,1,0,0.047,1.428,,511,13,482
"BaselineSweep",500,2,102,4.413,4.388,0.000,1.508,1,0,0.038,2.868,,520,13,506
"BaselineSweep",500,2,103,2.933,2.959,0.474,1.657,1,0,0.045,1.231,102400,494,13,482
"BaselineSweep",500,2,104,3.229,3.218,0.000,2.013,1,0,0.038,1.178,,504,13,500
"BaselineSweep",500,2,105,2.772,2.779,0.469,1.491,1,0,0.039,1.242,229376,516,13,493
"BaselineSweep",500,2,106,4.513,4.481,0.456,1.789,1,0,0.037,2.687,,520,13,510
"BaselineSweep",500,2,107,2.862,2.894,0.543,1.713,1,0,0.038,1.111,,507,13,499
"BaselineSweep",500,2,108,2.239,2.235,0.000,1.622,1,0,0.042,0.574,159744,511,13,493
"BaselineSweep",500,2,109,3.393,3.393,0.571,2.182,1,0,0.039,1.172,,513,13,508
"BaselineSweep",500,2,110,3.734,3.712,0.533,1.486,1,0,0.035,2.213,,519,13,512
"BaselineSweep",500,2,111,4.510,4.529,0.552,2.679,1,0,0.062,1.769,151552,517,13,515
"BaselineSweep",500,2,112,4.227,4.227,0.607,2.659,1,0,0.053,1.515,,520,13,512
"BaselineSweep",500,2,113,4.023,4.012,1.450,2.122,1,0,0.050,1.850,,519,13,501
"BaselineSweep",500,2,114,2.773,2.784,0.482,1.509,1,0,0.037,1.227,131072,519,13,510
"BaselineSweep",500,2,115,2.343,2.342,0.000,1.796,1,0,0.036,0.511,,520,13,510
"BaselineSweep",500,2,116,2.062,2.055,0.531,1.585,1,0,0.038,0.440,114688,429,13,420
"BaselineSweep",500,2,117,3.322,3.325,0.528,1.992,1,0,0.041,1.289,,604,13,600
"BaselineSweep",500,2,118,3.882,3.879,0.535,1.591,1,0,0.037,2.254,,517,13,511
"BaselineSweep",500,2,119,2.755,2.756,0.527,1.480,1,0,0.044,1.231,114688,518,13,510
"BaselineSweep",500,2,120,2.964,2.966,0.000,1.731,1,0,0.038,1.196,,518,13,516
"BaselineSweep",500,2,121,2.694,2.696,0.563,1.543,1,0,0.036,1.115,151552,513,13,512
"BaselineSweep",500,2,122,2.430,2.427,0.464,1.792,1,0,0.042,0.596,,516,13,511
"BaselineSweep",500,2,123,2.620,2.604,0.456,1.703,1,0,0.040,0.877,,517,13,508
"BaselineSweep",500,2,124,2.050,2.062,0.472,1.529,1,0,0.038,0.483,57344,519,13,508
"BaselineSweep",500,2,125,2.369,2.371,0.498,1.842,1,0,0.045,0.482,,418,13,410
"BaselineSweep",500,2,126,2.026,2.028,0.499,1.552,1,0,0.046,0.428,73728,585,13,573
"BaselineSweep",500,2,127,3.040,3.035,0.483,1.802,1,0,0.040,1.198,,549,13,535
"BaselineSweep",500,2,128,2.840,2.837,0.487,1.602,1,0,0.046,1.192,126976,521,13,502
"BaselineSweep",500,2,129,3.211,3.213,0.456,1.857,1,0,0.043,1.311,,521,13,507
"BaselineSweep",500,2,130,3.035,3.036,0.611,1.852,1,0,0.040,1.143,,501,13,495
"BaselineSweep",500,2,131,2.242,2.235,0.454,1.632,1,0,0.041,0.569,57344,520,13,504
"BaselineSweep",500,2,132,3.206,3.211,0.456,1.910,1,0,0.039,1.256,,308,12,307
"BaselineSweep",500,2,133,2.895,2.892,0.450,1.626,1,0,0.043,1.226,131072,711,14,706
"BaselineSweep",500,2,134,2.892,2.889,0.449,1.681,1,0,0.037,1.174,,507,13,497
"BaselineSweep",500,2,135,2.382,2.383,0.461,1.827,1,0,0.040,0.515,,517,13,510
"BaselineSweep",500,2,136,2.711,2.715,0.463,1.519,1,0,0.036,1.155,102400,448,13,444
"BaselineSweep",500,2,137,3.243,3.238,0.469,2.027,1,0,0.037,1.178,,583,13,564
"BaselineSweep",500,2,138,3.028,3.015,0.658,1.582,1,0,0.039,1.407,,521,13,521
"BaselineSweep",500,2,139,2.847,2.864,0.482,1.599,1,0,0.041,1.207,180224,519,13,500
"BaselineSweep",500,2,140,3.269,3.266,0.000,1.845,1,0,0.042,1.382,,511,13,511
"BaselineSweep",500,2,141,2.872,2.873,0.480,1.633,1,0,0.040,1.199,196608,519,13,517
"BaselineSweep",500,2,142,2.477,2.475,0.449,1.829,1,0,0.041,0.607,,519,13,517
"BaselineSweep",500,2,143,2.423,2.418,0.454,1.708,1,0,0.041,0.674,,416,13,414
"BaselineSweep",500,2,144,2.050,2.058,0.439,1.598,1,0,0.037,0.415,98304,537,13,605
"BaselineSweep",500,2,145,3.303,3.288,0.582,1.942,1,0,0.041,1.320,,516,13,509
"BaselineSweep",500,2,146,2.759,2.769,0.442,1.533,1,0,0.037,1.189,151552,520,13,517
"BaselineSweep",500,2,147,3.200,3.195,0.441,1.827,1,0,0.045,1.328,,516,13,513
"BaselineSweep",500,2,148,3.133,3.127,0.444,1.611,1,0,0.043,1.479,,515,13,515
"BaselineSweep",500,2,149,2.938,2.944,0.563,1.583,1,0,0.044,1.311,131072,517,13,517
"BaselineSweep",500,2,150,3.062,3.062,0.000,1.827,1,0,0.039,1.196,,513,13,511
"BaselineSweep",500,2,151,2.919,2.916,0.614,1.651,1,0,0.047,1.221,155648,507,13,507
"BaselineSweep",500,2,152,2.661,2.642,0.497,1.809,1,0,0.038,0.814,,518,13,514
"BaselineSweep",500,2,153,3.069,3.082,0.492,1.525,1,0,0.039,1.505,,517,13,514
"BaselineSweep",500,2,154,2.754,2.757,0.493,1.524,1,0,0.044,1.186,118784,513,13,512
"BaselineSweep",500,2,155,2.405,2.404,0.000,1.879,1,0,0.037,0.489,,513,13,508
"BaselineSweep",500,2,156,2.770,2.773,0.496,1.527,1,0,0.036,1.207,151552,517,13,509
"BaselineSweep",500,2,157,2.276,2.273,0.439,1.738,1,0,0.043,0.495,,506,13,502
"BaselineSweep",500,2,158,2.096,2.097,0.448,1.605,1,0,0.037,0.454,118784,519,13,510
"BaselineSweep",500,2,159,2.322,2.320,0.544,1.819,1,0,0.040,0.463,,520,13,506
"BaselineSweep",500,2,160,2.218,2.208,0.456,1.677,1,0,0.038,0.504,122880,514,13,509
"BaselineSweep",500,2,161,3.048,3.055,0.443,1.846,1,0,0.041,1.162,,519,13,503
"BaselineSweep",500,2,162,3.029,3.030,0.441,1.576,1,0,0.041,1.412,,513,13,498
"BaselineSweep",500,2,163,4.434,4.419,0.447,1.512,1,0,0.039,2.884,102400,520,13,513
"BaselineSweep",500,2,164,3.033,3.047,0.434,1.838,1,0,0.040,1.154,,519,13,512
"BaselineSweep",500,2,165,4.934,4.917,0.000,1.592,1,0,0.042,3.300,106496,521,13,521
"BaselineSweep",500,2,166,3.043,3.057,0.497,1.759,1,0,0.038,1.247,,486,13,479
"BaselineSweep",500,2,167,4.528,4.513,0.000,1.820,1,0,0.039,2.669,,515,13,515
"BaselineSweep",500,2,168,2.049,2.066,0.446,1.592,1,0,0.037,0.421,57344,509,13,505
"BaselineSweep",500,2,169,5.401,5.367,0.000,1.823,1,0,0.037,3.541,,521,12,515
"BaselineSweep",500,2,170,2.719,2.750,0.497,1.493,1,0,0.038,1.188,114688,513,13,501
"BaselineSweep",500,2,171,3.147,3.134,0.000,1.934,1,0,0.037,1.177,,515,13,503
"BaselineSweep",500,2,172,4.576,4.565,0.636,1.740,1,0,0.036,2.800,,510,13,504
"BaselineSweep",500,2,173,1.989,2.012,0.494,1.484,1,0,0.038,0.467,159744,505,13,489
"BaselineSweep",500,2,174,2.905,2.898,0.000,1.737,1,0,0.037,1.131,,509,13,500
"BaselineSweep",500,2,175,2.999,2.982,0.517,1.472,1,0,0.035,1.491,,520,13,513
"BaselineSweep",500,2,176,4.527,4.542,0.481,2.958,1,0,0.066,1.503,155648,519,13,511
"BaselineSweep",500,2,177,3.179,3.169,0.500,1.974,1,0,0.050,1.155,,519,13,509
"BaselineSweep",500,2,178,4.555,4.536,0.486,1.488,1,0,0.036,3.032,172032,514,13,500
"BaselineSweep",500,2,179,3.977,4.003,0.478,2.388,1,0,0.051,1.538,,504,13,491
"BaselineSweep",500,2,180,2.699,2.700,0.000,2.133,1,0,0.044,0.521,,513,13,516
"BaselineSweep",500,2,181,2.434,2.434,0.483,1.835,1,0,0.047,0.552,94208,518,13,503
"BaselineSweep",500,2,182,3.313,3.307,0.453,2.035,1,0,0.041,1.237,,518,13,513
"BaselineSweep",500,2,183,2.297,2.281,0.482,1.489,1,0,0.037,0.771,102400,517,13,510
"BaselineSweep",500,2,184,3.021,3.040,0.547,1.828,1,0,0.038,1.155,,512,13,494
"BaselineSweep",500,2,185,4.436,4.428,0.000,1.518,1,0,0.038,2.880,118784,521,13,508
"BaselineSweep",500,2,186,3.029,3.032,0.522,1.724,1,0,0.038,1.267,,343,13,506
"BaselineSweep",500,2,187,2.571,2.572,0.000,1.539,1,0,0.041,0.991,,512,13,510
"BaselineSweep",500,2,188,2.801,2.800,0.547,1.530,1,0,0.036,1.235,114688,518,13,516
"BaselineSweep",500,2,189,3.159,3.161,0.513,1.840,1,0,0.038,1.282,,513,13,513
"BaselineSweep",500,2,190,2.113,2.101,0.562,1.490,1,0,0.037,0.586,98304,520,13,509
"BaselineSweep",500,2,191,2.362,2.368,0.486,1.758,1,0,0.040,0.565,,514,13,509
"BaselineSweep",500,2,192,5.527,5.497,0.493,1.536,1,0,0.040,3.951,159744,510,13,499
"BaselineSweep",500,2,193,3.058,3.090,0.496,1.857,1,0,0.039,1.162,,496,13,490
"BaselineSweep",500,2,194,4.441,4.429,0.000,1.702,1,0,0.038,2.701,,521,13,511
"BaselineSweep",500,2,195,2.884,2.893,0.459,1.510,1,0,0.040,1.333,110592,509,13,503
"BaselineSweep",500,2,196,4.397,4.376,0.000,1.823,1,0,0.042,2.532,,513,13,509
"BaselineSweep",500,2,197,2.134,2.151,0.486,1.499,1,0,0.039,0.596,98304,510,13,508
"BaselineSweep",500,2,198,3.099,3.098,0.000,1.852,1,0,0.039,1.208,,510,13,506
"BaselineSweep",500,2,199,4.353,4.329,0.507,1.560,1,0,0.040,2.753,,514,13,505
"BaselineSweep",500,2,200,2.728,2.745,0.541,1.486,1,0,0.039,1.203,102400,517,13,508
"BaselineSweep",500,2,201,4.523,4.508,0.000,2.545,1,0,0.080,1.899,,519,13,506
"BaselineSweep",500,2,202,3.293,3.312,0.496,2.533,1,0,0.059,0.701,90112,521,13,496
"BaselineSweep",500,2,203,4.161,4.158,0.501,2.628,1,0,0.054,1.478,,520,13,517
"BaselineSweep",500,2,204,4.125,4.120,0.471,2.058,1,0,0.046,2.020,,516,13,509
"BaselineSweep",500,2,205,4.401,4.396,0.511,1.871,1,0,0.045,2.485,192512,514,13,513
"BaselineSweep",500,2,206,3.336,3.336,0.488,1.971,1,0,0.040,1.326,,506,13,499
"BaselineSweep",500,2,207,4.905,4.885,0.000,1.583,1,0,0.039,3.283,167936,515,13,503
"BaselineSweep",500,2,208,2.845,2.875,0.494,1.709,1,0,0.038,1.098,,501,13,493
"BaselineSweep",500,2,209,3.390,3.374,0.000,1.558,1,0,0.039,1.793,,518,13,493
"BaselineSweep",500,2,210,5.421,5.430,0.572,3.290,1,0,0.081,2.051,159744,509,13,492
"BaselineSweep",500,2,211,4.087,4.078,0.535,2.843,1,0,0.040,1.204,,520,13,504
"BaselineSweep",500,2,212,2.791,2.799,0.492,1.585,1,0,0.039,1.168,180224,506,13,496
"BaselineSweep",500,2,213,3.996,3.993,0.496,2.340,1,0,0.054,1.603,,511,13,502
"BaselineSweep",500,2,214,3.719,3.721,0.499,1.965,1,0,0.046,1.708,,506,13,485
"BaselineSweep",500,2,215,3.051,3.054,0.586,1.799,1,0,0.043,1.208,139264,501,13,488
"BaselineSweep",500,2,216,3.122,3.120,0.580,1.907,1,0,0.040,1.175,,507,13,501
"BaselineSweep",500,2,217,4.569,4.547,0.497,1.570,1,0,0.036,2.963,176128,511,13,490
"BaselineSweep",500,2,218,3.014,3.033,0.489,1.742,1,0,0.039,1.234,,515,13,513
"BaselineSweep",500,2,219,4.425,4.414,0.000,1.805,1,0,0.040,2.580,,512,13,506
"BaselineSweep",500,2,220,2.773,2.785,0.530,1.540,1,0,0.039,1.193,147456,511,13,505
"BaselineSweep",500,2,221,3.201,3.196,0.000,1.932,1,0,0.043,1.226,,499,13,490
"BaselineSweep",500,2,222,2.190,2.188,0.536,1.604,1,0,0.041,0.545,139264,519,13,514
"BaselineSweep",500,2,223,3.111,3.104,0.507,1.872,1,0,0.042,1.197,,504,13,492
"BaselineSweep",500,2,224,3.132,3.139,0.484,1.851,1,0,0.043,1.238,,508,13,495
"BaselineSweep",500,2,225,2.827,2.830,0.494,1.651,1,0,0.038,1.139,126976,507,13,492
"BaselineSweep",500,2,226,2.369,2.364,0.501,1.842,1,0,0.044,0.484,,510,13,507
"BaselineSweep",500,2,227,3.779,3.763,0.492,1.527,1,0,0.037,2.215,167936,511,13,500
"BaselineSweep",500,2,228,3.005,3.011,0.499,2.336,1,0,0.037,0.632,,513,13,504
"BaselineSweep",500,2,229,4.881,4.870,0.489,2.829,1,0,0.066,1.986,,521,13,516
"BaselineSweep",500,2,230,3.991,4.008,0.592,2.420,1,0,0.057,1.514,81920,515,13,502
"BaselineSweep",500,2,231,3.999,3.998,0.495,2.441,1,0,0.050,1.508,,519,13,503
"BaselineSweep",500,2,232,3.296,3.293,0.486,1.954,1,0,0.046,1.297,131072,520,13,519
"BaselineSweep",500,2,233,2.773,2.774,0.537,2.161,1,0,0.044,0.568,,516,13,514
"BaselineSweep",500,2,234,4.095,4.085,0.490,1.720,1,0,0.040,2.335,,514,13,509
"BaselineSweep",500,2,235,2.844,2.846,0.536,1.575,1,0,0.049,1.220,77824,517,13,510
"BaselineSweep",500,2,236,4.770,4.740,0.000,1.786,1,0,0.038,2.947,,509,13,505
"BaselineSweep",500,2,237,5.357,5.384,0.476,3.247,1,0,0.074,2.035,102400,502,13,492
"BaselineSweep",500,2,238,4.603,4.605,0.000,3.210,1,0,0.061,1.332,,511,13,503
"BaselineSweep",500,2,239,2.095,2.088,0.509,1.485,1,0,0.037,0.573,180224,516,13,504
"BaselineSweep",500,2,240,3.953,3.951,0.486,2.497,1,0,0.052,1.404,,519,13,501
"BaselineSweep",500,2,241,4.543,4.549,0.496,1.935,1,0,0.044,2.565,,514,13,501
"BaselineSweep",500,2,242,2.961,2.966,0.480,1.755,1,0,0.042,1.165,155648,517,13,501
"BaselineSweep",500,2,243,4.706,4.673,0.525,1.852,1,0,0.040,2.813,,518,13,496
"BaselineSweep",500,2,244,2.198,2.223,0.516,1.583,1,0,0.050,0.566,155648,503,13,498
"BaselineSweep",500,2,245,4.440,4.397,0.000,1.864,1,0,0.042,2.535,,519,13,512
"BaselineSweep",500,2,246,5.694,5.731,0.539,3.374,1,0,0.076,2.244,196608,519,13,502
"BaselineSweep",500,2,247,5.046,5.039,0.000,3.187,1,0,0.068,1.791,,509,13,495
"BaselineSweep",500,2,248,4.110,4.119,0.507,2.891,1,0,0.044,1.176,,520,13,513
"BaselineSweep",500,2,249,3.004,3.003,0.491,1.479,1,0,0.036,1.489,139264,517,13,510
"BaselineSweep",500,2,250,3.981,3.971,0.488,2.323,1,0,0.049,1.609,,519,13,498
"BaselineSweep",500,2,251,4.379,4.366,0.484,1.874,1,0,0.050,2.455,,521,13,518
"BaselineSweep",500,2,252,3.298,3.323,0.479,1.738,1,0,0.046,1.514,114688,518,13,516
"BaselineSweep",500,2,253,3.108,3.102,0.000,1.894,1,0,0.039,1.174,,521,13,510
"BaselineSweep",500,2,254,2.700,2.706,0.520,1.534,1,0,0.036,1.129,131072,514,13,502
"BaselineSweep",500,2,255,4.301,4.269,0.487,1.806,1,0,0.039,2.456,,520,13,514
"BaselineSweep",500,2,256,2.777,2.794,0.498,1.563,1,0,0.038,1.176,167936,512,13,507
"BaselineSweep",500,2,257,4.811,4.796,0.000,1.893,1,0,0.038,2.879,,518,13,512
"BaselineSweep",500,2,258,2.140,2.154,0.498,1.537,1,0,0.038,0.565,143360,508,13,503
"BaselineSweep",500,2,259,5.054,5.032,0.000,1.886,1,0,0.039,3.129,,515,13,500
"BaselineSweep",500,2,260,2.984,3.007,0.526,1.500,1,0,0.037,1.448,,506,13,500
"BaselineSweep",500,2,261,1.958,1.957,0.000,1.498,1,0,0.037,0.422,45056,512,13,513
"BaselineSweep",500,2,262,3.003,3.003,0.637,1.538,1,0,0.037,1.428,,516,13,511
"BaselineSweep",500,2,263,2.076,2.079,0.507,1.525,1,0,0.044,0.507,53248,521,13,507
"BaselineSweep",500,2,264,2.346,2.342,0.497,1.841,1,0,0.038,0.467,,517,13,508
"BaselineSweep",500,2,265,2.698,2.693,0.552,1.507,1,0,0.036,1.155,118784,519,13,516
"BaselineSweep",500,2,266,4.529,4.504,0.551,1.780,1,0,0.041,2.708,,521,13,514
"BaselineSweep",500,2,267,2.729,2.760,0.540,1.501,1,0,0.040,1.188,135168,506,13,501
"BaselineSweep",500,2,268,6.003,5.985,0.000,2.424,1,0,0.052,3.528,,520,13,510
"BaselineSweep",500,2,269,3.040,3.054,0.440,1.593,1,0,0.039,1.408,,513,13,508
"BaselineSweep",500,2,270,2.801,2.798,0.000,1.549,1,0,0.044,1.208,86016,506,13,504
"BaselineSweep",500,2,271,4.303,4.290,1.847,1.936,1,0,0.039,2.329,,519,13,515
"BaselineSweep",500,2,272,2.769,2.783,0.490,1.596,1,0,0.038,1.135,131072,508,13,493
"BaselineSweep",500,2,273,4.607,4.558,0.000,2.106,1,0,0.038,2.464,,517,13,513
"BaselineSweep",500,2,274,2.151,2.193,0.462,1.543,1,0,0.038,0.571,176128,512,13,504
"BaselineSweep",500,2,275,4.276,4.253,0.000,1.794,1,0,0.040,2.442,,513,13,507
"BaselineSweep",500,2,276,3.026,3.048,0.543,1.494,1,0,0.037,1.495,,510,13,497
"BaselineSweep",500,2,277,4.385,4.358,0.000,1.505,1,0,0.036,2.844,163840,520,13,518
"BaselineSweep",500,2,278,2.963,2.987,0.486,1.715,1,0,0.038,1.210,,514,13,505
"BaselineSweep",500,2,279,2.736,2.725,0.000,1.491,1,0,0.037,1.209,172032,511,13,507
"BaselineSweep",500,2,280,4.476,4.460,0.513,1.861,1,0,0.038,2.577,,520,13,512
"BaselineSweep",500,2,281,2.728,2.750,0.513,1.501,1,0,0.037,1.190,208896,509,13,498
"BaselineSweep",500,2,282,5.670,5.661,0.000,3.492,1,0,0.074,2.104,,514,13,495
"BaselineSweep",500,2,283,5.152,5.153,0.556,2.758,1,0,0.062,2.332,,505,13,487
"BaselineSweep",500,2,284,1.993,1.992,0.492,1.490,1,0,0.040,0.463,81920,517,13,509
"BaselineSweep",500,2,285,2.758,2.758,0.000,2.030,1,0,0.055,0.673,,516,13,508
"BaselineSweep",500,2,286,3.424,3.428,0.876,2.119,1,0,0.049,1.257,147456,518,13,509
"BaselineSweep",500,2,287,3.331,3.329,0.535,1.965,1,0,0.047,1.319,,519,13,504
"BaselineSweep",500,2,288,1.951,1.956,0.504,1.489,1,0,0.037,0.425,126976,510,13,494
"BaselineSweep",500,2,289,2.638,2.632,0.510,2.100,1,0,0.042,0.495,,520,13,510
"BaselineSweep",500,2,290,4.266,4.258,0.596,1.673,1,0,0.038,2.555,172032,520,13,514
"BaselineSweep",500,2,291,3.359,3.357,0.479,1.814,1,0,0.038,1.507,,519,13,505
"BaselineSweep",500,2,292,4.419,4.399,0.000,1.482,1,0,0.036,2.901,,521,13,513
"BaselineSweep",500,2,293,2.166,2.195,0.447,1.563,1,0,0.043,0.559,69632,514,13,509
"BaselineSweep",500,2,294,4.449,4.419,0.000,1.583,1,0,0.038,2.828,,519,13,519
"BaselineSweep",500,2,295,5.344,5.364,0.521,3.246,1,0,0.074,2.025,114688,508,13,503
"BaselineSweep",500,2,296,4.852,4.843,0.000,3.066,1,0,0.061,1.726,,518,13,512
"BaselineSweep",500,2,297,4.427,4.412,0.529,2.289,1,0,0.053,2.085,86016,518,13,499
"BaselineSweep",500,2,298,3.827,3.851,0.467,2.356,1,0,0.050,1.421,,509,13,494
"BaselineSweep",500,2,299,4.418,4.396,0.000,1.842,1,0,0.042,2.534,147456,515,13,505
"BaselineSweep",2000,2,0,29.823,29.842,1.196,27.679,1,0,0.232,1.912,,1995,26,1934
"BaselineSweep",2000,2,1,30.083,30.058,1.277,27.573,1,0,0.256,2.255,,1986,28,1935
"BaselineSweep",2000,2,2,28.563,28.564,1.161,26.227,1,0,0.218,2.118,,1975,28,1908
"BaselineSweep",2000,2,3,30.207,30.208,1.433,28.588,1,0,0.244,1.374,,1968,28,1921
"BaselineSweep",2000,2,4,29.854,29.879,1.094,27.802,1,0,0.178,1.875,,1977,28,1908
"BaselineSweep",2000,2,5,29.315,29.289,1.110,26.004,1,0,0.187,3.124,,2004,28,1945
"BaselineSweep",2000,2,6,27.747,27.729,1.158,26.052,1,0,0.211,1.484,,1997,28,1927
"BaselineSweep",2000,2,7,28.937,28.969,1.227,27.648,1,0,0.161,1.128,,1986,28,1933
"BaselineSweep",2000,2,8,27.877,27.872,1.161,25.467,1,0,0.214,2.195,,2003,28,1932
"BaselineSweep",2000,2,9,27.631,27.639,1.153,24.724,1,0,0.193,2.714,,1996,28,1937
"BaselineSweep",2000,2,10,28.752,28.742,1.187,25.978,1,0,0.219,2.554,,1964,28,1904
"BaselineSweep",2000,2,11,28.058,28.046,1.333,25.987,1,0,0.184,1.887,,1973,28,1929
"BaselineSweep",2000,2,12,29.388,29.407,1.114,27.326,1,0,0.161,1.901,,1997,28,1937
"BaselineSweep",2000,2,13,26.074,26.054,1.166,24.637,1,0,0.175,1.261,,1997,28,1939
"BaselineSweep",2000,2,14,29.947,29.951,1.460,27.807,1,0,0.209,1.932,,1993,28,1940
"BaselineSweep",2000,2,15,28.449,28.465,1.128,26.412,1,0,0.194,1.844,,1980,28,1935
"BaselineSweep",2000,2,16,29.318,29.297,1.106,26.489,1,0,0.177,2.652,,1990,28,1940
"BaselineSweep",2000,2,17,26.929,26.916,1.110,25.046,1,0,0.186,1.698,,1984,27,1885
"BaselineSweep",2000,2,18,28.906,28.939,1.195,27.066,1,0,0.178,1.663,,1992,28,1934
"BaselineSweep",2000,2,19,30.670,30.649,1.334,27.774,1,0,0.175,2.721,,1992,28,1953
"BaselineSweep",2000,2,20,29.208,29.233,1.151,27.024,1,0,0.248,1.936,,1983,28,1925
"BaselineSweep",2000,2,21,30.174,30.168,1.151,28.245,1,0,0.192,1.738,,1985,28,1944
"BaselineSweep",2000,2,22,29.018,29.009,1.138,27.050,1,0,0.206,1.763,,1990,28,1958
"BaselineSweep",2000,2,23,28.422,28.422,1.116,25.415,1,0,0.171,2.836,,1990,28,1903
"BaselineSweep",2000,2,24,26.417,26.411,1.209,24.377,1,0,0.219,1.822,,2005,28,1939
"BaselineSweep",2000,2,25,30.264,30.238,1.186,26.883,1,0,0.212,3.169,,1963,28,1906
"BaselineSweep",2000,2,26,26.381,26.398,1.166,25.027,1,0,0.169,1.185,,1996,28,1898
"BaselineSweep",2000,2,27,29.293,29.293,1.463,26.205,1,0,0.190,2.898,,1991,28,1949
"BaselineSweep",2000,2,28,25.687,25.687,1.142,24.315,1,0,0.217,1.155,,1966,27,1899
"BaselineSweep",2000,2,29,28.785,28.786,1.498,27.082,1,0,0.215,1.488,,2009,28,1960
"BaselineSweep",2000,2,30,29.914,29.902,1.102,26.968,1,0,0.204,2.742,,1967,28,1923
"BaselineSweep",2000,2,31,28.745,28.760,1.173,26.337,1,0,0.220,2.188,,1976,28,1904
"BaselineSweep",2000,2,32,29.342,29.338,1.241,26.530,1,0,0.216,2.596,,1980,28,1921
"BaselineSweep",2000,2,33,32.275,32.267,1.442,29.390,1,0,0.217,2.668,,1981,28,1913
"BaselineSweep",2000,2,34,31.038,31.056,1.199,29.336,1,0,0.156,1.546,,1978,28,1918
"BaselineSweep",2000,2,35,26.658,26.645,1.114,24.431,1,0,0.184,2.044,,1987,28,1929
"BaselineSweep",2000,2,36,28.235,28.203,1.376,25.890,1,0,0.197,2.149,,1977,28,1903
"BaselineSweep",2000,2,37,26.808,26.845,1.171,24.876,1,0,0.178,1.754,,1979,28,1902
"BaselineSweep",2000,2,38,26.318,26.309,1.535,23.864,1,0,0.188,2.266,,1981,28,1908
"BaselineSweep",2000,2,39,32.327,32.299,1.148,29.775,1,0,0.223,2.329,,1983,28,1939
"BaselineSweep",2000,2,40,27.707,27.723,1.146,24.595,1,0,0.206,2.906,,1993,27,1895
"BaselineSweep",2000,2,41,29.654,29.671,1.464,27.872,1,0,0.161,1.621,,2000,28,1942
"BaselineSweep",2000,2,42,26.459,26.452,1.371,25.149,1,0,0.220,1.090,,1993,28,1924
"BaselineSweep",2000,2,43,31.172,31.163,1.109,27.612,1,0,0.253,3.307,,1990,28,1941
"BaselineSweep",2000,2,44,518.704,518.606,1.186,28.478,1,0,0.174,490.051,,1984,26,1925
"BaselineSweep",2000,2,45,30.484,30.575,1.246,28.447,1,0,0.187,1.850,,1954,27,1930
"BaselineSweep",2000,2,46,33.594,33.591,0.000,30.667,1,0,0.212,2.715,,1973,28,1919
"BaselineSweep",2000,2,47,25.331,25.348,0.981,23.570,1,0,0.167,1.595,,1968,28,1863
"BaselineSweep",2000,2,48,26.515,26.515,0.952,24.614,1,0,0.198,1.703,,1984,28,1929
"BaselineSweep",2000,2,49,29.161,29.137,0.966,26.826,1,0,0.223,2.112,,1981,28,1910
"BaselineSweep",2000,2,50,27.516,27.540,0.951,26.372,1,0,0.185,0.959,,1926,28,1907
"BaselineSweep",2000,2,51,27.561,27.556,0.967,25.238,1,0,0.246,2.078,,1999,28,1957
"BaselineSweep",2000,2,52,26.687,26.686,0.939,24.737,1,0,0.204,1.745,,1990,28,1935
"BaselineSweep",2000,2,53,27.140,27.128,0.948,25.417,1,0,0.197,1.526,,1983,28,1904
"BaselineSweep",2000,2,54,28.523,28.523,0.955,25.913,1,0,0.219,2.391,,1993,28,1943
"BaselineSweep",2000,2,55,26.978,26.971,0.981,24.887,1,0,0.214,1.878,,2002,27,1911
"BaselineSweep",2000,2,56,29.247,29.242,0.958,26.632,1,0,0.214,2.400,,1985,27,1923
"BaselineSweep",2000,2,57,29.076,29.078,0.950,26.897,1,0,0.251,1.928,,1969,28,1904
"BaselineSweep",2000,2,58,28.213,28.204,0.945,24.466,1,0,0.219,3.528,,1973,27,1913
"BaselineSweep",2000,2,59,33.263,33.274,0.983,30.246,1,0,0.187,2.830,,1982,28,1914
"BaselineSweep",2000,2,60,26.742,26.736,0.941,24.234,1,0,0.209,2.299,,1998,28,1955
"BaselineSweep",2000,2,61,29.899,29.915,0.952,28.045,1,0,0.210,1.644,,1976,28,1920
"BaselineSweep",2000,2,62,26.572,26.571,0.944,24.778,1,0,0.177,1.617,,1949,28,1938
"BaselineSweep",2000,2,63,30.081,30.071,0.947,26.891,1,0,0.170,3.021,,1991,28,1950
"BaselineSweep",2000,2,64,31.056,31.029,0.939,27.588,1,0,0.229,3.238,,1988,27,1913
"BaselineSweep",2000,2,65,30.887,30.919,0.953,27.908,1,0,0.230,2.749,,1983,28,1898
"BaselineSweep",2000,2,66,29.114,29.091,1.103,25.766,1,0,0.178,3.170,,1996,26,1904
"BaselineSweep",2000,2,67,26.757,26.782,1.018,25.388,1,0,0.199,1.170,,1987,28,1881
"BaselineSweep",2000,2,68,27.633,27.599,0.952,25.845,1,0,0.218,1.570,,2000,28,1928
"BaselineSweep",2000,2,69,28.005,28.010,0.955,25.269,1,0,0.189,2.547,,1980,27,1916
"BaselineSweep",2000,2,70,26.971,26.985,0.960,25.697,1,0,0.187,1.087,,1978,28,1899
"BaselineSweep",2000,2,71,29.641,29.619,0.943,26.183,1,0,0.197,3.261,,2001,28,1910
"BaselineSweep",2000,2,72,30.640,30.673,0.963,28.566,1,0,0.227,1.847,,1982,28,1891
"BaselineSweep",2000,2,73,29.552,29.516,0.971,25.864,1,0,0.398,3.290,,1986,28,1939
"BaselineSweep",2000,2,74,27.040,27.039,0.954,24.360,1,0,0.177,2.503,,1997,28,1903
"BaselineSweep",2000,2,75,28.665,28.675,0.962,25.914,1,0,0.221,2.530,,1980,27,1929
"BaselineSweep",2000,2,76,29.819,29.790,0.969,25.550,1,0,0.233,4.036,,1886,28,1938
"BaselineSweep",2000,2,77,27.554,27.597,0.968,25.764,1,0,0.190,1.599,,1991,28,1930
"BaselineSweep",2000,2,78,30.438,30.410,1.089,28.399,1,0,0.174,1.865,,1992,28,1925
"BaselineSweep",2000,2,79,27.631,27.651,1.119,25.505,1,0,0.266,1.861,,2006,27,1925
"BaselineSweep",2000,2,80,26.567,26.573,1.110,24.557,1,0,0.312,1.698,,1993,28,1904
"BaselineSweep",2000,2,81,26.190,26.184,0.946,23.765,1,0,0.163,2.262,,2017,28,1928
"BaselineSweep",2000,2,82,27.659,27.651,0.955,24.448,1,0,0.225,2.986,,2013,28,1963
"BaselineSweep",2000,2,83,30.097,30.093,0.000,26.682,1,0,0.237,3.178,,2006,28,1938
"BaselineSweep",2000,2,84,27.709,27.725,1.093,25.598,1,0,0.223,1.887,,2003,27,1925
"BaselineSweep",2000,2,85,28.083,28.063,0.953,25.603,1,0,0.242,2.238,,1993,27,1944
"BaselineSweep",2000,2,86,26.683,26.698,0.945,24.741,1,0,0.202,1.740,,1984,28,1908
"BaselineSweep",2000,2,87,28.708,28.714,0.954,26.436,1,0,0.168,2.104,,1998,28,1968
"BaselineSweep",2000,2,88,29.243,29.228,0.940,26.412,1,0,0.196,2.635,,1994,28,1913
"BaselineSweep",2000,2,89,26.760,26.734,0.959,24.776,1,0,0.175,1.809,,2007,28,1894
"BaselineSweep",2000,2,90,27.229,27.252,0.942,25.029,1,0,0.224,1.976,,2001,27,1901
"BaselineSweep",2000,2,91,28.070,28.075,0.976,25.997,1,0,0.191,1.882,,2001,28,1937
"BaselineSweep",2000,2,92,27.376,27.371,0.943,25.396,1,0,0.189,1.791,,2008,26,1978
"BaselineSweep",2000,2,93,28.633,28.614,0.958,24.188,1,0,0.450,3.995,,2002,28,1917
"BaselineSweep",2000,2,94,26.998,27.009,0.957,24.850,1,0,0.214,1.934,,2002,28,1908
"BaselineSweep",2000,2,95,26.656,26.664,0.965,24.824,1,0,0.171,1.661,,1978,28,1940
"BaselineSweep",2000,2,96,26.069,26.069,0.943,24.737,1,0,0.218,1.114,,2006,27,1937
"BaselineSweep",2000,2,97,27.464,27.458,0.954,25.394,1,0,0.195,1.875,,2009,28,1945
"BaselineSweep",2000,2,98,29.074,29.072,0.942,26.874,1,0,0.302,1.898,,1991,28,1949
"BaselineSweep",2000,2,99,28.736,28.732,0.958,26.208,1,0,0.169,2.358,,1976,28,1933
"BaselineSweep",2000,2,100,29.062,29.061,0.949,27.049,1,0,0.210,1.802,,1976,28,1912
"BaselineSweep",2000,2,101,26.497,26.504,0.963,24.606,1,0,0.173,1.717,,1996,28,1928
"BaselineSweep",2000,2,102,30.378,30.341,0.976,26.708,1,0,0.202,3.468,,2002,28,1938
"BaselineSweep",2000,2,103,30.037,30.032,1.013,26.770,1,0,0.178,3.090,,1998,28,1894
"BaselineSweep",2000,2,104,28.169,28.204,0.941,24.741,1,0,0.196,3.232,,2006,28,1924
"BaselineSweep",2000,2,105,28.003,28.004,0.954,25.825,1,0,0.176,2.001,,2000,28,1951
"BaselineSweep",2000,2,106,26.580,26.578,0.951,24.642,1,0,0.193,1.746,,2005,28,1946
"BaselineSweep",2000,2,107,28.062,28.059,1.089,25.715,1,0,0.174,2.173,,1999,28,1955
"BaselineSweep",2000,2,108,28.234,28.227,0.957,26.900,1,0,0.193,1.140,,2012,28,1971
"BaselineSweep",2000,2,109,26.137,26.134,0.941,24.190,1,0,0.190,1.757,,2002,28,1925
"BaselineSweep",2000,2,110,28.987,28.981,0.945,27.130,1,0,0.243,1.614,,1987,28,1944
"BaselineSweep",2000,2,111,27.667,27.683,1.037,25.427,1,0,0.199,2.041,,1984,28,1947
"BaselineSweep",2000,2,112,31.568,31.538,0.932,29.029,1,0,0.222,2.318,,1982,27,1894
"BaselineSweep",2000,2,113,28.462,28.476,0.946,26.248,1,0,0.229,1.985,,1993,28,1962
"BaselineSweep",2000,2,114,30.844,30.849,0.951,27.402,1,0,0.226,3.216,,1981,28,1928
"BaselineSweep",2000,2,115,26.313,26.321,0.944,25.090,1,0,0.181,1.042,,2007,28,1933
"BaselineSweep",2000,2,116,30.266,30.245,0.973,27.930,1,0,0.204,2.132,,1997,28,1923
"BaselineSweep",2000,2,117,26.320,26.323,0.943,24.018,1,0,0.211,2.091,,1973,28,1927
"BaselineSweep",2000,2,118,26.496,26.495,0.941,24.508,1,0,0.192,1.796,,1975,28,1868
"BaselineSweep",2000,2,119,27.093,27.092,0.934,24.248,1,0,0.164,2.681,,1973,28,1926
"BaselineSweep",2000,2,120,28.439,28.449,1.101,27.067,1,0,0.188,1.185,,2001,28,1927
"BaselineSweep",2000,2,121,26.717,26.718,0.958,24.867,1,0,0.174,1.676,,1982,28,1932
"BaselineSweep",2000,2,122,27.939,27.941,0.946,25.864,1,0,0.214,1.861,,1989,28,1950
"BaselineSweep",2000,2,123,26.653,26.642,1.101,24.378,1,0,0.212,2.063,,1985,28,1939
"BaselineSweep",2000,2,124,30.220,30.214,0.954,26.458,1,0,0.172,3.591,,1963,28,1921
"BaselineSweep",2000,2,125,27.157,27.164,0.967,24.518,1,0,0.220,2.419,,1998,28,1941
"BaselineSweep",2000,2,126,29.902,29.891,0.942,26.183,1,0,0.176,3.544,,1962,28,1918
"BaselineSweep",2000,2,127,31.899,31.886,0.966,28.657,1,0,0.178,3.064,,1992,28,1903
"BaselineSweep",2000,2,128,26.244,26.267,0.968,24.332,1,0,0.178,1.733,,1977,27,1927
"BaselineSweep",2000,2,129,27.578,27.549,1.032,25.111,1,0,0.212,2.255,,1983,28,1916
"BaselineSweep",2000,2,130,28.713,28.723,0.950,25.022,1,0,0.208,3.483,,1978,28,1917
"BaselineSweep",2000,2,131,28.855,28.864,0.966,26.139,1,0,0.210,2.505,,1968,28,1909
"BaselineSweep",2000,2,132,26.149,26.156,0.939,24.271,1,0,0.172,1.706,,1984,28,1936
"BaselineSweep",2000,2,133,29.946,29.944,0.957,27.980,1,0,0.208,1.758,,1982,28,1930
"BaselineSweep",2000,2,134,28.834,28.821,0.946,26.800,1,0,0.219,1.815,,1991,27,1923
"BaselineSweep",2000,2,135,34.564,34.565,0.956,31.899,1,0,0.225,2.440,,1994,28,1945
"BaselineSweep",2000,2,136,29.278,29.289,0.954,26.235,1,0,0.222,2.821,,1995,28,1967
"BaselineSweep",2000,2,137,29.932,29.912,0.943,27.765,1,0,0.221,1.945,,2004,28,1976
"BaselineSweep",2000,2,138,28.608,28.623,1.078,26.435,1,0,0.225,1.948,,1986,27,1900
"BaselineSweep",2000,2,139,32.281,32.262,0.941,28.764,1,0,0.276,3.241,,2003,28,1964
"BaselineSweep",2000,2,140,28.320,28.338,0.945,26.468,1,0,0.183,1.669,,2008,28,1950
"BaselineSweep",2000,2,141,26.735,26.724,0.949,24.463,1,0,0.194,2.078,,1993,28,1916
"BaselineSweep",2000,2,142,29.879,29.861,1.017,26.838,1,0,0.217,2.824,,1991,28,1931
"BaselineSweep",2000,2,143,27.680,27.706,0.952,25.835,1,0,0.157,1.689,,1981,28,1920
"BaselineSweep",2000,2,144,30.132,30.130,0.968,27.610,1,0,0.369,2.154,,2003,28,1930
"BaselineSweep",2000,2,145,25.877,25.880,0.970,24.038,1,0,0.171,1.668,,1992,28,1924
"BaselineSweep",2000,2,146,27.163,27.146,1.101,24.766,1,0,0.183,2.215,,1983,28,1923
"BaselineSweep",2000,2,147,30.305,30.305,0.960,27.664,1,0,0.187,2.454,,1994,28,1958
"BaselineSweep",2000,2,148,25.813,25.790,0.940,23.983,1,0,0.203,1.628,,1999,28,1952
"BaselineSweep",2000,2,149,28.273,28.313,0.962,27.079,1,0,0.174,1.020,,1992,28,1912
"BaselineSweep",2000,2,150,29.746,29.709,0.965,26.521,1,0,0.212,3.012,,2012,28,1940
"BaselineSweep",2000,2,151,29.537,29.547,0.941,27.236,1,0,0.224,2.077,,1967,28,1899
"BaselineSweep",2000,2,152,29.363,29.345,0.932,27.674,1,0,0.195,1.493,,1982,28,1921
"BaselineSweep",2000,2,153,28.351,28.381,1.126,25.995,1,0,0.174,2.183,,1981,28,1903
"BaselineSweep",2000,2,154,27.839,27.809,0.953,24.518,1,0,0.200,3.121,,1988,27,1925
"BaselineSweep",2000,2,155,32.746,32.747,0.968,29.187,1,0,0.191,3.368,,1980,28,1913
"BaselineSweep",2000,2,156,29.935,29.935,0.945,26.403,1,0,0.231,3.301,,1994,27,1919
"BaselineSweep",2000,2,157,30.471,30.502,0.966,28.550,1,0,0.183,1.738,,1986,28,1939
"BaselineSweep",2000,2,158,29.529,29.523,1.192,27.548,1,0,0.172,1.809,,1997,28,1958
"BaselineSweep",2000,2,159,36.602,36.583,0.979,32.699,1,0,0.260,3.644,,1974,28,1923
"BaselineSweep",2000,2,160,31.307,31.324,0.948,29.463,1,0,0.170,1.674,,1994,28,1931
"BaselineSweep",2000,2,161,27.145,27.128,0.965,25.316,1,0,0.161,1.668,,1941,28,1895
"BaselineSweep",2000,2,162,28.290,28.304,0.958,26.411,1,0,0.190,1.689,,1992,28,1910
"BaselineSweep",2000,2,163,33.388,33.384,0.957,30.835,1,0,0.188,2.365,,2002,28,1942
"BaselineSweep",2000,2,164,29.801,29.776,0.947,25.757,1,0,0.215,3.829,,1992,28,1924
"BaselineSweep",2000,2,165,29.410,29.429,0.953,26.896,1,0,0.163,2.352,,1987,27,1923
"BaselineSweep",2000,2,166,29.883,29.892,0.944,27.829,1,0,0.226,1.828,,1983,28,1931
"BaselineSweep",2000,2,167,30.714,30.702,0.964,27.434,1,0,0.205,3.076,,1980,28,1919
"BaselineSweep",2000,2,168,29.313,29.293,0.943,26.098,1,0,0.231,2.984,,1991,28,1940
"BaselineSweep",2000,2,169,28.612,28.640,0.947,26.632,1,0,0.202,1.779,,1990,28,1923
"BaselineSweep",2000,2,170,28.705,28.670,0.976,26.185,1,0,0.209,2.311,,1999,28,1931
"BaselineSweep",2000,2,171,27.217,27.240,0.988,24.692,1,0,0.224,2.301,,2000,28,1938
"BaselineSweep",2000,2,172,29.081,29.092,0.963,26.925,1,0,0.193,1.964,,1958,28,1897
"BaselineSweep",2000,2,173,31.561,31.548,0.971,28.653,1,0,0.211,2.697,,1998,28,1943
"BaselineSweep",2000,2,174,30.336,30.325,1.103,27.324,1,0,0.182,2.830,,2002,28,1946
"BaselineSweep",2000,2,175,34.756,34.748,1.082,32.765,1,0,0.186,1.805,,1978,28,1915
"BaselineSweep",2000,2,176,30.041,30.034,0.963,26.368,1,0,0.233,3.440,,1976,28,1952
"BaselineSweep",2000,2,177,28.781,28.792,1.097,27.149,1,0,0.176,1.456,,1895,28,1895
"BaselineSweep",2000,2,178,29.227,29.235,0.962,27.073,1,0,0.197,1.958,,2013,28,1954
"BaselineSweep",2000,2,179,26.522,26.536,0.956,24.731,1,0,0.179,1.612,,1985,27,1921
"BaselineSweep",2000,2,180,28.220,28.216,0.965,26.303,1,0,0.189,1.728,,1978,27,1915
"BaselineSweep",2000,2,181,28.056,28.035,0.948,25.930,1,0,0.208,1.918,,1994,28,1945
"BaselineSweep",2000,2,182,32.497,32.489,0.951,28.848,1,0,0.235,3.414,,1986,28,1943
"BaselineSweep",2000,2,183,29.431,29.454,0.961,27.280,1,0,0.219,1.933,,1881,28,1928
"BaselineSweep",2000,2,184,29.469,29.446,0.953,26.499,1,0,0.174,2.797,,1979,28,1934
"BaselineSweep",2000,2,185,28.454,28.468,0.961,26.247,1,0,0.227,1.980,,1989,27,1944
"BaselineSweep",2000,2,186,29.427,29.430,1.033,27.157,1,0,0.234,2.036,,1997,28,1908
"BaselineSweep",2000,2,187,29.046,29.033,1.083,27.486,1,0,0.184,1.376,,1973,28,1942
"BaselineSweep",2000,2,188,28.390,28.364,1.025,25.803,1,0,0.214,2.373,,1997,28,1947
"BaselineSweep",2000,2,189,35.434,35.468,0.968,32.917,1,0,0.246,2.272,,1967,26,1936
"BaselineSweep",2000,2,190,30.458,30.462,1.074,27.226,1,0,0.187,3.046,,1986,28,1952
"BaselineSweep",2000,2,191,29.948,29.925,0.972,26.271,1,0,0.241,3.436,,1902,28,1915
"BaselineSweep",2000,2,192,26.896,26.922,0.956,25.032,1,0,0.195,1.669,,1997,28,1940
"BaselineSweep",2000,2,193,27.990,27.975,0.998,26.212,1,0,0.234,1.544,,2002,28,1932
"BaselineSweep",2000,2,194,27.588,27.561,0.977,24.196,1,0,0.200,3.192,,1998,28,1929
"BaselineSweep",2000,2,195,27.278,27.291,0.962,25.755,1,0,0.193,1.330,,1990,28,1950
"BaselineSweep",2000,2,196,27.991,28.004,0.953,25.902,1,0,0.204,1.885,,1997,28,1909
"BaselineSweep",2000,2,197,27.148,27.150,0.979,24.811,1,0,0.182,2.155,,1975,27,1902
"BaselineSweep",2000,2,198,29.792,29.768,1.149,27.273,1,0,0.231,2.288,,1990,28,1943
"BaselineSweep",2000,2,199,29.683,29.705,0.986,26.972,1,0,0.168,2.543,,1992,27,1917
"BaselineSweep",2000,2,200,34.277,34.277,1.067,31.819,1,0,0.251,2.207,,1986,28,1933
"BaselineSweep",2000,2,201,28.914,28.907,1.050,25.513,1,0,0.219,3.183,,1975,27,1964
"BaselineSweep",2000,2,202,27.353,27.359,0.953,25.496,1,0,0.184,1.672,,1987,28,1909
"BaselineSweep",2000,2,203,26.595,26.581,0.986,23.677,1,0,0.212,2.707,,1990,27,1947
"BaselineSweep",2000,2,204,32.727,32.717,0.971,29.216,1,0,0.226,3.285,,1986,28,1938
"BaselineSweep",2000,2,205,27.728,27.711,0.953,25.193,1,0,0.222,2.313,,2011,27,1956
"BaselineSweep",2000,2,206,30.002,30.016,0.953,27.073,1,0,0.216,2.713,,1996,28,1961
"BaselineSweep",2000,2,207,31.094,31.100,0.972,28.529,1,0,0.220,2.344,,1980,28,1899
"BaselineSweep",2000,2,208,28.569,28.585,0.973,26.452,1,0,0.386,1.732,,1992,28,1944
"BaselineSweep",2000,2,209,31.393,31.386,1.014,29.487,1,0,0.189,1.718,,1977,28,1926
"BaselineSweep",2000,2,210,27.205,27.201,1.007,25.268,1,0,0.186,1.751,,1990,28,1885
"BaselineSweep",2000,2,211,26.934,26.921,1.118,25.240,1,0,0.176,1.519,,1992,28,1915
"BaselineSweep",2000,2,212,28.858,28.878,0.969,26.609,1,0,0.212,2.037,,1997,28,1941
"BaselineSweep",2000,2,213,29.054,29.046,1.149,25.820,1,0,0.178,3.056,,1989,28,1907
"BaselineSweep",2000,2,214,29.123,29.120,0.953,26.520,1,0,0.198,2.405,,1992,28,1913
"BaselineSweep",2000,2,215,28.947,28.922,0.980,25.669,1,0,0.234,3.044,,1979,28,1937
"BaselineSweep",2000,2,216,28.104,28.134,0.959,26.062,1,0,0.212,1.831,,1980,28,1936
"BaselineSweep",2000,2,217,26.491,26.460,0.959,24.843,1,0,0.211,1.438,,1998,28,1898
"BaselineSweep",2000,2,218,30.144,30.176,1.019,27.659,1,0,0.367,2.118,,1988,28,1925
"BaselineSweep",2000,2,219,27.904,27.878,0.971,24.049,1,0,0.193,3.663,,1993,28,1965
"BaselineSweep",2000,2,220,29.627,29.633,0.970,27.418,1,0,0.227,1.981,,1984,27,1912
"BaselineSweep",2000,2,221,30.695,30.686,1.116,27.302,1,0,0.196,3.197,,1962,27,1847
"BaselineSweep",2000,2,222,28.373,28.365,0.960,23.775,1,0,0.177,4.421,,2005,28,1944
"BaselineSweep",2000,2,223,32.922,32.951,0.959,30.458,1,0,0.177,2.287,,1978,28,1912
"BaselineSweep",2000,2,224,27.219,27.200,0.953,25.074,1,0,0.208,1.937,,1990,28,1934
"BaselineSweep",2000,2,225,27.127,27.148,0.965,25.203,1,0,0.204,1.720,,1934,28,1894
"BaselineSweep",2000,2,226,27.526,27.477,0.962,25.385,1,0,0.185,1.955,,1989,28,1935
"BaselineSweep",2000,2,227,31.441,31.455,0.969,28.051,1,0,0.250,3.140,,1988,28,1905
"BaselineSweep",2000,2,228,26.129,26.149,0.946,24.062,1,0,0.218,1.848,,2003,27,1934
"BaselineSweep",2000,2,229,28.939,28.943,0.977,27.050,1,0,0.213,1.677,,1981,28,1886
"BaselineSweep",2000,2,230,28.469,28.461,0.960,24.459,1,0,0.179,3.830,,1997,28,1935
"BaselineSweep",2000,2,231,30.348,30.328,0.955,27.128,1,0,0.161,3.060,,1898,28,1905
"BaselineSweep",2000,2,232,28.182,28.182,1.084,24.861,1,0,0.160,3.161,,1998,28,1916
"BaselineSweep",2000,2,233,26.787,26.805,0.964,24.865,1,0,0.188,1.735,,1943,28,1941
"BaselineSweep",2000,2,234,26.305,26.289,0.954,24.114,1,0,0.220,1.971,,1995,27,1920
"BaselineSweep",2000,2,235,27.242,27.262,0.959,25.407,1,0,0.170,1.665,,1996,28,1949
"BaselineSweep",2000,2,236,29.593,29.584,0.971,26.124,1,0,0.216,3.252,,1977,28,1946
"BaselineSweep",2000,2,237,25.780,25.781,0.955,24.447,1,0,0.201,1.133,,1998,28,1924
"BaselineSweep",2000,2,238,26.670,26.651,0.944,24.965,1,0,0.224,1.481,,1981,28,1937
"BaselineSweep",2000,2,239,27.418,27.433,0.983,26.064,1,0,0.211,1.143,,2010,28,1940
"BaselineSweep",2000,2,240,33.567,33.498,0.949,30.439,1,0,0.194,2.935,,1938,28,1940
"BaselineSweep",2000,2,241,28.792,28.856,1.155,26.652,1,0,0.195,1.945,,1991,28,1893
"BaselineSweep",2000,2,242,31.548,31.542,0.000,28.310,1,0,0.274,2.964,,2003,28,1919
"BaselineSweep",2000,2,243,30.129,30.139,1.114,28.277,1,0,0.181,1.672,,2011,28,1917
"BaselineSweep",2000,2,244,29.646,29.636,0.953,26.340,1,0,0.190,3.116,,1991,28,1928
"BaselineSweep",2000,2,245,29.803,29.806,0.978,27.295,1,0,0.192,2.316,,2003,28,1912
"BaselineSweep",2000,2,246,30.052,30.055,1.097,28.254,1,0,0.174,1.623,,1995,28,1945
"BaselineSweep",2000,2,247,26.039,26.035,0.966,23.507,1,0,0.164,2.368,,1993,27,1936
"BaselineSweep",2000,2,248,29.602,29.579,0.969,27.400,1,0,0.193,2.008,,1993,28,1918
"BaselineSweep",2000,2,249,31.125,31.118,0.977,27.743,1,0,0.194,3.188,,1997,28,1934
"BaselineSweep",2000,2,250,30.933,30.957,0.953,28.875,1,0,0.191,1.867,,1999,27,1911
"BaselineSweep",2000,2,251,31.149,31.143,0.965,27.937,1,0,0.193,3.020,,1998,28,1959
"BaselineSweep",2000,2,252,27.959,27.970,0.965,26.127,1,0,0.169,1.664,,1986,28,1939
"BaselineSweep",2000,2,253,27.149,27.143,0.969,25.334,1,0,0.174,1.641,,1991,28,1924
"BaselineSweep",2000,2,254,31.584,31.559,0.953,28.747,1,0,0.238,2.600,,1983,28,1883
"BaselineSweep",2000,2,255,30.671,30.693,0.953,28.718,1,0,0.188,1.765,,1999,28,1917
"BaselineSweep",2000,2,256,29.288,29.288,1.086,27.117,1,0,0.202,1.970,,1994,28,1939
"BaselineSweep",2000,2,257,28.222,28.225,0.959,26.992,1,0,0.186,1.045,,2002,28,1941
"BaselineSweep",2000,2,258,31.376,31.343,1.147,27.433,1,0,0.206,3.736,,1991,28,1945
"BaselineSweep",2000,2,259,31.180,31.197,0.960,27.918,1,0,0.167,3.095,,2000,28,1937
"BaselineSweep",2000,2,260,26.607,26.617,0.963,25.266,1,0,0.178,1.163,,1990,28,1942
"BaselineSweep",2000,2,261,27.807,27.799,1.098,25.782,1,0,0.211,1.815,,1996,28,1946
"BaselineSweep",2000,2,262,36.811,36.804,1.128,33.590,1,0,0.209,3.012,,2006,28,1865
"BaselineSweep",2000,2,263,29.475,29.452,0.959,25.982,1,0,0.225,3.268,,1992,28,1920
"BaselineSweep",2000,2,264,33.623,33.634,0.948,30.208,1,0,0.188,3.227,,1980,28,1891
"BaselineSweep",2000,2,265,27.747,27.756,0.974,25.257,1,0,0.196,2.293,,1995,28,1941
"BaselineSweep",2000,2,266,28.216,28.190,0.964,24.983,1,0,0.256,2.977,,1853,28,1955
"BaselineSweep",2000,2,267,33.349,33.383,0.996,31.473,1,0,0.178,1.699,,1982,28,1929
"BaselineSweep",2000,2,268,28.273,28.251,0.955,24.808,1,0,0.210,3.255,,1968,28,1887
"BaselineSweep",2000,2,269,29.021,29.022,0.989,26.659,1,0,0.252,2.110,,2004,28,1943
"BaselineSweep",2000,2,270,28.891,28.898,0.997,27.217,1,0,0.261,1.413,,2001,28,1936
"BaselineSweep",2000,2,271,31.152,31.126,0.951,27.100,1,0,0.236,3.817,,2005,28,1944
"BaselineSweep",2000,2,272,26.503,26.529,0.944,24.353,1,0,0.211,1.939,,1979,28,1934
"BaselineSweep",2000,2,273,29.914,29.899,0.982,26.619,1,0,0.199,3.096,,1982,28,1935
"BaselineSweep",2000,2,274,28.198,28.202,0.973,26.038,1,0,0.223,1.937,,2002,27,1952
"BaselineSweep",2000,2,275,27.736,27.726,0.973,24.889,1,0,0.236,2.611,,1990,28,1946
"BaselineSweep",2000,2,276,36.176,36.169,0.953,32.640,1,0,0.225,3.311,,1980,28,1931
"BaselineSweep",2000,2,277,31.012,31.024,0.983,27.438,1,0,0.208,3.366,,1998,28,1939
"BaselineSweep",2000,2,278,34.298,34.301,1.047,32.154,1,0,0.212,1.932,,1988,28,1901
"BaselineSweep",2000,2,279,29.766,29.762,0.986,27.526,1,0,0.210,2.031,,1995,28,1906
"BaselineSweep",2000,2,280,28.383,28.368,0.956,25.686,1,0,0.166,2.531,,1977,26,1900
"BaselineSweep",2000,2,281,31.132,31.157,0.976,29.191,1,0,0.190,1.750,,1917,28,1918
"BaselineSweep",2000,2,282,29.356,29.357,0.974,27.430,1,0,0.182,1.744,,1978,28,1901
"BaselineSweep",2000,2,283,27.466,27.437,0.982,25.094,1,0,0.203,2.169,,1896,28,1939
"BaselineSweep",2000,2,284,28.654,28.656,0.952,26.692,1,0,0.313,1.648,,1991,28,1911
"BaselineSweep",2000,2,285,29.760,29.783,0.959,27.836,1,0,0.185,1.739,,1973,28,1904
"BaselineSweep",2000,2,286,33.704,33.675,0.951,30.408,1,0,0.176,3.121,,1988,28,1937
"BaselineSweep",2000,2,287,28.154,28.179,0.954,26.092,1,0,0.197,1.866,,2003,28,1951
"BaselineSweep",2000,2,288,28.966,28.956,0.983,26.762,1,0,0.211,1.993,,2004,28,1921
"BaselineSweep",2000,2,289,27.467,27.477,0.981,25.598,1,0,0.182,1.688,,1997,28,1925
"BaselineSweep",2000,2,290,25.337,25.321,0.951,24.061,1,0,0.180,1.096,,1989,28,1919
"BaselineSweep",2000,2,291,31.405,31.387,1.104,27.047,1,0,0.239,4.120,,1992,28,1911
"BaselineSweep",2000,2,292,28.223,28.252,0.958,26.310,1,0,0.179,1.734,,1987,28,1942
"BaselineSweep",2000,2,293,28.802,28.780,0.968,26.615,1,0,0.228,1.959,,1991,28,1916
"BaselineSweep",2000,2,294,29.422,29.438,0.944,27.462,1,0,0.188,1.771,,2016,26,1960
"BaselineSweep",2000,2,295,28.319,28.299,0.963,25.966,1,0,0.260,2.094,,1995,27,1931
"BaselineSweep",2000,2,296,27.650,27.662,0.969,25.527,1,0,0.205,1.919,,1981,28,1912
"BaselineSweep",2000,2,297,28.937,28.925,1.045,26.642,1,0,0.238,2.057,,1986,28,1929
"BaselineSweep",2000,2,298,28.330,28.333,0.971,26.150,1,0,0.230,1.950,,1986,28,1942
"BaselineSweep",2000,2,299,27.729,27.724,0.963,24.521,1,0,0.169,3.039,,1988,28,1924
"BaselineSweep",5000,2,0,169.707,169.711,2.049,166.493,1,0,0.477,2.738,,4943,58,4754
"BaselineSweep",5000,2,1,400.972,400.853,2.121,156.622,1,0,0.596,243.754,,4949,58,4815
"BaselineSweep",5000,2,2,165.621,165.726,2.081,160.084,1,0,0.487,5.051,,4922,58,4672
"BaselineSweep",5000,2,3,164.834,164.840,2.122,161.253,1,0,0.644,2.937,,4927,58,4729
"BaselineSweep",5000,2,4,168.104,168.057,2.096,164.783,1,0,0.446,2.875,,4909,58,4725
"BaselineSweep",5000,2,5,167.873,167.878,2.092,163.331,1,0,0.484,4.058,,4934,58,4738
"BaselineSweep",5000,2,6,168.323,168.356,2.089,163.600,1,0,0.419,4.304,,4968,58,4648
"BaselineSweep",5000,2,7,165.175,165.161,2.473,160.642,1,0,0.462,4.070,,4947,58,4753
"BaselineSweep",5000,2,8,169.794,169.807,2.072,164.605,1,0,0.591,4.598,,4971,58,4715
"BaselineSweep",5000,2,9,397.186,397.139,2.113,162.312,1,0,0.476,234.398,,4969,56,4672
"BaselineSweep",5000,2,10,171.809,171.858,2.128,168.278,1,0,0.814,2.717,,4438,58,4271
"BaselineSweep",5000,2,11,165.626,165.588,0.000,161.104,1,0,0.575,3.946,,5312,58,5088
"BaselineSweep",5000,2,12,162.221,162.253,2.120,158.704,1,0,0.569,2.948,,4933,58,4778
"BaselineSweep",5000,2,13,166.138,166.139,2.135,163.191,1,0,0.443,2.504,,4891,58,4683
"BaselineSweep",5000,2,14,161.242,161.217,2.132,156.958,1,0,0.463,3.821,,4968,57,4749
"BaselineSweep",5000,2,15,159.691,159.706,2.119,156.337,1,0,0.498,2.857,,4974,58,4754
"BaselineSweep",5000,2,16,169.996,169.993,2.140,166.885,1,0,0.504,2.606,,4963,58,4738
"BaselineSweep",5000,2,17,157.911,157.918,2.129,154.429,1,0,0.582,2.899,,4989,58,4763
"BaselineSweep",5000,2,18,155.175,155.173,2.214,151.997,1,0,0.480,2.698,,4921,58,4766
"BaselineSweep",5000,2,19,159.391,159.389,2.147,156.236,1,0,0.463,2.692,,4923,58,4684
"BaselineSweep",5000,2,20,397.366,397.247,2.124,160.518,1,0,0.676,236.171,,4425,58,4777
"BaselineSweep",5000,2,21,164.266,164.377,2.122,160.398,1,0,0.612,3.255,,4891,57,4716
"BaselineSweep",5000,2,22,169.015,168.971,2.128,163.220,1,0,0.578,5.218,,4932,58,4828
"BaselineSweep",5000,2,23,159.062,159.103,2.162,155.519,1,0,0.577,2.966,,4989,58,4804
"BaselineSweep",5000,2,24,162.648,162.624,2.092,156.469,1,0,0.600,5.580,,4975,58,4837
"BaselineSweep",5000,2,25,393.267,393.252,2.106,156.430,1,0,0.807,236.030,,4932,58,4768
"BaselineSweep",5000,2,26,162.385,162.403,2.114,158.532,1,0,0.563,3.290,,4733,58,4527
"BaselineSweep",5000,2,27,162.476,162.489,0.000,159.422,1,0,0.430,2.624,,5090,58,4968
"BaselineSweep",5000,2,28,165.622,165.606,2.142,161.509,1,0,0.683,3.430,,4910,58,4749
"BaselineSweep",5000,2,29,163.242,163.253,2.103,160.129,1,0,0.466,2.647,,4945,56,4711
"BaselineSweep",5000,2,30,167.046,166.993,2.127,163.708,1,0,0.459,2.879,,4960,58,4780
"BaselineSweep",5000,2,31,168.936,168.939,2.111,163.366,1,0,0.482,5.087,,4914,58,4727
"BaselineSweep",5000,2,32,168.625,168.666,2.113,165.628,1,0,0.440,2.558,,4951,57,4659
"BaselineSweep",5000,2,33,157.746,157.742,2.139,154.572,1,0,0.493,2.681,,4947,58,4708
"BaselineSweep",5000,2,34,165.601,165.568,2.134,158.913,1,0,0.647,6.040,,4969,58,4766
"BaselineSweep",5000,2,35,166.213,166.241,2.113,163.888,1,0,0.513,1.812,,4947,58,4686
"BaselineSweep",5000,2,36,412.190,412.099,2.140,176.904,1,0,0.533,234.753,,4981,58,4733
"BaselineSweep",5000,2,37,175.202,175.274,2.159,170.780,1,0,0.584,3.838,,4957,57,4747
"BaselineSweep",5000,2,38,169.771,169.785,0.000,165.672,1,0,0.505,3.595,,4977,58,4807
"BaselineSweep",5000,2,39,172.300,172.295,4.162,169.272,1,0,0.504,2.523,,4992,58,4794
"BaselineSweep",5000,2,40,515.325,515.220,2.526,163.097,1,0,0.496,351.732,,4981,58,4792
"BaselineSweep",5000,2,41,173.098,173.206,2.109,169.971,1,0,0.444,2.682,,4787,58,4549
"BaselineSweep",5000,2,42,168.077,168.069,0.000,162.861,1,0,0.501,4.715,,5131,57,4944
"BaselineSweep",5000,2,43,170.671,170.668,2.140,165.598,1,0,0.590,4.483,,4930,58,4752
"BaselineSweep",5000,2,44,177.530,177.524,2.242,173.144,1,0,0.564,3.822,,4945,58,4770
"BaselineSweep",5000,2,45,170.115,170.116,2.129,165.311,1,0,0.486,4.318,,4957,58,4798
"BaselineSweep",5000,2,46,168.136,168.137,2.165,162.976,1,0,0.530,4.630,,4957,58,4772
"BaselineSweep",5000,2,47,167.638,167.629,2.147,164.507,1,0,0.434,2.697,,4922,57,4687
"BaselineSweep",5000,2,48,163.720,163.730,3.131,160.329,1,0,0.536,2.855,,4954,57,4749
"BaselineSweep",5000,2,49,168.024,168.019,2.151,164.649,1,0,0.600,2.775,,4910,58,4771
"BaselineSweep",5000,2,50,161.787,161.787,2.396,158.128,1,0,0.460,3.198,,4899,58,4652
"BaselineSweep",5000,2,51,167.098,167.093,2.278,164.711,1,0,0.468,1.918,,4859,58,4670
"BaselineSweep",5000,2,52,164.753,164.755,2.398,161.325,1,0,0.501,2.927,,4989,58,4790
"BaselineSweep",5000,2,53,179.489,179.466,2.367,174.780,1,0,0.642,4.067,,4970,58,4717
"BaselineSweep",5000,2,54,394.020,393.952,2.402,167.493,1,0,0.614,225.913,,4970,58,4718
"BaselineSweep",5000,2,55,170.427,170.493,3.013,166.044,1,0,0.515,3.868,,4909,57,4729
"BaselineSweep",5000,2,56,164.112,164.133,0.000,160.404,1,0,0.938,2.770,,4967,58,4798
"BaselineSweep",5000,2,57,176.183,176.170,2.490,171.443,1,0,0.514,4.225,,4975,58,4678
"BaselineSweep",5000,2,58,161.954,161.964,2.388,159.542,1,0,0.510,1.902,,4930,58,4722
"BaselineSweep",5000,2,59,162.520,162.518,0.000,159.401,1,0,0.482,2.637,,4949,58,4817
"BaselineSweep",5000,2,60,164.980,164.966,2.486,161.335,1,0,0.478,3.168,,4899,58,4707
"BaselineSweep",5000,2,61,169.885,169.886,2.542,165.142,1,0,0.507,4.235,,4945,58,4736
"BaselineSweep",5000,2,62,171.448,171.439,2.511,166.922,1,0,0.508,4.018,,4973,58,4735
"BaselineSweep",5000,2,63,170.054,170.054,2.529,166.624,1,0,0.456,2.975,,4986,57,4796
"BaselineSweep",5000,2,64,175.888,175.896,4.929,172.480,1,0,0.507,2.900,,4613,57,4722
"BaselineSweep",5000,2,65,165.945,165.947,5.358,162.750,1,0,0.475,2.720,,4984,58,4730
"BaselineSweep",5000,2,66,172.894,172.868,5.616,167.417,1,0,0.500,4.976,,4939,58,4722
"BaselineSweep",5000,2,67,167.058,167.075,5.050,161.687,1,0,0.509,4.863,,4936,58,4701
"BaselineSweep",5000,2,68,171.756,171.757,8.970,167.789,1,0,0.442,3.524,,4917,58,4635
"BaselineSweep",5000,2,69,169.693,169.693,8.614,166.554,1,0,0.503,2.636,,4942,58,4682
"BaselineSweep",5000,2,70,164.310,164.306,8.347,161.088,1,0,0.502,2.720,,4990,58,4743
"BaselineSweep",5000,2,71,169.746,169.714,9.859,166.125,1,0,0.619,3.002,,4974,58,4766
"BaselineSweep",5000,2,72,171.354,171.341,8.124,167.018,1,0,0.507,3.829,,4917,58,4739
"BaselineSweep",5000,2,73,170.655,170.690,11.901,165.551,1,0,0.500,4.604,,4944,58,4728
"BaselineSweep",5000,2,74,169.782,169.770,9.259,164.510,1,0,0.504,4.767,,4947,58,4778
"BaselineSweep",5000,2,75,171.877,171.862,8.760,167.302,1,0,0.497,4.078,,4901,58,4747
"BaselineSweep",5000,2,76,170.828,170.858,11.817,167.617,1,0,0.487,2.724,,4945,58,4749
"BaselineSweep",5000,2,77,169.807,169.797,11.950,164.694,1,0,0.475,4.638,,4911,58,4756
"BaselineSweep",5000,2,78,164.763,164.732,4.803,160.147,1,0,0.486,4.130,,4933,58,4695
"BaselineSweep",5000,2,79,173.135,173.142,11.876,168.731,1,0,0.489,3.915,,4990,57,4795
"BaselineSweep",5000,2,80,172.880,172.902,11.783,168.478,1,0,0.603,3.799,,4985,58,4793
"BaselineSweep",5000,2,81,170.087,170.089,6.019,166.501,1,0,0.634,2.952,,4964,58,4761
"BaselineSweep",5000,2,82,176.526,176.502,2.561,171.926,1,0,0.477,4.122,,4966,58,4841
"BaselineSweep",5000,2,83,169.412,169.435,11.966,165.259,1,0,0.920,3.233,,4952,58,4745
"BaselineSweep",5000,2,84,171.035,171.018,11.805,167.788,1,0,0.471,2.777,,4964,58,4770
"BaselineSweep",5000,2,85,171.324,171.329,11.826,165.565,1,0,0.482,5.277,,4977,58,4796
"BaselineSweep",5000,2,86,164.354,164.359,11.777,161.099,1,0,0.490,2.765,,4978,58,4747
"BaselineSweep",5000,2,87,165.902,165.891,11.790,161.271,1,0,0.500,4.131,,4997,57,4769
"BaselineSweep",5000,2,88,165.729,165.729,2.333,161.885,1,0,0.553,3.291,,4977,57,4711
"BaselineSweep",5000,2,89,168.140,168.147,2.499,164.307,1,0,0.628,3.206,,4981,58,4705
"BaselineSweep",5000,2,90,164.740,164.742,10.058,161.451,1,0,0.492,2.797,,4946,58,4820
"BaselineSweep",5000,2,91,170.543,170.529,11.800,167.313,1,0,0.512,2.718,,4909,58,4776
"BaselineSweep",5000,2,92,178.821,178.825,11.987,173.939,1,0,0.476,4.407,,4960,57,4803
"BaselineSweep",5000,2,93,166.307,166.275,8.554,160.930,1,0,0.594,4.783,,4959,58,4771
"BaselineSweep",5000,2,94,175.131,175.138,3.022,171.377,1,0,0.481,3.273,,4922,58,4768
"BaselineSweep",5000,2,95,173.364,173.380,2.358,169.869,1,0,0.490,3.005,,4932,58,4744
"BaselineSweep",5000,2,96,169.554,169.559,3.372,165.679,1,0,0.606,3.269,,5000,57,4823
"BaselineSweep",5000,2,97,170.258,170.220,11.803,164.987,1,0,0.616,4.655,,4947,58,4773
"BaselineSweep",5000,2,98,167.075,167.101,11.800,162.151,1,0,0.607,4.317,,4962,57,4710
"BaselineSweep",5000,2,99,165.728,165.734,12.283,162.480,1,0,0.481,2.767,,4931,58,4747
"BaselineSweep",5000,2,100,177.602,177.598,11.772,172.515,1,0,0.473,4.614,,4921,58,4750
"BaselineSweep",5000,2,101,171.419,171.403,11.730,165.895,1,0,0.819,4.705,,4974,57,4699
"BaselineSweep",5000,2,102,171.214,171.226,6.177,166.609,1,0,0.619,3.986,,4976,58,4735
"BaselineSweep",5000,2,103,173.766,173.764,2.396,169.166,1,0,0.476,4.124,,4945,58,4817
"BaselineSweep",5000,2,104,171.223,171.225,2.087,168.025,1,0,0.473,2.725,,4905,58,4699
"BaselineSweep",5000,2,105,176.265,176.254,2.546,172.276,1,0,0.609,3.380,,4986,58,4800
"BaselineSweep",5000,2,106,165.977,165.942,2.120,162.475,1,0,0.617,2.886,,4948,58,4794
"BaselineSweep",5000,2,107,171.399,171.408,2.076,168.297,1,0,0.484,2.618,,4954,58,4775
"BaselineSweep",5000,2,108,169.354,169.388,2.091,166.582,1,0,0.499,2.273,,4947,58,4789
"BaselineSweep",5000,2,109,169.734,169.684,9.483,164.979,1,0,0.484,4.272,,4926,58,4783
"BaselineSweep",5000,2,110,172.946,172.991,8.524,169.036,1,0,0.595,3.315,,4945,58,4778
"BaselineSweep",5000,2,111,174.084,174.043,2.318,168.746,1,0,0.606,4.732,,4906,58,4805
"BaselineSweep",5000,2,112,170.495,170.522,11.941,165.546,1,0,0.598,4.351,,4929,58,4733
"BaselineSweep",5000,2,113,166.731,166.742,11.738,163.338,1,0,0.490,2.904,,4920,58,4708
"BaselineSweep",5000,2,114,166.764,166.765,11.941,162.956,1,0,0.460,3.347,,4820,58,4655
"BaselineSweep",5000,2,115,166.997,166.989,6.301,163.088,1,0,0.517,3.392,,4954,58,4811
"BaselineSweep",5000,2,116,165.435,165.425,2.664,158.861,1,0,0.607,5.967,,4968,56,4796
"BaselineSweep",5000,2,117,161.734,161.699,2.157,156.873,1,0,0.584,4.277,,4920,57,4747
"BaselineSweep",5000,2,118,165.385,165.379,10.811,160.412,1,0,0.465,4.508,,4940,58,4741
"BaselineSweep",5000,2,119,387.515,387.446,8.332,155.210,1,0,0.599,231.706,,4922,58,4718
"BaselineSweep",5000,2,120,178.737,178.844,2.339,175.023,1,0,0.494,3.220,,4962,58,4762
"BaselineSweep",5000,2,121,172.754,172.759,0.000,169.814,1,0,0.436,2.503,,5021,58,5021
"BaselineSweep",5000,2,122,168.406,168.390,2.301,163.774,1,0,0.718,3.913,,4903,58,4703
"BaselineSweep",5000,2,123,161.808,161.821,2.065,159.033,1,0,0.620,2.156,,4961,58,4799
"BaselineSweep",5000,2,124,163.214,163.206,7.785,158.551,1,0,0.477,4.186,,4942,58,4749
"BaselineSweep",5000,2,125,171.143,171.149,7.775,167.847,1,0,0.463,2.833,,4933,58,4727
"BaselineSweep",5000,2,126,172.064,172.026,8.505,167.617,1,0,0.433,4.014,,4948,57,4785
"BaselineSweep",5000,2,127,405.221,405.103,7.743,162.587,1,0,0.538,242.097,,4928,58,4707
"BaselineSweep",5000,2,128,173.545,173.671,8.519,168.737,1,0,0.604,4.204,,4608,58,4455
"BaselineSweep",5000,2,129,172.875,172.821,0.000,167.793,1,0,0.636,4.446,,5249,58,5047
"BaselineSweep",5000,2,130,161.205,161.247,2.306,155.563,1,0,0.490,5.151,,4931,58,4775
"BaselineSweep",5000,2,131,176.123,176.115,2.076,171.569,1,0,0.836,3.718,,4871,58,4788
"BaselineSweep",5000,2,132,169.588,169.601,2.489,163.694,1,0,0.575,5.318,,4954,58,4743
"BaselineSweep",5000,2,133,171.966,171.926,2.456,166.811,1,0,0.608,4.546,,4904,58,4735
"BaselineSweep",5000,2,134,170.702,170.707,2.520,165.940,1,0,0.484,4.278,,4983,58,4784
"BaselineSweep",5000,2,135,168.911,168.948,2.536,165.284,1,0,0.580,3.047,,4953,58,4751
"BaselineSweep",5000,2,136,159.251,159.245,8.417,155.823,1,0,0.499,2.929,,4924,57,4796
"BaselineSweep",5000,2,137,170.538,170.526,4.969,165.910,1,0,0.653,3.975,,4969,57,4777
"BaselineSweep",5000,2,138,409.825,409.777,8.966,168.195,1,0,0.554,241.077,,4982,58,4773
"BaselineSweep",5000,2,139,163.444,162.626,5.119,158.691,1,0,0.600,4.153,,4567,56,4371
"BaselineSweep",5000,2,140,163.958,164.833,0.000,160.712,1,0,0.579,2.668,,5390,58,5208
"BaselineSweep",5000,2,141,172.976,172.971,2.286,168.014,1,0,0.485,4.477,,4971,58,4937
"BaselineSweep",5000,2,142,166.274,166.239,2.104,161.029,1,0,0.602,4.643,,4976,58,4718
"BaselineSweep",5000,2,143,167.965,168.001,2.365,164.233,1,0,0.610,3.123,,4954,58,4790
"BaselineSweep",5000,2,144,164.105,164.104,2.523,161.630,1,0,0.485,1.990,,4957,57,4840
"BaselineSweep",5000,2,145,168.098,168.095,2.879,164.628,1,0,0.602,2.868,,4898,58,4779
"BaselineSweep",5000,2,146,402.848,402.817,2.520,160.361,1,0,0.593,241.894,,4937,58,4847
"BaselineSweep",5000,2,147,167.494,167.513,3.359,160.240,1,0,0.599,6.654,,4903,58,4715
"BaselineSweep",5000,2,148,165.429,165.436,2.787,161.942,1,0,0.620,2.867,,4945,58,4811
"BaselineSweep",5000,2,149,173.038,173.036,2.514,169.046,1,0,0.614,3.377,,4896,58,4719
"BaselineSweep",5000,2,150,163.462,163.459,2.345,160.131,1,0,0.495,2.836,,4923,58,4790
"BaselineSweep",5000,2,151,165.817,165.777,2.560,162.153,1,0,0.687,2.976,,4901,57,4762
"BaselineSweep",5000,2,152,167.052,167.078,2.533,162.391,1,0,0.635,4.026,,4845,58,4782
"BaselineSweep",5000,2,153,168.466,168.405,2.490,163.382,1,0,0.491,4.593,,4958,58,4817
"BaselineSweep",5000,2,154,170.501,170.523,2.500,165.706,1,0,0.494,4.301,,4915,58,4804
"BaselineSweep",5000,2,155,168.251,168.264,2.545,162.188,1,0,0.702,5.361,,4943,58,4793
"BaselineSweep",5000,2,156,168.694,168.690,2.555,163.002,1,0,0.492,5.200,,4916,58,4751
"BaselineSweep",5000,2,157,170.907,170.908,2.721,167.128,1,0,0.624,3.155,,4912,58,4792
"BaselineSweep",5000,2,158,164.661,164.661,2.692,160.684,1,0,0.610,3.367,,2226,58,4828
"BaselineSweep",5000,2,159,174.534,174.532,9.082,171.032,1,0,0.539,2.962,,4971,58,4807
"BaselineSweep",5000,2,160,174.712,174.707,8.280,169.454,1,0,0.586,4.672,,4859,58,4806
"BaselineSweep",5000,2,161,171.786,171.787,8.869,168.178,1,0,0.495,3.114,,4920,58,4715
"BaselineSweep",5000,2,162,163.631,163.635,9.827,160.601,1,0,0.553,2.478,,4955,57,4835
"BaselineSweep",5000,2,163,166.850,166.843,9.845,163.354,1,0,0.449,3.048,,4944,57,4796
"BaselineSweep",5000,2,164,170.542,170.542,9.803,167.466,1,0,0.484,2.593,,4934,58,4761
"BaselineSweep",5000,2,165,166.680,166.661,9.861,161.868,1,0,0.585,4.228,,4931,58,4796
"BaselineSweep",5000,2,166,173.658,173.669,8.825,168.865,1,0,0.603,4.190,,4983,58,4814
"BaselineSweep",5000,2,167,165.412,165.413,9.266,161.397,1,0,0.600,3.416,,4962,58,4766
"BaselineSweep",5000,2,168,171.213,171.177,10.643,165.819,1,0,0.461,4.932,,4947,58,4784
"BaselineSweep",5000,2,169,183.942,183.961,10.693,178.945,1,0,0.631,4.367,,4932,58,4754
"BaselineSweep",5000,2,170,164.643,164.642,10.647,160.138,1,0,0.491,4.013,,4947,58,4810
"BaselineSweep",5000,2,171,174.679,174.688,10.680,171.254,1,0,0.470,2.955,,4863,58,4780
"BaselineSweep",5000,2,172,169.807,169.807,10.633,166.196,1,0,0.483,3.128,,4928,58,4761
"BaselineSweep",5000,2,173,170.427,170.426,11.540,165.690,1,0,0.610,4.127,,4926,58,4776
"BaselineSweep",5000,2,174,507.446,507.413,11.835,164.327,1,0,0.493,342.626,,4983,58,4784
"BaselineSweep",5000,2,175,168.378,168.394,11.790,165.215,1,0,0.482,2.682,,4934,58,4746
"BaselineSweep",5000,2,176,173.320,173.329,0.000,170.083,1,0,0.436,2.800,,5021,58,5021
"BaselineSweep",5000,2,177,168.528,168.530,3.114,165.529,1,0,0.434,2.566,,4916,56,4722
"BaselineSweep",5000,2,178,168.377,168.370,2.273,164.110,1,0,0.582,3.685,,4982,58,4761
"BaselineSweep",5000,2,179,170.095,170.076,8.120,166.662,1,0,0.434,3.000,,4945,57,4722
"BaselineSweep",5000,2,180,164.603,164.625,5.377,161.396,1,0,0.447,2.761,,4985,58,4780
"BaselineSweep",5000,2,181,171.662,171.643,8.938,167.071,1,0,0.512,4.080,,4993,58,4758
"BaselineSweep",5000,2,182,160.926,160.943,8.300,157.434,1,0,0.586,2.906,,4938,58,4716
"BaselineSweep",5000,2,183,169.452,169.445,8.898,162.155,1,0,0.608,6.689,,4914,58,4748
"BaselineSweep",5000,2,184,168.170,168.156,8.617,161.228,1,0,0.619,6.323,,4933,58,4773
"BaselineSweep",5000,2,185,167.266,167.269,8.904,162.055,1,0,0.452,4.760,,4936,58,4758
"BaselineSweep",5000,2,186,156.186,156.201,8.997,152.415,1,0,0.587,3.185,,4908,58,4701
"BaselineSweep",5000,2,187,161.082,161.080,8.907,157.262,1,0,0.594,3.226,,4927,58,4829
"BaselineSweep",5000,2,188,158.905,158.904,8.646,155.274,1,0,0.583,3.048,,4854,56,4772
"BaselineSweep",5000,2,189,179.428,179.427,8.872,176.116,1,0,0.455,2.857,,4915,58,4752
"BaselineSweep",5000,2,190,159.572,159.565,9.801,154.379,1,0,0.431,4.761,,4942,58,4849
"BaselineSweep",5000,2,191,164.916,164.916,9.640,160.136,1,0,0.473,4.307,,4960,58,4754
"BaselineSweep",5000,2,192,165.457,165.456,9.772,161.319,1,0,0.607,3.531,,4940,58,4783
"BaselineSweep",5000,2,193,174.381,174.380,8.399,171.137,1,0,0.468,2.776,,4931,58,4828
"BaselineSweep",5000,2,194,417.360,417.310,9.343,167.648,1,0,0.610,249.102,,4983,58,4789
"BaselineSweep",5000,2,195,160.449,160.497,10.584,157.198,1,0,0.452,2.799,,4487,58,4320
"BaselineSweep",5000,2,196,161.715,161.710,0.000,158.388,1,0,0.476,2.851,,5407,58,5215
"BaselineSweep",5000,2,197,165.752,165.755,2.415,162.641,1,0,0.470,2.642,,4956,58,4769
"BaselineSweep",5000,2,198,168.241,168.222,2.111,163.586,1,0,0.616,4.039,,4960,58,4784
"BaselineSweep",5000,2,199,420.466,420.443,8.125,167.476,1,0,0.478,252.513,,4981,58,4788
"BaselineSweep",5000,2,200,165.371,165.403,8.607,160.764,1,0,0.445,4.162,,4864,58,4640
"BaselineSweep",5000,2,201,169.895,169.900,0.000,166.531,1,0,0.443,2.921,,5089,58,9528
"BaselineSweep",5000,2,202,168.334,168.292,2.202,163.090,1,0,0.604,4.640,,4965,58,4784
"BaselineSweep",5000,2,203,160.977,161.014,2.116,157.847,1,0,0.472,2.658,,4968,58,4754
"BaselineSweep",5000,2,204,163.941,163.928,2.073,159.893,1,0,0.609,3.439,,4975,57,4853
"BaselineSweep",5000,2,205,169.109,169.116,2.719,165.587,1,0,0.596,2.926,,4938,58,4825
"BaselineSweep",5000,2,206,172.807,172.806,2.690,169.331,1,0,0.606,2.869,,4971,58,4788
"BaselineSweep",5000,2,207,409.315,409.259,2.899,166.558,1,0,0.572,242.185,,4962,58,4800
"BaselineSweep",5000,2,208,164.039,164.091,2.579,158.812,1,0,0.579,4.648,,4543,58,4363
"BaselineSweep",5000,2,209,170.263,170.245,0.000,163.222,1,0,0.485,6.556,,5384,58,5212
"BaselineSweep",5000,2,210,170.902,170.881,2.153,165.963,1,0,0.473,4.466,,4980,57,4813
"BaselineSweep",5000,2,211,181.954,181.985,2.151,176.456,1,0,0.589,4.910,,4974,58,4822
"BaselineSweep",5000,2,212,169.151,169.129,2.204,164.317,1,0,0.487,4.348,,4934,58,4708
"BaselineSweep",5000,2,213,169.573,169.599,2.241,165.928,1,0,0.599,3.047,,4958,58,4779
"BaselineSweep",5000,2,214,163.766,163.764,2.292,160.598,1,0,0.457,2.711,,4934,58,4779
"BaselineSweep",5000,2,215,166.065,166.059,2.235,161.327,1,0,0.536,4.203,,4943,58,4762
"BaselineSweep",5000,2,216,172.325,172.327,2.186,169.307,1,0,0.465,2.553,,4929,58,4760
"BaselineSweep",5000,2,217,176.027,176.029,2.230,172.549,1,0,0.672,2.806,,4976,57,4782
"BaselineSweep",5000,2,218,171.825,171.821,2.410,167.557,1,0,0.464,3.804,,4931,58,4820
"BaselineSweep",5000,2,219,176.884,176.863,2.462,171.099,1,0,0.488,5.297,,4910,56,4677
"BaselineSweep",5000,2,220,167.279,167.291,2.430,162.156,1,0,0.606,4.517,,4938,58,4754
"BaselineSweep",5000,2,221,167.909,167.915,2.500,162.795,1,0,0.600,4.514,,4930,57,4775
"BaselineSweep",5000,2,222,168.036,168.012,2.425,163.434,1,0,0.846,3.756,,4944,58,4768
"BaselineSweep",5000,2,223,162.169,162.186,2.479,158.080,1,0,0.598,3.491,,4972,58,4754
"BaselineSweep",5000,2,224,164.151,164.147,2.700,160.793,1,0,0.603,2.755,,4961,58,4841
"BaselineSweep",5000,2,225,165.389,165.391,2.538,161.817,1,0,0.594,2.978,,4970,58,4796
"BaselineSweep",5000,2,226,162.288,162.287,2.507,158.638,1,0,0.584,3.066,,4953,58,4813
"BaselineSweep",5000,2,227,165.687,165.669,2.775,160.052,1,0,0.612,5.023,,4955,58,4775
"BaselineSweep",5000,2,228,163.646,163.663,8.212,160.619,1,0,0.452,2.576,,4964,57,4762
"BaselineSweep",5000,2,229,162.866,162.822,2.700,157.814,1,0,0.588,4.464,,4972,58,4754
"BaselineSweep",5000,2,230,167.656,167.670,8.725,164.089,1,0,0.560,3.007,,4973,58,4790
"BaselineSweep",5000,2,231,166.153,166.174,8.915,162.641,1,0,0.538,2.974,,4959,58,4794
"BaselineSweep",5000,2,232,163.540,163.542,9.797,160.428,1,0,0.458,2.655,,4956,58,4775
"BaselineSweep",5000,2,233,408.264,408.209,8.394,160.737,1,0,0.565,246.962,,4920,58,4717
"BaselineSweep",5000,2,234,162.703,162.737,10.818,158.762,1,0,0.445,3.496,,4930,58,4785
"BaselineSweep",5000,2,235,165.975,165.987,0.000,160.980,1,0,0.605,4.390,,4961,58,4737
"BaselineSweep",5000,2,236,167.629,167.630,8.710,163.884,1,0,0.488,3.257,,4967,57,4771
"BaselineSweep",5000,2,237,168.592,168.546,5.335,163.200,1,0,0.477,4.915,,4948,57,4830
"BaselineSweep",5000,2,238,168.430,168.453,7.868,165.056,1,0,0.440,2.934,,4851,57,4802
"BaselineSweep",5000,2,239,165.687,165.698,7.746,160.040,1,0,0.518,5.129,,4965,57,4764
"BaselineSweep",5000,2,240,163.878,163.870,8.183,159.427,1,0,0.486,3.965,,4938,58,4735
"BaselineSweep",5000,2,241,166.977,166.985,9.017,162.109,1,0,0.604,4.265,,4991,58,4773
"BaselineSweep",5000,2,242,165.254,165.256,8.918,161.875,1,0,0.437,2.943,,4979,58,4689
"BaselineSweep",5000,2,243,167.337,167.307,8.032,164.070,1,0,0.482,2.786,,4984,58,4737
"BaselineSweep",5000,2,244,412.717,412.633,8.302,156.946,1,0,0.592,255.178,,4934,58,4760
"BaselineSweep",5000,2,245,164.387,164.494,9.706,159.160,1,0,0.476,4.752,,4509,56,4403
"BaselineSweep",5000,2,246,164.608,164.595,0.000,160.498,1,0,0.597,3.514,,9785,58,5097
"BaselineSweep",5000,2,247,167.952,167.922,2.269,162.938,1,0,0.680,4.333,,4937,58,4786
"BaselineSweep",5000,2,248,166.496,166.538,2.068,162.993,1,0,0.592,2.912,,4950,58,4738
"BaselineSweep",5000,2,249,163.410,163.355,2.534,157.683,1,0,0.475,5.252,,4963,58,4791
"BaselineSweep",5000,2,250,167.108,167.157,2.519,163.354,1,0,0.607,3.147,,5008,58,4810
"BaselineSweep",5000,2,251,175.534,175.509,2.532,171.014,1,0,0.417,4.102,,4933,58,4774
"BaselineSweep",5000,2,252,161.228,161.250,2.780,157.761,1,0,0.582,2.884,,4934,58,4717
"BaselineSweep",5000,2,253,166.979,166.977,2.554,163.415,1,0,0.570,2.994,,4980,58,4816
"BaselineSweep",5000,2,254,162.995,162.997,2.509,159.289,1,0,0.554,3.153,,4936,58,4776
"BaselineSweep",5000,2,255,163.408,163.402,2.527,159.403,1,0,0.585,3.420,,4921,58,4783
"BaselineSweep",5000,2,256,163.531,163.531,8.175,159.723,1,0,0.583,3.225,,4983,58,4763
"BaselineSweep",5000,2,257,171.524,171.487,8.301,166.291,1,0,0.599,4.635,,4943,58,4718
"BaselineSweep",5000,2,258,163.172,163.206,7.670,159.496,1,0,0.478,3.198,,4929,58,4756
"BaselineSweep",5000,2,259,164.825,164.784,7.912,160.189,1,0,0.482,4.154,,4955,58,4813
"BaselineSweep",5000,2,260,171.948,171.974,7.865,167.840,1,0,0.492,3.616,,4955,58,4740
"BaselineSweep",5000,2,261,407.847,407.797,7.900,161.183,1,0,0.615,246.049,,4865,58,4771
"BaselineSweep",5000,2,262,162.981,162.982,8.572,158.174,1,0,0.438,4.369,,4950,58,4715
"BaselineSweep",5000,2,263,165.955,165.996,0.000,162.218,1,0,0.627,3.110,,4999,58,4840
"BaselineSweep",5000,2,264,173.735,173.725,2.434,169.031,1,0,0.610,4.094,,4918,58,4774
"BaselineSweep",5000,2,265,172.559,172.581,2.189,167.713,1,0,0.665,4.181,,4944,57,4810
"BaselineSweep",5000,2,266,182.368,182.321,7.792,176.776,1,0,0.747,4.845,,4930,58,4741
"BaselineSweep",5000,2,267,176.782,176.825,9.067,173.772,1,0,0.445,2.565,,4930,58,4764
"BaselineSweep",5000,2,268,488.851,488.745,8.964,157.594,1,0,0.578,330.679,,4859,58,4788
"BaselineSweep",5000,2,269,165.467,165.572,8.625,161.740,1,0,0.582,3.145,,4570,58,4395
"BaselineSweep",5000,2,270,164.467,164.461,0.000,158.661,1,0,1.048,4.758,,9870,58,9484
"BaselineSweep",5000,2,271,168.668,168.671,2.279,165.685,1,0,0.425,2.557,,4965,58,4724
"BaselineSweep",5000,2,272,162.748,162.741,2.097,157.938,1,0,0.586,4.225,,4953,58,4765
"BaselineSweep",5000,2,273,160.547,160.550,2.195,157.100,1,0,0.603,2.844,,4972,58,4775
"BaselineSweep",5000,2,274,169.458,169.453,2.219,164.449,1,0,0.456,4.553,,4981,58,4877
"BaselineSweep",5000,2,275,173.245,173.241,2.244,166.073,1,0,0.629,6.543,,4975,58,4763
"BaselineSweep",5000,2,276,407.259,407.219,2.207,169.017,1,0,0.470,237.772,,4938,58,4790
"BaselineSweep",5000,2,277,167.708,167.749,2.762,164.658,1,0,0.609,2.441,,4635,58,4425
"BaselineSweep",5000,2,278,172.243,172.197,0.000,166.241,1,0,0.623,5.380,,5235,58,5062
"BaselineSweep",5000,2,279,170.051,170.086,2.260,165.797,1,0,0.467,3.787,,5004,58,4815
"BaselineSweep",5000,2,280,166.732,166.737,2.093,163.191,1,0,0.498,3.042,,4970,58,4802
"BaselineSweep",5000,2,281,166.266,166.269,2.116,162.470,1,0,0.601,3.195,,4942,57,4812
"BaselineSweep",5000,2,282,168.662,168.660,2.107,164.709,1,0,0.614,3.339,,4915,58,4813
"BaselineSweep",5000,2,283,163.442,163.435,2.113,158.318,1,0,0.590,4.534,,4909,57,4756
"BaselineSweep",5000,2,284,162.206,162.210,2.143,158.733,1,0,0.473,3.001,,4955,58,4734
"BaselineSweep",5000,2,285,160.696,160.696,2.127,157.209,1,0,0.594,2.892,,4992,58,4793
"BaselineSweep",5000,2,286,163.634,163.633,2.111,160.146,1,0,0.593,2.895,,4966,58,4806
"BaselineSweep",5000,2,287,165.436,165.426,2.107,160.153,1,0,0.602,4.680,,4965,57,4794
"BaselineSweep",5000,2,288,167.007,167.007,2.107,162.242,1,0,0.461,4.304,,4963,58,4749
"BaselineSweep",5000,2,289,169.337,169.345,2.211,165.699,1,0,0.582,3.055,,4931,58,4785
"BaselineSweep",5000,2,290,406.602,406.425,2.235,159.234,1,0,0.463,246.906,,4962,58,4819
"BaselineSweep",5000,2,291,164.069,164.237,2.217,160.656,1,0,0.508,2.904,,4587,58,4376
"BaselineSweep",5000,2,292,168.567,168.561,0.000,163.373,1,0,0.485,4.710,,5342,58,5199
"BaselineSweep",5000,2,293,166.167,166.171,2.152,162.900,1,0,0.480,2.787,,4841,57,4736
"BaselineSweep",5000,2,294,164.322,164.320,2.104,161.031,1,0,0.493,2.798,,4922,58,4833
"BaselineSweep",5000,2,295,170.044,170.038,2.090,166.623,1,0,0.518,2.902,,4915,58,4733
"BaselineSweep",5000,2,296,165.087,165.083,2.114,162.666,1,0,0.559,1.862,,4925,58,4815
"BaselineSweep",5000,2,297,167.752,167.739,2.100,164.552,1,0,0.431,2.769,,4977,58,4801
"BaselineSweep",5000,2,298,162.308,162.322,2.129,159.243,1,0,0.479,2.586,,4968,58,4764
"BaselineSweep",5000,2,299,172.533,172.531,2.093,169.254,1,0,0.481,2.798,,4949,58,4746
"BaselineSweep",10000,2,0,657.404,657.391,4.016,649.656,1,0,1.019,6.729,,9756,108,9433
"BaselineSweep",10000,2,1,640.596,640.605,19.634,634.663,1,0,1.272,4.661,,9887,108,9338
"BaselineSweep",10000,2,2,650.303,650.293,20.464,643.761,1,0,1.296,5.246,,9921,108,9423
"BaselineSweep",10000,2,3,635.179,635.187,4.040,630.174,1,0,0.939,4.065,,9851,108,9340
"BaselineSweep",10000,2,4,651.033,651.032,4.030,645.521,1,0,0.960,4.551,,9866,108,9441
"BaselineSweep",10000,2,5,650.823,650.815,4.021,642.906,1,0,0.960,6.957,,9707,108,9430
"BaselineSweep",10000,2,6,652.909,652.907,17.006,643.173,1,0,1.168,8.568,,9852,105,9327
"BaselineSweep",10000,2,7,646.897,646.885,20.504,638.931,1,0,1.269,6.697,,9908,108,9338
"BaselineSweep",10000,2,8,649.645,649.577,3.995,640.743,1,0,1.220,7.682,,9874,108,9282
"BaselineSweep",10000,2,9,653.843,653.912,4.208,647.394,1,0,1.197,5.252,,9844,108,9287
"BaselineSweep",10000,2,10,648.787,648.765,3.998,641.195,1,0,1.257,6.335,,9923,107,9425
"BaselineSweep",10000,2,11,634.941,634.969,4.670,629.288,1,0,1.265,4.387,,9807,108,9249
"BaselineSweep",10000,2,12,640.191,640.190,22.595,633.406,1,0,1.422,5.363,,9759,108,9394
"BaselineSweep",10000,2,13,643.268,643.262,4.044,637.243,1,0,1.260,4.765,,9793,106,9350
"BaselineSweep",10000,2,14,647.562,647.480,4.057,640.429,1,0,0.957,6.176,,9780,108,9346
"BaselineSweep",10000,2,15,644.600,644.681,4.019,639.367,1,0,0.997,4.235,,9799,108,9278
"BaselineSweep",10000,2,16,640.288,640.287,20.413,634.996,1,0,1.027,4.266,,9953,107,9432
"BaselineSweep",10000,2,17,641.027,641.024,19.840,635.667,1,0,0.972,4.389,,9888,108,9425
"BaselineSweep",10000,2,18,642.490,642.489,4.019,637.179,1,0,0.987,4.324,,9870,108,9320
"BaselineSweep",10000,2,19,640.065,640.057,4.048,632.590,1,0,1.127,6.348,,9892,108,9458
"BaselineSweep",10000,2,20,658.736,658.734,4.037,651.161,1,0,0.976,6.599,,9876,108,9310
"BaselineSweep",10000,2,21,650.573,650.577,4.041,644.633,1,0,0.993,4.947,,9672,107,9310
"BaselineSweep",10000,2,22,653.461,653.457,4.041,647.948,1,0,1.416,4.097,,9935,108,9470
"BaselineSweep",10000,2,23,659.399,659.378,4.043,650.347,1,0,0.992,8.059,,9891,108,9314
"BaselineSweep",10000,2,24,657.877,657.894,4.031,650.856,1,0,1.344,5.677,,9879,108,9357
"BaselineSweep",10000,2,25,644.554,644.553,4.010,638.718,1,0,0.997,4.839,,9891,108,9419
"BaselineSweep",10000,2,26,645.712,645.707,4.602,640.238,1,0,0.991,4.483,,9929,108,9503
"BaselineSweep",10000,2,27,655.380,655.380,4.134,648.915,1,0,1.047,5.418,,9910,108,9308
"BaselineSweep",10000,2,28,654.306,654.305,4.025,648.527,1,0,1.128,4.651,,9870,108,9421
"BaselineSweep",10000,2,29,647.464,647.461,4.513,641.853,1,0,0.980,4.630,,9857,108,9484
"BaselineSweep",10000,2,30,651.085,651.074,22.630,641.718,1,0,1.240,8.127,,9731,108,9356
"BaselineSweep",10000,2,31,656.856,656.861,3.993,648.108,1,0,1.320,7.428,,9925,107,9464
"BaselineSweep",10000,2,32,650.615,650.616,4.135,645.356,1,0,1.015,4.244,,9904,108,9435
"BaselineSweep",10000,2,33,647.730,647.729,4.162,642.288,1,0,1.333,4.109,,9941,108,9518
"BaselineSweep",10000,2,34,656.897,656.893,4.057,649.770,1,0,1.317,5.810,,9939,108,9495
"BaselineSweep",10000,2,35,649.823,649.826,4.010,644.310,1,0,1.398,4.115,,9903,108,9426
"BaselineSweep",10000,2,36,659.244,659.232,4.025,652.873,1,0,1.281,5.090,,9871,108,9393
"BaselineSweep",10000,2,37,647.340,647.338,4.034,640.544,1,0,1.291,5.505,,9810,108,9426
"BaselineSweep",10000,2,38,650.780,650.785,4.031,641.766,1,0,1.313,7.701,,9837,107,9328
"BaselineSweep",10000,2,39,651.516,651.508,4.008,642.360,1,0,1.280,7.876,,9810,108,9425
"BaselineSweep",10000,2,40,653.120,653.121,4.004,644.341,1,0,0.980,7.799,,9903,108,9393
"BaselineSweep",10000,2,41,653.953,653.880,4.241,647.609,1,0,0.990,5.355,,9892,108,9471
"BaselineSweep",10000,2,42,662.577,662.654,4.022,657.167,1,0,0.979,4.431,,9882,108,9351
"BaselineSweep",10000,2,43,655.961,655.958,4.945,650.173,1,0,1.285,4.503,,9919,108,9463
"BaselineSweep",10000,2,44,648.156,648.090,5.090,638.817,1,0,1.345,7.994,,9782,108,9335
"BaselineSweep",10000,2,45,639.350,639.397,17.836,634.077,1,0,0.922,4.351,,9872,108,9393
"BaselineSweep",10000,2,46,650.286,650.303,4.051,644.104,1,0,1.680,4.502,,9893,108,9435
"BaselineSweep",10000,2,47,661.075,661.075,18.325,655.575,1,0,0.952,4.549,,9856,108,9373
"BaselineSweep",10000,2,48,638.463,638.461,4.013,632.759,1,0,1.231,4.474,,9730,108,9425
"BaselineSweep",10000,2,49,649.266,649.262,4.453,642.707,1,0,1.285,5.274,,9783,108,9286
"BaselineSweep",10000,2,50,652.699,652.699,18.711,647.087,1,0,1.328,4.284,,9882,108,9260
"BaselineSweep",10000,2,51,651.166,651.165,19.706,645.622,1,0,1.019,4.525,,9840,108,9385
"BaselineSweep",10000,2,52,636.388,636.388,5.368,631.417,1,0,0.938,4.033,,9905,108,9555
"BaselineSweep",10000,2,53,642.219,642.196,4.034,634.219,1,0,0.988,7.013,,9910,108,9447
"BaselineSweep",10000,2,54,648.826,648.843,4.037,643.040,1,0,1.227,4.560,,9905,108,9311
"BaselineSweep",10000,2,55,635.408,635.407,4.031,629.085,1,0,1.006,5.317,,9898,108,9361
"BaselineSweep",10000,2,56,653.041,653.039,4.053,645.881,1,0,1.230,5.930,,9826,108,9369
"BaselineSweep",10000,2,57,643.866,643.865,4.021,638.562,1,0,0.990,4.314,,9895,108,9413
"BaselineSweep",10000,2,58,640.627,640.614,4.012,634.719,1,0,1.060,4.848,,9886,108,9438
"BaselineSweep",10000,2,59,644.456,644.417,4.066,639.148,1,0,0.924,4.385,,9761,107,9390
"BaselineSweep",10000,2,60,632.416,632.466,4.012,626.464,1,0,1.295,4.658,,9939,107,9465
"BaselineSweep",10000,2,61,642.549,642.538,4.640,633.254,1,0,1.142,8.153,,9798,108,9302
"BaselineSweep",10000,2,62,639.403,639.409,4.034,634.166,1,0,1.106,4.131,,9873,108,9461
"BaselineSweep",10000,2,63,645.335,645.333,4.028,638.535,1,0,2.068,4.732,,9794,108,9363
"BaselineSweep",10000,2,64,629.775,629.774,4.042,623.798,1,0,1.324,4.652,,9807,108,9325
"BaselineSweep",10000,2,65,648.410,648.409,4.015,642.153,1,0,1.257,5.000,,9847,108,9418
"BaselineSweep",10000,2,66,637.445,637.428,4.116,630.496,1,0,1.011,5.938,,9803,108,9368
"BaselineSweep",10000,2,67,649.372,649.310,5.056,642.770,1,0,1.120,5.482,,9747,108,9327
"BaselineSweep",10000,2,68,642.884,642.942,4.543,634.502,1,0,1.884,6.497,,9832,108,9376
"BaselineSweep",10000,2,69,639.840,639.847,22.698,631.603,1,0,1.223,7.015,,9770,108,9361
"BaselineSweep",10000,2,70,634.379,634.386,18.692,628.124,1,0,1.245,5.010,,9864,108,9368
"BaselineSweep",10000,2,71,639.132,639.129,19.836,633.066,1,0,0.962,5.104,,9797,108,9291
"BaselineSweep",10000,2,72,635.401,635.393,20.636,625.878,1,0,1.258,8.265,,9780,107,9379
"BaselineSweep",10000,2,73,633.995,634.000,4.763,628.902,1,0,1.012,4.081,,9819,108,9347
"BaselineSweep",10000,2,74,642.740,642.687,19.911,636.277,1,0,1.249,5.213,,9820,108,9431
"BaselineSweep",10000,2,75,639.012,639.060,19.608,632.730,1,0,1.250,5.031,,9831,108,9402
"BaselineSweep",10000,2,76,642.004,642.004,19.990,636.922,1,0,0.950,4.133,,9810,108,9302
"BaselineSweep",10000,2,77,638.106,638.000,4.003,628.284,1,0,1.274,8.547,,9739,108,9291
"BaselineSweep",10000,2,78,651.425,651.528,4.079,644.963,1,0,0.965,5.497,,9819,108,9351
"BaselineSweep",10000,2,79,648.112,648.109,4.002,643.113,1,0,0.952,4.048,,9817,108,9330
"BaselineSweep",10000,2,80,645.784,645.703,19.020,637.882,1,0,0.945,6.957,,9856,107,9400
"BaselineSweep",10000,2,81,639.990,640.066,20.309,634.861,1,0,0.964,4.165,,9797,108,9402
"BaselineSweep",10000,2,82,638.120,638.108,4.036,630.224,1,0,0.970,6.926,,9780,108,9367
"BaselineSweep",10000,2,83,646.897,646.905,4.027,641.654,1,0,0.928,4.315,,9718,108,9307
"BaselineSweep",10000,2,84,632.497,632.500,4.023,627.287,1,0,0.932,4.278,,9838,108,9357
"BaselineSweep",10000,2,85,623.554,623.552,16.232,618.282,1,0,0.972,4.300,,9906,107,9455
"BaselineSweep",10000,2,86,643.767,643.758,19.062,634.242,1,0,1.301,8.223,,9815,108,9393
"BaselineSweep",10000,2,87,665.967,665.973,4.007,659.454,1,0,1.103,5.411,,9942,108,9318
"BaselineSweep",10000,2,88,665.105,665.098,4.203,658.519,1,0,1.246,5.340,,9834,107,9463
"BaselineSweep",10000,2,89,655.965,655.953,19.553,645.861,1,0,1.252,8.851,,9991,108,9433
"BaselineSweep",10000,2,90,654.844,654.854,20.454,648.350,1,0,1.214,5.280,,9777,108,9250
"BaselineSweep",10000,2,91,635.653,635.649,5.089,626.373,1,0,1.311,7.969,,9804,108,9362
"BaselineSweep",10000,2,92,645.489,645.476,4.030,638.743,1,0,0.939,5.808,,9806,108,9333
"BaselineSweep",10000,2,93,644.013,644.015,4.123,636.400,1,0,0.987,6.626,,9813,108,9325
"BaselineSweep",10000,2,94,643.746,643.752,16.356,638.590,1,0,0.986,4.171,,9919,108,9442
"BaselineSweep",10000,2,95,656.128,656.127,19.715,649.605,1,0,0.991,5.531,,9907,107,9522
"BaselineSweep",10000,2,96,652.405,652.403,20.406,645.926,1,0,1.017,5.463,,9817,108,9328
"BaselineSweep",10000,2,97,664.191,664.103,4.030,656.345,1,0,1.011,6.836,,9828,108,9335
"BaselineSweep",10000,2,98,653.316,653.399,4.197,647.877,1,0,1.014,4.424,,9918,108,9469
"BaselineSweep",10000,2,99,642.845,642.827,4.030,633.754,1,0,1.011,8.081,,9802,108,9417
"BaselineSweep",10000,2,100,652.261,652.276,4.057,646.817,1,0,0.974,4.470,,9506,108,9372
"BaselineSweep",10000,2,101,647.681,647.681,4.031,641.796,1,0,1.305,4.580,,9826,108,9361
"BaselineSweep",10000,2,102,648.348,648.348,4.028,642.901,1,0,1.039,4.409,,9830,108,9342
"BaselineSweep",10000,2,103,647.155,647.154,4.049,641.862,1,0,0.972,4.321,,9937,108,9329
"BaselineSweep",10000,2,104,682.099,682.096,4.037,677.011,1,0,1.007,4.082,,9773,108,9369
"BaselineSweep",10000,2,105,663.165,663.160,4.084,656.915,1,0,1.028,5.221,,9826,108,9474
"BaselineSweep",10000,2,106,675.028,675.030,4.036,668.739,1,0,1.644,4.645,,9895,108,9486
"BaselineSweep",10000,2,107,658.679,658.675,4.024,652.819,1,0,1.348,4.512,,9767,108,9320
"BaselineSweep",10000,2,108,643.496,643.498,4.057,638.420,1,0,0.975,4.102,,9805,108,9420
"BaselineSweep",10000,2,109,638.310,638.283,4.046,630.926,1,0,1.271,6.112,,9905,108,9369
"BaselineSweep",10000,2,110,666.528,666.522,4.042,657.514,1,0,1.302,7.712,,9859,108,9261
"BaselineSweep",10000,2,111,660.718,660.740,4.056,652.119,1,0,1.011,7.589,,9785,107,9358
"BaselineSweep",10000,2,112,648.275,648.276,4.024,639.112,1,0,0.952,8.212,,9750,107,9438
"BaselineSweep",10000,2,113,640.375,640.379,5.056,634.911,1,0,1.089,4.375,,9874,108,9434
"BaselineSweep",10000,2,114,623.484,623.481,4.021,619.071,1,0,1.205,3.208,,9841,108,9578
"BaselineSweep",10000,2,115,638.646,638.646,4.020,632.106,1,0,1.320,5.219,,9877,108,9334
"BaselineSweep",10000,2,116,649.475,649.470,4.049,643.167,1,0,1.283,5.025,,9850,108,9411
"BaselineSweep",10000,2,117,653.040,653.025,4.036,643.809,1,0,1.295,7.936,,9903,108,9370
"BaselineSweep",10000,2,118,661.204,661.217,14.156,655.714,1,0,1.281,4.209,,9847,108,9484
"BaselineSweep",10000,2,119,663.363,663.360,13.717,657.860,1,0,1.005,4.497,,9763,108,9370
"BaselineSweep",10000,2,120,673.360,673.350,4.023,665.096,1,0,0.998,7.267,,9683,108,9263
"BaselineSweep",10000,2,121,656.074,656.078,4.043,649.519,1,0,1.269,5.285,,9814,108,9358
"BaselineSweep",10000,2,122,641.493,641.496,4.040,636.124,1,0,1.009,4.360,,9690,108,9268
"BaselineSweep",10000,2,123,648.638,648.631,4.038,638.749,1,0,1.361,8.528,,9831,108,9413
"BaselineSweep",10000,2,124,635.586,635.595,4.360,629.416,1,0,1.242,4.928,,9914,108,9383
"BaselineSweep",10000,2,125,634.487,634.469,4.117,626.273,1,0,1.106,7.108,,9836,108,9307
"BaselineSweep",10000,2,126,646.804,646.805,18.463,636.466,1,0,1.932,8.406,,9830,108,9362
"BaselineSweep",10000,2,127,632.557,632.567,19.500,626.807,1,0,1.105,4.645,,9774,108,9282
"BaselineSweep",10000,2,128,642.923,642.921,19.368,637.398,1,0,0.986,4.539,,9831,108,9226
"BaselineSweep",10000,2,129,636.957,636.949,18.697,629.644,1,0,1.422,5.892,,9845,108,9361
"BaselineSweep",10000,2,130,635.812,635.819,19.541,630.281,1,0,0.923,4.608,,9822,108,9370
"BaselineSweep",10000,2,131,644.416,644.409,19.341,638.261,1,0,1.269,4.885,,9776,108,9312
"BaselineSweep",10000,2,132,653.416,653.418,5.380,647.469,1,0,1.289,4.658,,9931,108,9393
"BaselineSweep",10000,2,133,650.129,650.124,4.242,643.783,1,0,2.054,4.292,,9894,108,9363
"BaselineSweep",10000,2,134,650.105,650.101,4.073,640.507,1,0,0.956,8.642,,9897,108,9395
"BaselineSweep",10000,2,135,650.448,650.448,15.131,644.559,1,0,0.963,4.926,,9900,108,9467
"BaselineSweep",10000,2,136,662.149,660.115,20.451,654.267,1,0,1.270,6.613,,9833,107,9423
"BaselineSweep",10000,2,137,663.091,665.126,18.395,657.778,1,0,1.231,4.082,,9818,107,9352
"BaselineSweep",10000,2,138,655.804,655.798,4.031,648.886,1,0,1.285,5.633,,9816,108,9328
"BaselineSweep",10000,2,139,650.831,650.813,4.018,644.208,1,0,0.984,5.639,,9917,108,9335
"BaselineSweep",10000,2,140,655.393,655.410,4.127,648.346,1,0,1.281,5.766,,9948,108,9305
"BaselineSweep",10000,2,141,651.140,651.142,20.396,645.873,1,0,0.965,4.303,,9378,108,9312
"BaselineSweep",10000,2,142,669.049,669.022,20.496,660.812,1,0,1.322,6.915,,9903,108,9295
"BaselineSweep",10000,2,143,670.080,670.107,20.410,664.522,1,0,1.259,4.299,,9875,108,9355
"BaselineSweep",10000,2,144,652.943,652.938,18.980,647.480,1,0,1.254,4.209,,9891,108,9456
"BaselineSweep",10000,2,145,661.083,661.078,20.380,653.110,1,0,1.191,6.782,,9872,107,9351
"BaselineSweep",10000,2,146,649.446,649.435,18.353,642.924,1,0,1.283,5.238,,9829,108,9295
"BaselineSweep",10000,2,147,652.829,652.836,4.011,642.841,1,0,0.938,9.050,,9659,106,9346
"BaselineSweep",10000,2,148,654.469,654.471,4.055,648.209,1,0,0.993,5.267,,9901,107,9351
"BaselineSweep",10000,2,149,651.970,651.968,4.014,646.319,1,0,1.201,4.450,,9862,108,9384
"BaselineSweep",10000,2,150,664.508,664.508,19.887,657.679,1,0,1.545,5.284,,9979,108,9447
"BaselineSweep",10000,2,151,656.770,656.762,19.936,646.463,1,0,0.941,9.366,,9904,108,9377
"BaselineSweep",10000,2,152,653.976,653.943,4.046,646.099,1,0,1.129,6.748,,9798,108,9373
"BaselineSweep",10000,2,153,664.439,664.473,4.126,659.470,1,0,0.933,4.036,,9847,108,9330
"BaselineSweep",10000,2,154,648.607,648.608,4.019,642.425,1,0,1.734,4.448,,9765,108,9402
"BaselineSweep",10000,2,155,661.065,661.058,16.534,655.583,1,0,0.945,4.537,,9905,108,9266
"BaselineSweep",10000,2,156,650.991,650.993,19.130,645.890,1,0,0.983,4.118,,9854,108,9325
"BaselineSweep",10000,2,157,655.201,655.197,19.444,646.222,1,0,1.066,7.913,,9829,108,9353
"BaselineSweep",10000,2,158,636.027,636.011,19.727,627.247,1,0,1.294,7.486,,9786,108,9402
"BaselineSweep",10000,2,159,645.830,645.833,19.209,638.627,1,0,0.992,6.210,,9898,108,9378
"BaselineSweep",10000,2,160,644.855,644.864,18.863,639.724,1,0,1.028,4.103,,9872,108,9340
"BaselineSweep",10000,2,161,654.821,654.820,19.523,648.998,1,0,1.273,4.550,,9915,108,9485
"BaselineSweep",10000,2,162,658.321,658.319,19.856,652.444,1,0,1.279,4.599,,9890,108,9439
"BaselineSweep",10000,2,163,657.979,657.958,19.877,651.764,1,0,1.444,4.771,,9935,108,9239
"BaselineSweep",10000,2,164,660.483,660.493,4.043,654.972,1,0,1.134,4.377,,9872,107,9255
"BaselineSweep",10000,2,165,643.734,643.713,4.035,636.162,1,0,0.960,6.612,,9930,108,9459
"BaselineSweep",10000,2,166,648.031,648.058,4.050,642.438,1,0,0.948,4.645,,9917,108,9355
"BaselineSweep",10000,2,167,646.939,646.933,4.564,639.364,1,0,1.281,6.293,,9873,108,9401
"BaselineSweep",10000,2,168,651.065,651.066,4.037,645.066,1,0,1.270,4.729,,9854,108,9301
"BaselineSweep",10000,2,169,647.178,647.171,4.034,638.232,1,0,1.251,7.696,,9911,108,9406
"BaselineSweep",10000,2,170,645.106,645.104,4.549,636.533,1,0,1.042,7.531,,9889,108,9478
"BaselineSweep",10000,2,171,650.396,650.386,19.738,644.672,1,0,0.999,4.726,,9887,108,9378
"BaselineSweep",10000,2,172,664.923,664.933,13.787,658.990,1,0,1.076,4.856,,9879,108,9381
"BaselineSweep",10000,2,173,638.473,638.471,4.235,633.246,1,0,0.997,4.230,,9854,108,9430
"BaselineSweep",10000,2,174,637.670,637.610,4.032,632.873,1,0,0.959,3.837,,9820,108,9334
"BaselineSweep",10000,2,175,643.053,643.113,4.064,636.994,1,0,1.297,4.762,,9924,107,9401
"BaselineSweep",10000,2,176,659.498,659.492,4.041,651.453,1,0,1.011,7.034,,9846,107,9254
"BaselineSweep",10000,2,177,653.772,653.767,4.063,644.360,1,0,0.999,8.413,,9888,108,9414
"BaselineSweep",10000,2,178,650.086,650.093,4.024,644.385,1,0,0.960,4.741,,9880,107,9343
"BaselineSweep",10000,2,179,645.938,645.934,4.031,640.785,1,0,0.972,4.181,,9801,107,9365
"BaselineSweep",10000,2,180,646.977,646.970,4.053,639.742,1,0,1.020,6.215,,9861,108,9380
"BaselineSweep",10000,2,181,653.444,653.400,4.067,645.664,1,0,1.031,6.749,,9896,108,9396
"BaselineSweep",10000,2,182,654.816,654.860,4.445,649.457,1,0,0.994,4.365,,9904,107,9350
"BaselineSweep",10000,2,183,642.491,642.488,4.040,635.348,1,0,0.963,6.180,,9905,108,9431
"BaselineSweep",10000,2,184,650.369,650.372,4.198,644.990,1,0,0.990,4.388,,9749,108,9397
"BaselineSweep",10000,2,185,645.372,645.354,4.056,636.956,1,0,1.294,7.122,,9926,108,9524
"BaselineSweep",10000,2,186,645.428,645.439,4.031,639.869,1,0,1.284,4.275,,9834,108,9281
"BaselineSweep",10000,2,187,657.427,657.425,4.058,650.671,1,0,1.301,5.455,,9969,108,9529
"BaselineSweep",10000,2,188,673.206,673.206,4.033,668.071,1,0,1.004,4.131,,9816,108,9347
"BaselineSweep",10000,2,189,656.292,656.281,17.570,647.378,1,0,1.211,7.703,,9977,108,9434
"BaselineSweep",10000,2,190,636.282,636.286,22.842,627.749,1,0,1.291,7.242,,9801,108,9500
"BaselineSweep",10000,2,191,661.257,661.256,0.000,655.016,1,0,1.526,4.716,,9801,107,9383
"BaselineSweep",10000,2,192,675.691,675.616,19.838,668.230,1,0,1.276,6.185,,9836,108,9338
"BaselineSweep",10000,2,193,672.676,672.753,20.084,665.747,1,0,1.284,5.644,,9851,108,9345
"BaselineSweep",10000,2,194,656.221,656.218,22.799,651.178,1,0,0.942,4.102,,9908,108,9399
"BaselineSweep",10000,2,195,651.331,651.331,4.801,646.117,1,0,1.069,4.146,,9816,108,9402
"BaselineSweep",10000,2,196,647.154,647.138,4.022,638.446,1,0,0.964,7.744,,9840,108,9458
"BaselineSweep",10000,2,197,656.456,656.466,19.674,648.883,1,0,1.253,6.320,,9901,108,9328
"BaselineSweep",10000,2,198,658.997,658.951,0.000,652.602,1,0,1.168,5.227,,9914,108,9368
"BaselineSweep",10000,2,199,683.279,683.326,20.648,677.800,1,0,0.949,4.530,,9900,108,9312
"BaselineSweep",10000,2,200,660.974,660.963,20.410,650.974,1,0,1.299,8.700,,9914,108,9326
"BaselineSweep",10000,2,201,655.075,655.082,20.500,649.881,1,0,0.949,4.245,,9884,108,9431
"BaselineSweep",10000,2,202,646.969,646.961,20.386,637.764,1,0,0.978,8.227,,9880,108,9538
"BaselineSweep",10000,2,203,645.697,645.680,20.511,639.624,1,0,1.690,4.383,,9900,108,9344
"BaselineSweep",10000,2,204,673.652,673.671,19.883,667.748,1,0,1.297,4.607,,9896,108,9356
"BaselineSweep",10000,2,205,657.020,657.016,19.486,647.538,1,0,1.074,8.408,,9863,108,9406
"BaselineSweep",10000,2,206,648.666,648.630,20.522,641.147,1,0,1.022,6.497,,9790,108,9304
"BaselineSweep",10000,2,207,655.463,655.424,20.497,646.313,1,0,1.264,7.886,,9875,108,9361
"BaselineSweep",10000,2,208,640.461,640.533,4.018,634.904,1,0,0.980,4.577,,9854,107,9408
"BaselineSweep",10000,2,209,650.402,650.396,4.210,644.471,1,0,1.289,4.642,,9923,108,9283
"BaselineSweep",10000,2,210,659.467,659.468,20.451,654.205,1,0,0.979,4.284,,9952,107,9389
"BaselineSweep",10000,2,211,648.902,648.902,20.485,643.345,1,0,1.047,4.510,,9932,108,9428
"BaselineSweep",10000,2,212,662.510,662.496,22.887,654.446,1,0,2.343,5.722,,9951,108,9401
"BaselineSweep",10000,2,213,662.059,662.066,4.177,656.109,1,0,1.255,4.695,,9970,108,9469
"BaselineSweep",10000,2,214,668.375,668.357,4.392,658.094,1,0,1.433,8.849,,9919,108,9378
"BaselineSweep",10000,2,215,662.968,662.985,4.019,656.652,1,0,1.291,5.025,,9843,108,9348
"BaselineSweep",10000,2,216,662.824,662.822,20.618,656.591,1,0,1.292,4.941,,9836,108,9404
"BaselineSweep",10000,2,217,654.505,654.505,20.418,648.326,1,0,1.329,4.850,,9889,108,9356
"BaselineSweep",10000,2,218,663.426,663.425,5.147,657.745,1,0,1.252,4.429,,9771,108,9317
"BaselineSweep",10000,2,219,667.730,667.729,19.270,660.885,1,0,1.226,5.618,,9829,108,9430
"BaselineSweep",10000,2,220,648.863,648.857,19.540,639.394,1,0,0.926,8.543,,9759,108,9379
"BaselineSweep",10000,2,221,645.603,645.604,19.879,639.348,1,0,0.966,5.289,,9859,108,9305
"BaselineSweep",10000,2,222,656.297,656.285,19.803,650.018,1,0,1.358,4.921,,9679,108,9408
"BaselineSweep",10000,2,223,647.274,647.284,19.460,641.815,1,0,1.223,4.235,,9760,108,9187
"BaselineSweep",10000,2,224,662.681,662.674,20.624,654.491,1,0,0.938,7.253,,9917,107,9447
"BaselineSweep",10000,2,225,634.290,634.290,4.019,628.727,1,0,1.028,4.536,,9834,108,9432
"BaselineSweep",10000,2,226,655.857,655.857,4.134,650.579,1,0,1.074,4.204,,9839,108,9352
"BaselineSweep",10000,2,227,642.850,642.834,4.018,634.137,1,0,1.274,7.439,,9904,108,9300
"BaselineSweep",10000,2,228,647.984,647.996,4.243,642.002,1,0,1.261,4.720,,9876,108,9414
"BaselineSweep",10000,2,229,636.745,636.745,19.006,631.398,1,0,1.142,4.204,,9905,108,9486
"BaselineSweep",10000,2,230,644.030,644.014,4.047,633.795,1,0,0.959,9.275,,9927,108,9424
"BaselineSweep",10000,2,231,653.421,653.429,4.033,643.169,1,0,1.294,8.959,,9854,108,9390
"BaselineSweep",10000,2,232,663.932,663.928,0.000,655.277,1,0,0.963,7.693,,9872,108,9380
"BaselineSweep",10000,2,233,662.207,662.210,20.561,656.467,1,0,1.267,4.473,,9876,108,9356
"BaselineSweep",10000,2,234,661.555,661.552,19.303,655.282,1,0,1.303,4.970,,9880,108,9465
"BaselineSweep",10000,2,235,646.026,646.025,4.034,640.767,1,0,0.992,4.267,,9892,108,9375
"BaselineSweep",10000,2,236,648.345,648.331,4.115,639.642,1,0,0.974,7.729,,9856,108,9319
"BaselineSweep",10000,2,237,656.610,656.587,4.028,649.157,1,0,1.278,6.175,,9890,108,9300
"BaselineSweep",10000,2,238,652.726,652.759,20.549,647.908,1,0,1.262,3.556,,9860,108,9414
"BaselineSweep",10000,2,239,639.475,639.471,22.698,633.961,1,0,1.265,4.249,,9835,108,9389
"BaselineSweep",10000,2,240,654.848,654.841,4.034,646.196,1,0,0.964,7.688,,9860,107,9331
"BaselineSweep",10000,2,241,651.956,651.960,4.126,645.732,1,0,1.582,4.642,,9684,108,9331
"BaselineSweep",10000,2,242,653.435,653.349,4.051,645.416,1,0,0.919,7.100,,9834,108,9359
"BaselineSweep",10000,2,243,661.381,661.464,19.538,655.635,1,0,1.225,4.521,,9778,108,9402
"BaselineSweep",10000,2,244,648.556,648.555,19.112,642.561,1,0,1.238,4.756,,9831,107,9382
"BaselineSweep",10000,2,245,654.057,654.052,4.036,648.107,1,0,1.277,4.673,,9864,108,9379
"BaselineSweep",10000,2,246,635.015,635.015,4.209,630.032,1,0,0.944,4.039,,9802,108,9357
"BaselineSweep",10000,2,247,627.938,627.933,20.407,622.521,1,0,0.989,4.428,,9750,107,9374
"BaselineSweep",10000,2,248,638.258,638.255,20.440,631.205,1,0,0.980,6.074,,9891,108,9419
"BaselineSweep",10000,2,249,646.161,646.151,5.060,637.949,1,0,0.998,7.214,,9740,108,9443
"BaselineSweep",10000,2,250,643.341,643.336,4.017,636.794,1,0,0.996,5.551,,9923,108,9402
"BaselineSweep",10000,2,251,642.843,642.855,4.062,637.615,1,0,0.981,4.246,,9901,108,9389
"BaselineSweep",10000,2,252,648.396,648.391,4.025,639.496,1,0,1.006,7.894,,9878,108,9425
"BaselineSweep",10000,2,253,647.568,647.568,4.231,642.118,1,0,1.001,4.448,,9840,107,9314
"BaselineSweep",10000,2,254,651.836,651.795,4.017,644.665,1,0,1.119,6.051,,9922,108,9410
"BaselineSweep",10000,2,255,662.681,662.719,13.982,657.395,1,0,0.967,4.319,,9960,108,9537
"BaselineSweep",10000,2,256,646.176,646.167,22.631,637.697,1,0,0.992,7.487,,9824,108,9393
"BaselineSweep",10000,2,257,660.671,660.677,22.806,655.424,1,0,0.972,4.275,,9797,108,9346
"BaselineSweep",10000,2,258,647.630,647.631,4.055,642.463,1,0,0.970,4.197,,9823,107,9432
"BaselineSweep",10000,2,259,650.722,650.690,4.567,645.199,1,0,0.988,4.536,,9755,108,9380
"BaselineSweep",10000,2,260,647.460,647.482,14.995,640.902,1,0,0.958,5.600,,9526,108,9342
"BaselineSweep",10000,2,261,651.791,651.793,20.584,646.361,1,0,1.059,4.372,,9903,108,9403
"BaselineSweep",10000,2,262,663.904,663.902,13.081,659.643,1,0,1.020,3.240,,9929,107,9412
"BaselineSweep",10000,2,263,650.784,650.761,4.042,643.264,1,0,0.964,6.557,,9872,108,9339
"BaselineSweep",10000,2,264,678.418,678.440,4.242,672.641,1,0,1.305,4.472,,9910,108,9432
"BaselineSweep",10000,2,265,673.792,673.787,4.067,668.017,1,0,1.355,4.419,,9844,108,9454
"BaselineSweep",10000,2,266,640.286,640.282,22.645,634.208,1,0,1.299,4.779,,9780,108,9421
"BaselineSweep",10000,2,267,640.994,640.999,19.661,636.435,1,0,0.963,3.597,,9905,107,9429
"BaselineSweep",10000,2,268,656.600,656.578,4.009,645.530,1,0,1.266,9.804,,9878,108,9484
"BaselineSweep",10000,2,269,649.598,649.608,4.086,640.732,1,0,1.288,7.578,,9822,108,9401
"BaselineSweep",10000,2,270,665.155,665.160,4.004,659.463,1,0,1.269,4.423,,9804,108,9468
"BaselineSweep",10000,2,271,654.708,654.707,4.065,648.716,1,0,1.290,4.703,,9902,108,9332
"BaselineSweep",10000,2,272,655.207,655.207,4.003,649.599,1,0,1.296,4.312,,9883,108,9294
"BaselineSweep",10000,2,273,655.794,655.776,4.055,650.210,1,0,0.922,4.662,,9837,108,9416
"BaselineSweep",10000,2,274,639.695,639.710,4.008,633.783,1,0,0.917,4.995,,9863,108,9335
"BaselineSweep",10000,2,275,639.098,639.089,4.081,632.411,1,0,1.459,5.229,,9591,107,9241
"BaselineSweep",10000,2,276,643.653,643.660,4.036,638.458,1,0,0.931,4.264,,19728,109,18985
"BaselineSweep",10000,2,277,645.552,645.549,20.578,639.901,1,0,0.961,4.690,,9859,108,9470
"BaselineSweep",10000,2,278,647.339,647.332,19.210,639.180,1,0,0.938,7.221,,9876,108,9447
"BaselineSweep",10000,2,279,660.319,660.325,19.589,654.614,1,0,1.121,4.585,,9902,107,9402
"BaselineSweep",10000,2,280,663.410,663.388,19.095,657.066,1,0,0.919,5.424,,9908,108,9314
"BaselineSweep",10000,2,281,639.471,639.490,19.482,633.253,1,0,1.270,4.947,,9799,108,9228
"BaselineSweep",10000,2,282,651.806,651.802,19.721,645.307,1,0,1.245,5.254,,9806,106,9374
"BaselineSweep",10000,2,283,652.531,652.527,4.889,646.520,1,0,1.274,4.737,,9787,108,9280
"BaselineSweep",10000,2,284,637.217,637.217,16.594,630.568,1,0,1.278,5.371,,9811,108,9409
"BaselineSweep",10000,2,285,646.692,646.691,19.093,640.997,1,0,1.253,4.442,,9816,108,9412
"BaselineSweep",10000,2,286,673.290,673.294,19.578,667.235,1,0,1.292,4.764,,9830,108,9297
"BaselineSweep",10000,2,287,638.482,638.475,19.471,631.808,1,0,1.263,5.411,,9900,108,9316
"BaselineSweep",10000,2,288,633.781,633.781,4.763,627.814,1,0,1.683,4.283,,9773,108,9304
"BaselineSweep",10000,2,289,645.805,645.787,20.486,639.798,1,0,0.939,5.069,,9758,107,9305
"BaselineSweep",10000,2,290,631.220,631.235,4.036,625.031,1,0,2.045,4.144,,9817,108,9348
"BaselineSweep",10000,2,291,643.168,643.156,4.050,634.638,1,0,1.341,7.189,,9892,108,9359
"BaselineSweep",10000,2,292,629.001,629.010,19.038,623.459,1,0,1.181,4.360,,9210,108,9314
"BaselineSweep",10000,2,293,643.737,643.710,20.409,634.905,1,0,1.872,6.961,,9804,108,9336
"BaselineSweep",10000,2,294,639.053,639.072,18.961,634.005,1,0,0.951,4.097,,9836,108,9373
"BaselineSweep",10000,2,295,638.472,638.475,4.220,633.355,1,0,1.246,3.871,,9841,107,9433
"BaselineSweep",10000,2,296,638.355,638.251,20.593,629.209,1,0,1.695,7.451,,7335,89,6991
"BaselineSweep",10000,2,297,646.308,646.401,18.105,637.798,1,0,1.027,7.484,,19797,127,11648
"BaselineSweep",10000,2,298,635.820,635.828,20.504,628.886,1,0,2.689,4.246,,9945,107,9403
"BaselineSweep",10000,2,299,649.694,649.691,19.236,644.006,1,0,1.237,4.451,,9824,106,9341
"BaselineSweep",500,3,0,2.938,2.937,0.502,1.533,1,0,0.039,1.366,,509,13,503
"BaselineSweep",500,3,1,3.169,3.164,0.467,1.544,1,0,0.040,1.584,,514,13,497
"BaselineSweep",500,3,2,2.594,2.601,0.534,1.493,1,0,0.044,1.058,163840,509,13,506
"BaselineSweep",500,3,3,2.203,2.193,0.537,1.766,1,0,0.040,0.397,,513,13,508
"BaselineSweep",500,3,4,2.650,2.659,0.547,1.577,1,0,0.038,1.036,196608,514,13,507
"BaselineSweep",500,3,5,2.984,2.980,0.525,1.866,1,0,0.042,1.076,,506,13,501
"BaselineSweep",500,3,6,4.362,4.355,0.544,1.722,1,0,0.042,2.598,,514,13,514
"BaselineSweep",500,3,7,1.979,1.986,0.545,1.543,1,0,0.045,0.391,118784,505,13,493
"BaselineSweep",500,3,8,2.948,2.947,0.000,1.808,1,0,0.041,1.100,,515,13,513
"BaselineSweep",500,3,9,4.439,4.431,0.505,1.539,1,0,0.041,2.859,,513,13,512
"BaselineSweep",500,3,10,2.047,2.044,0.525,1.519,1,0,0.041,0.487,98304,512,13,505
"BaselineSweep",500,3,11,2.853,2.858,0.000,1.722,1,0,0.039,1.092,,505,13,507
"BaselineSweep",500,3,12,2.924,2.922,0.509,1.479,1,0,0.039,1.405,,515,13,510
"BaselineSweep",500,3,13,2.600,2.604,0.484,1.515,1,0,0.039,1.045,126976,515,13,511
"BaselineSweep",500,3,14,2.960,2.956,0.521,1.764,1,0,0.042,1.155,,515,13,513
"BaselineSweep",500,3,15,4.521,4.511,0.518,1.486,1,0,0.038,2.997,,514,13,494
"BaselineSweep",500,3,16,2.036,2.050,0.535,1.483,1,0,0.047,0.507,69632,513,13,501
"BaselineSweep",500,3,17,2.323,2.314,0.000,1.855,1,0,0.039,0.430,,512,13,509
"BaselineSweep",500,3,18,2.722,2.729,0.561,1.566,1,0,0.042,1.113,147456,515,13,509
"BaselineSweep",500,3,19,4.326,4.312,0.526,1.877,1,0,0.041,2.408,,512,13,501
"BaselineSweep",500,3,20,3.165,3.173,0.537,1.650,1,0,0.044,1.472,,511,13,499
"BaselineSweep",500,3,21,4.637,4.630,0.000,1.478,1,0,0.038,3.120,114688,511,13,504
"BaselineSweep",500,3,22,2.941,2.945,0.487,1.819,1,0,0.044,1.078,,511,13,510
"BaselineSweep",500,3,23,4.536,4.523,0.000,1.546,1,0,0.039,2.952,,511,13,504
"BaselineSweep",500,3,24,2.833,2.843,0.485,1.646,1,0,0.045,1.142,102400,511,13,488
"BaselineSweep",500,3,25,4.379,4.374,0.000,1.683,1,0,0.039,2.657,,515,13,504
"BaselineSweep",500,3,26,2.903,2.872,0.486,1.615,1,0,0.043,1.244,151552,505,13,499
"BaselineSweep",500,3,27,2.335,2.369,0.000,1.849,1,0,0.040,0.446,,509,13,504
"BaselineSweep",500,3,28,4.250,4.231,0.511,1.957,1,0,0.043,2.250,,507,13,507
"BaselineSweep",500,3,29,2.204,2.219,0.514,1.625,1,0,0.046,0.534,159744,505,13,500
"BaselineSweep",500,3,30,4.081,4.077,0.000,1.781,1,0,0.040,2.261,,516,13,514
"BaselineSweep",500,3,31,2.099,2.106,0.480,1.622,1,0,0.053,0.424,180224,508,13,504
"BaselineSweep",500,3,32,4.203,4.196,0.000,1.713,1,0,0.038,2.452,,514,13,508
"BaselineSweep",500,3,33,2.376,2.376,0.484,1.579,1,0,0.041,0.756,,501,13,499
"BaselineSweep",500,3,34,4.228,4.218,0.000,1.482,1,0,0.038,2.708,114688,513,13,497
"BaselineSweep",500,3,35,2.288,2.300,0.478,1.800,1,0,0.040,0.449,,514,13,510
"BaselineSweep",500,3,36,4.159,4.156,0.000,1.493,1,0,0.036,2.629,131072,512,13,508
"BaselineSweep",500,3,37,2.254,2.258,0.486,1.720,1,0,0.042,0.492,,505,13,487
"BaselineSweep",500,3,38,4.343,4.320,0.000,1.616,1,0,0.042,2.685,143360,513,13,505
"BaselineSweep",500,3,39,3.140,3.157,0.499,2.587,1,0,0.040,0.512,,512,13,495
"BaselineSweep",500,3,40,2.925,2.920,0.000,1.480,1,0,0.037,1.409,,510,13,499
"BaselineSweep",500,3,41,1.983,1.984,0.563,1.487,1,0,0.040,0.456,81920,517,13,512
"BaselineSweep",500,3,42,2.943,2.946,0.522,1.769,1,0,0.039,1.135,,511,13,503
"BaselineSweep",500,3,43,4.582,4.566,0.687,1.483,1,0,0.038,3.061,102400,511,13,497
"BaselineSweep",500,3,44,3.261,3.276,0.533,2.087,1,0,0.044,1.131,,516,13,507
"BaselineSweep",500,3,45,3.265,3.258,0.000,1.520,1,0,0.040,1.705,,510,13,498
"BaselineSweep",500,3,46,2.404,2.411,0.519,1.882,1,0,0.063,0.459,81920,512,13,503
"BaselineSweep",500,3,47,4.990,4.972,0.484,1.960,1,0,0.041,2.988,,515,13,513
"BaselineSweep",500,3,48,2.953,2.968,0.579,1.587,1,0,0.041,1.326,,503,13,497
"BaselineSweep",500,3,49,4.285,4.259,0.000,1.572,1,0,0.041,2.672,61440,518,13,506
"BaselineSweep",500,3,50,5.103,5.126,0.473,3.728,1,0,0.096,1.280,,513,13,506
"BaselineSweep",500,3,51,2.689,2.688,0.000,1.476,1,0,0.053,1.161,131072,517,12,515
"BaselineSweep",500,3,52,2.818,2.814,0.510,1.709,1,0,0.040,1.069,,518,13,510
"BaselineSweep",500,3,53,3.572,3.572,0.484,1.918,1,0,0.115,1.539,,514,13,515
"BaselineSweep",500,3,54,4.191,4.169,0.477,2.149,1,0,0.050,1.992,69632,519,13,513
"BaselineSweep",500,3,55,3.734,3.756,0.526,2.339,1,0,0.054,1.342,,517,13,515
"BaselineSweep",500,3,56,4.435,4.422,0.000,1.745,1,0,0.043,2.647,,516,13,507
"BaselineSweep",500,3,57,2.857,2.872,0.488,1.669,1,0,0.043,1.145,94208,517,13,518
"BaselineSweep",500,3,58,4.480,4.446,0.000,1.772,1,0,0.042,2.666,,519,13,512
"BaselineSweep",500,3,59,4.931,4.958,0.490,3.274,1,0,0.077,1.580,139264,517,13,515
"BaselineSweep",500,3,60,2.839,2.842,0.000,1.754,1,0,0.040,1.045,,516,13,506
"BaselineSweep",500,3,61,4.583,4.565,0.510,1.842,1,0,0.038,2.703,,519,13,517
"BaselineSweep",500,3,62,4.291,4.280,0.480,2.255,1,0,0.078,1.957,,504,13,498
"BaselineSweep",500,3,63,5.017,5.030,0.000,1.951,1,0,0.052,3.014,172032,519,13,510
"BaselineSweep",500,3,64,3.320,3.330,0.486,2.028,1,0,0.047,1.245,,520,13,501
"BaselineSweep",500,3,65,4.442,4.437,0.000,1.625,1,0,0.041,2.776,204800,521,13,511
"BaselineSweep",500,3,66,3.010,3.014,1.331,1.824,1,0,0.045,1.141,,511,13,496
"BaselineSweep",500,3,67,4.457,4.444,0.000,1.836,1,0,0.042,2.580,,521,13,514
"BaselineSweep",500,3,68,2.805,2.818,0.498,1.612,1,0,0.043,1.151,180224,509,13,497
"BaselineSweep",500,3,69,3.133,3.130,0.000,1.951,1,0,0.043,1.139,,521,13,514
"BaselineSweep",500,3,70,3.139,3.139,0.516,1.967,1,0,0.043,1.129,,519,13,506
"BaselineSweep",500,3,71,2.879,2.880,0.499,1.750,1,0,0.043,1.086,159744,520,13,517
"BaselineSweep",500,3,72,4.095,4.085,0.531,1.925,1,0,0.042,2.128,,521,13,518
"BaselineSweep",500,3,73,3.189,3.194,0.524,1.941,1,0,0.048,1.200,,509,13,506
"BaselineSweep",500,3,74,6.324,6.302,0.000,1.672,1,0,0.045,4.606,122880,514,13,509
"BaselineSweep",500,3,75,2.974,2.994,0.489,1.795,1,0,0.044,1.136,,507,13,502
"BaselineSweep",500,3,76,3.305,3.302,0.000,1.739,1,0,0.044,1.522,,521,13,506
"BaselineSweep",500,3,77,3.029,3.031,1.768,1.843,1,0,0.045,1.141,122880,510,13,503
"BaselineSweep",500,3,78,4.335,4.328,0.505,1.916,1,0,0.045,2.374,,521,13,518
"BaselineSweep",500,3,79,2.945,2.944,0.528,1.684,1,0,0.050,1.211,151552,502,13,500
"BaselineSweep",500,3,80,5.457,5.439,0.000,1.970,1,0,0.045,3.442,,521,13,519
"BaselineSweep",500,3,81,3.053,3.074,0.486,1.831,1,0,0.047,1.174,,519,13,509
"BaselineSweep",500,3,82,4.575,4.566,0.000,1.680,1,0,0.042,2.854,118784,518,13,514
"BaselineSweep",500,3,83,3.062,3.069,0.985,1.844,1,0,0.046,1.173,,500,13,492
"BaselineSweep",500,3,84,3.122,3.114,0.000,1.783,1,0,0.044,1.295,,513,13,509
"BaselineSweep",500,3,85,4.425,4.426,0.508,1.481,1,0,0.038,2.906,98304,518,13,512
"BaselineSweep",500,3,86,3.130,3.135,0.521,1.896,1,0,0.045,1.189,,514,13,514
"BaselineSweep",500,3,87,3.145,3.142,0.000,1.754,1,0,0.045,1.345,,519,13,515
"BaselineSweep",500,3,88,3.014,3.016,0.515,1.788,1,0,0.043,1.183,86016,520,13,513
"BaselineSweep",500,3,89,3.224,3.224,0.486,2.006,1,0,0.044,1.174,,520,13,516
"BaselineSweep",500,3,90,3.033,3.021,0.523,1.797,1,0,0.047,1.189,114688,517,13,512
"BaselineSweep",500,3,91,3.272,3.281,0.533,2.019,1,0,0.045,1.209,,519,13,511
"BaselineSweep",500,3,92,4.313,4.308,0.539,2.189,1,0,0.045,2.080,,520,13,515
"BaselineSweep",500,3,93,2.859,2.863,0.528,1.668,1,0,0.049,1.141,204800,519,13,517
"BaselineSweep",500,3,94,4.771,4.765,0.000,1.693,1,0,0.038,3.039,,521,13,515
"BaselineSweep",500,3,95,3.175,3.173,0.485,1.679,1,0,0.044,1.453,,501,13,493
"BaselineSweep",500,3,96,2.280,2.287,0.000,1.778,1,0,0.048,0.454,126976,520,13,513
"BaselineSweep",500,3,97,2.533,2.532,0.510,2.023,1,0,0.044,0.466,,521,13,518
"BaselineSweep",500,3,98,4.099,4.094,0.496,1.498,1,0,0.041,2.560,192512,519,13,506
"BaselineSweep",500,3,99,2.992,2.997,0.525,1.804,1,0,0.042,1.146,,513,13,508
"BaselineSweep",500,3,100,4.502,4.494,0.000,1.666,1,0,0.043,2.793,,518,13,510
"BaselineSweep",500,3,101,2.935,2.942,0.487,1.677,1,0,0.046,1.212,135168,495,13,489
"BaselineSweep",500,3,102,2.410,2.400,0.000,1.935,1,0,0.039,0.436,,518,13,512
"BaselineSweep",500,3,103,2.574,2.584,0.514,1.492,1,0,0.037,1.045,172032,521,13,514
"BaselineSweep",500,3,104,2.798,2.796,0.487,1.715,1,0,0.040,1.043,,520,13,517
"BaselineSweep",500,3,105,4.803,4.796,0.525,1.523,1,0,0.037,3.243,151552,519,13,513
"BaselineSweep",500,3,106,3.117,3.121,0.514,1.853,1,0,0.045,1.218,,516,13,514
"BaselineSweep",500,3,107,4.170,4.163,0.000,1.892,1,0,0.044,2.234,,519,13,509
"BaselineSweep",500,3,108,2.876,2.874,0.486,1.667,1,0,0.048,1.161,139264,498,13,491
"BaselineSweep",500,3,109,2.277,2.283,0.000,1.802,1,0,0.038,0.437,,516,13,516
"BaselineSweep",500,3,110,3.015,3.011,0.508,1.506,1,0,0.037,1.472,,520,13,505
"BaselineSweep",500,3,111,3.426,3.411,0.491,1.691,1,0,0.043,1.692,94208,517,13,508
"BaselineSweep",500,3,112,3.092,3.107,0.537,1.888,1,0,0.048,1.156,,511,13,509
"BaselineSweep",500,3,113,2.017,2.020,0.000,1.563,1,0,0.043,0.411,81920,515,13,503
"BaselineSweep",500,3,114,4.495,4.475,1.681,2.628,1,0,0.070,1.797,,518,13,518
"BaselineSweep",500,3,115,4.020,4.034,0.558,2.445,1,0,0.056,1.519,,516,13,516
"BaselineSweep",500,3,116,4.113,4.103,0.521,1.474,1,0,0.045,2.594,81920,514,13,514
"BaselineSweep",500,3,117,3.403,3.413,0.484,2.217,1,0,0.053,1.134,,518,13,512
"BaselineSweep",500,3,118,4.391,4.382,0.000,1.479,1,0,0.038,2.874,69632,516,13,506
"BaselineSweep",500,3,119,3.110,3.117,0.485,1.886,1,0,0.050,1.174,,514,13,506
"BaselineSweep",500,3,120,4.491,4.474,0.000,1.479,1,0,0.039,2.973,98304,518,13,512
"BaselineSweep",500,3,121,2.410,2.428,0.505,1.836,1,0,0.047,0.528,,517,13,510
"BaselineSweep",500,3,122,4.333,4.326,0.000,1.647,1,0,0.043,2.643,122880,515,13,515
"BaselineSweep",500,3,123,3.072,3.077,0.474,1.821,1,0,0.043,1.208,,515,13,514
"BaselineSweep",500,3,124,4.489,4.478,0.000,1.968,1,0,0.043,2.478,,517,13,513
"BaselineSweep",500,3,125,2.896,2.898,0.488,1.649,1,0,0.044,1.204,90112,519,13,513
"BaselineSweep",500,3,126,4.384,4.386,0.000,2.075,1,0,0.043,2.267,,518,13,507
"BaselineSweep",500,3,127,2.145,2.151,0.483,1.639,1,0,0.048,0.458,176128,517,13,502
"BaselineSweep",500,3,128,4.363,4.356,0.000,1.913,1,0,0.047,2.403,,518,13,506
"BaselineSweep",500,3,129,2.973,2.977,0.494,1.716,1,0,0.043,1.214,212992,519,13,516
"BaselineSweep",500,3,130,4.409,4.399,0.000,1.878,1,0,0.044,2.487,,513,13,508
"BaselineSweep",500,3,131,3.109,3.110,0.500,1.885,1,0,0.051,1.174,,520,13,507
"BaselineSweep",500,3,132,4.500,4.475,0.000,1.760,1,0,0.045,2.696,122880,521,13,503
"BaselineSweep",500,3,133,3.069,3.095,0.486,1.803,1,0,0.040,1.225,,505,13,494
"BaselineSweep",500,3,134,4.681,4.675,0.000,1.482,1,0,0.043,3.156,139264,518,13,508
"BaselineSweep",500,3,135,3.036,3.042,0.476,1.818,1,0,0.041,1.178,,502,13,496
"BaselineSweep",500,3,136,3.055,3.048,0.000,1.656,1,0,0.042,1.358,,513,13,511
"BaselineSweep",500,3,137,4.518,4.510,0.512,1.653,1,0,0.041,2.824,126976,515,13,505
"BaselineSweep",500,3,138,3.326,3.334,0.489,1.996,1,0,0.047,1.283,,517,13,513
"BaselineSweep",500,3,139,4.084,4.084,0.000,1.664,1,0,0.044,2.376,,520,13,513
"BaselineSweep",500,3,140,2.224,2.229,0.527,1.735,1,0,0.046,0.443,69632,508,13,504
"BaselineSweep",500,3,141,4.208,4.200,0.000,1.953,1,0,0.046,2.209,,520,13,518
"BaselineSweep",500,3,142,2.947,2.944,0.486,1.649,1,0,0.045,1.252,122880,510,13,508
"BaselineSweep",500,3,143,4.399,4.400,0.000,2.034,1,0,0.043,2.322,,519,13,516
"BaselineSweep",500,3,144,2.196,2.205,0.487,1.658,1,0,0.046,0.492,98304,519,13,506
"BaselineSweep",500,3,145,3.231,3.227,0.000,1.995,1,0,0.042,1.193,,509,13,498
"BaselineSweep",500,3,146,4.481,4.473,0.536,1.482,1,0,0.039,2.961,155648,516,13,517
"BaselineSweep",500,3,147,3.217,3.216,0.525,1.941,1,0,0.050,1.226,,518,13,513
"BaselineSweep",500,3,148,4.548,4.548,0.000,1.906,1,0,0.045,2.597,,521,13,508
"BaselineSweep",500,3,149,2.576,2.563,0.488,1.767,1,0,0.047,0.763,65536,514,13,503
"BaselineSweep",500,3,150,6.542,6.549,0.000,4.359,1,0,0.085,2.098,,518,13,504
"BaselineSweep",500,3,151,4.610,4.615,0.516,2.814,1,0,0.065,1.731,126976,521,13,511
"BaselineSweep",500,3,152,4.401,4.392,0.488,2.807,1,0,0.060,1.534,,517,13,511
"BaselineSweep",500,3,153,4.176,4.174,0.539,2.446,1,0,0.051,1.679,,521,13,505
"BaselineSweep",500,3,154,3.403,3.415,0.513,2.088,1,0,0.049,1.266,98304,506,13,500
"BaselineSweep",500,3,155,4.372,4.362,0.000,2.019,1,0,0.044,2.310,,516,13,511
"BaselineSweep",500,3,156,2.620,2.631,0.523,1.498,1,0,0.042,1.080,110592,514,13,513
"BaselineSweep",500,3,157,4.331,4.315,0.000,1.725,1,0,0.040,2.566,,519,13,508
"BaselineSweep",500,3,158,2.337,2.346,0.936,1.710,1,0,0.044,0.583,102400,512,13,508
"BaselineSweep",500,3,159,4.150,4.145,0.000,1.983,1,0,0.040,2.127,,520,13,517
"BaselineSweep",500,3,160,3.304,3.310,0.478,2.082,1,0,0.045,1.176,,519,13,509
"BaselineSweep",500,3,161,4.515,4.507,0.000,1.675,1,0,0.044,2.796,200704,519,13,511
"BaselineSweep",500,3,162,4.603,4.573,0.502,1.925,1,0,0.046,2.633,,501,13,498
"BaselineSweep",500,3,163,4.204,4.235,0.000,2.501,1,0,0.049,1.654,,520,13,515
"BaselineSweep",500,3,164,2.848,2.854,0.512,1.585,1,0,0.088,1.175,163840,512,13,512
"BaselineSweep",500,3,165,3.208,3.205,0.483,1.955,1,0,0.041,1.212,,519,13,511
"BaselineSweep",500,3,166,4.027,4.015,0.484,1.660,1,0,0.042,2.324,200704,517,13,503
"BaselineSweep",500,3,167,3.054,3.062,0.532,1.776,1,0,0.041,1.237,,515,13,503
"BaselineSweep",500,3,168,4.397,4.380,0.000,1.871,1,0,0.047,2.479,,513,13,497
"BaselineSweep",500,3,169,2.647,2.665,0.439,1.478,1,0,0.039,1.129,159744,493,13,484
"BaselineSweep",500,3,170,4.426,4.394,0.000,1.705,1,0,0.039,2.682,,514,13,514
"BaselineSweep",500,3,171,3.185,3.208,0.523,1.537,1,0,0.043,1.606,,504,13,495
"BaselineSweep",500,3,172,3.834,3.832,0.000,1.544,1,0,0.044,2.247,131072,515,13,514
"BaselineSweep",500,3,173,2.901,2.907,0.486,1.713,1,0,0.045,1.143,,508,13,493
"BaselineSweep",500,3,174,4.634,4.588,0.000,1.507,1,0,0.038,3.089,147456,520,13,507
"BaselineSweep",500,3,175,3.777,3.819,0.518,2.525,1,0,0.045,1.207,,510,13,492
"BaselineSweep",500,3,176,4.344,4.333,0.000,1.627,1,0,0.042,2.676,,520,13,518
"BaselineSweep",500,3,177,4.218,4.226,0.522,2.465,1,0,0.062,1.691,122880,377,13,502
"BaselineSweep",500,3,178,3.763,3.757,0.000,2.470,1,0,0.085,1.208,,512,13,491
"BaselineSweep",500,3,179,4.432,4.433,0.505,1.479,1,0,0.036,2.917,143360,516,13,509
"BaselineSweep",500,3,180,3.048,3.055,0.526,1.783,1,0,0.048,1.216,,508,13,503
"BaselineSweep",500,3,181,4.674,4.660,0.000,1.621,1,0,0.042,3.011,,514,13,508
"BaselineSweep",500,3,182,2.100,2.114,0.485,1.556,1,0,0.044,0.501,65536,513,13,502
"BaselineSweep",500,3,183,2.963,2.959,0.000,1.543,1,0,0.045,1.376,,516,13,506
"BaselineSweep",500,3,184,2.716,2.710,0.564,1.528,1,0,0.045,1.143,122880,521,13,515
"BaselineSweep",500,3,185,3.157,3.160,0.523,1.894,1,0,0.041,1.222,,511,13,500
"BaselineSweep",500,3,186,2.840,2.840,0.537,1.675,1,0,0.043,1.122,151552,520,13,515
"BaselineSweep",500,3,187,2.374,2.377,0.486,1.906,1,0,0.043,0.425,,514,13,503
"BaselineSweep",500,3,188,3.204,3.196,0.489,1.729,1,0,0.040,1.435,,281,12,279
"BaselineSweep",500,3,189,2.230,2.231,0.458,1.500,1,0,0.039,0.690,57344,749,14,736
"BaselineSweep",500,3,190,2.686,2.683,0.469,1.519,1,0,0.040,1.126,,396,13,388
"BaselineSweep",500,3,191,1.991,1.994,0.000,1.491,1,0,0.042,0.459,65536,622,13,621
"BaselineSweep",500,3,192,3.085,3.074,0.467,1.509,1,0,0.041,1.535,,304,13,304
"BaselineSweep",500,3,193,2.670,2.684,0.458,1.487,1,0,0.040,1.142,106496,727,13,723
"BaselineSweep",500,3,194,3.328,3.322,0.512,2.082,1,0,0.042,1.204,,517,13,509
"BaselineSweep",500,3,195,2.750,2.750,0.515,1.485,1,0,0.038,1.228,225280,516,13,500
"BaselineSweep",500,3,196,3.067,3.068,0.687,1.847,1,0,0.044,1.176,,520,13,511
"BaselineSweep",500,3,197,2.966,2.965,0.496,1.764,1,0,0.041,1.161,,513,13,500
"BaselineSweep",500,3,198,1.958,1.962,0.517,1.486,1,0,0.038,0.433,135168,518,13,504
"BaselineSweep",500,3,199,3.229,3.215,0.452,1.960,1,0,0.044,1.225,,439,13,437
"BaselineSweep",500,3,200,2.814,2.825,0.457,1.598,1,0,0.040,1.176,192512,599,13,584
"BaselineSweep",500,3,201,3.257,3.248,0.454,1.797,1,0,0.042,1.418,,518,13,517
"BaselineSweep",500,3,202,3.077,3.080,0.462,1.493,1,0,0.042,1.542,,519,13,497
"BaselineSweep",500,3,203,2.651,2.655,0.658,1.508,1,0,0.041,1.101,139264,518,13,512
"BaselineSweep",500,3,204,3.100,3.094,0.443,1.719,1,0,0.041,1.340,,515,13,509
"BaselineSweep",500,3,205,2.034,2.039,0.504,1.510,1,0,0.043,0.481,139264,516,13,515
"BaselineSweep",500,3,206,3.022,3.007,0.497,1.832,1,0,0.038,1.152,,279,13,274
"BaselineSweep",500,3,207,2.946,2.952,0.589,1.484,1,0,0.041,1.421,,751,13,746
"BaselineSweep",500,3,208,2.092,2.098,0.470,1.532,1,0,0.049,0.512,65536,516,13,501
"BaselineSweep",500,3,209,2.765,2.757,0.000,1.751,1,0,0.041,0.973,,418,13,411
"BaselineSweep",500,3,210,2.694,2.699,0.474,1.513,1,0,0.042,1.140,122880,613,13,604
"BaselineSweep",500,3,211,2.538,2.534,0.464,1.925,1,0,0.044,0.569,,517,13,514
"BaselineSweep",500,3,212,2.757,2.760,0.503,1.590,1,0,0.040,1.128,147456,510,13,500
"BaselineSweep",500,3,213,3.075,3.060,0.492,1.872,1,0,0.044,1.160,,517,13,499
"BaselineSweep",500,3,214,2.219,2.227,0.507,1.502,1,0,0.039,0.679,110592,521,12,508
"BaselineSweep",500,3,215,3.274,3.277,0.465,1.949,1,0,0.042,1.283,,519,13,512
"BaselineSweep",500,3,216,2.864,2.860,0.611,1.517,1,0,0.040,1.306,,519,13,509
"BaselineSweep",500,3,217,2.867,2.870,0.542,1.602,1,0,0.039,1.227,94208,496,13,487
"BaselineSweep",500,3,218,2.299,2.298,0.000,1.797,1,0,0.041,0.461,,519,13,505
"BaselineSweep",500,3,219,2.698,2.700,0.490,1.535,1,0,0.039,1.125,122880,518,13,507
"BaselineSweep",500,3,220,2.524,2.520,0.480,1.945,1,0,0.043,0.535,,518,13,505
"BaselineSweep",500,3,221,2.836,2.823,0.470,1.499,1,0,0.037,1.300,135168,499,13,496
"BaselineSweep",500,3,222,3.092,3.103,0.470,1.837,1,0,0.041,1.213,,530,13,526
"BaselineSweep",500,3,223,3.091,3.085,0.569,1.494,1,0,0.038,1.560,,520,13,520
"BaselineSweep",500,3,224,2.281,2.287,0.520,1.631,1,0,0.042,0.607,36864,506,13,510
"BaselineSweep",500,3,225,2.350,2.349,0.000,1.551,1,0,0.040,0.759,,365,13,363
"BaselineSweep",500,3,226,2.635,2.638,0.473,1.503,1,0,0.039,1.093,81920,662,13,662
"BaselineSweep",500,3,227,3.198,3.193,0.410,1.863,1,0,0.056,1.279,,517,13,511
"BaselineSweep",500,3,228,1.971,1.964,0.430,1.488,1,0,0.043,0.440,53248,517,13,505
"BaselineSweep",500,3,229,2.568,2.577,0.422,2.025,1,0,0.040,0.503,,417,13,412
"BaselineSweep",500,3,230,1.991,1.994,0.422,1.557,1,0,0.040,0.395,167936,516,13,511
"BaselineSweep",500,3,231,2.933,2.927,0.419,1.757,1,0,0.039,1.137,,613,13,607
"BaselineSweep",500,3,232,2.666,2.669,0.518,1.577,1,0,0.039,1.050,217088,519,13,503
"BaselineSweep",500,3,233,5.228,5.216,0.529,3.180,1,0,0.072,1.976,,515,13,508
"BaselineSweep",500,3,234,4.133,4.128,0.471,2.538,1,0,0.063,1.533,,518,13,517
"BaselineSweep",500,3,235,2.001,2.011,0.471,1.491,1,0,0.039,0.471,106496,514,13,498
"BaselineSweep",500,3,236,2.933,2.935,0.463,1.748,1,0,0.040,1.145,,515,13,496
"BaselineSweep",500,3,237,2.185,2.184,0.464,1.575,1,0,0.038,0.572,126976,509,13,496
"BaselineSweep",500,3,238,3.056,3.054,0.851,1.822,1,0,0.040,1.195,,500,13,494
"BaselineSweep",500,3,239,2.732,2.730,0.492,1.562,1,0,0.041,1.129,184320,523,13,517
"BaselineSweep",500,3,240,2.983,2.978,0.470,1.770,1,0,0.039,1.174,,518,13,512
"BaselineSweep",500,3,241,3.155,3.159,0.429,1.823,1,0,0.055,1.278,,516,13,506
"BaselineSweep",500,3,242,4.859,4.819,0.422,1.484,1,0,0.039,3.336,126976,516,13,507
"BaselineSweep",500,3,243,3.093,3.134,0.604,1.822,1,0,0.042,1.229,,515,13,509
"BaselineSweep",500,3,244,5.178,5.171,0.000,1.514,1,0,0.039,3.626,163840,521,13,521
"BaselineSweep",500,3,245,2.962,2.965,0.505,1.722,1,0,0.043,1.196,,510,13,499
"BaselineSweep",500,3,246,4.653,4.626,0.000,1.829,1,0,0.041,2.783,,515,13,505
"BaselineSweep",500,3,247,2.816,2.833,0.495,1.487,1,0,0.040,1.289,102400,503,13,497
"BaselineSweep",500,3,248,4.492,4.474,0.000,1.818,1,0,0.040,2.634,,519,13,516
"BaselineSweep",500,3,249,2.171,2.198,0.498,1.518,1,0,0.043,0.610,110592,505,13,501
"BaselineSweep",500,3,250,4.322,4.294,0.000,1.882,1,0,0.041,2.399,,515,13,509
"BaselineSweep",500,3,251,2.653,2.679,0.483,1.497,1,0,0.039,1.116,147456,513,13,511
"BaselineSweep",500,3,252,3.214,3.209,0.000,1.883,1,0,0.040,1.292,,518,13,509
"BaselineSweep",500,3,253,2.071,2.064,0.576,1.504,1,0,0.041,0.527,114688,519,13,518
"BaselineSweep",500,3,254,2.959,2.968,0.527,1.813,1,0,0.040,1.106,,519,13,511
"BaselineSweep",500,3,255,4.489,4.457,0.557,1.495,1,0,0.037,2.957,,518,13,512
"BaselineSweep",500,3,256,2.763,2.793,0.545,1.507,1,0,0.040,1.216,90112,518,13,512
"BaselineSweep",500,3,257,3.006,3.002,0.000,1.748,1,0,0.040,1.218,,518,13,510
"BaselineSweep",500,3,258,2.069,2.072,0.517,1.581,1,0,0.040,0.448,69632,516,13,507
"BaselineSweep",500,3,259,3.130,3.118,0.504,1.935,1,0,0.041,1.155,,517,13,511
"BaselineSweep",500,3,260,4.347,4.329,0.603,1.529,1,0,0.037,2.781,94208,521,13,516
"BaselineSweep",500,3,261,3.077,3.101,0.554,1.818,1,0,0.041,1.218,,512,13,506
"BaselineSweep",500,3,262,2.047,2.045,0.000,1.492,1,0,0.042,0.513,94208,517,13,511
"BaselineSweep",500,3,263,2.333,2.334,0.476,1.821,1,0,0.040,0.472,,517,13,513
"BaselineSweep",500,3,264,4.389,4.359,0.431,1.538,1,0,0.041,2.810,122880,519,13,508
"BaselineSweep",500,3,265,2.674,2.702,0.540,1.982,1,0,0.043,0.648,,513,13,509
"BaselineSweep",500,3,266,4.196,4.153,0.000,1.532,1,0,0.041,2.623,,509,13,509
"BaselineSweep",500,3,267,2.807,2.846,0.498,1.500,1,0,0.040,1.267,172032,517,13,510
"BaselineSweep",500,3,268,5.573,5.550,0.000,1.828,1,0,0.042,3.703,,516,13,514
"BaselineSweep",500,3,269,2.812,2.833,0.501,1.489,1,0,0.041,1.283,184320,507,13,505
"BaselineSweep",500,3,270,4.508,4.498,0.000,1.891,1,0,0.040,2.577,,515,13,499
"BaselineSweep",500,3,271,2.686,2.687,0.497,1.488,1,0,0.044,1.154,212992,506,13,495
"BaselineSweep",500,3,272,4.755,4.721,0.000,1.817,1,0,0.040,2.898,,515,13,505
"BaselineSweep",500,3,273,2.974,3.014,0.531,1.779,1,0,0.051,1.144,,508,13,502
"BaselineSweep",500,3,274,5.160,5.134,0.000,1.496,1,0,0.039,3.625,147456,519,13,508
"BaselineSweep",500,3,275,3.033,3.055,0.480,1.815,1,0,0.041,1.177,,518,13,504
"BaselineSweep",500,3,276,2.065,2.057,0.000,1.492,1,0,0.044,0.529,151552,516,13,502
"BaselineSweep",500,3,277,2.617,2.614,1.171,1.911,1,0,0.045,0.662,,520,13,508
"BaselineSweep",500,3,278,2.781,2.790,0.497,1.568,1,0,0.039,1.175,200704,521,13,513
"BaselineSweep",500,3,279,2.377,2.378,0.502,1.842,1,0,0.042,0.494,,520,13,515
"BaselineSweep",500,3,280,4.211,4.201,0.534,1.503,1,0,0.041,2.666,,520,13,514
"BaselineSweep",500,3,281,2.660,2.664,0.487,1.494,1,0,0.039,1.128,110592,503,13,494
"BaselineSweep",500,3,282,3.121,3.120,0.000,1.833,1,0,0.046,1.242,,518,13,509
"BaselineSweep",500,3,283,2.692,2.685,0.517,1.528,1,0,0.039,1.125,118784,520,13,511
"BaselineSweep",500,3,284,4.397,4.396,0.669,1.821,1,0,0.039,2.537,,515,13,508
"BaselineSweep",500,3,285,2.018,2.027,0.509,1.506,1,0,0.042,0.471,110592,518,13,503
"BaselineSweep",500,3,286,4.303,4.290,0.000,1.855,1,0,0.040,2.408,,518,13,512
"BaselineSweep",500,3,287,2.167,2.172,0.443,1.488,1,0,0.044,0.635,110592,507,13,502
"BaselineSweep",500,3,288,4.296,4.290,0.000,2.011,1,0,0.040,2.246,,516,13,514
"BaselineSweep",500,3,289,1.998,2.007,0.521,1.530,1,0,0.042,0.426,114688,512,13,505
"BaselineSweep",500,3,290,4.084,4.068,0.000,1.801,1,0,0.040,2.243,,519,13,510
"BaselineSweep",500,3,291,2.126,2.141,0.493,1.570,1,0,0.042,0.514,131072,510,13,498
"BaselineSweep",500,3,292,4.416,4.394,0.000,1.805,1,0,0.039,2.572,,513,13,496
"BaselineSweep",500,3,293,2.307,2.323,0.450,1.495,1,0,0.041,0.772,,520,12,510
"BaselineSweep",500,3,294,2.020,2.023,0.000,1.499,1,0,0.039,0.482,36864,514,13,512
"BaselineSweep",500,3,295,3.046,3.036,0.530,1.562,1,0,0.038,1.447,,518,13,511
"BaselineSweep",500,3,296,2.900,2.896,0.508,1.501,1,0,0.041,1.358,86016,520,13,516
"BaselineSweep",500,3,297,3.093,3.101,0.486,1.872,1,0,0.044,1.178,,517,13,509
"BaselineSweep",500,3,298,2.764,2.765,0.565,1.529,1,0,0.039,1.197,81920,519,13,516
"BaselineSweep",500,3,299,3.141,3.135,0.493,1.872,1,0,0.041,1.228,,517,13,510
"BaselineSweep",2000,3,0,29.372,29.365,1.173,26.469,1,0,0.234,2.669,,1974,28,1899
"BaselineSweep",2000,3,1,30.102,30.111,1.137,28.150,1,0,0.187,1.765,,1969,28,1924
"BaselineSweep",2000,3,2,30.257,30.262,1.160,27.840,1,0,0.245,2.172,,1979,28,1913
"BaselineSweep",2000,3,3,29.823,29.789,1.152,26.314,1,0,0.234,3.275,,2002,28,1929
"BaselineSweep",2000,3,4,29.995,30.027,1.199,28.045,1,0,0.199,1.750,,1972,28,1907
"BaselineSweep",2000,3,5,32.870,32.860,1.226,30.836,1,0,0.235,1.799,,1981,28,1939
"BaselineSweep",2000,3,6,28.219,28.221,1.287,24.692,1,0,0.188,3.339,,1958,28,1910
"BaselineSweep",2000,3,7,29.583,29.588,1.551,27.466,1,0,0.240,1.878,,2001,28,1897
"BaselineSweep",2000,3,8,29.988,29.987,1.161,27.988,1,0,0.195,1.805,,1988,28,1923
"BaselineSweep",2000,3,9,29.423,29.426,1.473,27.181,1,0,0.235,2.008,,1890,28,1929
"BaselineSweep",2000,3,10,26.541,26.533,1.162,25.347,1,0,0.184,1.010,,1979,28,1949
"BaselineSweep",2000,3,11,30.904,30.911,1.531,29.135,1,0,0.182,1.587,,1990,28,1937
"BaselineSweep",2000,3,12,30.576,30.575,1.189,28.587,1,0,0.225,1.764,,1994,28,1926
"BaselineSweep",2000,3,13,28.763,28.753,1.203,25.617,1,0,0.203,2.943,,1982,28,1899
"BaselineSweep",2000,3,14,27.081,27.063,1.384,23.771,1,0,0.179,3.131,,1994,27,1931
"BaselineSweep",2000,3,15,34.396,34.388,1.164,30.986,1,0,0.216,3.194,,1939,28,1933
"BaselineSweep",2000,3,16,29.171,29.191,1.494,27.082,1,0,0.217,1.872,,1980,28,1884
"BaselineSweep",2000,3,17,28.935,28.933,1.202,27.487,1,0,0.233,1.215,,1990,28,1956
"BaselineSweep",2000,3,18,27.586,27.569,1.471,25.573,1,0,0.190,1.823,,1982,28,1945
"BaselineSweep",2000,3,19,27.432,27.446,1.480,25.004,1,0,0.228,2.201,,2001,28,1943
"BaselineSweep",2000,3,20,28.476,28.463,1.200,25.060,1,0,0.239,3.177,,1996,28,1952
"BaselineSweep",2000,3,21,27.022,27.033,1.582,24.945,1,0,0.225,1.853,,2001,28,1945
"BaselineSweep",2000,3,22,28.431,28.433,1.187,26.407,1,0,0.256,1.769,,1974,28,1918
"BaselineSweep",2000,3,23,28.607,28.585,1.569,26.276,1,0,0.198,2.132,,1977,28,1912
"BaselineSweep",2000,3,24,28.395,28.411,1.147,26.269,1,0,0.228,1.898,,1987,28,1937
"BaselineSweep",2000,3,25,36.260,36.236,1.321,32.784,1,0,0.292,3.184,,1971,28,1900
"BaselineSweep",2000,3,26,28.799,28.831,1.147,26.663,1,0,0.233,1.903,,2008,27,1936
"BaselineSweep",2000,3,27,30.282,30.269,1.202,26.534,1,0,0.183,3.565,,1966,28,1900
"BaselineSweep",2000,3,28,27.874,27.861,1.204,24.506,1,0,0.186,3.182,,1975,28,1936
"BaselineSweep",2000,3,29,30.208,30.205,1.191,27.756,1,0,0.262,2.190,,1977,27,1896
"BaselineSweep",2000,3,30,27.089,27.092,1.142,25.067,1,0,0.226,1.797,,1996,28,1893
"BaselineSweep",2000,3,31,31.276,31.278,1.211,29.884,1,0,0.169,1.223,,2001,28,1940
"BaselineSweep",2000,3,32,28.425,28.440,1.160,26.349,1,0,0.224,1.852,,2002,28,1935
"BaselineSweep",2000,3,33,27.320,27.318,1.168,25.214,1,0,0.222,1.884,,1946,28,1939
"BaselineSweep",2000,3,34,26.770,26.770,1.344,24.636,1,0,0.190,1.945,,1994,28,1946
"BaselineSweep",2000,3,35,33.372,33.373,1.227,31.241,1,0,0.202,1.929,,1984,28,1921
"BaselineSweep",2000,3,36,25.350,25.348,1.315,24.058,1,0,0.187,1.105,,1988,28,1928
"BaselineSweep",2000,3,37,29.001,28.984,1.213,27.324,1,0,0.214,1.463,,1997,28,1924
"BaselineSweep",2000,3,38,30.644,30.639,1.194,27.107,1,0,0.214,3.323,,1999,28,1932
"BaselineSweep",2000,3,39,29.336,29.355,1.443,27.160,1,0,0.190,1.986,,1995,28,1935
"BaselineSweep",2000,3,40,29.475,29.438,1.373,25.670,1,0,0.217,3.588,,1993,28,1935
"BaselineSweep",2000,3,41,30.711,30.741,1.379,27.233,1,0,0.242,3.235,,1983,28,1901
"BaselineSweep",2000,3,42,27.285,27.277,1.442,25.907,1,0,0.232,1.145,,1980,28,1926
"BaselineSweep",2000,3,43,29.460,29.454,1.616,26.776,1,0,0.243,2.440,,1993,28,1929
"BaselineSweep",2000,3,44,27.279,27.297,1.377,25.757,1,0,0.221,1.302,,1962,28,1924
"BaselineSweep",2000,3,45,28.596,28.591,1.144,26.668,1,0,0.194,1.734,,1994,28,1895
"BaselineSweep",2000,3,46,26.113,26.115,1.139,24.196,1,0,0.185,1.732,,1995,28,1938
"BaselineSweep",2000,3,47,33.960,33.949,1.455,30.759,1,0,0.187,3.014,,1998,28,1940
"BaselineSweep",2000,3,48,29.044,29.045,1.149,26.587,1,0,0.252,2.205,,1993,28,1890
"BaselineSweep",2000,3,49,28.260,28.260,1.157,25.584,1,0,0.206,2.470,,1994,28,1923
"BaselineSweep",2000,3,50,28.050,28.049,1.350,24.810,1,0,0.236,3.004,,2001,28,1952
"BaselineSweep",2000,3,51,27.427,27.435,1.175,25.143,1,0,0.229,2.055,,2012,26,1943
"BaselineSweep",2000,3,52,29.555,29.501,1.206,26.051,1,0,0.224,3.280,,1989,28,1955
"BaselineSweep",2000,3,53,28.340,28.376,1.213,25.420,1,0,0.261,2.659,,2006,28,1948
"BaselineSweep",2000,3,54,31.025,31.027,1.162,28.789,1,0,0.215,2.021,,2010,28,1919
"BaselineSweep",2000,3,55,29.099,29.106,1.375,27.270,1,0,0.187,1.642,,1991,28,1925
"BaselineSweep",2000,3,56,28.972,28.967,1.155,26.128,1,0,0.179,2.665,,1976,28,1929
"BaselineSweep",2000,3,57,27.657,27.656,1.172,25.046,1,0,0.221,2.390,,1993,28,1919
"BaselineSweep",2000,3,58,28.870,28.858,1.381,26.648,1,0,0.266,1.955,,1996,28,1923
"BaselineSweep",2000,3,59,26.634,26.639,1.155,24.521,1,0,0.220,1.893,,1982,28,1914
"BaselineSweep",2000,3,60,28.096,28.113,1.159,26.220,1,0,0.198,1.679,,1975,28,1935
"BaselineSweep",2000,3,61,28.564,28.560,1.177,26.531,1,0,0.220,1.814,,1990,28,1948
"BaselineSweep",2000,3,62,31.492,31.475,1.155,29.302,1,0,0.239,1.951,,1991,28,1929
"BaselineSweep",2000,3,63,33.579,33.589,1.160,31.439,1,0,0.220,1.920,,1987,28,1935
"BaselineSweep",2000,3,64,29.771,29.762,1.320,26.277,1,0,0.195,3.298,,1992,28,1936
"BaselineSweep",2000,3,65,26.666,26.661,1.155,24.474,1,0,0.229,1.964,,2005,28,1951
"BaselineSweep",2000,3,66,31.472,31.474,1.325,29.362,1,0,0.230,1.880,,1976,28,1893
"BaselineSweep",2000,3,67,29.816,29.810,1.208,27.436,1,0,0.190,2.191,,1970,28,1921
"BaselineSweep",2000,3,68,28.158,28.159,1.129,25.779,1,0,0.232,2.147,,2001,28,1924
"BaselineSweep",2000,3,69,27.957,27.946,1.217,26.158,1,0,0.233,1.566,,1998,28,1943
"BaselineSweep",2000,3,70,31.041,31.048,1.332,28.191,1,0,0.215,2.635,,2006,28,1948
"BaselineSweep",2000,3,71,31.142,31.123,1.261,27.425,1,0,0.172,3.546,,1992,28,1943
"BaselineSweep",2000,3,72,27.332,27.358,1.334,25.052,1,0,0.280,2.001,,1993,28,1904
"BaselineSweep",2000,3,73,34.250,34.194,1.196,30.774,1,0,0.187,3.288,,2004,28,1963
"BaselineSweep",2000,3,74,32.198,32.236,1.213,29.990,1,0,0.236,1.973,,2014,28,1962
"BaselineSweep",2000,3,75,29.858,29.846,1.153,26.347,1,0,0.197,3.314,,1996,27,1935
"BaselineSweep",2000,3,76,32.582,32.604,1.200,30.613,1,0,0.206,1.764,,2007,28,1935
"BaselineSweep",2000,3,77,29.693,29.678,1.297,25.983,1,0,0.370,3.340,,1997,28,1907
"BaselineSweep",2000,3,78,28.647,28.653,1.198,25.029,1,0,0.188,3.430,,1980,28,1914
"BaselineSweep",2000,3,79,28.058,28.053,1.326,25.948,1,0,0.222,1.889,,2005,28,1926
"BaselineSweep",2000,3,80,26.917,26.922,1.192,25.027,1,0,0.189,1.700,,1987,28,1926
"BaselineSweep",2000,3,81,32.091,32.071,1.211,29.320,1,0,0.218,2.553,,1996,28,1934
"BaselineSweep",2000,3,82,28.402,28.398,1.298,26.788,1,0,0.186,1.428,,1973,28,1906
"BaselineSweep",2000,3,83,28.422,28.425,1.485,25.934,1,0,0.271,2.217,,2004,28,1910
"BaselineSweep",2000,3,84,27.987,27.988,1.484,24.592,1,0,0.224,3.172,,1999,28,1936
"BaselineSweep",2000,3,85,27.374,27.395,1.639,25.283,1,0,0.230,1.861,,1988,28,1894
"BaselineSweep",2000,3,86,29.177,29.150,1.159,25.815,1,0,0.217,3.145,,1988,28,1933
"BaselineSweep",2000,3,87,30.001,30.012,1.146,26.605,1,0,0.400,2.997,,1998,27,1935
"BaselineSweep",2000,3,88,29.996,30.006,1.418,27.611,1,0,0.224,2.162,,1997,28,1923
"BaselineSweep",2000,3,89,33.774,33.769,1.200,31.760,1,0,0.200,1.814,,1974,28,1957
"BaselineSweep",2000,3,90,27.921,27.922,1.361,25.706,1,0,0.246,1.969,,2002,28,1952
"BaselineSweep",2000,3,91,34.298,34.285,1.216,31.587,1,0,0.229,2.483,,1996,28,1937
"BaselineSweep",2000,3,92,29.576,29.590,1.201,25.995,1,0,0.247,3.334,,1986,28,1914
"BaselineSweep",2000,3,93,28.666,28.640,1.229,25.252,1,0,0.218,3.197,,1980,28,1903
"BaselineSweep",2000,3,94,28.447,28.456,1.176,24.748,1,0,0.233,3.466,,1990,28,1932
"BaselineSweep",2000,3,95,30.946,30.946,1.187,27.634,1,0,0.185,3.127,,1995,28,1933
"BaselineSweep",2000,3,96,28.398,28.386,1.154,25.164,1,0,0.188,3.046,,1999,28,1913
"BaselineSweep",2000,3,97,28.491,28.519,1.171,26.646,1,0,0.192,1.654,,1923,28,1929
"BaselineSweep",2000,3,98,27.899,27.895,1.188,25.843,1,0,0.241,1.815,,1996,28,1935
"BaselineSweep",2000,3,99,27.156,27.152,1.220,25.021,1,0,0.204,1.932,,1994,28,1941
"BaselineSweep",2000,3,100,38.916,38.913,1.316,36.818,1,0,0.184,1.913,,1988,28,1936
"BaselineSweep",2000,3,101,30.344,30.323,1.263,27.119,1,0,0.181,3.044,,2002,28,1935
"BaselineSweep",2000,3,102,28.458,28.462,1.141,26.469,1,0,0.179,1.810,,2014,28,1935
"BaselineSweep",2000,3,103,28.297,28.303,1.187,25.378,1,0,0.172,2.747,,2008,28,1933
"BaselineSweep",2000,3,104,28.918,28.910,1.019,25.700,1,0,0.262,2.955,,2002,28,1956
"BaselineSweep",2000,3,105,28.795,28.784,1.130,25.523,1,0,0.181,3.092,,1985,28,1911
"BaselineSweep",2000,3,106,29.906,29.909,1.005,27.422,1,0,0.225,2.259,,1975,28,1898
"BaselineSweep",2000,3,107,29.068,29.093,1.002,27.048,1,0,0.187,1.832,,1984,28,1942
"BaselineSweep",2000,3,108,28.547,28.528,1.006,26.418,1,0,0.243,1.886,,1985,28,1936
"BaselineSweep",2000,3,109,26.935,26.946,1.014,24.834,1,0,0.258,1.843,,1984,28,1929
"BaselineSweep",2000,3,110,29.050,29.023,1.021,25.605,1,0,0.197,3.249,,1987,28,1885
"BaselineSweep",2000,3,111,31.693,31.711,1.019,26.812,1,0,0.249,4.631,,2009,28,1911
"BaselineSweep",2000,3,112,27.222,27.212,0.994,24.195,1,0,0.238,2.789,,2001,28,1949
"BaselineSweep",2000,3,113,30.558,30.546,0.000,27.485,1,0,0.200,2.873,,1989,28,1926
"BaselineSweep",2000,3,114,35.491,35.493,1.113,31.193,1,0,0.324,3.974,,2001,28,1934
"BaselineSweep",2000,3,115,26.859,26.870,1.014,25.076,1,0,0.165,1.617,,1994,28,1938
"BaselineSweep",2000,3,116,31.271,31.243,1.134,27.941,1,0,0.210,3.120,,1979,28,1924
"BaselineSweep",2000,3,117,30.002,29.980,1.007,26.797,1,0,0.206,3.000,,2009,28,1927
"BaselineSweep",2000,3,118,32.015,32.056,1.024,29.831,1,0,0.224,1.961,,2003,28,1918
"BaselineSweep",2000,3,119,29.754,29.743,1.120,26.322,1,0,0.224,3.209,,1998,28,1915
"BaselineSweep",2000,3,120,27.653,27.670,1.007,25.203,1,0,0.196,2.254,,1987,27,1936
"BaselineSweep",2000,3,121,28.467,28.476,1.011,26.297,1,0,0.240,1.930,,2000,28,1966
"BaselineSweep",2000,3,122,28.646,28.637,1.133,26.338,1,0,0.212,2.096,,1999,28,1971
"BaselineSweep",2000,3,123,29.090,29.092,1.035,27.052,1,0,0.267,1.771,,1940,28,1949
"BaselineSweep",2000,3,124,28.701,28.649,1.009,24.080,1,0,0.191,4.431,,1980,28,1914
"BaselineSweep",2000,3,125,28.995,29.035,1.016,26.574,1,0,0.235,2.185,,1996,28,1938
"BaselineSweep",2000,3,126,29.144,29.151,0.995,27.178,1,0,0.194,1.772,,1983,28,1921
"BaselineSweep",2000,3,127,29.959,29.963,1.144,28.095,1,0,0.194,1.670,,1997,28,1947
"BaselineSweep",2000,3,128,27.353,27.334,1.129,24.646,1,0,0.220,2.487,,1980,27,1935
"BaselineSweep",2000,3,129,29.117,29.127,1.137,25.662,1,0,0.246,3.210,,1973,28,1925
"BaselineSweep",2000,3,130,33.025,33.012,1.012,30.761,1,0,0.237,2.027,,2012,28,1958
"BaselineSweep",2000,3,131,31.158,31.144,1.154,27.509,1,0,0.182,3.468,,1980,27,1967
"BaselineSweep",2000,3,132,29.439,29.447,1.007,25.726,1,0,0.228,3.485,,1980,28,1942
"BaselineSweep",2000,3,133,29.762,29.771,1.028,26.155,1,0,0.244,3.364,,1990,28,1904
"BaselineSweep",2000,3,134,29.574,29.575,1.019,26.590,1,0,0.196,2.789,,1997,28,1898
"BaselineSweep",2000,3,135,28.096,28.101,1.134,25.307,1,0,0.246,2.543,,1990,28,1903
"BaselineSweep",2000,3,136,28.661,28.654,1.144,26.086,1,0,0.232,2.344,,1986,28,1949
"BaselineSweep",2000,3,137,26.865,26.874,1.000,24.913,1,0,0.199,1.754,,1966,28,1907
"BaselineSweep",2000,3,138,28.997,28.991,0.996,27.067,1,0,0.177,1.753,,1996,28,1912
"BaselineSweep",2000,3,139,29.437,29.439,1.152,27.411,1,0,0.200,1.826,,1981,28,1895
"BaselineSweep",2000,3,140,30.685,30.680,1.152,28.530,1,0,0.234,1.920,,1961,28,1898
"BaselineSweep",2000,3,141,29.362,29.365,0.995,27.084,1,0,0.247,2.030,,1979,28,1937
"BaselineSweep",2000,3,142,29.151,29.132,1.018,25.774,1,0,0.216,3.162,,1970,28,1912
"BaselineSweep",2000,3,143,31.742,31.751,1.225,29.000,1,0,0.279,2.464,,2014,28,1946
"BaselineSweep",2000,3,144,31.904,31.915,1.156,28.378,1,0,0.245,3.281,,2013,28,1947
"BaselineSweep",2000,3,145,30.082,30.066,1.015,26.717,1,0,0.203,3.161,,1994,28,1941
"BaselineSweep",2000,3,146,31.742,31.744,1.019,28.099,1,0,0.232,3.411,,1995,28,1953
"BaselineSweep",2000,3,147,29.843,29.839,1.462,27.505,1,0,0.208,2.130,,1995,28,1947
"BaselineSweep",2000,3,148,28.396,28.401,1.043,25.723,1,0,0.238,2.435,,1996,27,1950
"BaselineSweep",2000,3,149,28.032,28.038,1.491,26.188,1,0,0.177,1.667,,1974,28,1921
"BaselineSweep",2000,3,150,28.195,28.180,1.152,26.027,1,0,0.223,1.945,,1990,28,1938
"BaselineSweep",2000,3,151,28.551,28.550,1.009,26.361,1,0,0.244,1.946,,1975,28,1899
"BaselineSweep",2000,3,152,31.129,31.124,1.032,27.105,1,0,0.238,3.787,,1994,28,1952
"BaselineSweep",2000,3,153,35.265,35.270,1.335,31.501,1,0,0.230,3.534,,1976,28,1930
"BaselineSweep",2000,3,154,28.609,28.600,1.129,25.655,1,0,0.250,2.705,,1991,28,1917
"BaselineSweep",2000,3,155,29.185,29.189,1.115,27.044,1,0,0.238,1.903,,2011,28,1951
"BaselineSweep",2000,3,156,31.571,31.560,0.997,28.113,1,0,0.261,3.198,,1990,28,1930
"BaselineSweep",2000,3,157,30.516,30.533,1.337,27.885,1,0,0.187,2.445,,1986,28,1920
"BaselineSweep",2000,3,158,27.402,27.393,1.120,25.205,1,0,0.246,1.951,,1993,28,1923
"BaselineSweep",2000,3,159,31.482,31.488,1.023,28.523,1,0,0.318,2.641,,1996,28,1943
"BaselineSweep",2000,3,160,31.864,31.876,1.127,29.908,1,0,0.201,1.756,,2000,28,1951
"BaselineSweep",2000,3,161,29.672,29.660,1.137,27.581,1,0,0.226,1.866,,1994,28,1952
"BaselineSweep",2000,3,162,29.955,29.968,1.124,28.040,1,0,0.192,1.723,,1989,28,1930
"BaselineSweep",2000,3,163,31.329,31.326,1.017,28.763,1,0,0.200,2.365,,1992,28,1956
"BaselineSweep",2000,3,164,29.316,29.313,1.158,27.229,1,0,0.234,1.853,,1979,28,1918
"BaselineSweep",2000,3,165,31.002,30.974,1.021,27.891,1,0,0.247,2.865,,1984,28,1938
"BaselineSweep",2000,3,166,29.017,29.024,1.191,25.571,1,0,0.242,3.205,,1986,28,1938
"BaselineSweep",2000,3,167,26.987,27.002,1.350,24.986,1,0,0.197,1.803,,1983,27,1934
"BaselineSweep",2000,3,168,27.973,27.969,1.275,26.029,1,0,0.193,1.751,,1988,28,1906
"BaselineSweep",2000,3,169,28.698,28.674,1.193,25.919,1,0,0.245,2.534,,1984,28,1871
"BaselineSweep",2000,3,170,27.545,27.567,1.355,25.392,1,0,0.193,1.960,,1976,28,1904
"BaselineSweep",2000,3,171,26.525,26.509,1.172,24.360,1,0,0.232,1.932,,1981,28,1912
"BaselineSweep",2000,3,172,30.122,30.116,1.237,27.248,1,0,0.210,2.663,,1980,28,1945
"BaselineSweep",2000,3,173,31.796,31.804,1.259,29.494,1,0,0.271,2.032,,1977,28,1922
"BaselineSweep",2000,3,174,31.722,31.694,1.196,28.764,1,0,0.194,2.764,,1997,28,1924
"BaselineSweep",2000,3,175,33.623,33.646,1.214,31.478,1,0,0.243,1.902,,1978,28,1913
"BaselineSweep",2000,3,176,29.874,29.877,1.192,27.743,1,0,0.234,1.897,,1973,28,1944
"BaselineSweep",2000,3,177,30.586,30.584,1.241,27.059,1,0,0.239,3.288,,1986,28,1935
"BaselineSweep",2000,3,178,30.056,30.057,1.336,26.975,1,0,0.239,2.842,,1990,28,1948
"BaselineSweep",2000,3,179,30.127,30.102,1.337,26.109,1,0,0.255,3.763,,1991,28,1932
"BaselineSweep",2000,3,180,31.046,31.040,1.199,27.101,1,0,0.194,3.752,,1991,28,1935
"BaselineSweep",2000,3,181,30.465,30.472,1.169,26.742,1,0,0.228,3.496,,1988,28,1956
"BaselineSweep",2000,3,182,31.060,31.051,1.331,27.529,1,0,0.234,3.298,,1995,28,1936
"BaselineSweep",2000,3,183,31.781,31.777,1.160,28.617,1,0,0.220,2.943,,1985,28,1942
"BaselineSweep",2000,3,184,30.331,30.355,1.216,26.083,1,0,0.282,3.966,,2008,28,1947
"BaselineSweep",2000,3,185,26.903,26.909,1.201,24.955,1,0,0.211,1.738,,1977,28,1907
"BaselineSweep",2000,3,186,26.954,26.950,1.212,24.805,1,0,0.231,1.918,,2010,28,1937
"BaselineSweep",2000,3,187,33.872,33.869,1.207,31.894,1,0,0.212,1.766,,2001,28,1897
"BaselineSweep",2000,3,188,30.077,30.072,1.209,27.952,1,0,0.236,1.889,,1984,28,1906
"BaselineSweep",2000,3,189,30.698,30.703,1.175,26.863,1,0,0.211,3.624,,1982,28,1929
"BaselineSweep",2000,3,190,28.732,28.727,1.191,25.914,1,0,0.201,2.618,,1983,28,1931
"BaselineSweep",2000,3,191,28.567,28.551,1.196,26.098,1,0,0.250,2.220,,1994,28,1919
"BaselineSweep",2000,3,192,30.346,30.328,1.195,26.359,1,0,0.224,3.763,,1967,28,1918
"BaselineSweep",2000,3,193,29.365,29.391,1.159,27.042,1,0,0.177,2.145,,1981,28,1899
"BaselineSweep",2000,3,194,30.268,30.248,1.349,26.751,1,0,0.247,3.270,,1973,28,1912
"BaselineSweep",2000,3,195,27.735,27.726,1.167,24.490,1,0,0.183,3.063,,2001,28,1944
"BaselineSweep",2000,3,196,29.260,29.274,1.154,27.142,1,0,0.234,1.884,,2014,28,1946
"BaselineSweep",2000,3,197,30.037,30.014,1.362,26.602,1,0,0.203,3.232,,1968,28,1905
"BaselineSweep",2000,3,198,30.037,30.034,1.144,25.364,1,0,0.234,4.439,,1997,28,1928
"BaselineSweep",2000,3,199,26.884,26.902,1.160,24.032,1,0,0.221,2.630,,2005,28,1939
"BaselineSweep",2000,3,200,28.154,28.173,1.155,26.278,1,0,0.177,1.698,,1995,28,1916
"BaselineSweep",2000,3,201,28.774,28.753,1.205,27.141,1,0,0.237,1.396,,1994,28,1970
"BaselineSweep",2000,3,202,26.871,26.886,1.474,25.603,1,0,0.216,1.053,,2000,28,1926
"BaselineSweep",2000,3,203,25.770,25.776,1.216,24.645,1,0,0.176,0.949,,1990,28,1930
"BaselineSweep",2000,3,204,29.418,29.396,1.317,27.839,1,0,0.222,1.357,,1988,28,1926
"BaselineSweep",2000,3,205,27.246,27.272,1.338,25.464,1,0,0.168,1.615,,1992,28,1947
"BaselineSweep",2000,3,206,30.250,30.234,1.311,28.239,1,0,0.217,1.794,,1912,28,1954
"BaselineSweep",2000,3,207,26.813,26.798,1.178,24.640,1,0,0.222,1.951,,1994,28,1928
"BaselineSweep",2000,3,208,27.077,27.079,1.197,24.479,1,0,0.196,2.403,,1988,27,1925
"BaselineSweep",2000,3,209,25.809,25.825,1.351,24.033,1,0,0.170,1.606,,1973,28,1913
"BaselineSweep",2000,3,210,27.477,27.468,1.181,25.418,1,0,0.209,1.850,,1987,28,1918
"BaselineSweep",2000,3,211,25.988,25.996,1.202,24.187,1,0,0.192,1.609,,1985,28,1900
"BaselineSweep",2000,3,212,31.165,31.156,1.173,29.082,1,0,0.225,1.858,,1990,28,1916
"BaselineSweep",2000,3,213,28.946,28.946,1.162,26.918,1,0,0.218,1.810,,1967,28,1928
"BaselineSweep",2000,3,214,28.564,28.536,1.172,25.000,1,0,0.244,3.319,,2006,28,1934
"BaselineSweep",2000,3,215,26.918,26.948,1.473,24.719,1,0,0.183,2.017,,2002,28,1959
"BaselineSweep",2000,3,216,29.990,29.953,1.191,26.291,1,0,0.302,3.398,,1995,28,1947
"BaselineSweep",2000,3,217,30.828,30.854,1.180,27.718,1,0,0.255,2.855,,2011,28,1916
"BaselineSweep",2000,3,218,28.800,28.778,1.320,25.588,1,0,0.184,3.029,,1999,28,1935
"BaselineSweep",2000,3,219,27.872,27.881,1.321,25.443,1,0,0.268,2.162,,1990,28,1927
"BaselineSweep",2000,3,220,28.308,28.315,1.389,26.297,1,0,0.223,1.788,,1993,28,1891
"BaselineSweep",2000,3,221,28.279,28.282,1.199,26.066,1,0,0.216,1.997,,1981,28,1929
"BaselineSweep",2000,3,222,28.518,28.514,1.163,25.086,1,0,0.206,3.226,,1982,28,1912
"BaselineSweep",2000,3,223,28.936,28.951,1.232,26.454,1,0,0.170,2.313,,2004,28,1944
"BaselineSweep",2000,3,224,27.546,27.526,1.176,25.924,1,0,0.227,1.395,,1996,28,1932
"BaselineSweep",2000,3,225,29.891,29.880,1.337,26.571,1,0,0.215,3.105,,1995,28,1936
"BaselineSweep",2000,3,226,33.885,33.898,1.179,31.657,1,0,0.246,1.982,,1982,28,1923
"BaselineSweep",2000,3,227,31.129,31.115,1.233,28.118,1,0,0.231,2.780,,1976,28,1898
"BaselineSweep",2000,3,228,28.298,28.315,1.207,26.106,1,0,0.225,1.967,,2002,28,1928
"BaselineSweep",2000,3,229,26.657,26.641,1.209,25.036,1,0,0.205,1.417,,1976,28,1920
"BaselineSweep",2000,3,230,28.936,28.947,1.413,27.538,1,0,0.222,1.176,,1991,28,1945
"BaselineSweep",2000,3,231,29.900,29.881,1.392,26.929,1,0,0.210,2.762,,1989,28,1955
"BaselineSweep",2000,3,232,27.892,27.896,1.198,25.917,1,0,0.389,1.587,,2009,28,1966
"BaselineSweep",2000,3,233,34.958,34.968,1.268,31.874,1,0,0.343,2.742,,1983,28,1954
"BaselineSweep",2000,3,234,33.385,33.393,1.192,30.165,1,0,0.227,2.994,,2003,28,1936
"BaselineSweep",2000,3,235,29.352,29.336,1.192,26.898,1,0,0.257,2.197,,1982,28,1938
"BaselineSweep",2000,3,236,37.063,37.054,1.193,33.451,1,0,0.230,3.383,,1989,28,1954
"BaselineSweep",2000,3,237,27.977,27.990,1.191,24.511,1,0,0.196,3.270,,1997,28,1952
"BaselineSweep",2000,3,238,32.851,32.836,1.189,29.421,1,0,0.239,3.191,,1995,27,1927
"BaselineSweep",2000,3,239,28.531,28.534,1.192,26.244,1,0,0.245,2.042,,1990,28,1926
"BaselineSweep",2000,3,240,28.008,27.996,1.276,25.418,1,0,0.174,2.417,,1991,28,1946
"BaselineSweep",2000,3,241,29.213,29.237,1.218,26.712,1,0,0.202,2.298,,1993,28,1948
"BaselineSweep",2000,3,242,27.382,27.387,1.535,25.513,1,0,0.201,1.668,,2005,28,1950
"BaselineSweep",2000,3,243,36.889,36.860,1.344,33.513,1,0,0.224,3.153,,1994,28,1948
"BaselineSweep",2000,3,244,29.702,29.692,1.193,26.431,1,0,0.225,3.047,,1992,28,1935
"BaselineSweep",2000,3,245,28.134,28.153,1.186,25.828,1,0,0.221,2.085,,1983,28,1916
"BaselineSweep",2000,3,246,27.501,27.488,1.328,25.200,1,0,0.223,2.079,,1993,28,1944
"BaselineSweep",2000,3,247,26.377,26.405,1.213,24.224,1,0,0.222,1.931,,1996,28,1925
"BaselineSweep",2000,3,248,26.975,26.948,1.183,24.301,1,0,0.187,2.488,,1983,28,1918
"BaselineSweep",2000,3,249,25.812,25.818,1.261,24.389,1,0,0.236,1.188,,2002,28,1933
"BaselineSweep",2000,3,250,31.858,31.871,1.192,27.817,1,0,0.221,3.821,,1991,28,1914
"BaselineSweep",2000,3,251,28.212,28.212,1.168,26.363,1,0,0.188,1.661,,1994,28,1933
"BaselineSweep",2000,3,252,29.382,29.375,1.174,26.972,1,0,0.246,2.165,,1977,27,1903
"BaselineSweep",2000,3,253,31.011,30.995,1.323,28.019,1,0,0.187,2.805,,1998,28,1929
"BaselineSweep",2000,3,254,30.641,30.662,1.189,29.383,1,0,0.174,1.084,,2013,28,1927
"BaselineSweep",2000,3,255,26.781,26.769,1.248,24.478,1,0,0.224,2.079,,1999,28,1917
"BaselineSweep",2000,3,256,31.799,31.779,1.197,29.360,1,0,0.276,2.162,,2007,28,1921
"BaselineSweep",2000,3,257,27.784,27.791,1.263,25.304,1,0,0.224,2.256,,1996,28,1933
"BaselineSweep",2000,3,258,27.912,27.926,1.269,25.210,1,0,0.237,2.465,,1985,28,1909
"BaselineSweep",2000,3,259,28.907,28.909,1.179,27.456,1,0,0.200,1.251,,1991,28,1903
"BaselineSweep",2000,3,260,26.399,26.398,1.197,24.382,1,0,0.179,1.838,,2016,28,1969
"BaselineSweep",2000,3,261,27.249,27.208,1.195,24.332,1,0,0.222,2.696,,2000,28,1920
"BaselineSweep",2000,3,262,30.381,30.422,1.192,26.924,1,0,0.233,3.225,,1987,28,1900
"BaselineSweep",2000,3,263,27.831,27.832,1.171,25.911,1,0,0.165,1.754,,1993,28,1927
"BaselineSweep",2000,3,264,27.943,27.916,1.176,24.992,1,0,0.188,2.764,,2003,27,1936
"BaselineSweep",2000,3,265,30.429,30.439,1.209,28.412,1,0,0.212,1.805,,1998,28,1947
"BaselineSweep",2000,3,266,30.851,30.839,1.197,28.383,1,0,0.289,2.179,,1999,28,1932
"BaselineSweep",2000,3,267,28.541,28.565,1.202,26.743,1,0,0.172,1.626,,1996,28,1916
"BaselineSweep",2000,3,268,26.751,26.737,1.281,24.002,1,0,0.228,2.521,,1984,28,1923
"BaselineSweep",2000,3,269,26.006,26.014,1.198,24.507,1,0,0.194,1.304,,1992,28,1947
"BaselineSweep",2000,3,270,26.870,26.870,1.351,25.736,1,0,0.177,0.956,,1993,28,1941
"BaselineSweep",2000,3,271,25.802,25.796,1.189,24.278,1,0,0.222,1.302,,1977,28,1913
"BaselineSweep",2000,3,272,27.431,27.433,1.205,26.059,1,0,0.235,1.137,,1989,28,1957
"BaselineSweep",2000,3,273,27.564,27.540,1.201,24.734,1,0,0.256,2.574,,1990,27,1921
"BaselineSweep",2000,3,274,26.602,26.617,1.272,24.476,1,0,0.242,1.885,,1975,28,1924
"BaselineSweep",2000,3,275,28.934,28.927,1.347,26.862,1,0,0.224,1.848,,1993,28,1932
"BaselineSweep",2000,3,276,30.178,30.192,1.187,28.275,1,0,0.192,1.712,,1975,28,1923
"BaselineSweep",2000,3,277,29.635,29.601,1.226,25.775,1,0,0.269,3.591,,1972,28,1908
"BaselineSweep",2000,3,278,26.311,26.327,1.200,24.868,1,0,0.231,1.211,,1982,28,1930
"BaselineSweep",2000,3,279,27.840,27.842,1.318,24.816,1,0,0.252,2.772,,1991,28,1933
"BaselineSweep",2000,3,280,28.490,28.496,1.194,25.124,1,0,0.183,3.183,,1985,28,1936
"BaselineSweep",2000,3,281,25.796,25.778,1.199,23.407,1,0,0.225,2.165,,1976,28,1905
"BaselineSweep",2000,3,282,28.048,28.054,1.178,24.723,1,0,0.233,3.092,,1970,28,1917
"BaselineSweep",2000,3,283,28.373,28.379,1.193,25.929,1,0,0.236,2.208,,1997,28,1923
"BaselineSweep",2000,3,284,30.019,30.006,1.259,26.187,1,0,0.204,3.628,,1990,28,1938
"BaselineSweep",2000,3,285,29.066,29.080,1.177,25.330,1,0,0.320,3.417,,2015,28,1902
"BaselineSweep",2000,3,286,28.370,28.375,1.210,26.542,1,0,0.230,1.599,,1999,28,1929
"BaselineSweep",2000,3,287,27.430,27.423,1.184,25.478,1,0,0.228,1.725,,2003,28,1897
"BaselineSweep",2000,3,288,28.711,28.700,1.298,26.369,1,0,0.197,2.146,,1991,28,1907
"BaselineSweep",2000,3,289,33.547,33.538,1.262,30.503,1,0,0.177,2.868,,1997,28,1908
"BaselineSweep",2000,3,290,28.319,28.337,1.188,26.070,1,0,0.241,2.009,,2014,28,1950
"BaselineSweep",2000,3,291,28.898,28.882,1.188,26.192,1,0,0.197,2.509,,1999,28,1957
"BaselineSweep",2000,3,292,27.569,27.585,1.201,25.762,1,0,0.176,1.631,,1975,28,1896
"BaselineSweep",2000,3,293,27.860,27.857,1.181,26.034,1,0,0.189,1.636,,1984,28,1916
"BaselineSweep",2000,3,294,29.357,29.342,1.208,26.495,1,0,0.218,2.644,,1989,28,1963
"BaselineSweep",2000,3,295,32.527,32.518,1.186,28.952,1,0,0.191,3.384,,1982,27,1932
"BaselineSweep",2000,3,296,34.446,34.443,1.284,29.969,1,0,0.276,4.200,,1986,28,1923
"BaselineSweep",2000,3,297,28.607,28.612,1.199,26.005,1,0,0.226,2.376,,1993,28,1947
"BaselineSweep",2000,3,298,26.060,26.067,1.211,24.051,1,0,0.227,1.782,,2005,28,1944
"BaselineSweep",2000,3,299,32.549,32.557,1.192,30.630,1,0,0.189,1.730,,2001,28,1951
"BaselineSweep",5000,3,0,162.096,162.090,2.097,157.460,1,0,0.477,4.159,,4903,58,4688
"BaselineSweep",5000,3,1,160.111,160.113,2.115,156.499,1,0,0.483,3.129,,4939,58,4716
"BaselineSweep",5000,3,2,164.902,164.901,2.098,160.179,1,0,0.449,4.274,,4917,57,4711
"BaselineSweep",5000,3,3,167.301,167.297,2.094,162.117,1,0,0.441,4.743,,4959,58,4734
"BaselineSweep",5000,3,4,163.989,163.990,2.258,161.066,1,0,0.609,2.314,,4937,57,4746
"BaselineSweep",5000,3,5,163.913,163.915,2.252,159.985,1,0,0.452,3.475,,4940,58,4773
"BaselineSweep",5000,3,6,164.702,164.702,2.247,160.951,1,0,0.678,3.073,,4940,57,4765
"BaselineSweep",5000,3,7,167.780,167.777,2.267,165.380,1,0,0.583,1.817,,4974,57,4740
"BaselineSweep",5000,3,8,168.812,168.780,2.371,164.277,1,0,0.488,4.046,,4946,58,4724
"BaselineSweep",5000,3,9,388.494,388.470,2.366,178.143,1,0,0.678,209.673,,4902,58,4752
"BaselineSweep",5000,3,10,166.611,166.661,2.357,160.746,1,0,0.585,5.279,,4910,58,4744
"BaselineSweep",5000,3,11,167.116,167.114,2.402,163.524,1,0,0.470,3.122,,4965,57,4665
"BaselineSweep",5000,3,12,168.710,168.708,2.138,165.174,1,0,0.497,3.038,,4982,58,4767
"BaselineSweep",5000,3,13,171.924,171.915,2.096,168.108,1,0,0.592,3.224,,4900,58,4762
"BaselineSweep",5000,3,14,167.327,167.334,2.238,164.250,1,0,0.485,2.592,,4927,58,4741
"BaselineSweep",5000,3,15,177.529,177.520,2.306,170.699,1,0,0.635,6.195,,4952,58,4779
"BaselineSweep",5000,3,16,516.544,516.421,2.603,166.252,1,0,0.513,349.780,,0,0,0
"BaselineSweep",5000,3,17,164.821,164.920,2.551,160.718,1,0,0.510,3.592,,9880,116,9403
"BaselineSweep",5000,3,18,167.469,167.495,4.905,164.374,1,0,0.512,2.583,,4964,58,4776
"BaselineSweep",5000,3,19,163.641,163.632,2.230,159.446,1,0,0.603,3.592,,4977,58,4789
"BaselineSweep",5000,3,20,171.532,171.531,2.208,165.881,1,0,0.502,5.149,,4970,57,4774
"BaselineSweep",5000,3,21,173.805,173.806,2.496,168.946,1,0,0.506,4.353,,4841,58,4770
"BaselineSweep",5000,3,22,160.750,160.751,2.519,158.547,1,0,0.443,1.760,,4918,57,4750
"BaselineSweep",5000,3,23,163.632,163.604,2.496,159.320,1,0,0.439,3.872,,4979,58,4786
"BaselineSweep",5000,3,24,165.960,165.949,2.537,162.604,1,0,0.437,2.919,,4954,58,4786
"BaselineSweep",5000,3,25,166.849,166.819,5.315,160.526,1,0,0.617,5.706,,4992,58,4747
"BaselineSweep",5000,3,26,180.049,180.106,5.448,175.532,1,0,0.637,3.881,,4996,58,4791
"BaselineSweep",5000,3,27,166.969,166.968,5.982,161.140,1,0,0.617,5.212,,4946,58,4649
"BaselineSweep",5000,3,28,176.198,176.167,5.137,170.684,1,0,0.840,4.674,,4973,58,4795
"BaselineSweep",5000,3,29,170.048,170.080,9.699,166.370,1,0,0.625,3.052,,4968,58,4711
"BaselineSweep",5000,3,30,163.748,163.741,7.833,158.512,1,0,0.591,4.646,,4925,56,4822
"BaselineSweep",5000,3,31,163.746,163.743,8.772,156.622,1,0,0.615,6.509,,4916,58,4728
"BaselineSweep",5000,3,32,175.139,175.132,9.691,171.017,1,0,0.454,3.668,,4915,57,4687
"BaselineSweep",5000,3,33,397.429,397.337,7.888,166.331,1,0,0.490,230.608,,4951,58,4768
"BaselineSweep",5000,3,34,163.500,163.600,8.910,161.111,1,0,0.470,1.918,,4812,58,4610
"BaselineSweep",5000,3,35,168.905,168.906,0.000,166.455,1,0,0.494,1.957,,5114,58,9724
"BaselineSweep",5000,3,36,169.406,169.400,2.406,166.047,1,0,0.452,2.907,,4943,58,4815
"BaselineSweep",5000,3,37,162.433,162.434,2.357,158.649,1,0,0.580,3.204,,4936,58,4684
"BaselineSweep",5000,3,38,158.789,158.788,9.636,155.037,1,0,0.462,3.290,,4944,58,4777
"BaselineSweep",5000,3,39,165.646,165.636,9.261,160.497,1,0,0.606,4.543,,4942,58,4703
"BaselineSweep",5000,3,40,167.432,167.437,9.711,163.732,1,0,0.597,3.103,,4934,58,4790
"BaselineSweep",5000,3,41,169.889,169.877,9.744,164.266,1,0,0.601,5.022,,4940,58,4844
"BaselineSweep",5000,3,42,166.889,166.897,8.369,163.859,1,0,0.445,2.585,,4889,58,4790
"BaselineSweep",5000,3,43,163.163,163.161,9.772,159.652,1,0,0.452,3.060,,4909,58,4766
"BaselineSweep",5000,3,44,159.249,159.249,8.827,155.973,1,0,0.446,2.831,,4936,57,4768
"BaselineSweep",5000,3,45,167.164,167.162,9.187,164.484,1,0,0.588,2.093,,4928,58,4785
"BaselineSweep",5000,3,46,168.866,168.862,8.295,165.249,1,0,0.457,3.159,,4980,58,4754
"BaselineSweep",5000,3,47,398.897,398.822,10.654,165.387,1,0,0.484,233.027,,4906,58,4795
"BaselineSweep",5000,3,48,162.345,162.414,10.643,157.209,1,0,0.605,4.531,,4946,58,4770
"BaselineSweep",5000,3,49,173.235,173.220,10.663,168.303,1,0,0.598,4.334,,4935,58,4740
"BaselineSweep",5000,3,50,170.113,170.065,2.182,164.225,1,0,0.482,5.406,,4911,58,4702
"BaselineSweep",5000,3,51,167.562,167.619,2.069,161.794,1,0,0.608,5.160,,4875,58,4723
"BaselineSweep",5000,3,52,167.880,167.855,8.300,163.079,1,0,0.488,4.313,,4917,58,4706
"BaselineSweep",5000,3,53,161.459,161.487,9.738,157.713,1,0,0.616,3.130,,5002,58,4857
"BaselineSweep",5000,3,54,169.177,169.161,8.599,163.929,1,0,0.423,4.825,,4922,58,4781
"BaselineSweep",5000,3,55,170.090,170.104,8.498,166.682,1,0,0.604,2.804,,4943,58,4771
"BaselineSweep",5000,3,56,161.562,161.559,7.780,158.050,1,0,0.555,2.957,,4951,58,4797
"BaselineSweep",5000,3,57,159.249,159.251,9.775,155.544,1,0,0.630,3.075,,4936,58,4807
"BaselineSweep",5000,3,58,158.545,158.538,9.810,154.171,1,0,0.453,3.921,,4932,58,4758
"BaselineSweep",5000,3,59,162.450,162.453,9.051,158.683,1,0,0.591,3.176,,4931,58,4758
"BaselineSweep",5000,3,60,166.966,166.963,8.941,163.391,1,0,0.582,2.993,,4955,57,4812
"BaselineSweep",5000,3,61,406.631,406.544,8.837,156.642,1,0,0.576,249.413,,4927,58,4748
"BaselineSweep",5000,3,62,163.804,163.834,10.644,159.158,1,0,0.593,4.054,,3057,43,2915
"BaselineSweep",5000,3,63,165.758,165.775,0.000,158.988,1,0,0.595,6.175,,6816,73,6618
"BaselineSweep",5000,3,64,166.481,166.460,2.131,163.179,1,0,0.644,2.657,,4917,58,4735
"BaselineSweep",5000,3,65,171.887,171.937,2.069,166.124,1,0,0.637,5.127,,4928,58,4709
"BaselineSweep",5000,3,66,169.375,169.364,5.098,165.891,1,0,0.489,2.994,,4922,58,4743
"BaselineSweep",5000,3,67,166.603,166.587,8.407,161.165,1,0,0.571,4.867,,4947,58,4829
"BaselineSweep",5000,3,68,166.243,166.266,8.393,162.464,1,0,0.592,3.187,,4985,58,4779
"BaselineSweep",5000,3,69,169.905,169.906,9.655,166.705,1,0,0.572,2.628,,4932,58,4810
"BaselineSweep",5000,3,70,166.883,166.843,9.794,162.204,1,0,0.575,4.104,,4964,58,4813
"BaselineSweep",5000,3,71,175.165,175.159,9.665,169.054,1,0,1.132,4.979,,4940,58,4720
"BaselineSweep",5000,3,72,166.699,166.715,9.370,160.384,1,0,0.601,5.714,,4977,58,4736
"BaselineSweep",5000,3,73,168.518,168.535,9.673,162.149,1,0,1.071,5.298,,4914,58,4723
"BaselineSweep",5000,3,74,167.829,167.823,9.810,162.307,1,0,0.613,4.909,,4892,58,4710
"BaselineSweep",5000,3,75,170.681,170.665,10.662,165.069,1,0,0.595,5.017,,4942,58,4801
"BaselineSweep",5000,3,76,173.713,173.726,10.829,169.109,1,0,0.467,4.137,,4956,58,4839
"BaselineSweep",5000,3,77,167.199,167.196,10.843,162.077,1,0,0.589,4.533,,4930,58,4750
"BaselineSweep",5000,3,78,169.583,169.576,10.848,163.624,1,0,0.635,5.324,,4947,58,4723
"BaselineSweep",5000,3,79,175.150,175.151,9.152,170.048,1,0,0.512,4.590,,4948,57,4762
"BaselineSweep",5000,3,80,168.796,168.802,10.788,162.618,1,0,0.484,5.694,,4941,58,4787
"BaselineSweep",5000,3,81,174.230,174.191,9.084,170.259,1,0,0.601,3.370,,4998,58,4821
"BaselineSweep",5000,3,82,174.976,175.009,11.983,171.176,1,0,0.562,3.238,,4939,58,4776
"BaselineSweep",5000,3,83,504.496,504.392,12.056,168.808,1,0,0.620,335.068,,4946,58,4780
"BaselineSweep",5000,3,84,163.968,164.025,2.380,159.594,1,0,0.593,3.782,,4546,58,4354
"BaselineSweep",5000,3,85,172.363,172.404,0.000,168.468,1,0,0.565,3.330,,5317,57,5166
"BaselineSweep",5000,3,86,167.894,167.891,2.133,160.560,1,0,0.594,6.740,,4881,58,4788
"BaselineSweep",5000,3,87,167.713,167.675,2.101,163.290,1,0,0.597,3.827,,4955,58,4771
"BaselineSweep",5000,3,88,161.491,161.533,8.442,158.311,1,0,0.471,2.709,,4942,58,4731
"BaselineSweep",5000,3,89,162.183,162.186,8.681,158.715,1,0,0.590,2.879,,4961,57,4803
"BaselineSweep",5000,3,90,164.219,164.217,2.537,160.629,1,0,0.607,2.983,,4972,58,4842
"BaselineSweep",5000,3,91,417.663,417.571,2.556,160.908,1,0,0.467,256.288,,4960,58,4814
"BaselineSweep",5000,3,92,165.191,165.243,8.601,159.063,1,0,0.453,5.675,,4361,58,4188
"BaselineSweep",5000,3,93,162.212,162.247,0.000,158.625,1,0,0.582,3.005,,5576,57,5352
"BaselineSweep",5000,3,94,170.260,170.219,2.228,165.279,1,0,0.575,4.406,,4953,58,4856
"BaselineSweep",5000,3,95,161.483,161.522,2.074,158.391,1,0,0.452,2.640,,4995,57,4828
"BaselineSweep",5000,3,96,394.380,394.259,2.094,162.344,1,0,0.461,231.575,,4962,58,4829
"BaselineSweep",5000,3,97,163.693,163.810,2.705,160.001,1,0,0.633,3.059,,4963,58,4779
"BaselineSweep",5000,3,98,163.471,163.428,2.396,158.624,1,0,0.469,4.379,,4980,58,4818
"BaselineSweep",5000,3,99,175.483,175.510,2.132,168.975,1,0,0.725,5.783,,4840,58,4724
"BaselineSweep",5000,3,100,164.168,164.137,2.105,160.490,1,0,0.587,3.090,,4976,58,4787
"BaselineSweep",5000,3,101,162.869,162.861,2.080,158.877,1,0,1.063,2.928,,4965,58,4791
"BaselineSweep",5000,3,102,161.352,161.387,2.157,157.257,1,0,0.610,3.485,,4925,58,4752
"BaselineSweep",5000,3,103,166.405,166.384,2.106,161.430,1,0,0.600,4.375,,4988,58,4818
"BaselineSweep",5000,3,104,396.019,395.954,2.125,159.034,1,0,0.470,236.516,,4973,58,4788
"BaselineSweep",5000,3,105,167.260,167.345,2.130,162.630,1,0,0.470,4.160,,4556,58,4388
"BaselineSweep",5000,3,106,160.660,160.659,0.000,155.559,1,0,0.484,4.617,,9932,58,5161
"BaselineSweep",5000,3,107,164.720,164.722,2.137,160.851,1,0,0.460,3.409,,4966,58,4760
"BaselineSweep",5000,3,108,161.260,161.261,2.119,158.203,1,0,0.464,2.593,,4965,58,4773
"BaselineSweep",5000,3,109,401.470,401.356,2.126,158.388,1,0,0.571,242.511,,4971,58,4760
"BaselineSweep",5000,3,110,164.645,164.716,2.117,158.605,1,0,0.459,5.582,,4511,58,4300
"BaselineSweep",5000,3,111,175.085,175.119,0.000,171.583,1,0,0.543,2.959,,5190,58,5145
"BaselineSweep",5000,3,112,159.291,159.290,2.184,155.764,1,0,0.613,2.913,,4960,58,4797
"BaselineSweep",5000,3,113,163.589,163.591,2.177,159.913,1,0,0.578,3.098,,4963,58,4751
"BaselineSweep",5000,3,114,395.173,395.126,2.108,168.093,1,0,0.550,226.530,,4980,58,4755
"BaselineSweep",5000,3,115,160.085,160.124,2.116,156.567,1,0,0.596,2.923,,4408,58,4228
"BaselineSweep",5000,3,116,168.368,168.367,0.000,162.687,1,0,0.456,5.224,,5556,57,5396
"BaselineSweep",5000,3,117,162.550,162.551,2.146,159.008,1,0,0.565,2.977,,4980,58,4772
"BaselineSweep",5000,3,118,164.870,164.871,2.087,162.415,1,0,0.548,1.907,,4996,58,4835
"BaselineSweep",5000,3,119,407.672,407.605,2.148,154.066,1,0,1.355,252.252,,4982,58,4792
"BaselineSweep",5000,3,120,161.611,161.666,2.104,156.397,1,0,0.616,4.598,,4988,57,4762
"BaselineSweep",5000,3,121,164.453,164.458,2.092,159.284,1,0,0.594,4.576,,4965,58,4800
"BaselineSweep",5000,3,122,173.624,173.620,2.138,169.893,1,0,0.617,3.114,,4945,57,4764
"BaselineSweep",5000,3,123,161.532,161.534,2.099,158.218,1,0,0.468,2.845,,4942,58,4814
"BaselineSweep",5000,3,124,416.883,416.767,2.113,163.187,1,0,0.609,253.087,,4959,58,4824
"BaselineSweep",5000,3,125,169.603,169.647,2.288,164.543,1,0,0.570,4.490,,4967,58,4778
"BaselineSweep",5000,3,126,170.873,170.934,2.104,167.870,1,0,0.415,2.589,,4952,57,4753
"BaselineSweep",5000,3,127,161.507,161.505,2.130,157.921,1,0,0.633,2.952,,4951,58,4826
"BaselineSweep",5000,3,128,170.825,170.824,2.093,166.795,1,0,0.588,3.442,,4642,58,4827
"BaselineSweep",5000,3,129,162.528,162.504,2.081,157.773,1,0,0.553,4.202,,4957,58,4785
"BaselineSweep",5000,3,130,165.997,166.012,2.080,161.070,1,0,0.605,4.321,,4974,57,4768
"BaselineSweep",5000,3,131,162.757,162.745,2.077,158.166,1,0,0.601,3.990,,4969,58,4731
"BaselineSweep",5000,3,132,170.906,170.922,2.113,167.108,1,0,0.582,3.216,,4983,58,4767
"BaselineSweep",5000,3,133,166.327,166.287,2.084,163.348,1,0,0.612,2.367,,4961,58,4768
"BaselineSweep",5000,3,134,166.693,166.690,2.084,161.412,1,0,0.575,4.706,,4966,58,4775
"BaselineSweep",5000,3,135,164.652,164.686,2.090,160.342,1,0,0.468,3.843,,4988,58,4766
"BaselineSweep",5000,3,136,162.971,162.972,2.107,159.970,1,0,0.449,2.551,,4941,57,4764
"BaselineSweep",5000,3,137,163.380,163.337,2.079,157.652,1,0,0.656,5.072,,4892,58,4801
"BaselineSweep",5000,3,138,172.302,172.340,2.099,169.294,1,0,0.468,2.540,,4988,58,4748
"BaselineSweep",5000,3,139,163.910,163.872,2.089,158.937,1,0,0.583,4.390,,4942,58,4779
"BaselineSweep",5000,3,140,164.463,164.499,2.097,160.359,1,0,0.592,3.512,,4932,58,4733
"BaselineSweep",5000,3,141,408.828,408.605,2.087,164.305,1,0,0.451,244.072,,4953,58,4785
"BaselineSweep",5000,3,142,160.742,160.953,2.095,156.128,1,0,0.580,4.034,,4851,58,4633
"BaselineSweep",5000,3,143,170.239,170.203,0.000,165.360,1,0,0.579,4.301,,9888,58,4861
"BaselineSweep",5000,3,144,164.980,165.019,2.136,161.479,1,0,0.548,2.953,,4933,58,4729
"BaselineSweep",5000,3,145,166.202,166.195,2.084,160.259,1,0,0.842,5.100,,4989,57,4835
"BaselineSweep",5000,3,146,161.015,161.018,2.115,157.048,1,0,0.920,3.047,,4964,58,4708
"BaselineSweep",5000,3,147,163.555,163.549,2.111,158.695,1,0,0.590,4.270,,4973,58,4726
"BaselineSweep",5000,3,148,157.912,157.886,2.088,154.269,1,0,0.484,3.159,,4691,58,4758
"BaselineSweep",5000,3,149,394.851,394.834,2.107,164.686,1,0,0.553,229.612,,4959,58,4824
"BaselineSweep",5000,3,150,164.912,164.916,2.149,160.807,1,0,0.575,3.531,,4339,58,4177
"BaselineSweep",5000,3,151,163.802,163.807,0.000,160.743,1,0,0.548,2.511,,5559,58,5402
"BaselineSweep",5000,3,152,167.616,167.645,2.130,162.456,1,0,0.451,4.709,,4926,58,4765
"BaselineSweep",5000,3,153,166.780,166.744,2.119,161.189,1,0,0.612,4.978,,4933,58,4759
"BaselineSweep",5000,3,154,403.220,403.171,2.110,165.656,1,0,0.575,236.988,,4924,58,4749
"BaselineSweep",5000,3,155,160.330,160.376,2.099,155.488,1,0,0.577,4.266,,4580,58,4406
"BaselineSweep",5000,3,156,165.986,166.017,0.000,161.937,1,0,0.567,3.482,,5263,58,5124
"BaselineSweep",5000,3,157,163.406,163.407,2.141,160.002,1,0,0.439,2.965,,4947,58,4824
"BaselineSweep",5000,3,158,163.555,163.550,2.099,160.462,1,0,0.599,2.494,,4909,58,4804
"BaselineSweep",5000,3,159,396.214,396.181,2.096,160.023,1,0,0.581,235.609,,4978,58,4862
"BaselineSweep",5000,3,160,160.022,160.059,2.097,156.433,1,0,0.572,3.018,,4510,58,4307
"BaselineSweep",5000,3,161,172.740,172.732,0.000,168.347,1,0,0.442,3.950,,5413,58,9564
"BaselineSweep",5000,3,162,162.886,162.866,2.125,157.558,1,0,0.446,4.882,,4957,58,4760
"BaselineSweep",5000,3,163,160.011,160.030,2.092,155.496,1,0,0.600,3.916,,4980,58,4811
"BaselineSweep",5000,3,164,408.966,408.831,2.124,163.114,1,0,0.590,245.262,,4951,58,4796
"BaselineSweep",5000,3,165,165.029,165.138,2.094,159.159,1,0,0.475,5.395,,4534,58,4355
"BaselineSweep",5000,3,166,172.689,172.706,0.000,168.676,1,0,0.597,3.416,,5417,58,5191
"BaselineSweep",5000,3,167,165.917,165.918,2.214,162.744,1,0,0.469,2.704,,4977,58,4839
"BaselineSweep",5000,3,168,161.130,161.130,2.103,157.071,1,0,0.606,3.453,,4946,58,4794
"BaselineSweep",5000,3,169,396.956,396.822,2.108,160.713,1,0,0.593,235.650,,4886,57,4825
"BaselineSweep",5000,3,170,172.483,172.571,2.089,167.276,1,0,0.438,4.769,,4939,57,4737
"BaselineSweep",5000,3,171,162.813,162.835,2.100,157.650,1,0,0.558,4.605,,4970,58,4844
"BaselineSweep",5000,3,172,159.714,159.727,2.141,155.764,1,0,0.596,3.354,,4963,58,4795
"BaselineSweep",5000,3,173,165.895,165.890,2.098,160.031,1,0,0.595,5.269,,4970,58,4778
"BaselineSweep",5000,3,174,169.042,169.044,2.105,164.123,1,0,0.584,4.335,,4945,57,4779
"BaselineSweep",5000,3,175,162.497,162.496,2.113,158.748,1,0,0.576,3.172,,4968,58,4770
"BaselineSweep",5000,3,176,162.320,162.321,2.135,158.807,1,0,0.558,2.955,,4927,58,4831
"BaselineSweep",5000,3,177,168.317,168.305,2.099,164.320,1,0,0.622,3.374,,4984,58,4835
"BaselineSweep",5000,3,178,168.259,168.226,2.119,163.480,1,0,0.478,4.300,,4990,58,4774
"BaselineSweep",5000,3,179,172.167,172.202,2.100,166.388,1,0,0.477,5.303,,4992,58,4787
"BaselineSweep",5000,3,180,396.397,396.271,2.124,170.116,1,0,0.594,225.687,,4972,58,4761
"BaselineSweep",5000,3,181,167.802,167.882,2.119,163.507,1,0,0.606,3.688,,4773,56,4534
"BaselineSweep",5000,3,182,162.551,162.594,0.000,158.912,1,0,0.590,3.049,,5058,58,4939
"BaselineSweep",5000,3,183,161.551,161.549,2.134,158.669,1,0,0.592,2.290,,4941,58,4787
"BaselineSweep",5000,3,184,165.589,165.562,2.121,160.089,1,0,0.593,4.907,,4968,58,4880
"BaselineSweep",5000,3,185,407.088,407.061,2.109,165.939,1,0,0.682,240.467,,4966,57,4778
"BaselineSweep",5000,3,186,166.119,166.127,2.104,161.025,1,0,0.454,4.641,,4630,58,4448
"BaselineSweep",5000,3,187,164.610,164.635,0.000,160.542,1,0,0.420,3.648,,5305,58,5163
"BaselineSweep",5000,3,188,166.986,167.000,2.181,163.430,1,0,0.578,2.979,,4956,58,4702
"BaselineSweep",5000,3,189,169.227,169.181,2.082,165.765,1,0,0.724,2.739,,4985,58,4840
"BaselineSweep",5000,3,190,392.449,392.363,2.113,162.394,1,0,0.591,229.464,,5003,58,4822
"BaselineSweep",5000,3,191,164.158,164.279,2.119,158.790,1,0,0.594,4.773,,893,22,850
"BaselineSweep",5000,3,192,165.580,165.577,0.000,160.925,1,0,0.454,4.201,,8983,92,8584
"BaselineSweep",5000,3,193,161.904,161.905,2.153,158.005,1,0,0.597,3.301,,4980,57,4780
"BaselineSweep",5000,3,194,167.413,167.412,2.084,164.225,1,0,0.461,2.727,,4959,58,4763
"BaselineSweep",5000,3,195,406.078,405.942,2.133,161.002,1,0,0.591,244.485,,4944,58,4666
"BaselineSweep",5000,3,196,166.261,166.378,2.117,161.733,1,0,0.549,3.979,,4437,58,4294
"BaselineSweep",5000,3,197,163.883,163.867,0.000,157.869,1,0,0.452,5.563,,5491,58,5341
"BaselineSweep",5000,3,198,163.202,163.191,2.216,157.504,1,0,0.564,5.133,,4959,58,4791
"BaselineSweep",5000,3,199,162.791,162.824,2.157,156.805,1,0,0.600,5.386,,4916,58,4769
"BaselineSweep",5000,3,200,396.963,396.886,2.132,162.888,1,0,0.957,233.119,,4944,57,4750
"BaselineSweep",5000,3,201,166.214,166.291,2.123,162.210,1,0,0.620,3.384,,4407,58,4247
"BaselineSweep",5000,3,202,171.307,171.304,0.000,166.473,1,0,0.431,4.404,,5498,58,5381
"BaselineSweep",5000,3,203,163.991,163.991,2.152,160.482,1,0,0.561,2.948,,4887,58,4697
"BaselineSweep",5000,3,204,170.142,170.143,2.094,166.748,1,0,0.602,2.792,,4946,58,4786
"BaselineSweep",5000,3,205,174.672,174.670,2.105,171.599,1,0,0.425,2.648,,4921,58,4848
"BaselineSweep",5000,3,206,165.051,165.044,2.134,160.060,1,0,0.586,4.405,,4975,58,4835
"BaselineSweep",5000,3,207,167.766,167.769,2.099,164.218,1,0,0.617,2.930,,4960,58,4728
"BaselineSweep",5000,3,208,400.444,400.324,2.141,157.610,1,0,0.579,242.255,,4825,58,4743
"BaselineSweep",5000,3,209,164.131,164.244,2.152,160.420,1,0,0.572,3.139,,4326,57,4179
"BaselineSweep",5000,3,210,163.060,163.058,0.000,159.759,1,0,0.432,2.870,,5573,59,5403
"BaselineSweep",5000,3,211,167.054,167.054,2.142,163.285,1,0,0.600,3.169,,4946,58,4809
"BaselineSweep",5000,3,212,181.557,181.515,2.244,177.235,1,0,0.656,3.666,,4977,58,4799
"BaselineSweep",5000,3,213,172.298,172.334,2.118,167.392,1,0,0.707,4.199,,4985,58,4835
"BaselineSweep",5000,3,214,170.252,170.247,2.134,165.190,1,0,0.605,4.458,,4982,57,4766
"BaselineSweep",5000,3,215,172.375,172.373,2.111,167.156,1,0,0.606,4.614,,4916,58,4762
"BaselineSweep",5000,3,216,173.198,173.178,2.151,168.415,1,0,0.569,4.214,,4929,58,4760
"BaselineSweep",5000,3,217,169.266,169.276,2.128,164.767,1,0,0.653,3.846,,4921,58,4716
"BaselineSweep",5000,3,218,172.266,172.279,2.123,168.438,1,0,0.595,3.234,,4978,58,4862
"BaselineSweep",5000,3,219,175.208,175.203,2.131,171.086,1,0,0.647,3.474,,4943,58,4810
"BaselineSweep",5000,3,220,174.571,174.562,2.149,168.733,1,0,0.617,5.222,,4959,58,4846
"BaselineSweep",5000,3,221,506.591,506.507,2.131,166.149,1,0,0.606,339.836,,4936,58,4747
"BaselineSweep",5000,3,222,164.847,164.898,2.114,159.155,1,0,0.585,5.107,,4715,58,4586
"BaselineSweep",5000,3,223,162.876,162.873,0.000,157.698,1,0,0.567,4.611,,5119,58,4936
"BaselineSweep",5000,3,224,165.545,165.561,2.140,160.440,1,0,0.539,4.566,,4980,58,4750
"BaselineSweep",5000,3,225,171.165,171.173,2.093,164.918,1,0,0.601,5.646,,4979,58,4762
"BaselineSweep",5000,3,226,405.909,405.889,2.118,161.123,1,0,0.465,244.320,,4956,58,4733
"BaselineSweep",5000,3,227,159.783,159.812,2.116,156.227,1,0,0.580,2.976,,4942,57,4796
"BaselineSweep",5000,3,228,157.449,157.391,2.101,154.115,1,0,0.428,2.906,,4922,58,4785
"BaselineSweep",5000,3,229,161.361,161.394,2.142,158.366,1,0,0.521,2.474,,4914,58,4741
"BaselineSweep",5000,3,230,169.535,169.530,2.082,164.264,1,0,0.778,4.493,,4956,58,4781
"BaselineSweep",5000,3,231,382.424,382.317,2.111,160.347,1,0,0.632,221.445,,5009,58,4839
"BaselineSweep",5000,3,232,161.914,162.022,2.127,157.828,1,0,0.513,3.573,,4901,58,4679
"BaselineSweep",5000,3,233,161.102,161.080,0.000,157.460,1,0,0.470,3.172,,4976,58,4811
"BaselineSweep",5000,3,234,161.622,161.656,2.125,157.992,1,0,0.549,3.081,,4962,58,4773
"BaselineSweep",5000,3,235,161.556,161.552,2.105,157.793,1,0,0.588,3.175,,4959,58,4750
"BaselineSweep",5000,3,236,401.988,401.922,2.097,156.254,1,0,0.558,245.177,,4960,58,4774
"BaselineSweep",5000,3,237,169.882,169.910,2.091,165.524,1,0,0.726,3.632,,4845,58,4780
"BaselineSweep",5000,3,238,163.878,163.911,0.000,157.879,1,0,0.590,5.409,,4961,58,4755
"BaselineSweep",5000,3,239,168.325,168.318,2.197,163.086,1,0,0.489,4.750,,4953,58,4823
"BaselineSweep",5000,3,240,163.898,163.887,2.099,159.843,1,0,0.581,3.473,,4947,58,4767
"BaselineSweep",5000,3,241,168.087,168.085,2.130,162.528,1,0,0.634,4.925,,4964,58,4799
"BaselineSweep",5000,3,242,164.610,164.590,2.114,159.905,1,0,0.413,4.291,,4942,58,4753
"BaselineSweep",5000,3,243,167.820,167.846,2.124,164.093,1,0,0.476,3.250,,4961,58,4819
"BaselineSweep",5000,3,244,397.519,397.434,2.112,158.273,1,0,0.580,238.666,,4925,58,4863
"BaselineSweep",5000,3,245,165.971,166.000,2.119,160.813,1,0,0.472,4.686,,4988,58,4754
"BaselineSweep",5000,3,246,163.782,163.843,2.118,160.405,1,0,0.553,2.824,,4955,58,4821
"BaselineSweep",5000,3,247,166.829,166.821,2.169,162.497,1,0,0.597,3.735,,4896,58,4818
"BaselineSweep",5000,3,248,159.563,159.564,2.091,156.776,1,0,0.575,2.211,,4962,58,4807
"BaselineSweep",5000,3,249,163.284,163.283,2.162,159.568,1,0,0.606,3.109,,4920,58,4764
"BaselineSweep",5000,3,250,160.178,160.175,2.114,156.937,1,0,0.563,2.678,,4966,58,4838
"BaselineSweep",5000,3,251,159.912,159.908,2.135,156.490,1,0,0.477,2.945,,4939,58,4761
"BaselineSweep",5000,3,252,411.982,411.864,2.114,161.420,1,0,0.596,249.966,,4954,58,4799
"BaselineSweep",5000,3,253,164.587,164.698,2.119,160.163,1,0,0.470,3.954,,4684,58,4474
"BaselineSweep",5000,3,254,165.974,165.947,0.000,161.222,1,0,0.468,4.283,,9966,58,9629
"BaselineSweep",5000,3,255,167.165,167.184,2.180,161.320,1,0,0.489,5.356,,4919,58,4830
"BaselineSweep",5000,3,256,166.151,166.156,2.131,162.403,1,0,0.609,3.138,,4875,58,4748
"BaselineSweep",5000,3,257,167.396,167.392,2.177,162.085,1,0,0.476,4.835,,4909,58,4745
"BaselineSweep",5000,3,258,160.397,160.362,2.092,156.457,1,0,0.469,3.471,,4879,58,4816
"BaselineSweep",5000,3,259,167.508,167.501,2.131,162.613,1,0,0.614,4.280,,4925,58,4808
"BaselineSweep",5000,3,260,407.151,407.089,2.121,158.699,1,0,0.592,247.861,,4899,57,4757
"BaselineSweep",5000,3,261,168.605,168.702,2.140,162.662,1,0,0.593,5.350,,4995,58,4821
"BaselineSweep",5000,3,262,164.473,164.468,2.742,159.274,1,0,0.596,4.603,,4962,58,4793
"BaselineSweep",5000,3,263,160.197,160.205,2.205,157.056,1,0,0.448,2.693,,4902,58,4767
"BaselineSweep",5000,3,264,173.427,173.424,2.263,169.819,1,0,0.590,3.018,,4948,58,4786
"BaselineSweep",5000,3,265,382.665,382.525,2.222,168.556,1,0,0.600,213.509,,4897,58,4730
"BaselineSweep",5000,3,266,167.607,167.739,2.116,161.667,1,0,0.579,5.362,,5000,58,4796
"BaselineSweep",5000,3,267,164.119,164.121,2.123,160.600,1,0,0.562,2.957,,4954,58,4771
"BaselineSweep",5000,3,268,165.832,165.803,2.172,161.846,1,0,0.608,3.378,,4918,58,4798
"BaselineSweep",5000,3,269,163.215,163.239,2.113,160.069,1,0,0.597,2.550,,4918,57,4829
"BaselineSweep",5000,3,270,405.451,405.346,2.151,159.252,1,0,0.578,245.621,,4886,58,4753
"BaselineSweep",5000,3,271,167.432,167.515,2.161,161.715,1,0,0.604,5.114,,4976,58,4771
"BaselineSweep",5000,3,272,167.808,167.798,2.144,160.915,1,0,0.468,6.426,,4980,57,4797
"BaselineSweep",5000,3,273,169.341,169.355,2.166,165.569,1,0,0.672,3.100,,4933,58,4769
"BaselineSweep",5000,3,274,160.447,160.454,2.094,156.889,1,0,0.592,2.966,,4942,58,4764
"BaselineSweep",5000,3,275,162.530,162.525,2.139,158.922,1,0,0.482,3.126,,4921,58,4820
"BaselineSweep",5000,3,276,172.582,172.581,2.121,168.611,1,0,0.583,3.388,,4939,58,4834
"BaselineSweep",5000,3,277,163.135,163.126,2.142,159.432,1,0,0.547,3.156,,4950,58,4772
"BaselineSweep",5000,3,278,401.638,401.546,2.157,156.321,1,0,0.605,244.712,,4962,58,4785
"BaselineSweep",5000,3,279,171.523,171.616,2.131,166.201,1,0,0.466,4.856,,4505,58,4293
"BaselineSweep",5000,3,280,163.394,163.371,0.000,158.248,1,0,0.596,4.551,,5424,57,5246
"BaselineSweep",5000,3,281,166.638,166.661,2.244,163.151,1,0,0.597,2.890,,4946,58,4747
"BaselineSweep",5000,3,282,162.980,162.954,2.285,158.274,1,0,0.596,4.110,,4922,58,4786
"BaselineSweep",5000,3,283,160.185,160.203,2.123,155.264,1,0,0.760,4.161,,4919,58,4718
"BaselineSweep",5000,3,284,164.997,164.990,2.177,159.878,1,0,0.606,4.512,,4915,58,4745
"BaselineSweep",5000,3,285,168.367,168.370,2.140,162.677,1,0,0.603,5.088,,4943,58,4774
"BaselineSweep",5000,3,286,395.573,395.459,2.176,160.947,1,0,0.614,234.012,,4914,57,4700
"BaselineSweep",5000,3,287,174.087,174.178,2.117,167.783,1,0,0.442,5.862,,4974,58,4748
"BaselineSweep",5000,3,288,168.989,169.002,2.143,164.623,1,0,0.680,3.685,,4965,56,4796
"BaselineSweep",5000,3,289,165.333,165.340,2.234,161.988,1,0,0.544,2.801,,4966,58,4828
"BaselineSweep",5000,3,290,165.025,164.990,2.111,159.099,1,0,0.605,5.321,,4973,58,4782
"BaselineSweep",5000,3,291,161.209,161.243,2.111,158.031,1,0,0.469,2.709,,4967,58,4803
"BaselineSweep",5000,3,292,160.721,160.717,2.136,157.563,1,0,0.473,2.684,,4946,58,4724
"BaselineSweep",5000,3,293,173.146,173.146,2.119,169.744,1,0,0.579,2.822,,4979,58,4851
"BaselineSweep",5000,3,294,387.999,387.923,2.145,161.250,1,0,0.433,226.316,,4975,58,4781
"BaselineSweep",5000,3,295,165.234,165.268,2.110,160.701,1,0,0.424,4.109,,5015,58,4814
"BaselineSweep",5000,3,296,171.414,171.418,2.131,165.339,1,0,0.593,5.483,,4914,57,4716
"BaselineSweep",5000,3,297,165.402,165.430,2.163,159.591,1,0,0.826,4.985,,4921,58,4755
"BaselineSweep",5000,3,298,163.738,163.740,2.118,160.254,1,0,0.594,2.891,,4951,58,4760
"BaselineSweep",5000,3,299,165.124,165.124,2.123,161.611,1,0,0.592,2.921,,4961,58,4830
"BaselineSweep",10000,3,0,637.701,637.699,20.380,632.622,1,0,0.970,4.110,,9893,108,9403
"BaselineSweep",10000,3,1,623.999,623.988,4.244,617.723,1,0,1.295,4.981,,9914,108,9385
"BaselineSweep",10000,3,2,629.447,629.453,19.281,622.247,1,0,1.210,5.990,,9930,107,9323
"BaselineSweep",10000,3,3,627.788,627.789,19.624,622.560,1,0,0.964,4.263,,967,107,9323
"BaselineSweep",10000,3,4,639.708,639.705,20.421,634.379,1,0,1.278,4.052,,9904,108,9360
"BaselineSweep",10000,3,5,640.072,640.070,20.525,634.660,1,0,1.372,4.040,,9794,108,9363
"BaselineSweep",10000,3,6,626.940,626.938,20.360,621.293,1,0,0.985,4.662,,9934,108,9333
"BaselineSweep",10000,3,7,637.630,637.628,20.548,632.673,1,0,0.972,3.985,,9920,107,9297
"BaselineSweep",10000,3,8,653.886,653.809,18.018,644.875,1,0,1.065,7.945,,9891,107,8488
"BaselineSweep",10000,3,9,646.938,647.011,17.938,640.576,1,0,1.016,5.345,,9811,108,9304
"BaselineSweep",10000,3,10,661.306,661.302,4.017,655.869,1,0,1.041,4.396,,9934,108,9425
"BaselineSweep",10000,3,11,639.344,639.342,4.035,633.503,1,0,1.011,4.830,,9822,108,9477
"BaselineSweep",10000,3,12,640.551,640.552,4.035,635.088,1,0,1.013,4.450,,9923,108,9360
"BaselineSweep",10000,3,13,648.162,648.161,4.030,643.027,1,0,1.025,4.110,,9962,108,9472
"BaselineSweep",10000,3,14,644.653,644.652,4.037,639.200,1,0,1.037,4.416,,9811,108,9437
"BaselineSweep",10000,3,15,650.669,650.669,4.017,646.303,1,0,1.003,3.364,,9895,108,9282
"BaselineSweep",10000,3,16,656.778,656.679,4.043,647.635,1,0,1.346,7.796,,9909,108,9487
"BaselineSweep",10000,3,17,645.055,645.149,4.022,639.468,1,0,0.982,4.606,,9874,108,9312
"BaselineSweep",10000,3,18,670.355,670.349,4.147,660.710,1,0,1.068,8.577,,9834,107,9340
"BaselineSweep",10000,3,19,639.473,639.464,4.018,629.696,1,0,1.275,8.502,,9856,106,9424
"BaselineSweep",10000,3,20,663.515,663.512,4.040,653.545,1,0,1.321,8.650,,9439,107,9373
"BaselineSweep",10000,3,21,637.373,637.377,4.052,628.911,1,0,1.300,7.161,,9822,108,9351
"BaselineSweep",10000,3,22,650.514,650.514,0.000,643.363,1,0,0.991,6.160,,9827,108,9349
"BaselineSweep",10000,3,23,649.946,649.951,12.256,644.611,1,0,1.181,4.154,,9933,108,9319
"BaselineSweep",10000,3,24,648.383,648.379,5.172,639.475,1,0,1.319,7.590,,9858,108,9453
"BaselineSweep",10000,3,25,649.023,649.025,4.026,643.110,1,0,1.353,4.561,,9732,108,9375
"BaselineSweep",10000,3,26,664.211,664.206,4.135,658.857,1,0,1.036,4.318,,9849,108,9416
"BaselineSweep",10000,3,27,663.674,663.628,4.025,656.195,1,0,1.162,6.317,,9943,108,9478
"BaselineSweep",10000,3,28,659.909,659.942,4.372,650.055,1,0,1.356,8.497,,9924,108,9454
"BaselineSweep",10000,3,29,657.391,657.401,4.041,651.784,1,0,1.082,4.524,,9846,107,9365
"BaselineSweep",10000,3,30,662.732,662.730,4.036,653.566,1,0,1.310,7.856,,9936,108,9477
"BaselineSweep",10000,3,31,654.106,654.105,4.317,647.012,1,0,1.322,5.772,,9882,108,9327
"BaselineSweep",10000,3,32,657.750,657.735,4.030,650.016,1,0,1.233,6.501,,9886,108,9396
"BaselineSweep",10000,3,33,635.476,635.470,4.059,627.814,1,0,1.317,6.346,,9822,108,9320
"BaselineSweep",10000,3,34,633.809,633.776,4.124,627.651,1,0,0.960,5.198,,9843,108,9320
"BaselineSweep",10000,3,35,642.827,642.867,3.989,636.560,1,0,1.136,5.131,,9967,108,9433
"BaselineSweep",10000,3,36,656.964,656.973,20.438,651.372,1,0,1.292,4.300,,9539,108,9479
"BaselineSweep",10000,3,37,653.751,653.745,20.401,645.893,1,0,0.988,6.871,,9893,108,9368
"BaselineSweep",10000,3,38,657.341,657.330,4.186,650.934,1,0,1.384,5.023,,9904,108,9295
"BaselineSweep",10000,3,39,657.863,657.871,4.225,647.173,1,0,1.384,9.306,,9881,108,9383
"BaselineSweep",10000,3,40,646.187,646.171,20.485,638.321,1,0,0.981,6.886,,9788,108,9286
"BaselineSweep",10000,3,41,645.137,645.145,18.884,637.108,1,0,1.280,6.749,,9712,108,9277
"BaselineSweep",10000,3,42,657.248,657.208,5.197,649.244,1,0,0.986,7.018,,9898,108,9344
"BaselineSweep",10000,3,43,637.713,637.754,4.028,632.962,1,0,1.315,3.436,,9768,108,9492
"BaselineSweep",10000,3,44,646.801,646.797,4.290,642.272,1,0,1.061,3.467,,9912,108,9369
"BaselineSweep",10000,3,45,630.460,630.461,4.054,624.880,1,0,0.982,4.599,,9882,108,9393
"BaselineSweep",10000,3,46,647.074,647.066,4.046,638.040,1,0,1.017,8.018,,9924,108,9417
"BaselineSweep",10000,3,47,655.613,655.361,4.012,649.672,1,0,1.406,4.536,,9905,108,9437
"BaselineSweep",10000,3,48,634.154,634.406,4.031,628.443,1,0,1.311,4.400,,9791,108,9378
"BaselineSweep",10000,3,49,648.192,648.195,4.016,642.705,1,0,0.973,4.514,,9869,108,9402
"BaselineSweep",10000,3,50,640.186,640.183,16.813,634.948,1,0,0.958,4.281,,9827,108,9377
"BaselineSweep",10000,3,51,641.759,641.758,19.779,635.414,1,0,1.599,4.745,,9794,108,9381
"BaselineSweep",10000,3,52,642.064,642.063,20.405,636.399,1,0,1.304,4.361,,9865,108,9498
"BaselineSweep",10000,3,53,657.729,657.710,19.574,649.197,1,0,0.992,7.540,,9888,108,9378
"BaselineSweep",10000,3,54,657.034,657.039,19.060,647.112,1,0,1.278,8.644,,9902,108,9329
"BaselineSweep",10000,3,55,649.679,649.634,20.471,642.110,1,0,1.290,6.279,,9801,108,9264
"BaselineSweep",10000,3,56,654.144,654.174,19.242,647.438,1,0,1.316,5.390,,9780,108,9349
"BaselineSweep",10000,3,57,640.388,640.391,4.248,634.530,1,0,1.206,4.651,,9858,108,9312
"BaselineSweep",10000,3,58,643.745,643.752,4.024,636.050,1,0,1.283,6.411,,9839,107,9375
"BaselineSweep",10000,3,59,644.072,644.074,4.021,638.005,1,0,0.963,5.104,,9744,108,9306
"BaselineSweep",10000,3,60,648.431,648.405,4.459,641.905,1,0,0.961,5.566,,9687,107,9350
"BaselineSweep",10000,3,61,656.111,656.126,18.444,649.440,1,0,0.958,5.713,,9939,108,9365
"BaselineSweep",10000,3,62,645.659,645.665,19.506,639.361,1,0,1.305,4.993,,9969,107,9380
"BaselineSweep",10000,3,63,671.331,671.331,4.876,664.460,1,0,1.101,5.770,,9831,108,9374
"BaselineSweep",10000,3,64,648.261,648.246,4.107,642.226,1,0,0.990,5.045,,9859,108,9284
"BaselineSweep",10000,3,65,652.093,652.095,4.212,644.963,1,0,1.744,5.386,,9863,107,9354
"BaselineSweep",10000,3,66,648.772,648.784,4.034,643.543,1,0,1.270,3.959,,9786,108,9374
"BaselineSweep",10000,3,67,633.132,633.132,20.567,627.573,1,0,0.960,4.600,,9926,108,9376
"BaselineSweep",10000,3,68,625.686,625.681,19.167,620.503,1,0,0.961,4.222,,9910,108,9379
"BaselineSweep",10000,3,69,650.789,650.785,4.035,644.139,1,0,1.493,5.157,,9862,107,9493
"BaselineSweep",10000,3,70,650.652,650.577,4.108,644.026,1,0,0.958,5.667,,9861,108,9364
"BaselineSweep",10000,3,71,643.948,644.006,18.736,635.254,1,0,1.312,7.383,,9892,108,9355
"BaselineSweep",10000,3,72,652.214,652.147,19.228,644.805,1,0,1.556,5.852,,9271,108,9430
"BaselineSweep",10000,3,73,663.444,663.525,19.499,658.030,1,0,0.961,4.454,,9885,108,9362
"BaselineSweep",10000,3,74,634.790,634.784,4.045,627.857,1,0,1.314,5.618,,9871,108,9378
"BaselineSweep",10000,3,75,659.402,659.406,4.056,654.704,1,0,1.337,3.361,,9812,108,9395
"BaselineSweep",10000,3,76,642.987,642.985,4.124,637.397,1,0,1.165,4.426,,9852,108,9413
"BaselineSweep",10000,3,77,654.261,654.257,5.067,648.461,1,0,1.347,4.452,,9868,108,9395
"BaselineSweep",10000,3,78,646.101,646.102,19.633,638.782,1,0,1.367,5.952,,9888,108,9475
"BaselineSweep",10000,3,79,641.700,641.679,4.289,632.604,1,0,1.363,7.733,,9892,108,9411
"BaselineSweep",10000,3,80,656.535,656.551,4.019,650.880,1,0,0.987,4.667,,9721,107,9372
"BaselineSweep",10000,3,81,636.074,636.028,20.532,629.351,1,0,1.344,5.379,,9854,108,9300
"BaselineSweep",10000,3,82,647.159,647.183,5.134,640.571,1,0,1.169,5.419,,9896,107,9329
"BaselineSweep",10000,3,83,639.506,639.507,19.217,633.383,1,0,1.038,5.084,,9810,108,9284
"BaselineSweep",10000,3,84,637.760,637.773,19.866,632.543,1,0,1.049,4.168,,9883,108,9371
"BaselineSweep",10000,3,85,646.406,646.407,20.409,640.397,1,0,2.032,3.977,,9935,108,9340
"BaselineSweep",10000,3,86,635.044,635.028,19.129,628.440,1,0,1.305,5.298,,9895,108,9318
"BaselineSweep",10000,3,87,650.885,650.897,19.275,645.744,1,0,1.014,4.127,,9810,108,9342
"BaselineSweep",10000,3,88,652.624,652.549,4.030,646.457,1,0,1.129,5.038,,9858,108,9442
"BaselineSweep",10000,3,89,653.642,653.706,4.316,648.400,1,0,0.991,4.251,,9862,108,9306
"BaselineSweep",10000,3,90,660.661,660.627,4.040,652.345,1,0,1.029,7.287,,9870,108,9383
"BaselineSweep",10000,3,91,645.188,645.222,4.542,639.786,1,0,1.009,4.393,,9940,108,9471
"BaselineSweep",10000,3,92,669.918,669.909,20.398,663.543,1,0,1.313,5.062,,9824,108,9433
"BaselineSweep",10000,3,93,657.779,657.774,4.045,649.405,1,0,1.241,7.134,,9907,108,9388
"BaselineSweep",10000,3,94,659.196,659.115,4.043,651.277,1,0,1.018,6.901,,9830,108,9267
"BaselineSweep",10000,3,95,644.656,644.740,4.027,637.664,1,0,0.993,5.998,,9875,108,9340
"BaselineSweep",10000,3,96,650.648,650.586,4.067,642.660,1,0,1.257,6.732,,9872,108,9453
"BaselineSweep",10000,3,97,662.052,662.113,4.051,655.026,1,0,1.017,6.010,,9912,107,9391
"BaselineSweep",10000,3,98,662.763,662.762,4.013,656.965,1,0,1.008,4.790,,9839,108,9439
"BaselineSweep",10000,3,99,661.840,661.841,4.464,655.744,1,0,1.325,4.771,,9847,108,9327
"BaselineSweep",10000,3,100,664.503,664.499,4.339,655.671,1,0,1.254,7.578,,9860,108,9304
"BaselineSweep",10000,3,101,655.311,655.305,4.286,645.724,1,0,1.029,8.559,,9869,108,9370
"BaselineSweep",10000,3,102,652.849,652.854,12.145,647.313,1,0,1.228,4.308,,9846,108,9489
"BaselineSweep",10000,3,103,658.111,658.110,22.911,653.253,1,0,0.999,3.858,,9870,108,9512
"BaselineSweep",10000,3,104,661.950,661.951,12.474,656.448,1,0,1.074,4.428,,9874,108,9356
"BaselineSweep",10000,3,105,651.768,651.765,4.143,646.113,1,0,1.300,4.356,,9912,108,9430
"BaselineSweep",10000,3,106,653.902,653.896,4.456,647.549,1,0,2.101,4.253,,9880,108,9376
"BaselineSweep",10000,3,107,650.156,650.159,4.023,643.752,1,0,1.335,5.069,,9873,108,9410
"BaselineSweep",10000,3,108,673.939,673.939,4.236,668.507,1,0,1.292,4.140,,9836,106,9244
"BaselineSweep",10000,3,109,643.492,643.488,4.054,637.840,1,0,1.207,4.445,,9775,108,9404
"BaselineSweep",10000,3,110,641.534,641.517,4.016,635.169,1,0,1.315,5.050,,9759,108,9532
"BaselineSweep",10000,3,111,652.390,652.317,4.197,644.181,1,0,1.014,7.195,,9776,107,9320
"BaselineSweep",10000,3,112,649.557,649.640,4.051,643.312,1,0,1.254,4.991,,9821,108,9350
"BaselineSweep",10000,3,113,640.495,640.492,19.539,634.914,1,0,1.480,4.101,,9806,107,9298
"BaselineSweep",10000,3,114,646.363,646.368,20.606,640.907,1,0,1.301,4.155,,9815,108,9425
"BaselineSweep",10000,3,115,642.527,642.523,4.049,637.327,1,0,1.229,3.972,,9927,108,9437
"BaselineSweep",10000,3,116,634.842,634.842,4.332,629.593,1,0,0.983,4.266,,9956,108,9503
"BaselineSweep",10000,3,117,630.249,630.240,4.065,624.403,1,0,1.307,4.540,,9921,108,9384
"BaselineSweep",10000,3,118,657.220,657.144,19.603,651.472,1,0,1.052,4.696,,9760,107,9380
"BaselineSweep",10000,3,119,644.943,645.015,19.701,638.769,1,0,1.191,4.983,,9927,108,9424
"BaselineSweep",10000,3,120,632.202,632.199,4.058,623.645,1,0,1.022,7.535,,9919,107,9335
"BaselineSweep",10000,3,121,638.725,638.731,4.364,632.787,1,0,1.292,4.645,,9901,108,9321
"BaselineSweep",10000,3,122,635.103,635.103,4.043,629.367,1,0,1.288,4.448,,9902,108,654
"BaselineSweep",10000,3,123,637.367,637.367,20.062,632.120,1,0,1.247,4.000,,9881,108,9337
"BaselineSweep",10000,3,124,638.811,638.801,20.745,631.357,1,0,1.060,6.394,,9919,107,9367
"BaselineSweep",10000,3,125,649.468,649.470,5.032,643.656,1,0,1.343,4.468,,9929,108,9412
"BaselineSweep",10000,3,126,647.131,647.127,19.995,639.476,1,0,1.058,6.597,,9806,107,9369
"BaselineSweep",10000,3,127,657.890,657.893,19.777,650.909,1,0,1.322,5.659,,9921,108,9369
"BaselineSweep",10000,3,128,658.628,658.615,19.919,649.897,1,0,1.320,7.410,,9854,108,9359
"BaselineSweep",10000,3,129,670.992,670.994,4.035,663.489,1,0,1.266,6.237,,9826,108,9445
"BaselineSweep",10000,3,130,636.181,636.188,0.000,630.694,1,0,1.065,4.423,,9822,108,9285
"BaselineSweep",10000,3,131,648.423,648.424,4.061,642.946,1,0,1.308,4.169,,9731,107,9367
"BaselineSweep",10000,3,132,646.756,646.684,19.579,637.471,1,0,1.298,7.988,,9819,108,9358
"BaselineSweep",10000,3,133,650.305,650.372,19.617,645.003,1,0,0.985,4.317,,9729,108,9345
"BaselineSweep",10000,3,134,647.388,647.375,19.132,638.305,1,0,1.026,8.057,,9810,108,9451
"BaselineSweep",10000,3,135,655.293,655.304,4.069,649.900,1,0,1.014,4.379,,9935,108,9396
"BaselineSweep",10000,3,136,649.816,649.764,4.060,645.418,1,0,0.978,3.420,,9701,108,9315
"BaselineSweep",10000,3,137,649.503,649.552,20.668,643.538,1,0,1.234,4.732,,9939,108,9367
"BaselineSweep",10000,3,138,652.396,652.346,4.425,645.221,1,0,1.328,5.848,,9911,108,9353
"BaselineSweep",10000,3,139,654.642,654.689,4.050,647.601,1,0,2.221,4.820,,9926,108,9342
"BaselineSweep",10000,3,140,661.344,661.340,4.129,655.671,1,0,1.307,4.365,,9716,108,9340
"BaselineSweep",10000,3,141,666.838,666.841,4.254,660.303,1,0,1.645,4.891,,9792,108,9347
"BaselineSweep",10000,3,142,665.820,665.811,19.286,654.602,1,0,1.350,9.868,,9809,108,9395
"BaselineSweep",10000,3,143,674.582,674.582,20.005,668.022,1,0,0.969,5.591,,9811,108,9328
"BaselineSweep",10000,3,144,660.468,660.470,18.410,653.745,1,0,1.395,5.329,,9901,108,9397
"BaselineSweep",10000,3,145,669.860,669.860,19.561,664.701,1,0,0.945,4.215,,9869,108,9321
"BaselineSweep",10000,3,146,656.674,656.672,20.559,650.874,1,0,1.293,4.507,,9720,108,9380
"BaselineSweep",10000,3,147,670.642,670.640,19.759,663.568,1,0,1.490,5.584,,9872,108,9383
"BaselineSweep",10000,3,148,648.186,648.187,4.810,642.223,1,0,1.345,4.619,,9865,108,9398
"BaselineSweep",10000,3,149,667.511,667.509,19.090,661.630,1,0,1.323,4.558,,9678,108,9358
"BaselineSweep",10000,3,150,664.863,664.862,19.870,659.979,1,0,1.063,3.821,,9820,107,9347
"BaselineSweep",10000,3,151,638.005,637.994,18.450,630.907,1,0,1.308,5.791,,9901,108,9406
"BaselineSweep",10000,3,152,638.059,638.034,19.785,629.641,1,0,2.597,5.820,,9880,108,9393
"BaselineSweep",10000,3,153,639.082,639.107,19.138,631.404,1,0,1.120,6.558,,9763,108,9511
"BaselineSweep",10000,3,154,629.879,629.872,20.663,624.098,1,0,1.292,4.488,,9878,108,9274
"BaselineSweep",10000,3,155,632.140,632.111,19.273,624.109,1,0,1.294,6.738,,9733,107,9280
"BaselineSweep",10000,3,156,626.888,626.920,18.714,621.449,1,0,0.960,4.479,,9788,107,9388
"BaselineSweep",10000,3,157,637.740,637.744,20.611,631.757,1,0,1.338,4.645,,9786,108,9395
"BaselineSweep",10000,3,158,631.483,631.480,18.975,625.765,1,0,1.242,4.476,,9943,108,9538
"BaselineSweep",10000,3,159,638.168,637.091,19.393,629.654,1,0,0.963,7.551,,9844,108,9442
"BaselineSweep",10000,3,160,630.403,631.470,19.179,625.036,1,0,1.043,4.323,,9832,107,9434
"BaselineSweep",10000,3,161,637.768,637.772,20.705,632.481,1,0,1.016,4.270,,9840,108,9448
"BaselineSweep",10000,3,162,650.001,650.000,18.581,644.306,1,0,1.042,4.653,,9857,107,9454
"BaselineSweep",10000,3,163,643.254,643.250,18.072,638.023,1,0,1.050,4.181,,9806,108,9454
"BaselineSweep",10000,3,164,650.919,650.916,7.072,645.596,1,0,1.011,4.312,,9809,107,9534
"BaselineSweep",10000,3,165,648.786,648.783,4.266,642.314,1,0,1.229,5.242,,9928,108,9485
"BaselineSweep",10000,3,166,655.712,655.665,19.290,649.413,1,0,1.321,4.978,,9892,108,9374
"BaselineSweep",10000,3,167,644.152,644.180,22.975,636.749,1,0,1.014,6.388,,9880,107,9359
"BaselineSweep",10000,3,168,657.172,657.190,22.544,650.302,1,0,1.990,4.879,,9825,108,9451
"BaselineSweep",10000,3,169,663.214,663.206,5.098,653.597,1,0,1.011,8.606,,9911,108,9395
"BaselineSweep",10000,3,170,652.228,652.216,4.532,644.034,1,0,1.028,7.166,,9863,108,9306
"BaselineSweep",10000,3,171,651.957,651.970,4.064,646.184,1,0,1.038,4.735,,9842,108,9341
"BaselineSweep",10000,3,172,648.272,648.266,22.601,641.649,1,0,1.365,5.258,,9810,107,9401
"BaselineSweep",10000,3,173,653.190,653.191,22.865,647.649,1,0,1.056,4.485,,9765,108,9220
"BaselineSweep",10000,3,174,666.475,666.475,11.837,657.351,1,0,1.076,8.048,,9827,108,9413
"BaselineSweep",10000,3,175,659.539,657.972,22.779,652.401,1,0,1.432,5.705,,9800,107,9494
"BaselineSweep",10000,3,176,654.476,656.039,4.087,648.434,1,0,1.348,4.694,,9763,107,9286
"BaselineSweep",10000,3,177,653.224,653.222,4.056,646.514,1,0,1.011,5.699,,9710,108,9344
"BaselineSweep",10000,3,178,653.596,653.587,4.068,648.037,1,0,1.274,4.286,,9755,108,9409
"BaselineSweep",10000,3,179,665.855,665.860,4.032,659.617,1,0,1.361,4.876,,9848,107,9439
"BaselineSweep",10000,3,180,658.742,658.741,4.030,652.773,1,0,1.334,4.634,,9827,108,9347
"BaselineSweep",10000,3,181,668.515,668.511,4.124,663.135,1,0,1.186,4.195,,9821,108,9432
"BaselineSweep",10000,3,182,660.311,660.310,4.044,654.755,1,0,0.995,4.561,,9866,108,9443
"BaselineSweep",10000,3,183,671.364,671.356,4.157,661.462,1,0,1.060,8.842,,9795,108,9530
"BaselineSweep",10000,3,184,666.724,666.627,4.046,660.640,1,0,1.325,4.760,,9828,108,9345
"BaselineSweep",10000,3,185,651.714,651.813,4.051,645.552,1,0,1.253,4.909,,9807,108,9293
"BaselineSweep",10000,3,186,669.686,669.688,4.018,664.414,1,0,0.984,4.287,,9965,108,9452
"BaselineSweep",10000,3,187,654.575,654.568,5.245,643.329,1,0,1.335,9.911,,9880,108,9378
"BaselineSweep",10000,3,188,663.417,663.420,13.115,657.972,1,0,1.317,4.128,,9857,108,9445
"BaselineSweep",10000,3,189,645.077,645.078,16.851,639.362,1,0,1.354,4.361,,9848,108,9385
"BaselineSweep",10000,3,190,646.918,646.915,20.513,641.086,1,0,1.317,4.514,,9838,108,9410
"BaselineSweep",10000,3,191,651.125,651.121,20.369,645.829,1,0,0.959,4.337,,9908,107,9428
"BaselineSweep",10000,3,192,660.636,660.639,19.143,655.479,1,0,0.998,4.159,,9899,108,9438
"BaselineSweep",10000,3,193,637.960,637.952,14.057,632.551,1,0,0.977,4.432,,9922,108,9525
"BaselineSweep",10000,3,194,636.751,636.755,19.118,631.590,1,0,0.961,4.200,,9905,108,9308
"BaselineSweep",10000,3,195,629.154,629.151,19.698,622.646,1,0,1.299,5.209,,9904,108,9482
"BaselineSweep",10000,3,196,640.099,640.097,19.214,634.449,1,0,1.306,4.343,,9860,108,9285
"BaselineSweep",10000,3,197,643.866,643.858,20.629,637.854,1,0,1.268,4.744,,9823,107,9398
"BaselineSweep",10000,3,198,650.072,650.054,5.698,640.525,1,0,1.304,8.243,,9827,108,9429
"BaselineSweep",10000,3,199,654.035,654.054,7.673,648.840,1,0,0.956,4.239,,9890,108,9414
"BaselineSweep",10000,3,200,658.018,658.016,20.589,651.930,1,0,1.077,5.010,,9914,108,9423
"BaselineSweep",10000,3,201,645.328,645.330,19.553,640.113,1,0,0.956,4.259,,9852,108,9392
"BaselineSweep",10000,3,202,641.192,641.190,19.290,636.197,1,0,1.349,3.646,,9816,108,9351
"BaselineSweep",10000,3,203,636.735,636.727,18.912,627.615,1,0,0.990,8.130,,9791,108,9350
"BaselineSweep",10000,3,204,651.657,651.660,20.061,646.026,1,0,0.973,4.658,,9768,108,9334
"BaselineSweep",10000,3,205,649.247,649.236,19.086,643.017,1,0,1.650,4.580,,9025,108,9305
"BaselineSweep",10000,3,206,658.823,658.832,19.760,653.387,1,0,1.327,4.108,,9828,108,9294
"BaselineSweep",10000,3,207,648.185,648.184,18.631,642.498,1,0,1.310,4.378,,9815,108,9209
"BaselineSweep",10000,3,208,651.655,651.651,4.014,646.180,1,0,1.295,4.180,,9812,108,9398
"BaselineSweep",10000,3,209,637.587,637.545,4.382,630.524,1,0,1.013,6.049,,9800,108,9395
"BaselineSweep",10000,3,210,653.476,653.508,18.866,645.710,1,0,2.351,5.415,,9903,108,9504
"BaselineSweep",10000,3,211,650.685,650.681,16.155,641.537,1,0,1.371,7.777,,9853,107,9472
"BaselineSweep",10000,3,212,640.270,640.275,20.482,634.781,1,0,1.010,4.479,,9809,108,9361
"BaselineSweep",10000,3,213,644.364,644.365,19.093,637.841,1,0,1.295,5.227,,9803,108,9366
"BaselineSweep",10000,3,214,643.280,643.276,19.613,637.611,1,0,0.979,4.690,,9909,107,9556
"BaselineSweep",10000,3,215,638.372,638.354,20.353,631.313,1,0,1.270,5.788,,9785,108,9363
"BaselineSweep",10000,3,216,655.451,655.468,18.982,650.237,1,0,0.948,4.265,,9769,108,9314
"BaselineSweep",10000,3,217,656.439,656.430,19.559,648.249,1,0,1.223,6.968,,9917,108,9352
"BaselineSweep",10000,3,218,656.835,656.803,19.344,650.812,1,0,1.312,4.711,,9866,108,9382
"BaselineSweep",10000,3,219,657.121,657.157,19.438,651.256,1,0,1.493,4.372,,9781,108,9353
"BaselineSweep",10000,3,220,642.399,642.394,19.174,636.943,1,0,1.049,4.408,,9790,108,9280
"BaselineSweep",10000,3,221,656.481,656.474,5.062,650.428,1,0,1.221,4.831,,9727,108,9360
"BaselineSweep",10000,3,222,645.828,645.832,18.748,637.350,1,0,0.982,7.497,,9739,107,9362
"BaselineSweep",10000,3,223,646.513,646.516,22.706,641.122,1,0,0.980,4.411,,9784,108,9357
"BaselineSweep",10000,3,224,640.131,640.126,20.581,631.222,1,0,1.151,7.759,,9776,108,9455
"BaselineSweep",10000,3,225,636.745,636.750,19.473,630.605,1,0,0.996,5.144,,9820,108,9348
"BaselineSweep",10000,3,226,644.890,644.878,19.840,638.343,1,0,1.089,5.459,,9743,108,9238
"BaselineSweep",10000,3,227,636.751,636.755,20.498,628.876,1,0,1.308,6.567,,9900,108,9340
"BaselineSweep",10000,3,228,642.598,642.584,4.039,634.603,1,0,1.000,6.995,,9870,108,9350
"BaselineSweep",10000,3,229,639.422,639.436,4.027,634.183,1,0,0.961,4.278,,9838,107,9284
"BaselineSweep",10000,3,230,639.187,639.155,0.000,628.935,1,0,1.284,8.969,,9813,108,9453
"BaselineSweep",10000,3,231,651.130,651.157,4.222,645.551,1,0,0.971,4.608,,9819,107,9397
"BaselineSweep",10000,3,232,649.322,649.320,4.223,642.920,1,0,1.334,5.068,,9839,108,9398
"BaselineSweep",10000,3,233,646.739,646.739,4.028,640.855,1,0,1.306,4.578,,9807,107,9316
"BaselineSweep",10000,3,234,642.514,642.513,4.024,637.557,1,0,1.281,3.676,,9789,108,9383
"BaselineSweep",10000,3,235,631.715,631.714,4.151,627.094,1,0,1.197,3.424,,9800,106,9254
"BaselineSweep",10000,3,236,640.573,640.570,4.034,635.205,1,0,1.012,4.357,,9812,108,9365
"BaselineSweep",10000,3,237,633.046,633.042,4.061,627.834,1,0,0.988,4.225,,9747,108,9340
"BaselineSweep",10000,3,238,641.987,641.987,20.402,636.565,1,0,1.011,4.411,,9784,107,9472
"BaselineSweep",10000,3,239,649.160,649.105,20.551,641.874,1,0,0.985,6.302,,9815,108,9419
"BaselineSweep",10000,3,240,637.219,637.273,5.606,631.899,1,0,1.050,4.271,,9899,107,9363
"BaselineSweep",10000,3,241,631.700,631.696,4.557,626.429,1,0,1.067,4.204,,9908,108,9371
"BaselineSweep",10000,3,242,639.119,639.117,4.030,633.992,1,0,1.031,4.096,,9815,108,9507
"BaselineSweep",10000,3,243,671.259,671.238,4.250,664.197,1,0,2.136,4.925,,9792,108,9326
"BaselineSweep",10000,3,244,644.862,644.878,4.021,639.669,1,0,0.986,4.208,,9726,108,9451
"BaselineSweep",10000,3,245,646.294,646.247,18.381,637.822,1,0,1.052,7.420,,9943,108,9447
"BaselineSweep",10000,3,246,646.579,646.623,18.374,640.929,1,0,1.053,4.596,,9889,108,9481
"BaselineSweep",10000,3,247,648.713,648.709,4.044,640.003,1,0,1.012,7.698,,9819,107,9458
"BaselineSweep",10000,3,248,639.265,639.265,4.599,633.583,1,0,1.331,4.351,,9823,108,9350
"BaselineSweep",10000,3,249,633.481,633.482,4.043,627.966,1,0,1.005,4.510,,9829,108,9357
"BaselineSweep",10000,3,250,637.196,637.189,4.088,629.109,1,0,0.989,7.097,,9658,107,9379
"BaselineSweep",10000,3,251,648.941,648.944,4.042,643.369,1,0,1.004,4.568,,9710,108,9417
"BaselineSweep",10000,3,252,661.183,661.181,4.218,653.954,1,0,1.335,5.894,,9797,108,9476
"BaselineSweep",10000,3,253,661.579,661.581,4.057,656.062,1,0,1.385,4.132,,9911,108,9350
"BaselineSweep",10000,3,254,662.983,662.972,4.030,653.352,1,0,1.455,8.177,,9878,108,9388
"BaselineSweep",10000,3,255,666.905,666.908,4.893,659.457,1,0,1.334,6.114,,9861,107,9450
"BaselineSweep",10000,3,256,658.342,658.340,4.044,652.527,1,0,1.324,4.491,,9917,107,9457
"BaselineSweep",10000,3,257,657.836,657.830,4.015,649.512,1,0,1.013,7.311,,9870,107,9514
"BaselineSweep",10000,3,258,641.221,641.227,4.061,635.808,1,0,1.233,4.180,,9670,108,9383
"BaselineSweep",10000,3,259,659.156,659.150,4.034,651.876,1,0,1.181,6.099,,9849,108,9380
"BaselineSweep",10000,3,260,650.748,650.747,4.416,645.274,1,0,1.032,4.442,,9925,108,9461
"BaselineSweep",10000,3,261,657.017,657.014,4.033,648.182,1,0,1.449,7.386,,9830,108,9320
"BaselineSweep",10000,3,262,651.862,651.863,13.704,646.111,1,0,1.219,4.531,,9864,106,9416
"BaselineSweep",10000,3,263,654.829,654.826,12.747,648.850,1,0,1.407,4.572,,9829,108,9280
"BaselineSweep",10000,3,264,647.173,647.126,22.892,639.498,1,0,1.005,6.669,,9789,108,9306
"BaselineSweep",10000,3,265,660.177,660.217,4.801,651.532,1,0,1.325,7.320,,9823,108,9385
"BaselineSweep",10000,3,266,653.801,653.793,4.032,643.665,1,0,1.309,8.826,,9826,108,9346
"BaselineSweep",10000,3,267,661.183,661.193,4.175,654.767,1,0,1.836,4.581,,9909,108,9380
"BaselineSweep",10000,3,268,642.926,642.873,4.030,636.742,1,0,0.970,5.214,,9728,108,9306
"BaselineSweep",10000,3,269,633.341,633.392,4.049,627.733,1,0,1.416,4.192,,9786,108,9359
"BaselineSweep",10000,3,270,643.991,643.981,4.206,635.750,1,0,0.988,7.253,,9790,107,9442
"BaselineSweep",10000,3,271,634.036,634.042,4.047,628.844,1,0,0.951,4.241,,9805,108,9307
"BaselineSweep",10000,3,272,651.273,651.266,20.414,642.009,1,0,1.265,7.999,,9848,108,9343
"BaselineSweep",10000,3,273,633.754,633.760,19.779,628.422,1,0,1.131,4.202,,9947,108,9408
"BaselineSweep",10000,3,274,637.280,637.275,4.033,631.751,1,0,0.989,4.541,,9801,108,9354
"BaselineSweep",10000,3,275,639.662,639.663,4.147,634.601,1,0,0.945,4.117,,9805,108,9273
"BaselineSweep",10000,3,276,641.687,641.652,19.457,632.555,1,0,1.156,7.976,,9178,108,9322
"BaselineSweep",10000,3,277,634.713,634.744,20.404,629.519,1,0,1.291,3.902,,9817,108,9354
"BaselineSweep",10000,3,278,641.743,641.743,20.451,636.678,1,0,0.951,4.114,,9753,108,9416
"BaselineSweep",10000,3,279,648.977,648.976,17.012,643.598,1,0,0.955,4.424,,9852,108,9360
"BaselineSweep",10000,3,280,637.178,637.141,20.481,628.962,1,0,1.401,6.815,,9786,108,9443
"BaselineSweep",10000,3,281,640.249,640.281,20.555,634.622,1,0,0.971,4.656,,9788,108,9307
"BaselineSweep",10000,3,282,654.974,654.965,19.908,647.012,1,0,0.943,7.020,,9755,108,9473
"BaselineSweep",10000,3,283,632.154,632.159,19.165,626.121,1,0,1.236,4.797,,9861,108,9315
"BaselineSweep",10000,3,284,639.196,639.128,19.928,631.376,1,0,1.145,6.675,,9805,108,9380
"BaselineSweep",10000,3,285,637.178,637.246,19.682,632.161,1,0,0.943,4.073,,9869,108,9384
"BaselineSweep",10000,3,286,636.655,636.653,19.396,631.628,1,0,0.963,4.065,,9679,108,9396
"BaselineSweep",10000,3,287,640.669,640.668,19.321,635.356,1,0,1.116,4.198,,9289,108,9345
"BaselineSweep",10000,3,288,641.469,641.420,18.834,635.070,1,0,1.284,5.115,,9824,108,9452
"BaselineSweep",10000,3,289,646.617,646.662,19.207,641.449,1,0,1.134,4.034,,9847,108,9349
"BaselineSweep",10000,3,290,629.763,629.764,18.894,624.424,1,0,0.932,4.407,,9784,107,9323
"BaselineSweep",10000,3,291,641.376,641.364,19.840,634.077,1,0,1.106,6.194,,9856,108,9417
"BaselineSweep",10000,3,292,642.349,642.349,4.036,636.439,1,0,1.217,4.694,,9775,108,9314
"BaselineSweep",10000,3,293,645.602,645.607,4.169,639.979,1,0,1.320,4.304,,9913,108,9376
"BaselineSweep",10000,3,294,659.261,659.259,19.040,653.284,1,0,1.307,4.669,,9840,108,9395
"BaselineSweep",10000,3,295,654.453,654.450,20.558,648.519,1,0,1.328,4.606,,9781,108,9306
"BaselineSweep",10000,3,296,636.998,636.997,19.734,631.189,1,0,0.976,4.833,,9821,108,9410
"BaselineSweep",10000,3,297,647.599,647.597,4.036,638.293,1,0,1.148,8.158,,9822,107,9323
"BaselineSweep",10000,3,298,635.287,635.289,4.042,629.095,1,0,1.594,4.598,,9867,108,9216
"BaselineSweep",10000,3,299,636.433,636.431,4.053,630.905,1,0,1.252,4.276,,9804,108,9358
"BaselineSweep",500,4,0,4.223,4.221,0.600,1.862,1,0,0.046,2.314,,502,13,500
"BaselineSweep",500,4,1,2.847,2.849,0.557,1.555,1,0,0.041,1.250,,507,13,500
"BaselineSweep",500,4,2,2.697,2.698,0.513,1.576,1,0,0.041,1.080,86016,512,13,504
"BaselineSweep",500,4,3,2.962,2.958,0.520,1.768,1,0,0.042,1.152,,513,13,505
"BaselineSweep",500,4,4,1.945,1.949,0.563,1.478,1,0,0.048,0.419,90112,507,13,505
"BaselineSweep",500,4,5,3.432,3.420,0.565,2.297,1,0,0.042,1.093,,454,13,452
"BaselineSweep",500,4,6,3.142,3.146,0.512,1.975,1,0,0.043,1.124,,574,13,563
"BaselineSweep",500,4,7,2.748,2.748,0.517,1.599,1,0,0.047,1.102,204800,509,13,508
"BaselineSweep",500,4,8,2.980,2.982,0.516,1.855,1,0,0.049,1.076,,511,13,507
"BaselineSweep",500,4,9,2.972,2.971,0.516,1.823,1,0,0.041,1.108,,506,13,496
"BaselineSweep",500,4,10,2.072,2.069,0.673,1.589,1,0,0.042,0.441,131072,511,13,497
"BaselineSweep",500,4,11,3.045,3.040,0.580,1.871,1,0,0.042,1.132,,409,13,404
"BaselineSweep",500,4,12,2.018,2.027,0.657,1.605,1,0,0.040,0.374,167936,608,13,592
"BaselineSweep",500,4,13,2.288,2.282,0.542,1.844,1,0,0.044,0.401,,511,13,505
"BaselineSweep",500,4,14,2.981,2.980,0.522,1.807,1,0,0.047,1.128,,510,13,506
"BaselineSweep",500,4,15,2.141,2.146,0.592,1.637,1,0,0.040,0.464,98304,512,13,504
"BaselineSweep",500,4,16,2.235,2.232,0.524,1.776,1,0,0.040,0.419,,115,13,115
"BaselineSweep",500,4,17,2.094,2.095,0.561,1.669,1,0,0.041,0.385,135168,772,13,762
"BaselineSweep",500,4,18,3.366,3.358,0.540,2.091,1,0,0.045,1.231,,504,13,498
"BaselineSweep",500,4,19,2.383,2.386,0.544,1.670,1,0,0.048,0.665,,657,13,653
"BaselineSweep",500,4,20,2.748,2.739,0.537,1.584,1,0,0.041,1.123,139264,510,13,498
"BaselineSweep",500,4,21,4.081,4.088,0.535,2.762,1,0,0.091,1.228,,513,13,510
"BaselineSweep",500,4,22,1.993,1.993,0.542,1.486,1,0,0.042,0.465,118784,505,13,499
"BaselineSweep",500,4,23,2.797,2.799,0.519,1.693,1,0,0.044,1.060,,285,13,283
"BaselineSweep",500,4,24,2.823,2.823,0.512,1.724,1,0,0.042,1.058,,744,13,735
"BaselineSweep",500,4,25,2.643,2.643,0.679,1.522,1,0,0.040,1.080,131072,514,13,499
"BaselineSweep",500,4,26,3.826,3.809,0.523,2.320,1,0,0.060,1.445,,510,13,493
"BaselineSweep",500,4,27,3.523,3.532,0.683,2.082,1,0,0.051,1.390,,514,13,509
"BaselineSweep",500,4,28,1.932,1.937,0.557,1.489,1,0,0.044,0.399,65536,513,13,498
"BaselineSweep",500,4,29,3.012,3.001,0.560,1.799,1,0,0.041,1.171,,330,13,322
"BaselineSweep",500,4,30,1.960,1.969,0.516,1.507,1,0,0.046,0.408,102400,1015,13,685
"BaselineSweep",500,4,31,3.025,3.018,0.519,1.805,1,0,0.046,1.175,,421,13,410
"BaselineSweep",500,4,32,3.047,3.050,0.570,1.829,1,0,0.054,1.163,,607,13,998
"BaselineSweep",500,4,33,2.751,2.754,0.569,1.565,1,0,0.040,1.147,102400,502,13,490
"BaselineSweep",500,4,34,2.989,2.979,0.559,1.806,1,0,0.041,1.141,,503,13,491
"BaselineSweep",500,4,35,3.023,3.028,0.569,1.607,1,0,0.040,1.376,,513,13,499
"BaselineSweep",500,4,36,2.026,2.027,0.558,1.558,1,0,0.040,0.428,40960,509,13,501
"BaselineSweep",500,4,37,2.208,2.209,0.537,1.777,1,0,0.040,0.392,,507,13,491
"BaselineSweep",500,4,38,2.740,2.739,0.526,1.617,1,0,0.038,1.085,118784,512,13,496
"BaselineSweep",500,4,39,2.639,2.638,0.769,2.169,1,0,0.041,0.429,,515,13,506
"BaselineSweep",500,4,40,3.056,3.050,0.652,1.594,1,0,0.040,1.421,,511,13,493
"BaselineSweep",500,4,41,2.711,2.709,0.547,1.501,1,0,0.045,1.166,172032,1030,13,508
"BaselineSweep",500,4,42,2.984,2.988,0.579,1.804,1,0,0.042,1.138,,517,13,512
"BaselineSweep",500,4,43,2.780,2.781,0.539,1.621,1,0,0.041,1.118,200704,514,13,502
"BaselineSweep",500,4,44,2.251,2.249,0.527,1.754,1,0,0.041,0.456,,515,13,510
"BaselineSweep",500,4,45,2.197,2.199,0.632,1.562,1,0,0.040,0.595,,462,13,461
"BaselineSweep",500,4,46,2.750,2.748,0.520,1.600,1,0,0.040,1.110,151552,1028,13,555
"BaselineSweep",500,4,47,2.937,2.936,0.528,1.812,1,0,0.045,1.080,,517,13,512
"BaselineSweep",500,4,48,2.171,2.173,0.524,1.658,1,0,0.044,0.469,135168,515,13,507
"BaselineSweep",500,4,49,2.981,2.970,0.514,1.801,1,0,0.044,1.137,,260,12,251
"BaselineSweep",500,4,50,2.372,2.379,0.556,1.635,1,0,0.041,0.697,,777,14,773
"BaselineSweep",500,4,51,2.757,2.759,0.561,1.594,1,0,0.043,1.119,122880,352,13,346
"BaselineSweep",500,4,52,3.249,3.242,0.570,1.881,1,0,0.041,1.327,,679,13,668
"BaselineSweep",500,4,53,2.158,2.161,0.879,1.479,1,0,0.042,0.637,118784,519,13,509
"BaselineSweep",500,4,54,3.021,3.018,0.509,1.822,1,0,0.042,1.158,,518,13,506
"BaselineSweep",500,4,55,2.911,2.911,0.522,1.558,1,0,0.039,1.315,,516,13,508
"BaselineSweep",500,4,56,1.993,1.988,0.570,1.568,1,0,0.042,0.384,61440,510,13,501
"BaselineSweep",500,4,57,2.298,2.304,0.506,1.857,1,0,0.044,0.397,,438,13,426
"BaselineSweep",500,4,58,2.954,2.949,0.525,1.689,1,0,0.041,1.225,135168,469,13,457
"BaselineSweep",500,4,59,3.045,3.046,0.515,1.880,1,0,0.045,1.121,,646,13,644
"BaselineSweep",500,4,60,3.005,3.004,0.517,1.634,1,0,0.042,1.328,,519,13,510
"BaselineSweep",500,4,61,2.604,2.605,0.850,1.483,1,0,0.041,1.080,90112,516,13,511
"BaselineSweep",500,4,62,3.030,3.027,0.519,1.842,1,0,0.044,1.145,,520,13,514
"BaselineSweep",500,4,63,2.955,2.944,0.523,1.627,1,0,0.040,1.288,,521,13,518
"BaselineSweep",500,4,64,3.158,3.165,0.568,1.748,1,0,0.051,1.359,77824,511,13,502
"BaselineSweep",500,4,65,2.867,2.870,0.000,1.701,1,0,0.043,1.123,,516,13,503
"BaselineSweep",500,4,66,2.726,2.728,0.564,1.488,1,0,0.041,1.197,106496,520,13,518
"BaselineSweep",500,4,67,2.922,2.918,0.562,1.806,1,0,0.042,1.074,,514,13,509
"BaselineSweep",500,4,68,2.368,2.361,0.510,1.598,1,0,0.039,0.732,,506,13,504
"BaselineSweep",500,4,69,3.352,3.356,0.519,1.999,1,0,0.052,1.300,94208,514,13,511
"BaselineSweep",500,4,70,3.814,3.806,0.515,2.457,1,0,0.065,1.291,,514,13,508
"BaselineSweep",500,4,71,2.923,2.932,0.509,1.685,1,0,0.045,1.193,110592,519,13,516
"BaselineSweep",500,4,72,3.101,3.100,0.514,1.967,1,0,0.042,1.091,,517,13,517
"BaselineSweep",500,4,73,2.955,2.952,0.560,1.742,1,0,0.040,1.172,,519,13,508
"BaselineSweep",500,4,74,2.155,2.147,0.505,1.579,1,0,0.041,0.535,139264,513,13,496
"BaselineSweep",500,4,75,3.140,3.143,0.698,1.940,1,0,0.051,1.149,,517,13,505
"BaselineSweep",500,4,76,3.925,3.925,0.529,1.473,1,0,0.040,2.412,196608,516,13,512
"BaselineSweep",500,4,77,3.289,3.281,0.527,1.946,1,0,0.042,1.302,,518,13,503
"BaselineSweep",500,4,78,2.991,2.999,0.534,1.782,1,0,0.042,1.168,,514,13,514
"BaselineSweep",500,4,79,2.029,2.028,0.585,1.477,1,0,0.038,0.514,118784,519,13,518
"BaselineSweep",500,4,80,2.940,2.941,0.520,1.820,1,0,0.049,1.071,,452,13,445
"BaselineSweep",500,4,81,2.109,2.110,0.525,1.579,1,0,0.040,0.490,147456,583,13,571
"BaselineSweep",500,4,82,2.274,2.267,0.525,1.766,1,0,0.045,0.463,,221,13,218
"BaselineSweep",500,4,83,2.215,2.215,0.536,1.511,1,0,0.039,0.665,,793,13,789
"BaselineSweep",500,4,84,2.745,2.739,0.579,1.548,1,0,0.042,1.156,126976,531,13,525
"BaselineSweep",500,4,85,2.928,2.934,0.572,1.729,1,0,0.043,1.156,,516,13,507
"BaselineSweep",500,4,86,2.704,2.696,0.586,1.596,1,0,0.040,1.067,147456,514,13,504
"BaselineSweep",500,4,87,2.955,2.959,0.537,1.757,1,0,0.040,1.158,,514,13,507
"BaselineSweep",500,4,88,2.975,2.976,0.535,1.791,1,0,0.041,1.143,,521,13,518
"BaselineSweep",500,4,89,2.189,2.191,0.537,1.613,1,0,0.040,0.536,69632,515,13,502
"BaselineSweep",500,4,90,3.059,3.052,0.858,1.761,1,0,0.042,1.255,,346,13,344
"BaselineSweep",500,4,91,2.728,2.716,0.535,1.490,1,0,0.047,1.192,135168,685,13,1031
"BaselineSweep",500,4,92,3.042,3.054,0.586,1.821,1,0,0.043,1.177,,520,13,504
"BaselineSweep",500,4,93,2.303,2.305,0.585,1.731,1,0,0.046,0.525,,513,13,515
"BaselineSweep",500,4,94,2.617,2.619,0.590,1.540,1,0,0.039,1.038,110592,121,12,121
"BaselineSweep",500,4,95,2.935,2.932,0.592,1.791,1,0,0.040,1.104,,920,14,913
"BaselineSweep",500,4,96,2.921,2.918,0.530,1.570,1,0,0.039,1.312,126976,517,13,508
"BaselineSweep",500,4,97,2.999,2.992,0.537,1.698,1,0,0.047,1.254,,521,13,517
"BaselineSweep",500,4,98,3.182,3.178,0.535,1.893,1,0,0.074,1.215,,519,13,516
"BaselineSweep",500,4,99,2.211,2.161,0.532,1.560,1,0,0.041,0.611,53248,521,13,520
"BaselineSweep",500,4,100,3.101,3.156,0.534,1.845,1,0,0.046,1.210,,74,12,74
"BaselineSweep",500,4,101,2.699,2.706,1.282,1.567,1,0,0.041,1.091,110592,949,14,946
"BaselineSweep",500,4,102,2.951,2.949,0.617,1.782,1,0,0.041,1.128,,518,13,510
"BaselineSweep",500,4,103,2.927,2.925,0.523,1.813,1,0,0.040,1.074,,516,13,514
"BaselineSweep",500,4,104,2.150,2.152,0.527,1.629,1,0,0.041,0.480,36864,520,13,513
"BaselineSweep",500,4,105,3.235,3.227,0.562,2.028,1,0,0.043,1.164,,221,12,221
"BaselineSweep",500,4,106,2.874,2.868,0.512,1.594,1,0,0.042,1.238,217088,817,14,806
"BaselineSweep",500,4,107,3.030,3.034,0.524,1.826,1,0,0.045,1.158,,516,13,509
"BaselineSweep",500,4,108,3.020,3.022,0.524,1.744,1,0,0.042,1.233,,511,13,513
"BaselineSweep",500,4,109,2.593,2.597,0.527,1.486,1,0,0.048,1.059,167936,516,13,513
"BaselineSweep",500,4,110,2.978,2.974,0.573,1.854,1,0,0.041,1.083,,518,13,512
"BaselineSweep",500,4,111,3.140,3.139,0.561,1.600,1,0,0.040,1.501,,518,13,509
"BaselineSweep",500,4,112,2.823,2.823,0.514,1.563,1,0,0.042,1.218,135168,520,13,519
"BaselineSweep",500,4,113,3.135,3.116,0.000,1.776,1,0,0.043,1.316,,503,13,490
"BaselineSweep",500,4,114,2.673,2.692,0.524,1.489,1,0,0.048,1.136,163840,520,13,517
"BaselineSweep",500,4,115,3.206,3.203,0.796,1.864,1,0,0.044,1.298,,520,13,513
"BaselineSweep",500,4,116,2.896,2.893,0.631,1.561,1,0,0.041,1.295,,519,13,517
"BaselineSweep",500,4,117,2.046,2.050,0.530,1.571,1,0,0.041,0.435,77824,515,13,501
"BaselineSweep",500,4,118,2.256,2.253,0.000,1.622,1,0,0.040,0.594,,319,13,318
"BaselineSweep",500,4,119,2.788,2.788,0.837,1.592,1,0,0.042,1.154,126976,498,12,494
"BaselineSweep",500,4,120,3.152,3.143,0.529,1.932,1,0,0.047,1.173,,1233,14,723
"BaselineSweep",500,4,121,2.737,2.742,0.518,1.475,1,0,0.039,1.223,147456,518,13,517
"BaselineSweep",500,4,122,3.115,3.116,0.536,1.770,1,0,0.043,1.303,,519,13,519
"BaselineSweep",500,4,123,3.099,3.096,0.589,1.491,1,0,0.042,1.566,,510,13,508
"BaselineSweep",500,4,124,2.693,2.698,0.529,1.528,1,0,0.041,1.124,90112,511,13,498
"BaselineSweep",500,4,125,3.111,3.106,0.525,1.916,1,0,0.044,1.151,,515,13,502
"BaselineSweep",500,4,126,2.765,2.765,0.529,1.541,1,0,0.042,1.181,147456,511,13,509
"BaselineSweep",500,4,127,3.240,3.228,0.539,1.920,1,0,0.046,1.274,,516,13,512
"BaselineSweep",500,4,128,2.939,2.952,0.542,1.796,1,0,0.042,1.101,,517,13,509
"BaselineSweep",500,4,129,2.021,2.023,1.073,1.520,1,0,0.041,0.461,65536,510,13,497
"BaselineSweep",500,4,130,2.991,2.986,0.591,1.850,1,0,0.043,1.098,,515,13,507
"BaselineSweep",500,4,131,2.080,2.084,0.581,1.570,1,0,0.044,0.466,86016,519,13,505
"BaselineSweep",500,4,132,2.326,2.323,1.160,1.828,1,0,0.041,0.457,,423,13,416
"BaselineSweep",500,4,133,1.954,1.958,0.545,1.553,1,0,0.039,0.362,90112,494,13,488
"BaselineSweep",500,4,134,2.989,2.984,0.536,1.833,1,0,0.040,1.116,,585,13,581
"BaselineSweep",500,4,135,2.085,2.079,0.563,1.593,1,0,0.042,0.450,86016,545,13,539
"BaselineSweep",500,4,136,3.088,3.090,0.533,1.852,1,0,0.045,1.191,,21,11,21
"BaselineSweep",500,4,137,3.140,3.136,0.524,1.486,1,0,0.041,1.613,,1011,15,1003
"BaselineSweep",500,4,138,2.791,2.797,0.527,1.645,1,0,0.045,1.101,90112,517,13,514
"BaselineSweep",500,4,139,3.335,3.332,0.528,2.126,1,0,0.044,1.166,,515,13,498
"BaselineSweep",500,4,140,2.795,2.796,0.512,1.609,1,0,0.044,1.143,217088,521,13,518
"BaselineSweep",500,4,141,3.013,3.005,0.567,1.823,1,0,0.045,1.145,,517,13,507
"BaselineSweep",500,4,142,3.097,3.100,0.580,1.914,1,0,0.046,1.137,,508,13,504
"BaselineSweep",500,4,143,1.981,1.986,0.568,1.495,1,0,0.039,0.447,139264,518,13,510
"BaselineSweep",500,4,144,2.287,2.283,0.514,1.827,1,0,0.043,0.417,,408,13,399
"BaselineSweep",500,4,145,2.050,2.050,0.765,1.570,1,0,0.039,0.441,151552,611,13,1002
"BaselineSweep",500,4,146,2.948,2.949,0.517,1.782,1,0,0.040,1.127,,521,13,509
"BaselineSweep",500,4,147,2.825,2.821,0.512,1.608,1,0,0.041,1.177,184320,515,13,507
"BaselineSweep",500,4,148,2.916,2.917,0.524,1.720,1,0,0.047,1.150,,513,13,494
"BaselineSweep",500,4,149,2.299,2.291,0.773,1.521,1,0,0.040,0.738,,514,13,505
"BaselineSweep",500,4,150,2.010,2.022,0.552,1.583,1,0,0.041,0.386,90112,518,13,504
"BaselineSweep",500,4,151,3.155,3.149,0.520,1.908,1,0,0.043,1.204,,518,13,511
"BaselineSweep",500,4,152,2.624,2.628,0.519,1.485,1,0,0.041,1.099,126976,513,13,502
"BaselineSweep",500,4,153,3.067,3.063,0.512,1.859,1,0,0.041,1.168,,520,13,508
"BaselineSweep",500,4,154,2.122,2.122,0.516,1.614,1,0,0.050,0.458,122880,516,13,509
"BaselineSweep",500,4,155,2.361,2.362,0.519,1.838,1,0,0.042,0.481,,519,13,505
"BaselineSweep",500,4,156,2.763,2.764,0.516,1.591,1,0,0.038,1.134,180224,510,13,490
"BaselineSweep",500,4,157,2.293,2.284,0.570,1.774,1,0,0.042,0.477,,518,13,511
"BaselineSweep",500,4,158,2.055,2.065,0.516,1.611,1,0,0.043,0.401,135168,325,13,321
"BaselineSweep",500,4,159,3.064,3.061,0.513,1.892,1,0,0.044,1.129,,479,12,471
"BaselineSweep",500,4,160,3.087,3.083,0.713,1.849,1,0,0.046,1.192,,744,14,734
"BaselineSweep",500,4,161,2.850,2.855,0.516,1.645,1,0,0.045,1.160,110592,515,13,500
"BaselineSweep",500,4,162,3.060,3.054,0.525,1.821,1,0,0.045,1.194,,511,13,505
"BaselineSweep",500,4,163,1.967,1.972,0.528,1.482,1,0,0.040,0.445,98304,519,13,507
"BaselineSweep",500,4,164,2.423,2.417,0.545,1.786,1,0,0.044,0.593,,386,12,377
"BaselineSweep",500,4,165,2.052,2.046,0.526,1.579,1,0,0.041,0.433,110592,642,14,635
"BaselineSweep",500,4,166,3.034,3.039,0.533,1.788,1,0,0.041,1.206,,515,13,504
"BaselineSweep",500,4,167,3.140,3.133,0.531,1.553,1,0,0.041,1.546,,509,13,506
"BaselineSweep",500,4,168,1.978,1.988,0.523,1.493,1,0,0.045,0.440,32768,516,13,503
"BaselineSweep",500,4,169,2.268,2.260,0.000,1.501,1,0,0.040,0.727,,381,13,375
"BaselineSweep",500,4,170,2.834,2.839,0.951,1.615,1,0,0.043,1.176,77824,655,13,643
"BaselineSweep",500,4,171,2.956,2.954,0.588,1.795,1,0,0.042,1.119,,516,13,501
"BaselineSweep",500,4,172,4.198,4.184,0.563,1.778,1,0,0.046,2.373,98304,520,13,511
"BaselineSweep",500,4,173,3.146,3.153,0.558,1.903,1,0,0.043,1.200,,520,13,504
"BaselineSweep",500,4,174,2.595,2.602,0.558,1.482,1,0,0.047,1.065,126976,520,13,518
"BaselineSweep",500,4,175,3.331,3.326,0.574,2.151,1,0,0.042,1.138,,519,13,515
"BaselineSweep",500,4,176,3.033,3.034,0.564,1.820,1,0,0.046,1.167,,514,13,511
"BaselineSweep",500,4,177,2.152,2.152,0.544,1.682,1,0,0.044,0.427,147456,518,13,507
"BaselineSweep",500,4,178,3.245,3.241,0.538,1.815,1,0,0.042,1.387,,113,12,116
"BaselineSweep",500,4,179,2.661,2.658,0.658,1.488,1,0,0.042,1.132,196608,921,14,1034
"BaselineSweep",500,4,180,3.022,3.024,0.542,1.791,1,0,0.041,1.190,,513,13,511
"BaselineSweep",500,4,181,2.969,2.969,0.549,1.750,1,0,0.042,1.177,,518,13,513
"BaselineSweep",500,4,182,2.126,2.128,0.527,1.645,1,0,0.039,0.442,98304,518,13,516
"BaselineSweep",500,4,183,2.286,2.284,0.521,1.776,1,0,0.041,0.469,,226,13,228
"BaselineSweep",500,4,184,2.155,2.158,0.525,1.679,1,0,0.039,0.437,122880,993,13,980
"BaselineSweep",500,4,185,2.952,2.949,0.520,1.783,1,0,0.044,1.126,,455,13,445
"BaselineSweep",500,4,186,2.932,2.919,0.524,1.673,1,0,0.045,1.214,163840,611,13,608
"BaselineSweep",500,4,187,3.169,3.179,0.578,1.979,1,0,0.043,1.147,,515,13,514
"BaselineSweep",500,4,188,2.595,2.591,0.576,1.701,1,0,0.048,0.846,,517,13,511
"BaselineSweep",500,4,189,2.690,2.697,0.573,1.510,1,0,0.050,1.130,122880,517,13,508
"BaselineSweep",500,4,190,2.919,2.915,0.573,1.774,1,0,0.041,1.105,,517,13,509
"BaselineSweep",500,4,191,2.800,2.802,0.739,1.572,1,0,0.040,1.188,143360,515,13,512
"BaselineSweep",500,4,192,2.997,2.996,0.571,1.834,1,0,0.043,1.121,,507,13,508
"BaselineSweep",500,4,193,2.184,2.185,0.525,1.653,1,0,0.047,0.484,122880,516,13,502
"BaselineSweep",500,4,194,3.104,3.087,0.536,1.848,1,0,0.046,1.211,,163,13,162
"BaselineSweep",500,4,195,3.146,3.159,0.517,1.969,1,0,0.047,1.131,,863,13,853
"BaselineSweep",500,4,196,2.882,2.884,0.537,1.652,1,0,0.047,1.183,106496,515,13,504
"BaselineSweep",500,4,197,3.057,3.056,0.528,1.841,1,0,0.041,1.175,,507,13,501
"BaselineSweep",500,4,198,2.893,2.892,0.585,1.642,1,0,0.042,1.209,139264,513,13,507
"BaselineSweep",500,4,199,3.157,3.156,0.583,1.950,1,0,0.044,1.164,,519,13,510
"BaselineSweep",500,4,200,3.017,3.010,0.545,1.849,1,0,0.041,1.126,,517,13,510
"BaselineSweep",500,4,201,2.105,2.114,0.690,1.651,1,0,0.043,0.411,57344,517,13,504
"BaselineSweep",500,4,202,3.205,3.201,0.538,2.020,1,0,0.046,1.140,,424,13,412
"BaselineSweep",500,4,203,2.821,2.822,0.547,1.708,1,0,0.041,1.073,110592,611,13,610
"BaselineSweep",500,4,204,3.149,3.144,0.589,1.915,1,0,0.046,1.188,,511,13,507
"BaselineSweep",500,4,205,2.861,2.862,0.605,1.484,1,0,0.041,1.336,,519,13,506
"BaselineSweep",500,4,206,2.756,2.753,0.543,1.574,1,0,0.042,1.140,81920,517,13,499
"BaselineSweep",500,4,207,3.153,3.142,0.545,1.864,1,0,0.043,1.245,,512,13,497
"BaselineSweep",500,4,208,2.873,2.882,0.553,1.600,1,0,0.041,1.231,98304,514,13,507
"BaselineSweep",500,4,209,3.382,3.381,0.553,2.136,1,0,0.052,1.194,,519,13,515
"BaselineSweep",500,4,210,2.617,2.623,0.795,1.489,1,0,0.041,1.088,229376,516,13,512
"BaselineSweep",500,4,211,3.098,3.093,0.602,1.884,1,0,0.042,1.173,,516,13,501
"BaselineSweep",500,4,212,3.020,3.020,0.589,1.830,1,0,0.044,1.146,,517,13,506
"BaselineSweep",500,4,213,2.750,2.752,0.556,1.576,1,0,0.040,1.135,192512,519,13,512
"BaselineSweep",500,4,214,3.007,2.993,0.541,1.724,1,0,0.042,1.242,,519,13,514
"BaselineSweep",500,4,215,2.656,2.661,0.553,1.527,1,0,0.043,1.086,212992,518,13,509
"BaselineSweep",500,4,216,3.035,3.039,0.634,1.848,1,0,0.048,1.139,,516,13,512
"BaselineSweep",500,4,217,2.977,2.979,1.443,1.777,1,0,0.041,1.160,,517,13,514
"BaselineSweep",500,4,218,2.175,2.168,0.569,1.579,1,0,0.040,0.556,110592,516,13,507
"BaselineSweep",500,4,219,3.500,3.504,0.582,2.091,1,0,0.042,1.366,,482,13,477
"BaselineSweep",500,4,220,3.067,3.067,0.524,1.772,1,0,0.051,1.244,167936,550,12,545
"BaselineSweep",500,4,221,2.513,2.503,0.528,1.935,1,0,0.042,0.536,,520,13,511
"BaselineSweep",500,4,222,2.774,2.785,0.520,1.621,1,0,0.042,1.111,192512,288,13,288
"BaselineSweep",500,4,223,3.003,2.998,0.519,1.782,1,0,0.041,1.179,,745,13,739
"BaselineSweep",500,4,224,3.160,3.157,0.512,1.551,1,0,0.045,1.564,,514,13,513
"BaselineSweep",500,4,225,2.789,2.793,0.515,1.601,1,0,0.044,1.143,114688,517,13,506
"BaselineSweep",500,4,226,3.293,3.289,0.511,2.004,1,0,0.047,1.242,,519,13,510
"BaselineSweep",500,4,227,2.659,2.663,0.986,1.544,1,0,0.042,1.073,151552,520,13,519
"BaselineSweep",500,4,228,3.186,3.173,0.582,1.871,1,0,0.041,1.274,,520,13,510
"BaselineSweep",500,4,229,2.283,2.288,0.571,1.597,1,0,0.041,0.644,131072,519,13,509
"BaselineSweep",500,4,230,2.497,2.496,0.526,1.938,1,0,0.042,0.518,,518,13,508
"BaselineSweep",500,4,231,3.061,3.059,0.949,1.633,1,0,0.040,1.388,,403,13,398
"BaselineSweep",500,4,232,2.157,2.156,0.509,1.515,1,0,0.045,0.596,49152,632,13,620
"BaselineSweep",500,4,233,3.138,3.133,0.000,1.623,1,0,0.043,1.473,,438,13,427
"BaselineSweep",500,4,234,2.034,2.044,0.578,1.496,1,0,0.044,0.495,49152,597,13,586
"BaselineSweep",500,4,235,2.978,2.959,0.000,1.584,1,0,0.047,1.347,,478,13,470
"BaselineSweep",500,4,236,1.977,1.994,0.988,1.494,1,0,0.050,0.434,49152,561,13,553
"BaselineSweep",500,4,237,3.118,3.103,0.000,1.535,1,0,0.048,1.535,,475,12,460
"BaselineSweep",500,4,238,2.679,2.691,0.509,1.548,1,0,0.045,1.086,94208,563,13,555
"BaselineSweep",500,4,239,2.972,2.972,0.000,1.816,1,0,0.041,1.115,,521,13,513
"BaselineSweep",500,4,240,2.897,2.894,0.564,1.587,1,0,0.039,1.272,106496,514,13,487
"BaselineSweep",500,4,241,4.402,4.403,0.556,1.939,1,0,0.043,2.420,,516,13,517
"BaselineSweep",500,4,242,2.778,2.769,0.924,1.525,1,0,0.046,1.207,139264,515,13,504
"BaselineSweep",500,4,243,3.017,3.025,0.519,1.773,1,0,0.044,1.200,,512,13,507
"BaselineSweep",500,4,244,3.219,3.218,0.514,1.601,1,0,0.042,1.576,,516,13,500
"BaselineSweep",500,4,245,2.915,2.917,0.517,1.684,1,0,0.048,1.183,184320,520,13,513
"BaselineSweep",500,4,246,3.096,3.092,0.514,1.850,1,0,0.044,1.203,,514,13,500
"BaselineSweep",500,4,247,2.826,2.824,0.559,1.587,1,0,0.041,1.199,212992,520,13,512
"BaselineSweep",500,4,248,2.351,2.353,0.513,1.824,1,0,0.049,0.478,,521,13,511
"BaselineSweep",500,4,249,2.699,2.689,0.512,1.547,1,0,0.042,1.110,233472,408,13,403
"BaselineSweep",500,4,250,2.492,2.500,0.762,1.867,1,0,0.045,0.581,,623,13,612
"BaselineSweep",500,4,251,2.948,2.944,0.654,1.552,1,0,0.041,1.355,,319,13,320
"BaselineSweep",500,4,252,2.121,2.123,0.561,1.488,1,0,0.051,0.582,118784,707,13,701
"BaselineSweep",500,4,253,3.010,3.010,0.000,1.583,1,0,0.048,1.379,,514,13,512
"BaselineSweep",500,4,254,2.818,2.818,0.569,1.605,1,0,0.044,1.169,155648,519,13,511
"BaselineSweep",500,4,255,3.192,3.189,0.541,1.911,1,0,0.045,1.236,,506,13,488
"BaselineSweep",500,4,256,2.855,2.847,0.535,1.525,1,0,0.042,1.288,188416,520,13,510
"BaselineSweep",500,4,257,2.494,2.501,0.534,1.875,1,0,0.046,0.573,,520,13,516
"BaselineSweep",500,4,258,2.800,2.799,0.547,1.527,1,0,0.041,1.232,200704,281,13,280
"BaselineSweep",500,4,259,2.961,2.959,0.509,1.761,1,0,0.044,1.157,,752,13,748
"BaselineSweep",500,4,260,2.935,2.936,0.516,1.485,1,0,0.041,1.409,,520,13,511
"BaselineSweep",500,4,261,2.782,2.780,0.720,1.521,1,0,0.042,1.220,131072,514,13,501
"BaselineSweep",500,4,262,2.399,2.400,0.517,1.843,1,0,0.044,0.512,,515,13,506
"BaselineSweep",500,4,263,2.724,2.716,0.511,1.562,1,0,0.044,1.117,172032,518,13,508
"BaselineSweep",500,4,264,2.498,2.503,0.527,1.847,1,0,0.041,0.610,,520,13,508
"BaselineSweep",500,4,265,2.012,2.009,0.532,1.524,1,0,0.048,0.440,126976,322,13,317
"BaselineSweep",500,4,266,3.216,3.213,0.531,1.928,1,0,0.055,1.233,,705,13,694
"BaselineSweep",500,4,267,2.802,2.808,0.532,1.645,1,0,0.041,1.116,159744,517,13,505
"BaselineSweep",500,4,268,2.337,2.334,0.531,1.852,1,0,0.042,0.444,,514,13,516
"BaselineSweep",500,4,269,2.870,2.870,0.536,1.657,1,0,0.042,1.170,176128,519,13,503
"BaselineSweep",500,4,270,3.191,3.186,0.521,1.926,1,0,0.043,1.223,,520,13,502
"BaselineSweep",500,4,271,2.348,2.335,0.871,1.504,1,0,0.040,0.804,139264,520,13,516
"BaselineSweep",500,4,272,2.435,2.447,0.528,1.874,1,0,0.041,0.520,,499,13,490
"BaselineSweep",500,4,273,2.089,2.094,0.520,1.626,1,0,0.041,0.423,143360,512,13,487
"BaselineSweep",500,4,274,2.283,2.281,0.694,1.817,1,0,0.040,0.425,,528,13,512
"BaselineSweep",500,4,275,2.147,2.148,0.557,1.577,1,0,0.040,0.530,126976,488,13,477
"BaselineSweep",500,4,276,2.637,2.616,0.533,1.872,1,0,0.044,0.721,,253,13,250
"BaselineSweep",500,4,277,5.123,5.136,0.587,3.525,1,0,0.044,1.553,167936,808,12,801
"BaselineSweep",500,4,278,3.414,3.408,0.592,1.981,1,0,0.046,1.388,,513,13,490
"BaselineSweep",500,4,279,3.054,3.060,0.620,1.518,1,0,0.044,1.492,,516,13,515
"BaselineSweep",500,4,280,2.114,2.116,0.575,1.571,1,0,0.046,0.498,45056,521,13,514
"BaselineSweep",500,4,281,3.271,3.273,0.521,2.037,1,0,0.044,1.189,,497,13,480
"BaselineSweep",500,4,282,2.622,2.622,1.025,1.502,1,0,0.041,1.079,200704,542,13,528
"BaselineSweep",500,4,283,3.066,3.060,0.767,1.861,1,0,0.045,1.160,,521,13,510
"BaselineSweep",500,4,284,2.170,2.171,0.563,1.579,1,0,0.040,0.551,176128,521,13,509
"BaselineSweep",500,4,285,2.461,2.452,0.556,1.836,1,0,0.042,0.583,,460,13,450
"BaselineSweep",500,4,286,2.102,2.110,0.566,1.563,1,0,0.038,0.501,176128,571,13,550
"BaselineSweep",500,4,287,2.388,2.387,0.547,1.884,1,0,0.041,0.462,,517,13,506
"BaselineSweep",500,4,288,2.839,2.840,0.552,1.559,1,0,0.039,1.241,204800,471,13,458
"BaselineSweep",500,4,289,2.516,2.510,0.543,1.854,1,0,0.046,0.616,,567,13,554
"BaselineSweep",500,4,290,2.035,2.039,0.580,1.515,1,0,0.043,0.477,163840,511,13,500
"BaselineSweep",500,4,291,2.259,2.254,0.591,1.772,1,0,0.040,0.447,,446,13,439
"BaselineSweep",500,4,292,2.674,2.678,0.542,1.535,1,0,0.039,1.100,192512,573,13,562
"BaselineSweep",500,4,293,3.060,3.049,0.577,1.816,1,0,0.053,1.191,,538,13,528
"BaselineSweep",500,4,294,2.150,2.156,0.568,1.578,1,0,0.040,0.533,147456,513,13,503
"BaselineSweep",500,4,295,3.100,3.100,0.573,1.905,1,0,0.041,1.155,,510,13,498
"BaselineSweep",500,4,296,3.002,2.999,0.539,1.578,1,0,0.039,1.385,,517,13,516
"BaselineSweep",500,4,297,2.772,2.773,0.517,1.493,1,0,0.050,1.228,98304,520,13,511
"BaselineSweep",500,4,298,2.600,2.598,0.000,1.896,1,0,0.057,0.648,,519,13,507
"BaselineSweep",500,4,299,2.754,2.756,0.556,1.532,1,0,0.043,1.180,110592,512,13,505
"BaselineSweep",2000,4,0,29.381,29.350,4.368,26.488,1,0,0.189,2.704,,1982,28,1943
"BaselineSweep",2000,4,1,29.385,29.409,4.443,25.077,1,0,0.231,4.077,,1976,27,1934
"BaselineSweep",2000,4,2,26.953,26.955,4.334,24.389,1,0,0.185,2.379,,1977,28,1936
"BaselineSweep",2000,4,3,28.651,28.641,4.439,26.801,1,0,0.187,1.663,,1986,28,1912
"BaselineSweep",2000,4,4,28.039,28.043,4.344,25.810,1,0,0.229,1.999,,2003,28,1908
"BaselineSweep",2000,4,5,28.649,28.639,4.348,26.440,1,0,0.182,2.028,,1987,28,1941
"BaselineSweep",2000,4,6,30.404,30.392,4.191,27.042,1,0,0.227,3.135,,1995,28,1956
"BaselineSweep",2000,4,7,29.021,29.011,4.334,25.630,1,0,0.226,3.165,,1978,27,1928
"BaselineSweep",2000,4,8,28.448,28.457,4.310,26.029,1,0,0.213,2.206,,1993,28,1911
"BaselineSweep",2000,4,9,29.917,29.935,0.000,26.823,1,0,0.210,2.883,,1995,27,1938
"BaselineSweep",2000,4,10,28.242,28.234,4.351,25.341,1,0,0.227,2.674,,1960,28,1902
"BaselineSweep",2000,4,11,29.280,29.197,4.381,25.844,1,0,0.230,3.207,,1981,27,1937
"BaselineSweep",2000,4,12,31.144,31.211,4.213,26.733,1,0,0.425,3.986,,1974,28,1927
"BaselineSweep",2000,4,13,33.909,33.900,4.396,29.893,1,0,0.495,3.521,,1984,27,1945
"BaselineSweep",2000,4,14,28.374,28.385,4.180,26.208,1,0,0.205,1.961,,2011,28,1943
"BaselineSweep",2000,4,15,27.225,27.225,4.818,25.246,1,0,0.199,1.781,,2006,28,1950
"BaselineSweep",2000,4,16,27.911,27.909,4.731,25.887,1,0,0.215,1.808,,2004,28,1949
"BaselineSweep",2000,4,17,27.965,27.971,4.390,26.758,1,0,0.186,1.022,,2002,28,1918
"BaselineSweep",2000,4,18,28.234,28.211,4.425,25.709,1,0,0.213,2.312,,1982,28,1950
"BaselineSweep",2000,4,19,27.654,27.664,4.347,25.476,1,0,0.224,1.954,,2006,28,1950
"BaselineSweep",2000,4,20,29.793,29.793,4.360,27.790,1,0,0.215,1.789,,2006,28,1933
"BaselineSweep",2000,4,21,27.587,27.584,4.779,25.527,1,0,0.201,1.858,,2009,26,1934
"BaselineSweep",2000,4,22,29.193,29.188,4.796,26.343,1,0,0.232,2.618,,2011,27,1924
"BaselineSweep",2000,4,23,26.925,26.929,4.825,25.554,1,0,0.213,1.158,,2003,27,1932
"BaselineSweep",2000,4,24,28.836,28.823,5.031,25.995,1,0,0.222,2.619,,2014,28,1954
"BaselineSweep",2000,4,25,28.977,28.984,4.962,26.144,1,0,0.214,2.619,,2009,26,1957
"BaselineSweep",2000,4,26,28.002,28.000,4.779,25.771,1,0,0.218,2.014,,1991,28,1901
"BaselineSweep",2000,4,27,28.570,28.569,4.932,25.978,1,0,0.209,2.384,,2012,28,1931
"BaselineSweep",2000,4,28,31.905,31.872,4.799,28.733,1,0,0.241,2.930,,2003,27,1946
"BaselineSweep",2000,4,29,33.640,33.658,5.274,30.154,1,0,0.252,3.234,,1973,28,1897
"BaselineSweep",2000,4,30,28.663,28.686,4.787,26.507,1,0,0.219,1.937,,1989,27,1907
"BaselineSweep",2000,4,31,29.224,29.199,4.949,27.584,1,0,0.195,1.445,,1974,28,1955
"BaselineSweep",2000,4,32,28.012,28.021,4.786,25.872,1,0,0.182,1.958,,1990,28,1921
"BaselineSweep",2000,4,33,30.837,30.821,4.978,28.768,1,0,0.189,1.879,,1989,28,1940
"BaselineSweep",2000,4,34,30.192,30.186,4.785,26.463,1,0,0.231,3.498,,1984,28,1947
"BaselineSweep",2000,4,35,31.925,31.885,4.929,28.486,1,0,0.182,3.256,,1974,28,1932
"BaselineSweep",2000,4,36,34.019,34.074,4.821,31.140,1,0,0.243,2.636,,1970,27,1922
"BaselineSweep",2000,4,37,29.278,29.249,4.941,25.719,1,0,0.224,3.334,,1994,28,1947
"BaselineSweep",2000,4,38,27.617,27.638,4.791,26.042,1,0,0.185,1.390,,1998,28,1914
"BaselineSweep",2000,4,39,30.687,30.639,4.957,26.992,1,0,0.198,3.497,,2007,28,1951
"BaselineSweep",2000,4,40,34.663,34.707,4.804,31.461,1,0,0.189,3.014,,1991,28,1941
"BaselineSweep",2000,4,41,28.926,28.949,4.843,26.879,1,0,0.212,1.836,,1967,28,1927
"BaselineSweep",2000,4,42,29.232,29.224,4.799,26.660,1,0,0.186,2.385,,1998,28,1945
"BaselineSweep",2000,4,43,28.674,28.660,4.845,25.286,1,0,0.207,3.180,,1992,28,1922
"BaselineSweep",2000,4,44,30.478,30.493,4.790,27.254,1,0,0.185,3.039,,1970,28,1928
"BaselineSweep",2000,4,45,26.619,26.624,4.845,24.846,1,0,0.180,1.593,,1973,28,1893
"BaselineSweep",2000,4,46,29.114,29.093,4.811,25.998,1,0,0.183,2.933,,1987,28,1906
"BaselineSweep",2000,4,47,35.776,35.760,4.853,32.762,1,0,0.242,2.772,,2006,28,1950
"BaselineSweep",2000,4,48,28.952,28.981,4.804,27.114,1,0,0.176,1.662,,2014,28,1951
"BaselineSweep",2000,4,49,29.473,29.449,4.885,26.161,1,0,0.235,3.077,,2008,27,1936
"BaselineSweep",2000,4,50,26.432,26.459,4.816,24.929,1,0,0.200,1.303,,1998,28,1965
"BaselineSweep",2000,4,51,30.652,30.643,4.850,27.159,1,0,0.226,3.267,,1977,28,1951
"BaselineSweep",2000,4,52,29.021,29.026,4.820,26.344,1,0,0.224,2.453,,1984,28,1942
"BaselineSweep",2000,4,53,27.752,27.749,4.842,25.810,1,0,0.187,1.756,,1972,28,1911
"BaselineSweep",2000,4,54,27.541,27.545,4.798,26.360,1,0,0.173,1.009,,1993,28,1948
"BaselineSweep",2000,4,55,26.403,26.377,4.875,24.777,1,0,0.207,1.419,,2009,27,1923
"BaselineSweep",2000,4,56,29.102,29.104,4.814,26.863,1,0,0.228,2.011,,1995,28,1917
"BaselineSweep",2000,4,57,32.173,32.184,4.865,29.490,1,0,0.274,2.409,,1986,27,1900
"BaselineSweep",2000,4,58,29.963,29.968,4.800,28.568,1,0,0.232,1.163,,1988,28,1930
"BaselineSweep",2000,4,59,30.322,30.310,4.886,26.267,1,0,0.219,3.837,,1988,28,1952
"BaselineSweep",2000,4,60,31.053,31.027,4.820,27.622,1,0,0.217,3.214,,1984,28,1931
"BaselineSweep",2000,4,61,30.000,30.019,4.861,27.398,1,0,0.177,2.426,,1998,28,1932
"BaselineSweep",2000,4,62,26.130,26.130,4.798,24.073,1,0,0.196,1.861,,2016,27,1895
"BaselineSweep",2000,4,63,28.573,28.572,4.864,26.058,1,0,0.202,2.314,,2008,26,1936
"BaselineSweep",2000,4,64,26.538,26.538,4.813,25.016,1,0,0.213,1.309,,2011,27,1970
"BaselineSweep",2000,4,65,27.083,27.078,4.851,24.995,1,0,0.205,1.884,,1933,28,1936
"BaselineSweep",2000,4,66,26.711,26.715,4.813,25.182,1,0,0.192,1.337,,2006,27,1964
"BaselineSweep",2000,4,67,27.812,27.819,4.901,25.474,1,0,0.343,1.995,,2009,28,1954
"BaselineSweep",2000,4,68,28.168,28.170,4.813,26.149,1,0,0.178,1.841,,1979,28,1932
"BaselineSweep",2000,4,69,28.762,28.757,4.874,25.541,1,0,0.182,3.040,,1981,28,1933
"BaselineSweep",2000,4,70,26.256,26.259,4.796,25.110,1,0,0.173,0.973,,1968,28,1903
"BaselineSweep",2000,4,71,28.044,28.041,4.887,26.114,1,0,0.187,1.743,,1979,28,1950
"BaselineSweep",2000,4,72,30.538,30.526,4.797,28.210,1,0,0.188,2.139,,1986,28,1930
"BaselineSweep",2000,4,73,28.268,28.270,4.844,25.826,1,0,0.259,2.183,,1998,28,1951
"BaselineSweep",2000,4,74,27.453,27.449,4.777,26.057,1,0,0.223,1.174,,1997,28,1917
"BaselineSweep",2000,4,75,27.867,27.869,4.886,25.791,1,0,0.214,1.862,,1995,28,1915
"BaselineSweep",2000,4,76,28.136,28.148,4.789,26.048,1,0,0.224,1.863,,1987,28,1922
"BaselineSweep",2000,4,77,33.695,33.675,4.865,30.403,1,0,0.194,3.098,,2005,28,1963
"BaselineSweep",2000,4,78,36.406,36.388,4.815,32.814,1,0,0.237,3.354,,2013,28,1938
"BaselineSweep",2000,4,79,27.337,27.349,4.864,24.983,1,0,0.215,2.139,,2007,28,1926
"BaselineSweep",2000,4,80,28.706,28.724,4.822,26.901,1,0,0.172,1.633,,1983,28,1897
"BaselineSweep",2000,4,81,28.004,27.978,4.858,25.589,1,0,0.188,2.227,,2001,28,1957
"BaselineSweep",2000,4,82,27.208,27.229,4.827,25.376,1,0,0.175,1.657,,1983,28,1942
"BaselineSweep",2000,4,83,27.191,27.188,4.884,25.809,1,0,0.189,1.193,,2005,28,1934
"BaselineSweep",2000,4,84,31.568,31.557,4.804,29.280,1,0,0.228,2.060,,2012,28,1959
"BaselineSweep",2000,4,85,31.180,31.154,4.867,28.527,1,0,0.191,2.461,,2004,28,1938
"BaselineSweep",2000,4,86,28.738,28.762,4.796,26.306,1,0,0.238,2.194,,2011,28,1943
"BaselineSweep",2000,4,87,27.524,27.499,4.851,25.745,1,0,0.173,1.606,,1994,28,1936
"BaselineSweep",2000,4,88,29.566,29.600,4.822,27.657,1,0,0.180,1.728,,2006,28,1941
"BaselineSweep",2000,4,89,27.960,27.944,4.853,24.831,1,0,0.171,2.958,,1990,28,1950
"BaselineSweep",2000,4,90,32.207,32.211,4.814,28.825,1,0,0.180,3.202,,1977,28,1934
"BaselineSweep",2000,4,91,29.028,29.008,4.861,26.070,1,0,0.209,2.749,,2006,28,1936
"BaselineSweep",2000,4,92,28.900,28.926,4.840,26.875,1,0,0.190,1.835,,1909,28,1922
"BaselineSweep",2000,4,93,31.132,31.109,4.873,28.574,1,0,0.176,2.382,,1999,28,1933
"BaselineSweep",2000,4,94,34.745,34.749,4.821,31.013,1,0,0.204,3.528,,2000,28,1940
"BaselineSweep",2000,4,95,29.825,29.793,4.847,26.227,1,0,0.238,3.360,,1998,28,1926
"BaselineSweep",2000,4,96,29.041,29.069,4.809,25.632,1,0,0.236,3.173,,1993,28,1943
"BaselineSweep",2000,4,97,31.521,31.533,4.853,29.685,1,0,0.180,1.656,,1995,28,1927
"BaselineSweep",2000,4,98,28.442,28.426,4.819,25.745,1,0,0.183,2.515,,2005,28,1924
"BaselineSweep",2000,4,99,29.367,29.376,4.857,27.008,1,0,0.212,2.147,,2005,27,1946
"BaselineSweep",2000,4,100,28.027,28.021,4.821,25.931,1,0,0.206,1.889,,1999,28,1906
"BaselineSweep",2000,4,101,26.923,26.922,4.851,24.661,1,0,0.204,2.058,,2004,28,1947
"BaselineSweep",2000,4,102,29.180,29.154,4.830,25.320,1,0,0.213,3.648,,1995,28,1930
"BaselineSweep",2000,4,103,28.222,28.257,4.854,25.370,1,0,0.224,2.628,,1977,28,1926
"BaselineSweep",2000,4,104,27.489,27.478,4.865,25.134,1,0,0.185,2.170,,1997,28,1920
"BaselineSweep",2000,4,105,29.205,29.210,4.791,26.992,1,0,0.199,2.013,,1967,28,1913
"BaselineSweep",2000,4,106,28.289,28.280,4.819,26.897,1,0,0.224,1.168,,2011,27,1950
"BaselineSweep",2000,4,107,29.753,29.754,4.804,26.055,1,0,0.198,3.500,,2009,28,1992
"BaselineSweep",2000,4,108,28.565,28.570,4.820,26.535,1,0,0.217,1.813,,1993,28,1905
"BaselineSweep",2000,4,109,28.009,28.005,4.808,26.651,1,0,0.215,1.143,,1975,28,1938
"BaselineSweep",2000,4,110,26.972,26.954,4.777,24.326,1,0,0.184,2.462,,2011,28,1974
"BaselineSweep",2000,4,111,28.302,28.323,4.823,26.380,1,0,0.193,1.730,,2012,28,1925
"BaselineSweep",2000,4,112,29.405,29.376,4.801,26.871,1,0,0.247,2.287,,1998,28,1930
"BaselineSweep",2000,4,113,28.112,28.135,4.788,25.517,1,0,0.241,2.354,,2001,28,1952
"BaselineSweep",2000,4,114,27.285,27.293,4.811,24.677,1,0,0.219,2.390,,1978,28,1912
"BaselineSweep",2000,4,115,29.687,29.675,4.817,27.499,1,0,0.218,1.970,,1974,28,1917
"BaselineSweep",2000,4,116,27.927,27.940,4.817,25.883,1,0,0.219,1.824,,1968,27,1885
"BaselineSweep",2000,4,117,28.293,28.288,4.804,26.362,1,0,0.179,1.751,,1995,28,1959
"BaselineSweep",2000,4,118,31.353,31.334,4.795,28.758,1,0,0.186,2.409,,1994,28,1940
"BaselineSweep",2000,4,119,28.801,28.816,4.789,26.554,1,0,0.231,2.015,,1988,28,1926
"BaselineSweep",2000,4,120,35.112,35.086,4.795,31.607,1,0,0.249,3.257,,1979,28,1953
"BaselineSweep",2000,4,121,28.923,28.952,4.904,26.982,1,0,0.190,1.751,,2015,28,1920
"BaselineSweep",2000,4,122,30.215,30.202,4.801,27.539,1,0,0.186,2.490,,2008,28,1929
"BaselineSweep",2000,4,123,28.331,28.312,4.916,25.007,1,0,0.220,3.104,,2006,28,1954
"BaselineSweep",2000,4,124,28.210,28.211,4.829,24.831,1,0,0.223,3.156,,2007,28,1941
"BaselineSweep",2000,4,125,32.979,32.998,4.909,29.501,1,0,0.244,3.234,,2005,28,1946
"BaselineSweep",2000,4,126,26.715,26.701,4.850,24.639,1,0,0.183,1.894,,1972,28,1881
"BaselineSweep",2000,4,127,28.412,28.425,4.920,26.863,1,0,0.294,1.255,,1983,28,1926
"BaselineSweep",2000,4,128,26.620,26.610,4.810,25.169,1,0,0.182,1.270,,2005,28,1920
"BaselineSweep",2000,4,129,32.348,32.355,4.901,27.894,1,0,0.225,4.229,,1998,28,1922
"BaselineSweep",2000,4,130,26.822,26.818,4.811,25.164,1,0,0.222,1.435,,1983,27,1940
"BaselineSweep",2000,4,131,29.816,29.825,4.904,27.915,1,0,0.171,1.730,,1972,28,1922
"BaselineSweep",2000,4,132,28.448,28.445,4.792,26.153,1,0,0.192,2.103,,1986,28,1924
"BaselineSweep",2000,4,133,27.756,27.755,4.915,25.021,1,0,0.230,2.506,,1991,28,1927
"BaselineSweep",2000,4,134,28.489,28.492,4.793,26.105,1,0,0.213,2.171,,1985,27,1941
"BaselineSweep",2000,4,135,36.335,36.300,4.925,32.457,1,0,0.432,3.446,,1959,28,1933
"BaselineSweep",2000,4,136,28.629,28.665,4.813,26.772,1,0,0.203,1.655,,1991,28,1928
"BaselineSweep",2000,4,137,27.719,27.677,4.793,26.241,1,0,0.192,1.286,,2013,28,1948
"BaselineSweep",2000,4,138,30.314,30.349,4.803,28.108,1,0,0.228,1.977,,1997,28,1950
"BaselineSweep",2000,4,139,29.979,29.975,4.821,26.961,1,0,0.254,2.764,,1992,28,1951
"BaselineSweep",2000,4,140,28.497,28.494,4.804,26.184,1,0,0.213,2.100,,1990,28,1926
"BaselineSweep",2000,4,141,27.838,27.833,4.783,25.765,1,0,0.211,1.863,,2006,28,1931
"BaselineSweep",2000,4,142,29.412,29.379,4.825,27.119,1,0,0.215,2.078,,2005,28,1913
"BaselineSweep",2000,4,143,27.841,27.877,4.815,25.717,1,0,0.230,1.894,,2003,27,1913
"BaselineSweep",2000,4,144,26.183,26.183,4.809,24.838,1,0,0.216,1.129,,2011,28,1935
"BaselineSweep",2000,4,145,28.179,28.180,4.824,26.183,1,0,0.199,1.797,,1987,28,1961
"BaselineSweep",2000,4,146,27.869,27.864,4.803,25.689,1,0,0.221,1.959,,2004,28,1928
"BaselineSweep",2000,4,147,27.798,27.794,4.778,25.226,1,0,0.194,2.377,,2006,27,1935
"BaselineSweep",2000,4,148,28.665,28.657,4.814,26.944,1,0,0.223,1.498,,2001,28,1947
"BaselineSweep",2000,4,149,33.896,33.892,4.809,31.634,1,0,0.205,2.057,,2001,28,1945
"BaselineSweep",2000,4,150,29.721,29.707,4.817,26.840,1,0,0.179,2.702,,1986,28,1935
"BaselineSweep",2000,4,151,31.035,31.063,4.807,28.910,1,0,0.225,1.900,,1997,28,1952
"BaselineSweep",2000,4,152,30.480,30.464,4.813,26.860,1,0,0.201,3.419,,1980,27,1906
"BaselineSweep",2000,4,153,30.883,30.879,4.908,28.354,1,0,0.228,2.300,,1989,28,1906
"BaselineSweep",2000,4,154,26.637,26.658,4.808,24.689,1,0,0.185,1.763,,1979,28,1927
"BaselineSweep",2000,4,155,29.240,29.217,4.902,26.048,1,0,0.201,2.991,,2005,28,1927
"BaselineSweep",2000,4,156,32.706,32.704,4.805,29.226,1,0,0.174,3.306,,2012,28,1945
"BaselineSweep",2000,4,157,29.506,29.503,4.924,26.025,1,0,0.235,3.247,,1998,28,1957
"BaselineSweep",2000,4,158,28.386,28.414,4.808,26.333,1,0,0.215,1.838,,1978,27,1923
"BaselineSweep",2000,4,159,27.709,27.696,4.900,25.746,1,0,0.187,1.777,,1982,28,1933
"BaselineSweep",2000,4,160,30.101,30.090,4.827,27.314,1,0,0.229,2.558,,1982,28,1935
"BaselineSweep",2000,4,161,28.277,28.279,4.903,24.911,1,0,0.222,3.145,,1991,28,1936
"BaselineSweep",2000,4,162,27.073,27.067,4.794,24.927,1,0,0.189,1.957,,1991,28,1951
"BaselineSweep",2000,4,163,31.822,31.831,4.921,29.751,1,0,0.205,1.867,,1981,28,1936
"BaselineSweep",2000,4,164,28.986,28.994,4.789,26.913,1,0,0.225,1.847,,1995,28,1947
"BaselineSweep",2000,4,165,28.658,28.656,4.947,26.645,1,0,0.177,1.836,,1971,28,1915
"BaselineSweep",2000,4,166,27.581,27.577,4.820,25.390,1,0,0.188,2.003,,2001,27,1929
"BaselineSweep",2000,4,167,30.207,30.165,4.919,26.423,1,0,0.244,3.540,,1990,28,1882
"BaselineSweep",2000,4,168,29.567,29.579,4.795,25.273,1,0,0.191,4.103,,1995,27,1925
"BaselineSweep",2000,4,169,35.373,35.390,4.821,32.491,1,0,0.218,2.664,,1981,28,1934
"BaselineSweep",2000,4,170,29.166,29.162,4.802,26.913,1,0,0.241,2.012,,1980,27,1934
"BaselineSweep",2000,4,171,29.932,29.932,4.807,27.545,1,0,0.237,2.150,,1987,28,1911
"BaselineSweep",2000,4,172,28.658,28.668,4.824,25.351,1,0,0.414,2.893,,1982,28,1920
"BaselineSweep",2000,4,173,30.623,30.622,4.801,29.247,1,0,0.221,1.154,,1999,28,1914
"BaselineSweep",2000,4,174,30.792,30.770,4.385,28.339,1,0,0.257,2.195,,2010,27,1942
"BaselineSweep",2000,4,175,26.375,26.399,4.822,24.498,1,0,0.219,1.658,,1999,28,1912
"BaselineSweep",2000,4,176,27.578,27.566,4.810,25.565,1,0,0.191,1.822,,1995,27,1935
"BaselineSweep",2000,4,177,28.214,28.201,4.286,25.717,1,0,0.222,2.275,,1975,28,1902
"BaselineSweep",2000,4,178,30.841,30.834,4.823,27.349,1,0,0.221,3.270,,2006,28,1972
"BaselineSweep",2000,4,179,29.513,29.517,4.798,25.353,1,0,0.182,3.979,,2010,28,1954
"BaselineSweep",2000,4,180,29.994,29.979,4.808,26.016,1,0,0.264,3.714,,1982,28,1915
"BaselineSweep",2000,4,181,27.991,27.997,4.803,24.564,1,0,0.241,3.186,,1977,28,1947
"BaselineSweep",2000,4,182,27.910,27.927,4.802,25.709,1,0,0.230,1.972,,2009,28,1976
"BaselineSweep",2000,4,183,28.911,28.919,4.806,26.947,1,0,0.171,1.793,,1985,28,1942
"BaselineSweep",2000,4,184,31.892,31.860,4.860,28.266,1,0,0.220,3.406,,1999,28,1939
"BaselineSweep",2000,4,185,26.950,26.977,4.848,25.038,1,0,0.216,1.696,,1994,28,1898
"BaselineSweep",2000,4,186,28.170,28.152,4.822,26.694,1,0,0.248,1.228,,2006,28,1933
"BaselineSweep",2000,4,187,26.542,26.557,4.866,25.415,1,0,0.173,0.955,,1981,28,1932
"BaselineSweep",2000,4,188,28.455,28.435,4.793,25.572,1,0,0.237,2.646,,2006,28,1938
"BaselineSweep",2000,4,189,29.606,29.623,4.836,27.706,1,0,0.186,1.714,,2003,28,1891
"BaselineSweep",2000,4,190,27.771,27.766,4.823,25.601,1,0,0.198,1.972,,1990,28,1919
"BaselineSweep",2000,4,191,27.510,27.505,4.848,26.051,1,0,0.190,1.269,,1961,28,1918
"BaselineSweep",2000,4,192,27.153,27.147,4.852,25.676,1,0,0.222,1.255,,2010,28,1925
"BaselineSweep",2000,4,193,30.977,30.968,4.863,27.768,1,0,0.199,3.010,,2001,28,1932
"BaselineSweep",2000,4,194,30.933,30.929,4.821,24.956,1,0,0.237,5.740,,1994,28,1923
"BaselineSweep",2000,4,195,31.177,31.176,4.833,26.973,1,0,0.274,3.931,,1999,28,1951
"BaselineSweep",2000,4,196,31.578,31.562,4.802,27.978,1,0,0.230,3.370,,2011,27,1920
"BaselineSweep",2000,4,197,31.681,31.713,4.890,28.077,1,0,0.246,3.357,,1986,28,1928
"BaselineSweep",2000,4,198,30.663,30.666,4.826,27.497,1,0,0.229,2.937,,1978,28,1933
"BaselineSweep",2000,4,199,28.631,28.631,4.863,26.667,1,0,0.188,1.776,,1979,28,1933
"BaselineSweep",2000,4,200,29.456,29.441,4.811,28.068,1,0,0.226,1.161,,1983,28,1935
"BaselineSweep",2000,4,201,29.223,29.211,4.872,27.004,1,0,0.225,1.995,,1990,28,1921
"BaselineSweep",2000,4,202,27.954,27.975,4.837,25.899,1,0,0.188,1.867,,1991,28,1933
"BaselineSweep",2000,4,203,32.650,32.610,4.867,29.505,1,0,0.209,2.937,,1992,28,1939
"BaselineSweep",2000,4,204,28.129,28.159,4.777,24.796,1,0,0.217,3.116,,1988,28,1928
"BaselineSweep",2000,4,205,32.960,32.958,4.856,30.822,1,0,0.219,1.918,,2009,28,1944
"BaselineSweep",2000,4,206,30.515,30.508,4.787,27.492,1,0,0.226,2.797,,1979,28,1905
"BaselineSweep",2000,4,207,28.810,28.827,4.847,26.762,1,0,0.192,1.856,,1981,28,1904
"BaselineSweep",2000,4,208,36.373,36.346,4.806,32.861,1,0,0.257,3.255,,1985,28,1939
"BaselineSweep",2000,4,209,28.537,28.543,4.847,26.417,1,0,0.170,1.950,,1994,28,1940
"BaselineSweep",2000,4,210,25.541,25.558,4.803,23.905,1,0,0.198,1.439,,1990,28,1916
"BaselineSweep",2000,4,211,27.588,27.565,4.861,25.314,1,0,0.240,2.034,,1992,28,1940
"BaselineSweep",2000,4,212,27.844,27.846,4.804,25.314,1,0,0.227,2.303,,1995,28,1924
"BaselineSweep",2000,4,213,30.736,30.735,4.864,27.745,1,0,0.217,2.774,,1990,27,1942
"BaselineSweep",2000,4,214,29.656,29.659,4.783,27.470,1,0,0.228,1.958,,2003,28,1933
"BaselineSweep",2000,4,215,28.639,28.626,4.875,26.482,1,0,0.202,1.956,,1976,28,1929
"BaselineSweep",2000,4,216,30.497,30.486,4.799,27.390,1,0,0.193,2.914,,1997,28,1924
"BaselineSweep",2000,4,217,36.835,36.853,4.984,33.168,1,0,0.218,3.449,,1976,28,1924
"BaselineSweep",2000,4,218,31.262,31.253,4.811,28.451,1,0,0.225,2.587,,2016,28,1937
"BaselineSweep",2000,4,219,28.395,28.424,4.994,26.228,1,0,0.178,1.989,,1974,28,1940
"BaselineSweep",2000,4,220,28.770,28.753,4.862,26.171,1,0,0.217,2.382,,1991,28,1911
"BaselineSweep",2000,4,221,28.404,28.403,4.962,25.473,1,0,0.231,2.700,,2008,28,1935
"BaselineSweep",2000,4,222,29.624,29.623,4.801,27.568,1,0,0.196,1.861,,1985,28,1873
"BaselineSweep",2000,4,223,28.733,28.733,5.043,26.549,1,0,0.212,1.972,,2001,28,1945
"BaselineSweep",2000,4,224,32.735,32.729,4.808,30.377,1,0,0.241,2.118,,2012,28,1938
"BaselineSweep",2000,4,225,29.158,29.150,4.996,26.958,1,0,0.229,1.971,,1982,28,1946
"BaselineSweep",2000,4,226,29.667,29.654,4.857,27.278,1,0,0.192,2.197,,1977,28,1887
"BaselineSweep",2000,4,227,29.269,29.271,4.958,25.438,1,0,0.199,3.633,,1966,28,1902
"BaselineSweep",2000,4,228,27.370,27.376,4.846,25.332,1,0,0.217,1.820,,2001,28,1953
"BaselineSweep",2000,4,229,28.912,28.919,4.971,27.431,1,0,0.234,1.248,,1977,27,1910
"BaselineSweep",2000,4,230,31.160,31.152,4.792,28.727,1,0,0.273,2.160,,1993,28,1994
"BaselineSweep",2000,4,231,28.095,28.075,4.992,24.876,1,0,0.230,2.989,,1994,28,1923
"BaselineSweep",2000,4,232,30.406,30.415,4.835,27.955,1,0,0.218,2.234,,1969,28,1857
"BaselineSweep",2000,4,233,27.553,27.568,4.876,26.229,1,0,0.212,1.113,,1996,28,1919
"BaselineSweep",2000,4,234,29.477,29.468,4.790,26.951,1,0,0.252,2.274,,2002,28,1916
"BaselineSweep",2000,4,235,33.535,33.540,4.828,31.220,1,0,0.216,2.099,,1987,28,1915
"BaselineSweep",2000,4,236,31.701,31.671,4.829,27.601,1,0,0.213,3.887,,1984,28,1906
"BaselineSweep",2000,4,237,28.764,28.796,4.783,26.708,1,0,0.197,1.859,,2006,28,1958
"BaselineSweep",2000,4,238,27.048,27.044,4.823,24.977,1,0,0.212,1.859,,1986,28,1927
"BaselineSweep",2000,4,239,28.173,28.170,4.862,26.139,1,0,0.206,1.829,,1974,28,1897
"BaselineSweep",2000,4,240,27.607,27.599,4.803,25.294,1,0,0.200,2.113,,2017,28,1976
"BaselineSweep",2000,4,241,29.826,29.829,4.825,27.718,1,0,0.202,1.905,,1817,28,1821
"BaselineSweep",2000,4,242,26.918,26.887,4.835,24.665,1,0,0.202,2.052,,1993,28,1905
"BaselineSweep",2000,4,243,30.033,30.062,4.807,27.994,1,0,0.197,1.843,,1995,27,1897
"BaselineSweep",2000,4,244,27.527,27.523,4.804,25.143,1,0,0.208,2.176,,1966,28,1903
"BaselineSweep",2000,4,245,28.553,28.534,4.849,24.921,1,0,0.211,3.422,,1999,28,1904
"BaselineSweep",2000,4,246,28.852,28.867,4.809,26.384,1,0,0.246,2.222,,1995,28,1945
"BaselineSweep",2000,4,247,27.394,27.392,4.837,25.048,1,0,0.191,2.155,,1998,27,1934
"BaselineSweep",2000,4,248,29.810,29.810,4.848,27.047,1,0,0.195,2.569,,1983,28,1925
"BaselineSweep",2000,4,249,27.351,27.338,4.912,24.968,1,0,0.195,2.188,,2004,28,1920
"BaselineSweep",2000,4,250,30.926,30.936,4.805,28.787,1,0,0.213,1.927,,1984,28,1902
"BaselineSweep",2000,4,251,27.904,27.905,4.908,25.735,1,0,0.211,1.958,,1987,28,1947
"BaselineSweep",2000,4,252,27.475,27.470,4.810,25.395,1,0,0.209,1.872,,2001,28,1910
"BaselineSweep",2000,4,253,27.547,27.546,4.086,25.375,1,0,0.214,1.959,,1995,28,1912
"BaselineSweep",2000,4,254,29.375,29.346,4.818,26.469,1,0,0.216,2.690,,1997,28,1935
"BaselineSweep",2000,4,255,30.256,30.286,4.910,27.362,1,0,0.248,2.647,,1990,28,1952
"BaselineSweep",2000,4,256,31.222,31.207,4.798,28.240,1,0,0.191,2.790,,1975,28,1948
"BaselineSweep",2000,4,257,36.029,36.025,4.909,33.016,1,0,0.201,2.811,,1994,28,1934
"BaselineSweep",2000,4,258,28.919,28.929,4.798,26.853,1,0,0.206,1.860,,1977,28,1902
"BaselineSweep",2000,4,259,28.108,28.093,4.902,25.135,1,0,0.212,2.761,,2008,28,1956
"BaselineSweep",2000,4,260,27.920,27.931,4.794,25.750,1,0,0.211,1.959,,1994,28,1896
"BaselineSweep",2000,4,261,28.169,28.172,4.917,26.144,1,0,0.197,1.828,,2000,27,1946
"BaselineSweep",2000,4,262,28.639,28.636,4.800,26.309,1,0,0.443,1.887,,2012,28,1909
"BaselineSweep",2000,4,263,27.916,27.911,4.905,25.503,1,0,0.210,2.202,,1984,28,1919
"BaselineSweep",2000,4,264,29.604,29.607,4.800,27.485,1,0,0.185,1.934,,1990,28,1889
"BaselineSweep",2000,4,265,28.875,28.858,4.853,26.262,1,0,0.187,2.426,,1980,28,1906
"BaselineSweep",2000,4,266,30.560,30.563,3.764,26.558,1,0,0.205,3.798,,1985,27,1923
"BaselineSweep",2000,4,267,27.989,27.994,4.862,24.898,1,0,0.211,2.881,,2005,28,1923
"BaselineSweep",2000,4,268,29.014,29.018,4.816,26.350,1,0,0.206,2.458,,2016,28,1946
"BaselineSweep",2000,4,269,31.895,31.892,4.323,28.600,1,0,0.394,2.901,,1980,28,1926
"BaselineSweep",2000,4,270,27.087,27.085,4.806,24.905,1,0,0.202,1.980,,1987,27,1901
"BaselineSweep",2000,4,271,30.209,30.176,4.848,26.719,1,0,0.198,3.292,,1969,26,1898
"BaselineSweep",2000,4,272,28.647,28.661,4.802,25.199,1,0,0.201,3.247,,1976,28,1906
"BaselineSweep",2000,4,273,27.588,27.604,4.865,25.527,1,0,0.206,1.855,,1998,28,1935
"BaselineSweep",2000,4,274,28.871,28.869,4.478,26.830,1,0,0.196,1.844,,1966,27,1920
"BaselineSweep",2000,4,275,29.849,29.843,4.860,27.657,1,0,0.209,1.984,,1987,28,1951
"BaselineSweep",2000,4,276,29.119,29.093,4.816,25.631,1,0,0.232,3.255,,1950,28,1889
"BaselineSweep",2000,4,277,29.403,29.423,4.860,26.712,1,0,0.209,2.482,,1979,28,1909
"BaselineSweep",2000,4,278,28.800,28.801,4.370,26.737,1,0,0.200,1.864,,1994,28,1922
"BaselineSweep",2000,4,279,26.565,26.563,4.857,25.170,1,0,0.203,1.192,,1972,28,1891
"BaselineSweep",2000,4,280,27.582,27.573,4.806,25.906,1,0,0.212,1.464,,1995,28,1940
"BaselineSweep",2000,4,281,29.262,29.268,4.863,27.097,1,0,0.219,1.946,,2012,28,1937
"BaselineSweep",2000,4,282,29.101,29.100,4.806,27.031,1,0,0.213,1.856,,1988,28,1931
"BaselineSweep",2000,4,283,28.014,28.006,4.843,25.757,1,0,0.220,2.037,,2009,28,1937
"BaselineSweep",2000,4,284,30.078,30.075,4.786,27.400,1,0,0.214,2.464,,1998,28,1902
"BaselineSweep",2000,4,285,29.565,29.565,4.852,27.322,1,0,0.215,2.027,,2000,28,1912
"BaselineSweep",2000,4,286,30.193,30.189,4.816,27.122,1,0,0.218,2.853,,2003,26,1926
"BaselineSweep",2000,4,287,28.486,28.470,4.861,25.864,1,0,0.212,2.409,,2001,28,1919
"BaselineSweep",2000,4,288,28.614,28.635,4.012,26.105,1,0,0.219,2.290,,1995,28,1928
"BaselineSweep",2000,4,289,29.258,29.249,4.394,25.790,1,0,0.200,3.269,,1984,28,1944
"BaselineSweep",2000,4,290,28.144,28.141,4.809,25.178,1,0,0.208,2.758,,2004,28,1930
"BaselineSweep",2000,4,291,29.515,29.498,4.872,26.518,1,0,0.253,2.744,,2010,28,1916
"BaselineSweep",2000,4,292,28.719,28.710,4.145,25.949,1,0,0.209,2.560,,1985,28,1885
"BaselineSweep",2000,4,293,29.736,29.755,0.000,26.339,1,0,0.198,3.199,,1983,28,1882
"BaselineSweep",2000,4,294,30.254,30.215,4.803,27.233,1,0,0.209,2.812,,1994,28,1934
"BaselineSweep",2000,4,295,29.689,29.710,4.564,25.811,1,0,0.205,3.673,,1985,28,1946
"BaselineSweep",2000,4,296,29.274,29.290,4.807,26.730,1,0,0.205,2.339,,1958,28,1885
"BaselineSweep",2000,4,297,29.299,29.297,4.865,25.580,1,0,0.208,3.512,,1999,28,1919
"BaselineSweep",2000,4,298,28.441,28.447,4.838,25.959,1,0,0.203,2.279,,2006,28,1941
"BaselineSweep",2000,4,299,27.954,27.925,4.868,25.217,1,0,0.203,2.535,,1997,28,1931
"BaselineSweep",5000,4,0,172.402,172.423,2.351,168.935,1,0,0.537,2.930,,4974,58,4696
"BaselineSweep",5000,4,1,167.493,167.492,11.846,164.250,1,0,0.513,2.729,,4971,57,4799
"BaselineSweep",5000,4,2,164.701,164.701,11.856,161.468,1,0,0.519,2.715,,4958,58,4815
"BaselineSweep",5000,4,3,170.348,170.347,5.605,166.203,1,0,1.129,3.017,,4894,58,4702
"BaselineSweep",5000,4,4,170.679,170.673,2.350,165.065,1,0,0.520,5.094,,4911,58,4719
"BaselineSweep",5000,4,5,171.230,171.233,2.221,167.221,1,0,0.657,3.352,,4985,57,4781
"BaselineSweep",5000,4,6,168.121,168.119,2.110,163.454,1,0,0.498,4.169,,4959,58,4797
"BaselineSweep",5000,4,7,173.616,173.617,2.108,170.299,1,0,0.512,2.806,,4952,57,4727
"BaselineSweep",5000,4,8,169.428,169.425,2.430,166.099,1,0,0.504,2.825,,4916,58,4788
"BaselineSweep",5000,4,9,168.661,168.662,11.780,165.569,1,0,0.498,2.594,,4928,57,4731
"BaselineSweep",5000,4,10,166.848,166.845,11.993,163.637,1,0,0.496,2.716,,4972,58,4798
"BaselineSweep",5000,4,11,165.490,165.491,10.643,162.336,1,0,0.504,2.650,,4973,58,4736
"BaselineSweep",5000,4,12,168.498,168.492,11.577,164.863,1,0,0.521,3.114,,4949,58,4797
"BaselineSweep",5000,4,13,169.327,169.306,5.155,165.198,1,0,0.647,3.483,,4972,58,4736
"BaselineSweep",5000,4,14,161.666,161.677,2.383,157.079,1,0,0.486,4.101,,4915,58,4699
"BaselineSweep",5000,4,15,165.603,165.570,10.660,161.381,1,0,0.504,3.718,,4993,58,4807
"BaselineSweep",5000,4,16,175.776,175.809,0.000,171.207,1,0,0.622,3.947,,4928,57,4744
"BaselineSweep",5000,4,17,172.474,172.467,7.735,167.721,1,0,0.499,4.254,,4968,58,4774
"BaselineSweep",5000,4,18,381.340,381.235,8.987,169.563,1,0,0.651,211.126,,4963,58,4732
"BaselineSweep",5000,4,19,163.002,163.109,2.303,159.341,1,0,0.651,3.010,,4636,58,4470
"BaselineSweep",5000,4,20,167.482,167.482,0.000,163.786,1,0,0.498,3.198,,5341,58,5334
"BaselineSweep",5000,4,21,165.972,165.969,2.424,161.209,1,0,0.507,4.256,,4968,58,4755
"BaselineSweep",5000,4,22,166.899,166.903,2.352,163.357,1,0,0.664,2.878,,4953,58,4768
"BaselineSweep",5000,4,23,166.473,166.463,7.399,161.750,1,0,0.668,4.055,,4973,58,4806
"BaselineSweep",5000,4,24,166.179,166.187,7.116,162.208,1,0,0.667,3.304,,4976,58,4806
"BaselineSweep",5000,4,25,170.170,170.169,9.638,166.884,1,0,0.611,2.676,,4960,58,4783
"BaselineSweep",5000,4,26,172.001,171.993,7.214,166.972,1,0,0.527,4.502,,4954,58,4738
"BaselineSweep",5000,4,27,166.738,166.708,7.130,162.391,1,0,0.493,3.854,,4972,58,4849
"BaselineSweep",5000,4,28,169.057,169.033,9.357,163.649,1,0,0.585,4.823,,4941,58,4781
"BaselineSweep",5000,4,29,167.704,167.761,9.099,164.445,1,0,0.497,2.762,,4943,58,4722
"BaselineSweep",5000,4,30,167.523,167.502,9.186,161.478,1,0,0.630,5.414,,4945,58,4825
"BaselineSweep",5000,4,31,175.237,175.245,9.645,170.576,1,0,0.658,4.003,,4900,58,4747
"BaselineSweep",5000,4,32,173.200,173.152,9.702,168.124,1,0,0.506,4.570,,4981,58,4751
"BaselineSweep",5000,4,33,161.045,161.066,8.253,157.915,1,0,0.511,2.620,,4968,58,4761
"BaselineSweep",5000,4,34,168.928,168.955,0.000,164.168,1,0,0.509,4.252,,4962,58,4812
"BaselineSweep",5000,4,35,170.743,170.742,10.551,168.196,1,0,0.513,2.034,,4951,58,4743
"BaselineSweep",5000,4,36,171.897,171.897,8.626,168.257,1,0,0.524,3.115,,4995,58,4785
"BaselineSweep",5000,4,37,176.835,176.828,10.551,172.037,1,0,0.675,4.124,,4950,58,4762
"BaselineSweep",5000,4,38,170.326,170.327,11.995,166.670,1,0,0.529,3.127,,4985,58,4690
"BaselineSweep",5000,4,39,169.125,169.115,11.834,165.158,1,0,0.532,3.435,,4956,58,4770
"BaselineSweep",5000,4,40,174.487,174.495,12.083,170.564,1,0,0.665,3.259,,4953,58,4772
"BaselineSweep",5000,4,41,172.654,172.652,11.831,167.855,1,0,1.483,3.315,,4941,58,4759
"BaselineSweep",5000,4,42,172.096,172.095,12.062,168.592,1,0,0.502,3.003,,4996,58,4843
"BaselineSweep",5000,4,43,178.013,178.013,11.884,174.708,1,0,0.496,2.809,,4944,58,4717
"BaselineSweep",5000,4,44,177.445,177.407,8.838,172.950,1,0,0.648,3.847,,4967,57,4797
"BaselineSweep",5000,4,45,166.464,166.499,2.379,163.081,1,0,0.519,2.864,,4937,58,4815
"BaselineSweep",5000,4,46,511.899,511.869,2.131,171.255,1,0,0.496,340.149,,4938,57,4824
"BaselineSweep",5000,4,47,167.145,167.171,11.824,162.605,1,0,0.471,4.069,,4949,58,4756
"BaselineSweep",5000,4,48,162.375,162.334,10.739,157.485,1,0,0.613,4.277,,4973,58,4721
"BaselineSweep",5000,4,49,166.025,166.061,2.917,160.186,1,0,0.647,5.192,,4977,58,4782
"BaselineSweep",5000,4,50,167.905,167.910,2.104,164.886,1,0,0.445,2.574,,4939,57,4724
"BaselineSweep",5000,4,51,161.007,160.995,2.100,157.668,1,0,0.679,2.659,,4946,58,4787
"BaselineSweep",5000,4,52,165.779,165.777,2.554,162.562,1,0,0.512,2.704,,4957,58,4785
"BaselineSweep",5000,4,53,176.101,176.106,2.744,172.987,1,0,0.465,2.650,,5006,57,4818
"BaselineSweep",5000,4,54,162.614,162.614,2.508,159.502,1,0,0.504,2.608,,4912,58,4649
"BaselineSweep",5000,4,55,165.430,165.430,9.928,161.813,1,0,0.519,3.098,,4953,58,4755
"BaselineSweep",5000,4,56,169.785,169.782,2.534,166.058,1,0,0.860,2.867,,4946,58,4842
"BaselineSweep",5000,4,57,168.140,168.113,2.474,164.355,1,0,0.653,3.131,,4953,58,4734
"BaselineSweep",5000,4,58,172.265,172.280,3.732,166.439,1,0,0.793,5.033,,4930,58,4739
"BaselineSweep",5000,4,59,169.649,169.634,4.919,164.731,1,0,0.610,4.308,,4942,58,4759
"BaselineSweep",5000,4,60,168.229,168.246,5.285,165.101,1,0,0.456,2.673,,4945,58,4794
"BaselineSweep",5000,4,61,170.036,169.998,8.612,164.833,1,0,0.653,4.551,,4985,58,4800
"BaselineSweep",5000,4,62,174.906,174.941,8.717,171.760,1,0,0.488,2.658,,4964,58,4744
"BaselineSweep",5000,4,63,171.005,170.983,8.968,166.506,1,0,0.633,3.866,,4981,58,4780
"BaselineSweep",5000,4,64,168.630,168.650,7.463,165.221,1,0,0.651,2.757,,4916,58,4777
"BaselineSweep",5000,4,65,177.483,177.464,9.789,173.111,1,0,0.522,3.850,,4950,58,4824
"BaselineSweep",5000,4,66,173.429,173.440,9.870,168.088,1,0,0.991,4.349,,4944,58,4805
"BaselineSweep",5000,4,67,170.874,170.850,9.776,166.739,1,0,0.515,3.620,,4975,58,4826
"BaselineSweep",5000,4,68,176.293,176.273,8.850,171.548,1,0,0.605,4.141,,4937,58,4772
"BaselineSweep",5000,4,69,162.076,162.115,9.781,158.375,1,0,0.653,3.048,,4952,58,4788
"BaselineSweep",5000,4,70,169.150,169.150,7.257,165.767,1,0,0.649,2.734,,4928,56,4782
"BaselineSweep",5000,4,71,164.610,164.557,10.652,159.437,1,0,0.652,4.521,,4982,58,4808
"BaselineSweep",5000,4,72,172.398,172.378,7.569,166.704,1,0,0.521,5.173,,4974,58,4846
"BaselineSweep",5000,4,73,168.319,168.386,10.721,164.887,1,0,0.524,2.908,,4957,58,4805
"BaselineSweep",5000,4,74,162.765,162.764,0.000,159.309,1,0,0.501,2.955,,4911,58,4778
"BaselineSweep",5000,4,75,169.743,169.741,7.658,166.450,1,0,0.512,2.781,,4972,58,4797
"BaselineSweep",5000,4,76,177.693,177.691,8.984,174.175,1,0,0.501,3.017,,4924,58,4807
"BaselineSweep",5000,4,77,183.949,183.946,10.644,180.743,1,0,0.500,2.706,,4940,58,4805
"BaselineSweep",5000,4,78,163.648,163.649,10.647,159.999,1,0,0.660,2.990,,4943,58,4780
"BaselineSweep",5000,4,79,166.193,166.194,7.752,163.221,1,0,0.662,2.311,,4928,58,4752
"BaselineSweep",5000,4,80,174.381,174.375,11.835,170.351,1,0,0.667,3.363,,4417,57,4355
"BaselineSweep",5000,4,81,167.456,167.448,10.658,162.669,1,0,0.619,4.168,,5475,59,9654
"BaselineSweep",5000,4,82,172.516,172.520,8.168,169.030,1,0,0.499,2.987,,4951,58,4777
"BaselineSweep",5000,4,83,172.531,172.531,11.788,169.296,1,0,0.522,2.712,,4943,58,4777
"BaselineSweep",5000,4,84,403.000,402.936,11.863,165.897,1,0,0.548,236.556,,4985,58,4826
"BaselineSweep",5000,4,85,162.131,162.190,8.210,158.300,1,0,0.512,3.319,,4864,58,4767
"BaselineSweep",5000,4,86,176.570,176.574,0.000,173.163,1,0,0.485,2.922,,5047,58,5047
"BaselineSweep",5000,4,87,166.151,166.150,2.150,162.837,1,0,0.500,2.813,,4651,57,4786
"BaselineSweep",5000,4,88,164.056,164.054,2.078,160.866,1,0,0.531,2.658,,4963,58,4825
"BaselineSweep",5000,4,89,192.882,192.850,8.877,188.385,1,0,0.509,3.987,,4919,58,4711
"BaselineSweep",5000,4,90,163.179,163.198,8.003,159.559,1,0,0.479,3.140,,4989,58,4900
"BaselineSweep",5000,4,91,172.957,172.966,7.545,169.918,1,0,0.450,2.589,,4992,58,4822
"BaselineSweep",5000,4,92,170.618,170.614,8.064,167.472,1,0,0.507,2.639,,4928,58,4757
"BaselineSweep",5000,4,93,168.507,168.496,4.921,164.502,1,0,0.760,3.245,,4935,58,4775
"BaselineSweep",5000,4,94,176.368,176.366,8.031,172.040,1,0,0.774,3.554,,4925,58,4708
"BaselineSweep",5000,4,95,169.834,169.786,4.521,164.639,1,0,0.511,4.684,,4927,58,4733
"BaselineSweep",5000,4,96,177.522,177.574,8.121,173.740,1,0,0.691,3.091,,4963,58,4730
"BaselineSweep",5000,4,97,168.943,168.940,9.701,165.254,1,0,0.647,3.042,,4881,58,4803
"BaselineSweep",5000,4,98,165.110,165.107,9.739,158.750,1,0,0.641,5.720,,4960,58,4734
"BaselineSweep",5000,4,99,163.152,163.152,7.076,157.915,1,0,0.655,4.582,,4970,58,4722
"BaselineSweep",5000,4,100,161.893,161.890,9.776,156.597,1,0,0.495,4.801,,4954,58,4716
"BaselineSweep",5000,4,101,175.259,175.249,9.630,168.681,1,0,0.663,5.916,,4959,58,4750
"BaselineSweep",5000,4,102,160.328,160.339,7.838,156.877,1,0,0.549,2.903,,4971,58,4691
"BaselineSweep",5000,4,103,165.597,165.586,10.592,160.104,1,0,0.519,4.973,,4988,58,4789
"BaselineSweep",5000,4,104,170.980,170.987,10.717,167.347,1,0,0.661,2.972,,4945,58,4712
"BaselineSweep",5000,4,105,173.254,173.254,10.741,170.031,1,0,0.506,2.717,,4979,58,4840
"BaselineSweep",5000,4,106,166.415,166.378,8.866,161.636,1,0,0.696,4.083,,4923,58,4728
"BaselineSweep",5000,4,107,167.799,167.803,10.838,161.450,1,0,0.661,5.689,,4966,58,4741
"BaselineSweep",5000,4,108,177.610,177.633,11.927,172.046,1,0,0.512,5.052,,4982,58,4681
"BaselineSweep",5000,4,109,174.199,174.161,11.855,169.592,1,0,0.496,4.111,,4942,58,4703
"BaselineSweep",5000,4,110,169.264,169.302,11.983,164.723,1,0,0.676,3.864,,4961,58,4782
"BaselineSweep",5000,4,111,168.334,168.327,8.760,164.692,1,0,0.498,3.144,,4948,58,4793
"BaselineSweep",5000,4,112,164.543,164.541,2.876,159.236,1,0,0.498,4.809,,4981,57,4847
"BaselineSweep",5000,4,113,168.719,168.653,2.201,164.392,1,0,0.501,3.827,,4943,58,4747
"BaselineSweep",5000,4,114,170.862,170.930,10.739,167.380,1,0,0.511,2.971,,4932,57,4753
"BaselineSweep",5000,4,115,173.176,173.133,10.693,169.122,1,0,0.494,3.559,,4916,58,4739
"BaselineSweep",5000,4,116,401.263,401.269,10.779,163.550,1,0,0.500,237.212,,0,0,0
"BaselineSweep",5000,4,117,161.721,161.747,10.681,157.398,1,0,0.463,3.859,,9787,116,9552
"BaselineSweep",5000,4,118,168.653,168.653,6.959,163.594,1,0,0.530,4.530,,4968,57,4820
"BaselineSweep",5000,4,119,163.472,163.462,2.685,159.379,1,0,0.662,3.431,,4950,58,4652
"BaselineSweep",5000,4,120,169.018,169.017,2.418,162.419,1,0,0.684,5.915,,4930,58,4812
"BaselineSweep",5000,4,121,165.716,165.707,7.178,161.500,1,0,0.466,3.750,,4905,58,4742
"BaselineSweep",5000,4,122,169.788,169.770,8.100,163.020,1,0,0.615,6.153,,4973,58,4807
"BaselineSweep",5000,4,123,165.247,165.281,8.995,162.042,1,0,0.492,2.712,,4942,57,4745
"BaselineSweep",5000,4,124,167.946,167.876,9.781,162.740,1,0,0.683,4.523,,4971,58,4796
"BaselineSweep",5000,4,125,169.441,169.490,9.868,164.821,1,0,0.654,3.966,,4927,58,4772
"BaselineSweep",5000,4,126,167.803,167.814,6.796,161.541,1,0,0.660,5.602,,4925,58,4802
"BaselineSweep",5000,4,127,162.677,162.668,9.772,157.186,1,0,0.512,4.978,,4904,58,4787
"BaselineSweep",5000,4,128,170.414,170.424,9.752,166.835,1,0,0.471,3.108,,4927,58,4780
"BaselineSweep",5000,4,129,163.758,163.758,9.756,160.016,1,0,0.675,3.067,,4920,57,4707
"BaselineSweep",5000,4,130,165.597,165.596,9.766,162.927,1,0,0.653,2.017,,4872,58,4790
"BaselineSweep",5000,4,131,164.899,164.897,10.724,162.285,1,0,0.535,2.080,,4977,57,4814
"BaselineSweep",5000,4,132,170.091,170.087,10.737,166.196,1,0,0.648,3.247,,4938,57,4824
"BaselineSweep",5000,4,133,410.662,410.551,10.694,165.382,1,0,0.961,244.319,,4919,58,4820
"BaselineSweep",5000,4,134,174.753,174.861,10.749,171.235,1,0,0.625,2.893,,4886,58,4714
"BaselineSweep",5000,4,135,162.598,162.588,10.688,157.706,1,0,0.526,4.366,,4926,57,4765
"BaselineSweep",5000,4,136,168.388,168.395,2.955,165.546,1,0,0.611,2.231,,4951,57,4780
"BaselineSweep",5000,4,137,169.854,169.852,2.414,166.810,1,0,0.476,2.568,,4927,58,4804
"BaselineSweep",5000,4,138,163.792,163.781,9.790,160.022,1,0,0.513,3.256,,4979,58,4843
"BaselineSweep",5000,4,139,165.889,165.886,9.951,161.124,1,0,0.537,4.228,,4933,58,4757
"BaselineSweep",5000,4,140,175.443,175.446,8.597,171.752,1,0,0.517,3.174,,4945,58,4740
"BaselineSweep",5000,4,141,167.126,167.126,7.987,163.453,1,0,0.511,3.162,,4926,58,4806
"BaselineSweep",5000,4,142,167.041,167.036,8.022,163.648,1,0,0.520,2.873,,4922,58,4759
"BaselineSweep",5000,4,143,169.548,169.541,8.561,164.177,1,0,0.509,4.863,,4936,58,4851
"BaselineSweep",5000,4,144,166.936,166.937,9.802,161.357,1,0,0.545,5.034,,4949,58,4774
"BaselineSweep",5000,4,145,163.485,163.453,9.282,160.379,1,0,0.482,2.623,,4966,57,4725
"BaselineSweep",5000,4,146,167.852,167.883,9.798,163.847,1,0,0.682,3.322,,4944,57,4816
"BaselineSweep",5000,4,147,168.647,168.643,9.940,162.756,1,0,0.652,5.238,,4943,58,4797
"BaselineSweep",5000,4,148,170.534,170.534,9.766,165.427,1,0,0.491,4.617,,4908,58,4765
"BaselineSweep",5000,4,149,163.549,163.552,8.959,160.086,1,0,0.496,2.967,,4913,58,4797
"BaselineSweep",5000,4,150,165.473,165.470,9.693,162.456,1,0,0.657,2.359,,4960,58,4821
"BaselineSweep",5000,4,151,170.597,170.596,10.904,166.692,1,0,0.731,3.175,,4975,58,4735
"BaselineSweep",5000,4,152,162.685,162.678,10.632,159.457,1,0,0.525,2.703,,4944,58,4717
"BaselineSweep",5000,4,153,169.653,169.657,10.730,166.049,1,0,0.665,2.940,,4996,58,4775
"BaselineSweep",5000,4,154,163.175,163.167,10.588,156.776,1,0,0.669,5.731,,4921,58,4731
"BaselineSweep",5000,4,155,165.146,165.153,10.827,161.883,1,0,0.534,2.729,,4963,58,4796
"BaselineSweep",5000,4,156,407.282,407.196,10.629,166.684,1,0,0.661,239.937,,4926,58,4744
"BaselineSweep",5000,4,157,164.032,164.111,8.049,159.495,1,0,0.489,4.048,,4943,57,4753
"BaselineSweep",5000,4,158,164.738,164.725,0.000,158.293,1,0,0.522,5.923,,5021,58,5021
"BaselineSweep",5000,4,159,171.218,171.219,2.787,167.303,1,0,0.644,3.270,,4948,58,4753
"BaselineSweep",5000,4,160,164.459,164.466,2.344,160.287,1,0,0.472,3.700,,4947,58,4793
"BaselineSweep",5000,4,161,166.372,166.370,9.003,163.054,1,0,0.569,2.749,,4976,56,4781
"BaselineSweep",5000,4,162,164.804,164.775,9.040,161.159,1,0,0.661,2.984,,4914,58,4772
"BaselineSweep",5000,4,163,164.552,164.578,8.467,160.892,1,0,0.634,3.026,,4958,58,4774
"BaselineSweep",5000,4,164,173.813,173.814,8.383,169.680,1,0,0.486,3.647,,4849,57,4803
"BaselineSweep",5000,4,165,162.606,162.543,9.172,159.310,1,0,0.643,2.653,,4953,58,4761
"BaselineSweep",5000,4,166,163.512,163.572,9.324,159.889,1,0,0.465,3.158,,4943,58,4755
"BaselineSweep",5000,4,167,165.362,165.362,8.173,161.810,1,0,0.663,2.889,,4918,58,4780
"BaselineSweep",5000,4,168,173.411,173.377,7.979,168.631,1,0,0.599,4.182,,4964,57,4767
"BaselineSweep",5000,4,169,172.020,172.049,9.645,168.761,1,0,0.493,2.766,,4986,57,4812
"BaselineSweep",5000,4,170,169.626,169.610,7.979,165.731,1,0,0.468,3.427,,4933,58,4811
"BaselineSweep",5000,4,171,165.393,165.405,8.417,162.054,1,0,0.493,2.846,,4922,57,4729
"BaselineSweep",5000,4,172,161.304,161.298,8.475,157.574,1,0,0.677,3.053,,4986,58,4791
"BaselineSweep",5000,4,173,161.511,161.513,10.597,157.707,1,0,0.671,3.133,,4947,58,4732
"BaselineSweep",5000,4,174,167.413,167.391,10.648,160.136,1,0,1.108,6.169,,4972,57,4787
"BaselineSweep",5000,4,175,171.505,171.516,10.588,167.339,1,0,0.507,3.660,,4943,58,4717
"BaselineSweep",5000,4,176,167.107,167.109,10.725,161.989,1,0,0.509,4.609,,4974,58,4774
"BaselineSweep",5000,4,177,161.401,161.404,10.710,157.311,1,0,0.680,3.409,,4897,57,4754
"BaselineSweep",5000,4,178,165.741,165.737,10.722,162.068,1,0,0.517,3.157,,4960,58,4860
"BaselineSweep",5000,4,179,174.103,174.102,10.747,170.914,1,0,0.498,2.691,,4954,58,4768
"BaselineSweep",5000,4,180,171.892,171.886,10.723,166.385,1,0,0.502,5.004,,4956,58,4729
"BaselineSweep",5000,4,181,168.100,168.090,11.818,163.566,1,0,0.657,3.878,,4921,58,4715
"BaselineSweep",5000,4,182,399.695,399.640,7.819,165.246,1,0,0.624,233.825,,4841,58,4755
"BaselineSweep",5000,4,183,161.124,161.150,2.250,156.221,1,0,0.499,4.405,,4883,58,4714
"BaselineSweep",5000,4,184,168.905,168.903,0.000,162.814,1,0,0.705,5.386,,4961,58,4819
"BaselineSweep",5000,4,185,164.244,164.279,2.432,158.081,1,0,0.662,5.502,,4908,58,4734
"BaselineSweep",5000,4,186,166.170,166.164,2.370,160.853,1,0,0.659,4.659,,4922,58,4740
"BaselineSweep",5000,4,187,169.378,169.190,9.750,164.417,1,0,0.486,4.476,,4912,58,4789
"BaselineSweep",5000,4,188,168.250,168.426,0.000,165.630,1,0,0.523,2.098,,4924,58,4767
"BaselineSweep",5000,4,189,165.165,165.163,9.374,162.304,1,0,0.590,2.271,,4950,58,4851
"BaselineSweep",5000,4,190,161.205,161.210,9.745,157.780,1,0,0.491,2.935,,4807,58,4745
"BaselineSweep",5000,4,191,168.647,168.601,8.404,163.770,1,0,0.585,4.291,,4957,58,4822
"BaselineSweep",5000,4,192,161.703,161.734,8.418,158.283,1,0,0.661,2.759,,4919,58,4782
"BaselineSweep",5000,4,193,403.839,403.747,9.848,168.346,1,0,0.624,234.869,,4907,58,4778
"BaselineSweep",5000,4,194,165.659,165.756,9.824,160.167,1,0,0.453,5.039,,4602,58,4414
"BaselineSweep",5000,4,195,161.664,161.669,0.000,156.836,1,0,0.487,4.342,,5278,58,5055
"BaselineSweep",5000,4,196,158.447,158.449,2.889,154.147,1,0,0.507,3.793,,4934,58,4761
"BaselineSweep",5000,4,197,173.145,173.136,2.529,166.845,1,0,0.692,5.609,,4949,58,4861
"BaselineSweep",5000,4,198,167.500,167.506,6.768,162.636,1,0,0.493,4.372,,4924,58,4756
"BaselineSweep",5000,4,199,161.470,161.473,7.947,157.794,1,0,0.645,3.032,,4934,58,4798
"BaselineSweep",5000,4,200,162.313,162.312,7.751,158.546,1,0,0.659,3.109,,4947,58,4801
"BaselineSweep",5000,4,201,168.797,168.796,9.049,165.718,1,0,0.458,2.622,,4932,58,4816
"BaselineSweep",5000,4,202,163.207,163.204,8.895,158.913,1,0,1.480,2.814,,4982,58,4839
"BaselineSweep",5000,4,203,162.436,162.435,8.372,159.340,1,0,0.479,2.617,,4966,58,4738
"BaselineSweep",5000,4,204,400.618,400.576,8.065,168.829,1,0,0.504,231.285,,4969,58,4807
"BaselineSweep",5000,4,205,168.052,168.078,7.821,163.171,1,0,0.544,4.337,,4854,58,4658
"BaselineSweep",5000,4,206,165.412,165.413,0.000,160.545,1,0,0.548,4.319,,5025,58,4834
"BaselineSweep",5000,4,207,175.294,175.297,2.290,172.044,1,0,0.543,2.708,,4955,58,4761
"BaselineSweep",5000,4,208,168.747,168.748,2.087,165.010,1,0,0.518,3.219,,4931,58,4783
"BaselineSweep",5000,4,209,166.843,166.835,2.550,162.096,1,0,0.450,4.297,,4923,58,4749
"BaselineSweep",5000,4,210,177.324,177.332,2.510,173.743,1,0,0.715,2.866,,4940,58,4682
"BaselineSweep",5000,4,211,165.744,165.745,5.679,162.632,1,0,0.530,2.582,,4940,58,4791
"BaselineSweep",5000,4,212,173.380,173.366,7.557,168.750,1,0,0.537,4.093,,4984,58,4729
"BaselineSweep",5000,4,213,165.237,165.247,8.201,161.993,1,0,0.523,2.721,,4932,58,4741
"BaselineSweep",5000,4,214,165.857,165.851,7.912,160.240,1,0,0.513,5.104,,4914,58,4690
"BaselineSweep",5000,4,215,167.214,167.208,8.058,162.868,1,0,0.533,3.813,,4946,55,4771
"BaselineSweep",5000,4,216,164.063,164.062,7.757,160.686,1,0,0.551,2.826,,4951,58,4768
"BaselineSweep",5000,4,217,169.839,169.843,8.464,166.521,1,0,0.576,2.741,,4878,58,4757
"BaselineSweep",5000,4,218,395.565,395.489,9.727,170.307,1,0,0.525,224.734,,4941,58,4683
"BaselineSweep",5000,4,219,162.566,162.633,10.650,157.279,1,0,0.647,4.640,,4950,57,4675
"BaselineSweep",5000,4,220,164.846,164.848,0.000,162.218,1,0,0.517,2.111,,4935,58,4788
"BaselineSweep",5000,4,221,168.327,168.309,2.254,163.030,1,0,0.528,4.769,,4938,57,4809
"BaselineSweep",5000,4,222,171.790,171.805,2.080,168.665,1,0,0.491,2.634,,4954,58,4809
"BaselineSweep",5000,4,223,168.361,168.289,2.132,162.831,1,0,0.666,4.864,,4927,58,4790
"BaselineSweep",5000,4,224,166.711,166.773,9.708,162.696,1,0,0.498,3.517,,4900,58,4699
"BaselineSweep",5000,4,225,166.048,166.031,8.398,160.801,1,0,0.514,4.734,,4956,58,4729
"BaselineSweep",5000,4,226,165.787,165.800,9.728,162.597,1,0,0.496,2.694,,4961,58,4758
"BaselineSweep",5000,4,227,162.015,162.018,9.933,158.968,1,0,0.499,2.548,,4989,58,4761
"BaselineSweep",5000,4,228,163.188,163.181,10.707,158.617,1,0,0.536,4.036,,4948,58,4817
"BaselineSweep",5000,4,229,163.966,163.970,10.781,160.371,1,0,0.649,2.946,,4920,58,4829
"BaselineSweep",5000,4,230,170.929,170.923,10.662,167.569,1,0,0.523,2.836,,4904,58,4717
"BaselineSweep",5000,4,231,167.979,167.977,8.245,163.904,1,0,0.536,3.539,,4935,57,4754
"BaselineSweep",5000,4,232,167.918,167.920,10.652,164.617,1,0,0.516,2.785,,4935,57,4751
"BaselineSweep",5000,4,233,167.149,167.145,10.856,163.941,1,0,0.523,2.686,,4933,58,4815
"BaselineSweep",5000,4,234,170.330,170.294,10.693,165.376,1,0,0.514,4.441,,4944,58,4781
"BaselineSweep",5000,4,235,171.800,171.804,11.981,167.099,1,0,0.583,4.119,,4931,58,4738
"BaselineSweep",5000,4,236,168.889,167.448,11.846,164.741,1,0,0.585,3.563,,4904,58,4741
"BaselineSweep",5000,4,237,168.155,169.613,12.023,163.362,1,0,0.512,4.280,,4943,58,4841
"BaselineSweep",5000,4,238,409.318,409.159,11.926,162.790,1,0,0.515,246.013,,4930,58,4748
"BaselineSweep",5000,4,239,162.245,162.406,11.873,158.984,1,0,0.528,2.733,,4992,58,4743
"BaselineSweep",5000,4,240,164.269,164.272,0.000,159.794,1,0,0.652,3.824,,4958,58,4724
"BaselineSweep",5000,4,241,167.646,167.632,2.565,163.177,1,0,0.531,3.938,,4914,58,4661
"BaselineSweep",5000,4,242,169.830,169.837,2.494,166.734,1,0,0.494,2.603,,4989,58,4827
"BaselineSweep",5000,4,243,164.587,164.582,9.032,161.432,1,0,0.506,2.649,,4971,58,4753
"BaselineSweep",5000,4,244,166.559,166.566,8.082,164.095,1,0,0.541,1.923,,4988,57,4807
"BaselineSweep",5000,4,245,170.379,170.373,7.438,167.092,1,0,0.540,2.747,,4988,58,4786
"BaselineSweep",5000,4,246,171.594,171.594,10.723,168.455,1,0,0.488,2.651,,4973,58,4752
"BaselineSweep",5000,4,247,165.869,165.867,8.461,162.625,1,0,0.495,2.748,,4958,58,4760
"BaselineSweep",5000,4,248,165.616,165.613,11.369,162.413,1,0,0.513,2.690,,4955,58,4732
"BaselineSweep",5000,4,249,168.128,168.128,7.585,164.887,1,0,0.502,2.739,,4974,58,4771
"BaselineSweep",5000,4,250,169.395,169.393,7.677,165.287,1,0,0.500,3.608,,4962,57,4749
"BaselineSweep",5000,4,251,163.375,163.365,7.500,158.000,1,0,0.509,4.865,,4921,58,4721
"BaselineSweep",5000,4,252,415.328,415.273,10.635,163.290,1,0,0.573,251.465,,4917,58,4716
"BaselineSweep",5000,4,253,167.514,167.573,10.669,164.012,1,0,0.561,2.941,,4929,58,4691
"BaselineSweep",5000,4,254,175.094,175.060,7.067,169.905,1,0,0.498,4.691,,4945,58,4744
"BaselineSweep",5000,4,255,167.893,167.925,2.254,164.885,1,0,0.506,2.502,,4931,58,4803
"BaselineSweep",5000,4,256,165.381,165.380,2.251,162.033,1,0,0.644,2.704,,4884,58,4771
"BaselineSweep",5000,4,257,162.977,162.976,7.323,159.278,1,0,0.671,3.028,,4882,58,4788
"BaselineSweep",5000,4,258,165.582,165.579,9.119,162.359,1,0,0.516,2.707,,4949,58,4771
"BaselineSweep",5000,4,259,174.453,174.454,7.669,171.084,1,0,0.651,2.719,,4931,58,4779
"BaselineSweep",5000,4,260,163.694,163.690,8.838,160.213,1,0,0.504,2.977,,4935,58,4783
"BaselineSweep",5000,4,261,169.838,169.795,9.717,164.882,1,0,0.547,4.409,,4950,58,4797
"BaselineSweep",5000,4,262,164.744,164.760,7.300,160.063,1,0,0.642,4.040,,4628,58,4694
"BaselineSweep",5000,4,263,168.114,168.136,8.844,161.931,1,0,0.691,5.492,,4960,58,4802
"BaselineSweep",5000,4,264,164.688,164.689,7.562,160.861,1,0,0.634,3.194,,4941,57,4743
"BaselineSweep",5000,4,265,166.181,166.127,7.988,161.759,1,0,0.510,3.912,,4867,57,4798
"BaselineSweep",5000,4,266,166.124,166.163,10.657,161.759,1,0,0.518,3.847,,4948,58,4728
"BaselineSweep",5000,4,267,165.652,165.616,10.707,160.840,1,0,0.513,4.299,,5000,58,4751
"BaselineSweep",5000,4,268,168.657,168.698,8.175,165.302,1,0,0.511,2.844,,4985,58,4734
"BaselineSweep",5000,4,269,166.767,166.762,12.069,161.431,1,0,0.735,4.601,,4311,58,4765
"BaselineSweep",5000,4,270,169.508,169.480,12.182,164.054,1,0,0.648,4.805,,4957,57,4729
"BaselineSweep",5000,4,271,173.600,173.630,8.358,169.935,1,0,0.621,3.044,,4942,58,4736
"BaselineSweep",5000,4,272,411.457,411.425,2.366,163.819,1,0,0.502,247.137,,4923,58,4760
"BaselineSweep",5000,4,273,169.980,170.010,2.108,166.873,1,0,0.519,2.588,,4978,58,4774
"BaselineSweep",5000,4,274,170.112,170.110,0.000,166.701,1,0,0.502,2.909,,5021,58,5021
"BaselineSweep",5000,4,275,180.562,180.525,2.860,175.621,1,0,0.619,4.321,,4927,58,4783
"BaselineSweep",5000,4,276,516.291,516.298,2.396,160.182,1,0,0.678,355.431,,4936,57,4777
"BaselineSweep",5000,4,277,165.285,165.308,8.649,160.339,1,0,0.663,4.283,,4927,58,4722
"BaselineSweep",5000,4,278,167.983,167.958,0.000,163.365,1,0,0.515,4.103,,4958,58,4755
"BaselineSweep",5000,4,279,168.079,168.097,2.550,163.625,1,0,0.509,3.946,,4940,58,4755
"BaselineSweep",5000,4,280,174.848,174.851,4.045,171.629,1,0,0.506,2.714,,4929,58,4744
"BaselineSweep",5000,4,281,176.044,175.998,2.529,170.614,1,0,0.665,4.765,,4853,58,4619
"BaselineSweep",5000,4,282,174.338,174.379,2.618,170.742,1,0,0.668,2.928,,4791,58,4744
"BaselineSweep",5000,4,283,168.776,168.777,2.573,165.776,1,0,0.475,2.525,,4926,58,4738
"BaselineSweep",5000,4,284,165.210,165.210,2.498,161.860,1,0,0.520,2.830,,4902,58,4666
"BaselineSweep",5000,4,285,174.155,174.150,2.492,168.246,1,0,0.663,5.245,,4978,58,4741
"BaselineSweep",5000,4,286,174.527,174.474,8.150,169.255,1,0,0.513,4.758,,4956,58,4769
"BaselineSweep",5000,4,287,172.941,172.996,4.963,169.425,1,0,0.639,2.877,,4967,58,4829
"BaselineSweep",5000,4,288,174.127,174.117,8.029,168.500,1,0,0.627,4.999,,4985,58,4785
"BaselineSweep",5000,4,289,163.405,163.410,9.031,159.369,1,0,0.677,3.359,,4915,58,4762
"BaselineSweep",5000,4,290,163.003,163.003,8.290,159.060,1,0,0.657,3.285,,4912,58,4789
"BaselineSweep",5000,4,291,170.266,170.259,8.506,165.466,1,0,0.526,4.275,,4965,57,4777
"BaselineSweep",5000,4,292,168.187,168.178,9.737,164.438,1,0,0.529,3.220,,4898,58,4796
"BaselineSweep",5000,4,293,168.995,169.005,9.837,165.376,1,0,0.670,2.949,,4944,58,4766
"BaselineSweep",5000,4,294,172.834,172.832,8.561,169.087,1,0,0.583,3.165,,4949,58,4723
"BaselineSweep",5000,4,295,174.410,174.392,9.252,168.450,1,0,0.701,5.259,,4945,58,4821
"BaselineSweep",5000,4,296,167.663,167.676,9.076,164.071,1,0,0.699,2.892,,4916,58,4762
"BaselineSweep",5000,4,297,168.361,168.359,9.114,164.703,1,0,0.675,2.983,,4853,58,4815
"BaselineSweep",5000,4,298,170.823,170.779,11.895,166.114,1,0,0.528,4.182,,4934,58,4799
"BaselineSweep",5000,4,299,168.725,168.765,11.854,164.956,1,0,0.680,3.089,,4943,58,4826
"BaselineSweep",10000,4,0,654.164,654.163,4.038,648.561,1,0,0.999,4.604,,9815,108,9429
"BaselineSweep",10000,4,1,647.878,647.887,4.212,642.464,1,0,1.034,4.380,,9793,108,9369
"BaselineSweep",10000,4,2,635.871,635.868,22.586,630.677,1,0,1.001,4.193,,9879,108,9519
"BaselineSweep",10000,4,3,626.423,626.422,22.671,621.064,1,0,1.330,4.029,,9818,108,9448
"BaselineSweep",10000,4,4,634.779,634.780,22.610,629.587,1,0,1.005,4.187,,9848,108,9459
"BaselineSweep",10000,4,5,643.198,643.179,22.619,633.358,1,0,1.001,8.839,,9788,108,9460
"BaselineSweep",10000,4,6,656.210,656.218,4.663,646.922,1,0,1.365,7.923,,9821,108,9455
"BaselineSweep",10000,4,7,663.749,663.754,22.676,658.439,1,0,1.070,4.240,,9909,108,9440
"BaselineSweep",10000,4,8,657.145,657.139,4.539,651.107,1,0,1.323,4.715,,9934,108,9514
"BaselineSweep",10000,4,9,667.281,667.280,4.030,661.340,1,0,1.363,4.579,,9946,108,9538
"BaselineSweep",10000,4,10,666.512,666.513,22.750,660.706,1,0,1.194,4.613,,9889,107,9481
"BaselineSweep",10000,4,11,663.655,663.654,22.658,657.860,1,0,0.993,4.803,,9878,108,9368
"BaselineSweep",10000,4,12,661.095,661.089,22.603,653.729,1,0,1.483,5.883,,9913,108,9384
"BaselineSweep",10000,4,13,667.097,667.100,4.342,660.309,1,0,2.087,4.701,,9912,108,9479
"BaselineSweep",10000,4,14,659.772,659.758,4.014,650.698,1,0,1.659,7.415,,9932,108,9339
"BaselineSweep",10000,4,15,643.188,643.193,4.013,635.030,1,0,1.053,7.106,,9808,108,9373
"BaselineSweep",10000,4,16,661.578,661.501,4.031,652.606,1,0,1.296,7.676,,9873,107,9422
"BaselineSweep",10000,4,17,664.146,664.218,3.994,653.836,1,0,1.717,8.593,,9906,108,9419
"BaselineSweep",10000,4,18,661.927,661.928,4.209,651.799,1,0,0.989,9.140,,9865,108,9289
"BaselineSweep",10000,4,19,668.668,668.656,4.227,661.213,1,0,1.980,5.475,,9788,108,9376
"BaselineSweep",10000,4,20,655.442,655.454,4.135,650.214,1,0,0.986,4.241,,9883,108,9292
"BaselineSweep",10000,4,21,668.382,668.380,4.008,662.494,1,0,1.347,4.541,,9885,108,9371
"BaselineSweep",10000,4,22,659.720,659.711,4.027,652.272,1,0,1.345,6.103,,9843,108,9499
"BaselineSweep",10000,4,23,643.433,643.442,4.715,638.170,1,0,1.014,4.250,,9861,108,9439
"BaselineSweep",10000,4,24,658.261,658.258,22.614,653.109,1,0,1.044,4.108,,9796,108,9379
"BaselineSweep",10000,4,25,646.548,646.534,14.613,636.033,1,0,1.299,9.216,,9783,107,9322
"BaselineSweep",10000,4,26,631.270,631.253,4.548,623.106,1,0,1.243,6.922,,9872,108,9247
"BaselineSweep",10000,4,27,653.447,653.423,13.079,644.594,1,0,1.292,7.561,,9747,107,9368
"BaselineSweep",10000,4,28,648.470,648.506,4.219,640.800,1,0,2.188,5.483,,9825,108,9326
"BaselineSweep",10000,4,29,637.284,637.285,4.003,627.625,1,0,0.980,8.680,,9846,108,9303
"BaselineSweep",10000,4,30,650.435,650.444,19.568,645.226,1,0,0.971,4.238,,9861,107,9243
"BaselineSweep",10000,4,31,628.720,628.720,19.670,622.836,1,0,1.341,4.543,,9681,108,9320
"BaselineSweep",10000,4,32,643.120,643.120,4.714,636.960,1,0,1.274,4.886,,9911,108,9352
"BaselineSweep",10000,4,33,624.121,624.118,19.899,618.701,1,0,1.286,4.134,,9168,104,8709
"BaselineSweep",10000,4,34,664.977,664.977,19.256,659.435,1,0,0.961,4.582,,10467,112,9969
"BaselineSweep",10000,4,35,647.094,647.089,19.001,641.849,1,0,1.211,4.033,,9843,108,9374
"BaselineSweep",10000,4,36,649.609,649.609,19.764,643.886,1,0,0.945,4.778,,9776,107,9220
"BaselineSweep",10000,4,37,633.937,633.930,4.001,624.230,1,0,1.281,8.426,,9801,108,9412
"BaselineSweep",10000,4,38,645.269,645.273,4.037,639.242,1,0,1.282,4.744,,9865,108,9321
"BaselineSweep",10000,4,39,640.877,640.823,19.367,633.133,1,0,1.066,6.679,,9607,108,9264
"BaselineSweep",10000,4,40,636.494,636.545,18.942,630.347,1,0,1.322,4.825,,9751,108,9359
"BaselineSweep",10000,4,41,650.561,650.559,19.777,644.129,1,0,1.292,5.141,,9839,108,9313
"BaselineSweep",10000,4,42,634.602,634.602,4.035,629.916,1,0,0.949,3.737,,9761,108,9351
"BaselineSweep",10000,4,43,638.303,638.206,4.114,629.392,1,0,1.011,7.900,,9946,108,9319
"BaselineSweep",10000,4,44,650.109,650.193,13.504,640.225,1,0,1.256,8.628,,9808,107,9238
"BaselineSweep",10000,4,45,680.975,680.872,4.027,672.666,1,0,1.016,7.293,,9864,108,9338
"BaselineSweep",10000,4,46,664.481,664.589,19.560,659.491,1,0,0.957,4.033,,9851,108,9314
"BaselineSweep",10000,4,47,643.837,643.785,6.887,636.889,1,0,1.281,5.667,,9839,108,9367
"BaselineSweep",10000,4,48,658.085,658.119,20.583,649.770,1,0,0.981,7.334,,9792,108,9284
"BaselineSweep",10000,4,49,665.755,665.763,19.191,654.665,1,0,1.329,9.761,,9912,108,9271
"BaselineSweep",10000,4,50,666.953,666.954,16.663,661.095,1,0,0.989,4.869,,9767,107,9353
"BaselineSweep",10000,4,51,667.508,667.500,19.762,658.852,1,0,1.331,7.326,,9956,108,9392
"BaselineSweep",10000,4,52,658.877,658.882,20.545,653.030,1,0,1.317,4.531,,9921,108,9321
"BaselineSweep",10000,4,53,645.224,645.222,19.404,640.097,1,0,0.973,4.155,,8638,108,9363
"BaselineSweep",10000,4,54,632.359,632.354,19.234,625.776,1,0,1.302,5.281,,9795,107,9330
"BaselineSweep",10000,4,55,631.506,631.509,20.509,625.457,1,0,1.084,4.965,,9820,108,9313
"BaselineSweep",10000,4,56,661.600,661.598,20.033,655.797,1,0,1.250,4.554,,6791,108,9425
"BaselineSweep",10000,4,57,630.913,630.908,19.771,623.715,1,0,1.315,5.883,,9945,108,9315
"BaselineSweep",10000,4,58,633.451,633.451,20.601,627.302,1,0,1.209,4.940,,9944,108,9338
"BaselineSweep",10000,4,59,634.771,634.762,19.865,626.680,1,0,1.370,6.721,,9705,108,9352
"BaselineSweep",10000,4,60,650.067,650.066,18.251,644.068,1,0,1.347,4.652,,9864,108,9280
"BaselineSweep",10000,4,61,663.327,663.322,18.702,655.750,1,0,2.237,5.340,,9846,108,9305
"BaselineSweep",10000,4,62,660.437,660.444,13.638,653.976,1,0,1.240,5.221,,9785,108,9329
"BaselineSweep",10000,4,63,640.442,640.441,19.306,634.576,1,0,1.466,4.401,,9892,107,9392
"BaselineSweep",10000,4,64,651.791,651.783,20.504,644.778,1,0,1.313,5.699,,9899,108,9273
"BaselineSweep",10000,4,65,662.460,662.460,4.427,654.425,1,0,0.956,7.079,,9935,108,9377
"BaselineSweep",10000,4,66,659.223,659.226,18.662,653.907,1,0,1.004,4.312,,9379,108,9233
"BaselineSweep",10000,4,67,642.266,642.264,19.161,636.013,1,0,0.999,5.253,,9850,107,9269
"BaselineSweep",10000,4,68,644.545,644.542,20.394,639.332,1,0,1.011,4.202,,9679,108,9340
"BaselineSweep",10000,4,69,647.480,647.477,20.379,642.019,1,0,1.053,4.408,,9868,108,9424
"BaselineSweep",10000,4,70,643.336,643.336,20.470,637.907,1,0,1.029,4.400,,9853,108,9390
"BaselineSweep",10000,4,71,643.100,643.098,18.434,637.017,1,0,1.003,5.080,,9764,108,9413
"BaselineSweep",10000,4,72,644.256,644.243,4.543,637.958,1,0,1.057,5.240,,9824,106,9393
"BaselineSweep",10000,4,73,675.957,675.948,4.007,667.449,1,0,1.038,7.470,,9939,108,9568
"BaselineSweep",10000,4,74,654.506,654.520,4.026,648.882,1,0,1.039,4.585,,9922,108,9463
"BaselineSweep",10000,4,75,651.658,651.659,22.721,646.259,1,0,1.165,4.234,,9959,107,9515
"BaselineSweep",10000,4,76,648.733,648.682,13.555,641.880,1,0,1.043,5.809,,9933,108,9521
"BaselineSweep",10000,4,77,652.812,652.856,4.034,647.319,1,0,1.049,4.443,,9937,108,9391
"BaselineSweep",10000,4,78,647.775,647.772,22.704,642.219,1,0,1.047,4.509,,9947,107,9537
"BaselineSweep",10000,4,79,661.382,661.384,22.590,655.388,1,0,1.263,4.732,,9922,108,9468
"BaselineSweep",10000,4,80,653.118,653.112,4.576,644.209,1,0,1.022,7.887,,9924,108,9619
"BaselineSweep",10000,4,81,659.278,659.280,4.924,653.748,1,0,1.014,4.516,,9912,107,9417
"BaselineSweep",10000,4,82,656.636,656.573,4.130,648.110,1,0,1.366,7.160,,9843,107,9375
"BaselineSweep",10000,4,83,655.706,655.762,4.065,647.304,1,0,1.214,7.187,,9866,108,9373
"BaselineSweep",10000,4,84,654.877,654.880,4.058,649.337,1,0,1.310,4.230,,9917,108,9297
"BaselineSweep",10000,4,85,680.115,680.108,4.351,671.007,1,0,1.357,7.751,,9835,107,9429
"BaselineSweep",10000,4,86,656.662,656.658,4.073,648.095,1,0,1.024,7.542,,9814,108,9322
"BaselineSweep",10000,4,87,657.209,657.214,4.153,651.773,1,0,1.134,4.303,,9815,108,9342
"BaselineSweep",10000,4,88,667.444,667.442,4.065,660.410,1,0,1.379,5.656,,9862,108,9477
"BaselineSweep",10000,4,89,655.533,655.513,4.008,648.246,1,0,1.069,6.217,,9795,108,9392
"BaselineSweep",10000,4,90,667.244,667.259,4.097,661.054,1,0,1.087,5.103,,9882,108,9486
"BaselineSweep",10000,4,91,684.725,684.721,4.004,678.728,1,0,1.637,4.360,,9710,107,9327
"BaselineSweep",10000,4,92,656.754,656.757,4.076,651.319,1,0,1.178,4.257,,9805,108,9309
"BaselineSweep",10000,4,93,651.116,651.117,3.981,645.646,1,0,1.312,4.158,,9958,108,9555
"BaselineSweep",10000,4,94,653.374,653.373,13.856,648.221,1,0,0.978,4.175,,9859,108,9257
"BaselineSweep",10000,4,95,655.412,655.263,5.149,647.080,1,0,1.040,7.291,,9811,107,9337
"BaselineSweep",10000,4,96,648.662,648.807,20.234,642.169,1,0,1.864,4.629,,9972,108,9336
"BaselineSweep",10000,4,97,670.240,670.237,19.678,664.663,1,0,1.337,4.239,,9940,108,9416
"BaselineSweep",10000,4,98,674.927,674.929,19.112,669.418,1,0,1.284,4.225,,9866,108,9301
"BaselineSweep",10000,4,99,649.247,649.243,19.558,643.314,1,0,1.318,4.615,,9853,102,9396
"BaselineSweep",10000,4,100,657.329,657.329,22.726,651.261,1,0,1.324,4.744,,9890,108,9410
"BaselineSweep",10000,4,101,650.239,650.236,3.994,644.176,1,0,1.319,4.744,,9851,108,9338
"BaselineSweep",10000,4,102,656.824,656.821,4.058,651.756,1,0,0.975,4.093,,9823,108,9301
"BaselineSweep",10000,4,103,651.105,651.107,19.176,645.552,1,0,0.981,4.572,,9890,107,9472
"BaselineSweep",10000,4,104,655.529,655.527,20.622,649.544,1,0,1.265,4.720,,9884,108,9394
"BaselineSweep",10000,4,105,655.699,655.699,18.524,649.916,1,0,1.333,4.450,,9852,108,9351
"BaselineSweep",10000,4,106,648.671,648.670,4.038,643.264,1,0,0.961,4.446,,9856,108,9334
"BaselineSweep",10000,4,107,644.146,644.145,4.015,639.445,1,0,1.279,3.423,,9872,108,9340
"BaselineSweep",10000,4,108,654.992,654.987,20.560,647.956,1,0,2.293,4.743,,9910,107,9345
"BaselineSweep",10000,4,109,660.421,660.421,18.673,655.318,1,0,0.950,4.152,,9908,108,9287
"BaselineSweep",10000,4,110,672.116,672.086,19.628,661.408,1,0,1.995,8.714,,9794,108,9365
"BaselineSweep",10000,4,111,651.642,651.670,19.089,645.306,1,0,1.676,4.660,,9861,108,9391
"BaselineSweep",10000,4,112,650.642,650.639,19.985,644.418,1,0,1.296,4.927,,9945,108,9405
"BaselineSweep",10000,4,113,652.176,652.172,18.837,645.271,1,0,1.388,5.517,,9960,108,9491
"BaselineSweep",10000,4,114,648.756,648.750,18.877,642.639,1,0,1.307,4.809,,9888,108,9350
"BaselineSweep",10000,4,115,662.169,662.174,3.981,656.867,1,0,1.204,4.098,,9866,108,9415
"BaselineSweep",10000,4,116,663.275,663.273,4.072,657.558,1,0,1.008,4.708,,9844,108,9448
"BaselineSweep",10000,4,117,659.113,659.110,18.979,651.130,1,0,1.354,6.629,,9751,107,9376
"BaselineSweep",10000,4,118,661.001,660.993,20.581,651.221,1,0,1.360,8.419,,9945,108,9381
"BaselineSweep",10000,4,119,655.224,655.228,19.361,649.130,1,0,1.430,4.664,,9812,108,9315
"BaselineSweep",10000,4,120,656.793,656.790,5.462,650.575,1,0,1.506,4.712,,9822,108,9284
"BaselineSweep",10000,4,121,656.948,656.938,4.236,648.695,1,0,1.336,6.918,,9761,108,9266
"BaselineSweep",10000,4,122,647.810,647.813,4.622,641.108,1,0,1.037,5.665,,9832,107,9274
"BaselineSweep",10000,4,123,656.290,656.292,19.807,651.268,1,0,0.982,4.039,,9841,108,9279
"BaselineSweep",10000,4,124,655.626,655.610,19.594,648.353,1,0,1.331,5.942,,9959,108,9449
"BaselineSweep",10000,4,125,644.565,644.572,22.613,635.661,1,0,1.213,7.691,,9863,108,9254
"BaselineSweep",10000,4,126,657.373,657.370,5.285,648.730,1,0,1.176,7.468,,9846,108,9332
"BaselineSweep",10000,4,127,650.581,650.588,19.730,645.505,1,0,0.986,4.090,,9938,108,9326
"BaselineSweep",10000,4,128,665.322,665.305,18.372,658.246,1,0,1.313,5.763,,9848,108,9393
"BaselineSweep",10000,4,129,651.030,651.046,21.517,645.533,1,0,0.958,4.539,,9693,108,9332
"BaselineSweep",10000,4,130,669.466,669.464,19.120,664.038,1,0,1.244,4.184,,9802,108,9357
"BaselineSweep",10000,4,131,667.986,667.968,4.019,657.314,1,0,1.374,9.298,,9896,107,9264
"BaselineSweep",10000,4,132,669.114,669.124,4.135,658.735,1,0,1.308,9.070,,9911,108,9260
"BaselineSweep",10000,4,133,657.222,657.225,4.023,649.599,1,0,1.470,6.154,,9843,108,9290
"BaselineSweep",10000,4,134,636.928,636.913,20.592,630.140,1,0,1.218,5.569,,9914,108,9283
"BaselineSweep",10000,4,135,638.789,638.801,20.533,633.096,1,0,1.045,4.647,,9931,108,9272
"BaselineSweep",10000,4,136,647.913,647.908,19.054,642.116,1,0,0.985,4.811,,9812,108,9361
"BaselineSweep",10000,4,137,666.289,666.282,18.417,658.152,1,0,0.988,7.149,,9736,108,9336
"BaselineSweep",10000,4,138,644.019,644.024,19.772,638.462,1,0,1.015,4.542,,9714,108,9350
"BaselineSweep",10000,4,139,651.555,651.554,17.832,645.550,1,0,1.304,4.701,,9871,108,9388
"BaselineSweep",10000,4,140,648.695,648.692,4.251,642.497,1,0,0.975,5.223,,9885,108,9402
"BaselineSweep",10000,4,141,656.133,656.132,4.018,650.270,1,0,1.313,4.551,,9886,107,9432
"BaselineSweep",10000,4,142,646.577,646.572,19.677,637.952,1,0,1.311,7.315,,9838,108,9417
"BaselineSweep",10000,4,143,641.373,641.368,20.499,632.850,1,0,0.995,7.528,,9864,108,9434
"BaselineSweep",10000,4,144,643.286,643.297,20.568,638.879,1,0,0.982,3.425,,9884,108,9489
"BaselineSweep",10000,4,145,650.880,650.873,15.681,645.475,1,0,1.015,4.390,,9820,108,9455
"BaselineSweep",10000,4,146,657.339,657.337,19.061,652.019,1,0,1.009,4.310,,9742,108,9304
"BaselineSweep",10000,4,147,665.626,665.575,4.020,659.555,1,0,1.002,5.069,,9887,108,9452
"BaselineSweep",10000,4,148,668.756,668.792,4.132,660.138,1,0,1.028,7.590,,9857,108,9318
"BaselineSweep",10000,4,149,651.726,651.736,4.019,646.135,1,0,1.014,4.577,,9877,108,9285
"BaselineSweep",10000,4,150,659.103,659.098,5.291,653.470,1,0,1.043,4.590,,9850,108,9475
"BaselineSweep",10000,4,151,660.235,660.233,18.718,654.154,1,0,1.043,5.038,,9899,108,9437
"BaselineSweep",10000,4,152,659.659,659.655,4.004,654.010,1,0,1.022,4.627,,9901,107,9538
"BaselineSweep",10000,4,153,675.623,675.625,4.078,669.565,1,0,1.030,5.028,,9853,108,9339
"BaselineSweep",10000,4,154,660.236,660.234,4.035,654.505,1,0,1.092,4.639,,9830,108,9306
"BaselineSweep",10000,4,155,655.766,655.761,4.185,646.801,1,0,1.050,7.915,,9820,108,9340
"BaselineSweep",10000,4,156,665.894,665.897,4.029,659.799,1,0,1.330,4.765,,9473,107,9367
"BaselineSweep",10000,4,157,665.985,665.986,4.020,660.292,1,0,1.131,4.562,,9685,108,9297
"BaselineSweep",10000,4,158,647.500,647.495,4.031,641.395,1,0,1.005,5.100,,9752,108,9268
"BaselineSweep",10000,4,159,655.021,655.022,4.106,648.626,1,0,1.321,5.075,,9858,108,9255
"BaselineSweep",10000,4,160,652.978,652.978,4.429,647.656,1,0,1.023,4.299,,9843,108,9411
"BaselineSweep",10000,4,161,657.925,657.890,4.013,650.806,1,0,1.078,6.041,,9935,108,9343
"BaselineSweep",10000,4,162,650.337,650.354,22.783,643.621,1,0,1.319,5.397,,9826,108,9434
"BaselineSweep",10000,4,163,651.708,651.718,22.833,645.318,1,0,1.490,4.900,,9760,108,9425
"BaselineSweep",10000,4,164,655.151,655.148,22.800,649.655,1,0,1.370,4.126,,9841,108,9399
"BaselineSweep",10000,4,165,662.372,662.369,22.762,656.567,1,0,1.347,4.458,,9816,108,9414
"BaselineSweep",10000,4,166,645.300,645.290,4.262,638.134,1,0,1.293,5.873,,9807,108,9395
"BaselineSweep",10000,4,167,642.171,642.182,19.526,636.173,1,0,1.347,4.652,,9813,108,9383
"BaselineSweep",10000,4,168,657.261,657.260,22.710,650.946,1,0,1.324,4.991,,9753,108,9402
"BaselineSweep",10000,4,169,655.646,655.644,22.662,649.420,1,0,1.315,4.911,,9971,108,9412
"BaselineSweep",10000,4,170,654.382,654.381,16.343,646.992,1,0,1.819,5.572,,9922,108,9449
"BaselineSweep",10000,4,171,663.649,663.636,4.196,655.122,1,0,1.336,7.191,,9705,108,9285
"BaselineSweep",10000,4,172,649.225,649.232,4.025,643.833,1,0,1.015,4.377,,9890,108,9461
"BaselineSweep",10000,4,173,656.744,656.744,4.051,650.566,1,0,1.007,5.171,,9858,107,9435
"BaselineSweep",10000,4,174,653.899,653.881,4.020,646.970,1,0,0.995,5.934,,9887,108,9433
"BaselineSweep",10000,4,175,647.405,647.418,4.363,638.543,1,0,0.970,7.892,,9899,107,9334
"BaselineSweep",10000,4,176,626.823,626.825,4.039,621.472,1,0,1.299,4.052,,9815,107,9298
"BaselineSweep",10000,4,177,642.699,642.698,15.753,637.480,1,0,0.974,4.245,,9941,108,9368
"BaselineSweep",10000,4,178,649.200,649.192,20.529,639.479,1,0,1.249,8.472,,9815,108,9332
"BaselineSweep",10000,4,179,634.775,634.777,20.292,628.557,1,0,0.975,5.243,,9808,108,9355
"BaselineSweep",10000,4,180,650.724,650.650,4.094,641.806,1,0,1.312,7.605,,9970,108,9454
"BaselineSweep",10000,4,181,648.618,648.690,4.017,643.002,1,0,1.196,4.421,,9794,108,9335
"BaselineSweep",10000,4,182,649.627,649.625,4.036,643.868,1,0,1.308,4.451,,9803,108,9454
"BaselineSweep",10000,4,183,668.214,668.198,4.082,661.334,1,0,1.679,5.201,,9667,108,9332
"BaselineSweep",10000,4,184,672.916,672.916,4.259,666.369,1,0,1.084,5.463,,9886,108,9424
"BaselineSweep",10000,4,185,664.261,664.231,4.002,655.702,1,0,1.403,7.156,,9962,107,9466
"BaselineSweep",10000,4,186,657.932,657.952,4.187,650.437,1,0,1.249,6.247,,9869,108,9447
"BaselineSweep",10000,4,187,645.869,645.886,17.205,639.616,1,0,1.370,4.883,,9889,108,9391
"BaselineSweep",10000,4,188,646.252,646.237,22.755,639.855,1,0,1.036,5.361,,9869,108,9509
"BaselineSweep",10000,4,189,648.723,648.719,18.345,639.017,1,0,0.990,8.716,,9884,108,9395
"BaselineSweep",10000,4,190,656.069,656.082,17.860,649.249,1,0,1.472,5.348,,9790,108,9389
"BaselineSweep",10000,4,191,632.652,632.655,4.542,626.753,1,0,1.313,4.587,,9767,108,9337
"BaselineSweep",10000,4,192,638.553,638.550,4.046,632.680,1,0,1.312,4.562,,9815,107,9490
"BaselineSweep",10000,4,193,663.954,663.869,19.748,656.401,1,0,1.313,6.240,,9839,108,9296
"BaselineSweep",10000,4,194,662.301,662.358,19.572,654.665,1,0,0.993,6.643,,9869,108,9340
"BaselineSweep",10000,4,195,644.517,644.539,20.146,638.547,1,0,1.457,4.513,,9869,108,9382
"BaselineSweep",10000,4,196,653.414,653.394,19.571,645.025,1,0,1.223,7.166,,9845,108,9448
"BaselineSweep",10000,4,197,651.356,651.375,4.015,646.089,1,0,1.014,4.253,,9808,108,9375
"BaselineSweep",10000,4,198,646.152,646.124,4.148,639.228,1,0,0.955,5.970,,9845,108,9293
"BaselineSweep",10000,4,199,642.515,642.538,4.017,635.914,1,0,1.288,5.314,,9827,108,9424
"BaselineSweep",10000,4,200,646.880,646.880,20.499,641.114,1,0,1.402,4.364,,9819,108,9338
"BaselineSweep",10000,4,201,643.452,643.450,19.358,638.133,1,0,0.989,4.331,,9741,108,9372
"BaselineSweep",10000,4,202,655.659,655.657,4.050,650.030,1,0,1.237,4.392,,9857,108,9260
"BaselineSweep",10000,4,203,659.774,659.773,4.353,654.094,1,0,1.003,4.676,,9948,108,9345
"BaselineSweep",10000,4,204,641.382,641.378,4.045,635.480,1,0,1.317,4.585,,9873,108,9504
"BaselineSweep",10000,4,205,658.321,658.266,5.036,649.748,1,0,1.157,7.416,,9824,108,9333
"BaselineSweep",10000,4,206,651.107,651.162,4.243,644.895,1,0,0.991,5.221,,9888,108,9363
"BaselineSweep",10000,4,207,654.483,654.476,4.020,645.292,1,0,0.970,8.221,,9854,108,9351
"BaselineSweep",10000,4,208,657.476,657.480,4.053,652.339,1,0,1.268,3.868,,9828,108,9335
"BaselineSweep",10000,4,209,624.825,624.824,4.006,619.807,1,0,1.010,4.008,,9867,108,9278
"BaselineSweep",10000,4,210,637.881,637.877,4.258,632.290,1,0,1.292,4.298,,9854,107,9429
"BaselineSweep",10000,4,211,635.179,635.177,4.020,629.557,1,0,1.325,4.297,,9758,108,9383
"BaselineSweep",10000,4,212,649.454,649.453,4.033,643.593,1,0,1.317,4.544,,9815,108,9421
"BaselineSweep",10000,4,213,643.176,643.175,4.029,637.250,1,0,1.308,4.618,,9814,108,9409
"BaselineSweep",10000,4,214,642.108,642.106,19.630,635.849,1,0,1.307,4.953,,9954,108,9442
"BaselineSweep",10000,4,215,644.651,644.648,19.498,639.019,1,0,0.984,4.648,,9844,108,9374
"BaselineSweep",10000,4,216,654.011,654.007,5.653,644.516,1,0,1.126,8.369,,9793,108,9527
"BaselineSweep",10000,4,217,642.884,642.880,4.002,634.625,1,0,1.309,6.950,,9847,108,9342
"BaselineSweep",10000,4,218,662.914,662.818,4.035,653.263,1,0,1.297,8.354,,9845,108,9345
"BaselineSweep",10000,4,219,641.195,641.288,4.032,632.769,1,0,1.031,7.395,,9868,108,9355
"BaselineSweep",10000,4,220,655.206,655.209,3.994,649.065,1,0,1.015,5.126,,9884,108,9328
"BaselineSweep",10000,4,221,645.885,645.880,20.328,640.533,1,0,1.095,4.256,,9830,108,9382
"BaselineSweep",10000,4,222,633.923,633.923,19.571,628.720,1,0,1.006,4.197,,9860,108,9296
"BaselineSweep",10000,4,223,638.242,638.193,22.603,628.190,1,0,1.019,9.033,,9703,108,9330
"BaselineSweep",10000,4,224,642.319,642.367,5.054,636.960,1,0,1.003,4.357,,9866,108,9337
"BaselineSweep",10000,4,225,628.615,628.612,20.360,623.319,1,0,1.025,4.271,,9715,108,9369
"BaselineSweep",10000,4,226,650.846,650.846,18.889,644.278,1,0,1.357,5.212,,9839,107,9363
"BaselineSweep",10000,4,227,653.212,653.210,13.553,647.482,1,0,1.023,4.707,,9797,108,9368
"BaselineSweep",10000,4,228,646.336,646.332,18.522,640.941,1,0,1.045,4.349,,9840,106,9465
"BaselineSweep",10000,4,229,655.783,655.784,18.596,649.705,1,0,1.361,4.717,,9887,107,9300
"BaselineSweep",10000,4,230,662.866,662.840,20.362,654.775,1,0,1.012,7.078,,9928,106,9401
"BaselineSweep",10000,4,231,648.728,648.674,3.999,640.421,1,0,1.010,7.296,,9888,108,9213
"BaselineSweep",10000,4,232,660.740,660.808,3.991,651.486,1,0,1.820,7.434,,9864,108,9440
"BaselineSweep",10000,4,233,633.182,633.185,0.000,628.080,1,0,0.981,4.121,,9904,107,9343
"BaselineSweep",10000,4,234,646.277,646.275,12.931,640.512,1,0,1.355,4.409,,9894,108,9372
"BaselineSweep",10000,4,235,638.061,638.016,14.102,630.705,1,0,1.279,6.078,,9949,106,9369
"BaselineSweep",10000,4,236,648.881,648.920,19.257,642.762,1,0,1.024,5.096,,9813,107,9360
"BaselineSweep",10000,4,237,663.121,663.119,12.170,657.500,1,0,1.104,4.517,,9966,108,9527
"BaselineSweep",10000,4,238,652.136,652.137,4.560,646.243,1,0,1.358,4.535,,9896,108,9478
"BaselineSweep",10000,4,239,659.226,659.218,19.341,650.566,1,0,1.055,7.605,,9923,108,9472
"BaselineSweep",10000,4,240,659.348,659.347,5.034,652.409,1,0,1.354,5.586,,9868,107,9591
"BaselineSweep",10000,4,241,649.002,649.006,3.994,642.509,1,0,1.023,5.470,,9947,108,9544
"BaselineSweep",10000,4,242,659.286,659.283,4.290,653.298,1,0,1.040,4.948,,9932,108,9520
"BaselineSweep",10000,4,243,660.310,660.299,4.015,651.821,1,0,1.352,7.137,,9949,108,9552
"BaselineSweep",10000,4,244,657.549,657.544,4.019,651.339,1,0,1.326,4.884,,9925,108,9481
"BaselineSweep",10000,4,245,651.775,651.784,4.031,642.388,1,0,1.098,8.290,,9890,107,9462
"BaselineSweep",10000,4,246,656.764,656.736,4.045,647.674,1,0,1.319,7.771,,9931,108,9425
"BaselineSweep",10000,4,247,631.216,631.250,4.012,624.606,1,0,1.169,5.441,,9828,108,9453
"BaselineSweep",10000,4,248,645.018,645.020,4.142,639.883,1,0,1.166,3.970,,9831,108,9484
"BaselineSweep",10000,4,249,639.059,639.058,4.004,633.386,1,0,0.947,4.727,,9836,108,9431
"BaselineSweep",10000,4,250,677.061,677.026,19.528,671.536,1,0,1.289,4.236,,9784,108,9299
"BaselineSweep",10000,4,251,658.545,658.574,19.690,653.463,1,0,1.359,3.723,,9852,108,9303
"BaselineSweep",10000,4,252,657.825,657.825,20.376,652.249,1,0,1.393,4.183,,9773,108,9352
"BaselineSweep",10000,4,253,652.564,652.534,19.218,645.836,1,0,0.985,5.744,,9652,108,9389
"BaselineSweep",10000,4,254,652.183,652.199,20.391,645.591,1,0,1.293,5.300,,9807,108,9325
"BaselineSweep",10000,4,255,643.202,643.210,20.329,637.820,1,0,0.979,4.403,,9838,108,9245
"BaselineSweep",10000,4,256,645.614,645.614,19.308,640.200,1,0,0.968,4.446,,9810,108,9408
"BaselineSweep",10000,4,257,649.623,649.621,19.642,644.390,1,0,0.953,4.280,,9819,108,9409
"BaselineSweep",10000,4,258,652.141,652.139,19.780,646.121,1,0,1.463,4.557,,9813,108,9321
"BaselineSweep",10000,4,259,633.376,633.377,19.227,626.900,1,0,1.320,5.156,,9803,108,9331
"BaselineSweep",10000,4,260,638.934,638.927,19.804,632.988,1,0,1.153,4.793,,9779,108,9378
"BaselineSweep",10000,4,261,656.255,656.178,18.914,648.777,1,0,1.286,6.192,,9784,107,9302
"BaselineSweep",10000,4,262,638.226,638.233,19.470,632.121,1,0,0.978,5.127,,9816,108,9300
"BaselineSweep",10000,4,263,639.563,639.632,19.501,634.500,1,0,1.306,3.757,,9849,108,9410
"BaselineSweep",10000,4,264,635.578,635.575,18.721,631.254,1,0,0.985,3.338,,9839,108,9408
"BaselineSweep",10000,4,265,660.205,660.194,4.929,652.110,1,0,1.301,6.794,,9806,108,9337
"BaselineSweep",10000,4,266,655.508,655.513,19.746,649.539,1,0,1.309,4.659,,9885,108,9326
"BaselineSweep",10000,4,267,659.302,659.303,19.882,653.958,1,0,0.973,4.371,,9820,107,9296
"BaselineSweep",10000,4,268,663.948,663.915,19.613,656.833,1,0,1.003,6.112,,9811,108,9311
"BaselineSweep",10000,4,269,848.120,848.049,20.492,637.624,1,0,1.007,209.489,,9793,107,9404
"BaselineSweep",10000,4,270,657.415,657.501,20.524,651.083,1,0,1.049,5.283,,9944,108,9543
"BaselineSweep",10000,4,271,636.199,636.194,0.000,630.080,1,0,1.332,4.787,,10021,108,10021
"BaselineSweep",10000,4,272,718.501,718.471,4.815,712.117,1,0,1.298,5.086,,9934,108,9482
"BaselineSweep",10000,4,273,678.877,678.908,4.734,673.123,1,0,1.101,4.652,,9658,108,9448
"BaselineSweep",10000,4,274,652.631,652.632,50.705,647.099,1,0,1.305,4.226,,9956,108,9631
"BaselineSweep",10000,4,275,657.709,657.682,22.716,649.665,1,0,1.038,7.005,,9948,108,9669
"BaselineSweep",10000,4,276,914.778,914.740,42.188,902.608,1,0,2.052,10.118,,9871,107,9605
"BaselineSweep",10000,4,277,1028.922,1028.980,0.000,1023.630,1,0,0.995,4.296,,9912,108,9489
"BaselineSweep",10000,4,278,659.660,659.640,20.206,653.680,1,0,1.036,4.944,,9813,108,9487
"BaselineSweep",10000,4,279,632.743,632.766,4.986,627.606,1,0,1.070,4.067,,9851,108,9225
"BaselineSweep",10000,4,280,635.102,635.035,4.851,629.338,1,0,1.086,4.678,,9922,108,9408
"BaselineSweep",10000,4,281,655.589,655.646,4.420,650.004,1,0,0.936,4.649,,9805,108,9406
"BaselineSweep",10000,4,282,649.032,649.036,4.592,643.769,1,0,1.160,4.103,,9888,108,9335
"BaselineSweep",10000,4,283,661.665,661.658,4.896,654.020,1,0,1.110,6.535,,9910,106,9391
"BaselineSweep",10000,4,284,638.980,638.980,3.657,633.190,1,0,0.942,4.847,,7178,107,9426
"BaselineSweep",10000,4,285,662.314,662.288,4.182,656.091,1,0,0.978,5.246,,9847,108,9374
"BaselineSweep",10000,4,286,666.546,666.561,5.057,660.078,1,0,1.077,5.391,,9509,108,9510
"BaselineSweep",10000,4,287,677.893,677.872,5.037,670.798,1,0,1.202,5.894,,9954,108,9553
"BaselineSweep",10000,4,288,785.406,785.295,4.911,779.269,1,0,1.060,5.077,,9618,108,9859
"BaselineSweep",10000,4,289,669.307,669.432,4.677,661.589,1,0,1.067,6.652,,9539,106,9500
"BaselineSweep",10000,4,290,663.474,663.483,9.239,658.045,1,0,1.253,4.177,,9839,108,9430
"BaselineSweep",10000,4,291,659.704,659.695,44.054,654.222,1,0,1.074,4.408,,9868,108,9301
"BaselineSweep",10000,4,292,827.276,827.274,13.204,821.141,1,0,1.137,4.998,,9941,107,9416
"BaselineSweep",10000,4,293,754.098,754.103,12.574,748.675,1,0,1.165,4.258,,9758,108,9366
"BaselineSweep",10000,4,294,748.706,748.707,11.710,742.913,1,0,1.195,4.598,,9943,106,9490
"BaselineSweep",10000,4,295,703.160,703.150,19.823,695.412,1,0,1.378,6.370,,9948,107,9390
"BaselineSweep",10000,4,296,707.606,707.610,6.517,700.827,1,0,1.740,5.039,,9903,108,9441
"BaselineSweep",10000,4,297,692.513,692.501,0.000,686.848,1,0,1.069,4.595,,9917,107,9500
"BaselineSweep",10000,4,298,665.573,665.559,17.902,660.231,1,0,1.031,4.311,,9920,108,9359
"BaselineSweep",10000,4,299,673.085,673.092,44.740,667.707,1,0,0.996,4.382,,9929,108,9327
"BaselineSweep",500,5,0,3.008,3.028,0.771,1.712,1,0,0.060,1.236,196608,509,13,506
"BaselineSweep",500,5,1,2.537,2.526,0.000,2.008,1,0,0.047,0.482,,511,13,498
"BaselineSweep",500,5,2,3.356,3.353,0.783,1.673,1,0,0.053,1.631,,378,13,371
"BaselineSweep",500,5,3,2.069,2.083,0.763,1.616,1,0,0.046,0.406,90112,644,13,640
"BaselineSweep",500,5,4,2.791,2.754,0.796,1.893,1,0,0.044,0.854,,336,13,332
"BaselineSweep",500,5,5,3.678,3.702,1.363,2.447,1,0,0.054,1.177,159744,692,13,683
"BaselineSweep",500,5,6,3.458,3.454,0.831,1.977,1,0,0.047,1.434,,509,13,503
"BaselineSweep",500,5,7,3.285,3.276,0.809,1.697,1,0,0.056,1.532,,508,13,504
"BaselineSweep",500,5,8,2.130,2.147,0.715,1.618,1,0,0.045,0.467,81920,514,13,510
"BaselineSweep",500,5,9,2.664,2.656,0.000,2.129,1,0,0.056,0.479,,509,13,501
"BaselineSweep",500,5,10,2.770,2.781,0.735,1.625,1,0,0.042,1.103,135168,510,13,508
"BaselineSweep",500,5,11,3.232,3.219,0.730,1.988,1,0,0.044,1.199,,512,13,512
"BaselineSweep",500,5,12,3.037,3.046,0.765,1.747,1,0,0.056,1.233,159744,512,13,504
"BaselineSweep",500,5,13,3.265,3.254,0.729,2.024,1,0,0.051,1.190,,515,13,506
"BaselineSweep",500,5,14,3.346,3.341,0.725,2.039,1,0,0.057,1.249,,510,13,500
"BaselineSweep",500,5,15,2.944,2.933,0.726,1.580,1,0,0.046,1.318,122880,514,13,507
"BaselineSweep",500,5,16,4.116,4.119,0.807,2.671,1,0,0.085,1.361,,513,13,497
"BaselineSweep",500,5,17,3.294,3.297,0.000,1.624,1,0,0.050,1.620,,514,11,492
"BaselineSweep",500,5,18,2.418,2.419,0.742,1.639,1,0,0.077,0.702,45056,513,13,514
"BaselineSweep",500,5,19,3.198,3.210,1.308,1.959,1,0,0.046,1.194,,492,13,484
"BaselineSweep",500,5,20,3.395,3.332,0.779,1.746,1,0,0.056,1.594,118784,528,13,493
"BaselineSweep",500,5,21,3.375,3.427,0.751,1.977,1,0,0.058,1.340,,513,13,497
"BaselineSweep",500,5,22,2.611,2.600,0.750,1.644,1,0,0.054,0.914,,505,13,501
"BaselineSweep",500,5,23,3.064,3.021,0.766,1.792,1,0,0.057,1.215,49152,517,13,503
"BaselineSweep",500,5,24,3.774,3.807,0.739,2.019,1,0,0.049,1.706,,511,13,506
"BaselineSweep",500,5,25,3.323,3.342,0.000,1.827,1,0,0.083,1.413,94208,517,13,517
"BaselineSweep",500,5,26,2.960,2.943,0.720,2.247,1,0,0.050,0.662,,510,13,510
"BaselineSweep",500,5,27,4.423,4.421,0.719,1.664,1,0,0.055,2.704,184320,514,13,504
"BaselineSweep",500,5,28,2.604,2.613,0.786,1.975,1,0,0.059,0.571,,516,13,512
"BaselineSweep",500,5,29,7.634,7.606,0.000,1.816,1,0,0.059,5.759,180224,413,13,493
"BaselineSweep",500,5,30,8.632,8.615,0.751,1.893,1,0,0.083,6.657,,514,13,497
"BaselineSweep",500,5,31,3.449,3.493,1.871,1.951,1,0,0.082,1.416,,517,13,503
"BaselineSweep",500,5,32,8.237,8.205,0.000,1.672,1,0,0.068,6.497,126976,493,13,485
"BaselineSweep",500,5,33,6.005,6.008,1.815,2.148,1,0,0.083,3.774,,506,13,501
"BaselineSweep",500,5,34,9.822,9.803,1.884,1.595,1,0,0.083,8.144,155648,506,13,493
"BaselineSweep",500,5,35,4.886,4.906,1.889,2.072,1,0,0.098,2.716,,517,13,516
"BaselineSweep",500,5,36,4.111,4.130,1.868,1.902,1,0,0.057,2.153,,517,13,498
"BaselineSweep",500,5,37,3.385,3.371,1.631,1.584,1,0,0.051,1.751,131072,516,13,514
"BaselineSweep",500,5,38,7.063,7.056,1.550,3.205,1,0,0.108,3.751,,514,13,508
"BaselineSweep",500,5,39,6.593,6.591,1.510,1.667,1,0,0.079,4.847,,516,13,509
"BaselineSweep",500,5,40,5.788,5.784,1.297,1.601,1,0,0.085,4.102,102400,515,13,506
"BaselineSweep",500,5,41,3.848,3.868,1.110,2.317,1,0,0.085,1.447,,519,13,515
"BaselineSweep",500,5,42,2.194,2.211,0.000,1.719,1,0,0.044,0.431,81920,515,12,512
"BaselineSweep",500,5,43,5.263,5.231,0.993,2.056,1,0,0.058,3.149,,333,12,332
"BaselineSweep",500,5,44,2.286,2.316,0.876,1.629,1,0,0.061,0.596,118784,705,14,701
"BaselineSweep",500,5,45,4.612,4.578,0.000,1.962,1,0,0.075,2.575,,516,13,507
"BaselineSweep",500,5,46,3.801,3.809,0.823,2.062,1,0,0.047,1.693,,518,13,496
"BaselineSweep",500,5,47,4.235,4.243,0.000,1.599,1,0,0.073,2.564,98304,517,13,505
"BaselineSweep",500,5,48,5.054,5.014,0.875,2.005,1,0,0.074,2.974,,518,13,499
"BaselineSweep",500,5,49,4.356,4.379,0.813,1.610,1,0,0.050,2.696,,519,13,492
"BaselineSweep",500,5,50,3.234,3.234,0.000,1.607,1,0,0.075,1.552,40960,519,13,497
"BaselineSweep",500,5,51,3.451,3.463,0.758,1.627,1,0,0.062,1.761,,518,13,507
"BaselineSweep",500,5,52,4.758,4.755,0.000,1.625,1,0,0.071,3.061,45056,519,13,506
"BaselineSweep",500,5,53,3.361,3.355,0.840,1.974,1,0,0.053,1.334,,506,13,496
"BaselineSweep",500,5,54,3.106,3.102,0.000,1.646,1,0,0.056,1.404,106496,512,13,496
"BaselineSweep",500,5,55,3.287,3.293,0.851,1.971,1,0,0.047,1.269,,520,13,498
"BaselineSweep",500,5,56,5.218,5.206,0.000,2.131,1,0,0.068,3.019,,500,13,489
"BaselineSweep",500,5,57,2.279,2.293,0.777,1.684,1,0,0.060,0.535,36864,514,13,514
"BaselineSweep",500,5,58,4.002,4.007,0.000,2.518,1,0,0.079,1.406,,500,13,481
"BaselineSweep",500,5,59,2.993,2.986,1.057,1.616,1,0,0.061,1.316,98304,518,13,517
"BaselineSweep",500,5,60,4.693,4.693,0.853,3.004,1,0,0.071,1.618,,519,13,515
"BaselineSweep",500,5,61,4.289,4.267,0.857,2.559,1,0,0.092,1.638,,515,13,515
"BaselineSweep",500,5,62,2.876,2.893,0.825,2.005,1,0,0.054,0.817,139264,517,13,510
"BaselineSweep",500,5,63,4.300,4.287,0.792,2.648,1,0,0.075,1.577,,515,13,501
"BaselineSweep",500,5,64,3.329,3.341,2.688,1.646,1,0,0.058,1.625,,516,13,496
"BaselineSweep",500,5,65,5.635,5.633,0.947,1.581,1,0,0.071,3.984,122880,521,13,513
"BaselineSweep",500,5,66,3.255,3.245,0.989,1.889,1,0,0.068,1.299,,520,13,509
"BaselineSweep",500,5,67,2.856,2.866,0.000,1.575,1,0,0.047,1.234,180224,520,13,496
"BaselineSweep",500,5,68,3.162,3.158,0.853,1.865,1,0,0.048,1.248,,513,13,512
"BaselineSweep",500,5,69,5.553,5.550,0.839,1.570,1,0,0.056,3.927,,502,13,493
"BaselineSweep",500,5,70,3.217,3.218,0.795,1.724,1,0,0.077,1.416,122880,515,13,512
"BaselineSweep",500,5,71,3.285,3.283,0.000,1.967,1,0,0.062,1.256,,517,13,514
"BaselineSweep",500,5,72,3.567,3.550,2.100,1.591,1,0,0.065,1.912,163840,517,13,506
"BaselineSweep",500,5,73,3.457,3.486,0.815,2.136,1,0,0.052,1.270,,517,13,509
"BaselineSweep",500,5,74,3.546,3.529,0.000,1.737,1,0,0.066,1.743,,520,13,512
"BaselineSweep",500,5,75,3.024,3.042,2.888,1.732,1,0,0.049,1.243,122880,516,13,498
"BaselineSweep",500,5,76,3.430,3.419,0.744,2.042,1,0,0.072,1.316,,518,13,501
"BaselineSweep",500,5,77,2.411,2.419,2.440,1.780,1,0,0.053,0.578,110592,521,13,509
"BaselineSweep",500,5,78,3.839,3.809,0.784,2.316,1,0,0.099,1.424,,325,13,387
"BaselineSweep",500,5,79,4.492,4.511,0.000,1.616,1,0,0.065,2.811,,643,13,632
"BaselineSweep",500,5,80,3.196,3.188,0.715,1.717,1,0,0.082,1.397,98304,521,13,508
"BaselineSweep",500,5,81,3.238,3.254,0.000,1.940,1,0,0.058,1.239,,520,12,511
"BaselineSweep",500,5,82,3.182,3.168,0.728,1.773,1,0,0.065,1.344,122880,521,13,495
"BaselineSweep",500,5,83,2.727,2.730,0.723,2.087,1,0,0.055,0.585,,509,13,497
"BaselineSweep",500,5,84,2.279,2.284,0.721,1.729,1,0,0.046,0.505,106496,331,13,329
"BaselineSweep",500,5,85,4.996,4.970,0.728,2.215,1,0,0.069,2.712,,698,13,693
"BaselineSweep",500,5,86,3.752,3.729,0.765,1.558,1,0,0.047,2.147,151552,516,13,496
"BaselineSweep",500,5,87,5.730,5.746,0.000,3.619,1,0,0.102,2.008,,510,13,508
"BaselineSweep",500,5,88,4.780,4.783,0.808,2.900,1,0,0.073,1.807,,518,13,514
"BaselineSweep",500,5,89,3.087,3.099,0.792,2.216,1,0,0.080,0.790,57344,520,13,500
"BaselineSweep",500,5,90,3.539,3.546,0.735,2.051,1,0,0.057,1.432,,257,13,258
"BaselineSweep",500,5,91,3.241,3.229,0.000,1.872,1,0,0.054,1.315,114688,770,13,759
"BaselineSweep",500,5,92,3.370,3.380,0.726,2.051,1,0,0.055,1.264,,507,13,493
"BaselineSweep",500,5,93,3.547,3.541,0.725,1.708,1,0,0.044,1.794,,508,13,506
"BaselineSweep",500,5,94,3.119,3.118,0.719,1.726,1,0,0.057,1.336,188416,520,13,519
"BaselineSweep",500,5,95,3.452,3.451,0.720,2.132,1,0,0.050,1.270,,513,13,496
"BaselineSweep",500,5,96,3.312,3.306,0.718,1.551,1,0,0.043,1.718,163840,514,13,501
"BaselineSweep",500,5,97,2.726,2.723,0.842,1.950,1,0,0.047,0.729,,518,13,510
"BaselineSweep",500,5,98,4.001,4.005,0.789,2.585,1,0,0.049,1.367,212992,505,13,497
"BaselineSweep",500,5,99,3.165,3.167,0.000,1.893,1,0,0.059,1.213,,520,13,505
"BaselineSweep",500,5,100,2.862,2.852,0.720,1.563,1,0,0.054,1.246,167936,493,13,480
"BaselineSweep",500,5,101,2.413,2.433,0.712,1.859,1,0,0.050,0.504,,509,13,499
"BaselineSweep",500,5,102,3.360,3.348,0.000,1.755,1,0,0.050,1.554,,513,13,490
"BaselineSweep",500,5,103,2.892,2.901,0.772,1.553,1,0,0.049,1.290,135168,519,13,484
"BaselineSweep",500,5,104,4.936,4.912,0.755,2.640,1,0,0.087,2.210,,515,13,513
"BaselineSweep",500,5,105,4.220,4.236,0.796,2.748,1,0,0.069,1.404,180224,516,13,505
"BaselineSweep",500,5,106,4.578,4.560,0.831,2.750,1,0,0.077,1.751,,503,13,498
"BaselineSweep",500,5,107,3.831,3.846,0.937,2.200,1,0,0.061,1.570,,520,13,517
"BaselineSweep",500,5,108,2.927,2.930,0.778,1.568,1,0,0.044,1.314,114688,520,13,500
"BaselineSweep",500,5,109,4.571,4.564,0.778,2.995,1,0,0.099,1.477,,518,13,507
"BaselineSweep",500,5,110,2.913,2.924,0.768,1.681,1,0,0.049,1.183,159744,503,13,492
"BaselineSweep",500,5,111,3.907,3.886,0.753,3.101,1,0,0.077,0.728,,500,13,497
"BaselineSweep",500,5,112,3.539,3.548,0.742,1.767,1,0,0.050,1.722,,453,13,444
"BaselineSweep",500,5,113,4.196,4.191,0.702,2.305,1,0,0.123,1.768,94208,584,13,557
"BaselineSweep",500,5,114,3.880,3.883,0.000,2.365,1,0,0.065,1.451,,518,13,513
"BaselineSweep",500,5,115,3.243,3.247,0.699,1.885,1,0,0.059,1.299,110592,519,13,507
"BaselineSweep",500,5,116,3.397,3.387,0.686,2.018,1,0,0.052,1.327,,520,13,497
"BaselineSweep",500,5,117,2.348,2.351,0.698,1.680,1,0,0.057,0.611,106496,518,13,517
"BaselineSweep",500,5,118,2.619,2.623,0.703,1.977,1,0,0.048,0.594,,519,13,503
"BaselineSweep",500,5,119,2.211,2.212,0.693,1.625,1,0,0.043,0.543,110592,235,13,232
"BaselineSweep",500,5,120,3.283,3.267,1.213,1.906,1,0,0.056,1.321,,364,12,363
"BaselineSweep",500,5,121,2.450,2.465,0.698,1.724,1,0,0.051,0.676,110592,950,14,931
"BaselineSweep",500,5,122,2.676,2.667,0.715,2.153,1,0,0.053,0.469,,440,13,426
"BaselineSweep",500,5,123,3.182,3.185,0.722,1.620,1,0,0.039,1.523,,1032,13,575
"BaselineSweep",500,5,124,2.343,2.304,0.709,1.588,1,0,0.048,0.707,32768,520,13,503
"BaselineSweep",500,5,125,3.246,3.274,0.714,1.617,1,0,0.052,1.577,,150,12,150
"BaselineSweep",500,5,126,2.874,2.885,0.731,1.568,1,0,0.054,1.251,86016,890,14,876
"BaselineSweep",500,5,127,3.202,3.194,0.735,1.893,1,0,0.055,1.254,,516,13,512
"BaselineSweep",500,5,128,3.013,3.021,0.735,1.643,1,0,0.047,1.322,106496,521,13,512
"BaselineSweep",500,5,129,2.812,2.803,0.977,2.229,1,0,0.052,0.531,,521,13,505
"BaselineSweep",500,5,130,2.282,2.287,0.997,1.728,1,0,0.040,0.514,180224,518,13,508
"BaselineSweep",500,5,131,2.587,2.576,0.784,1.963,1,0,0.047,0.577,,196,13,195
"BaselineSweep",500,5,132,2.443,2.447,0.779,1.756,1,0,0.051,0.636,180224,845,13,830
"BaselineSweep",500,5,133,3.204,3.207,0.774,1.894,1,0,0.047,1.263,,521,13,512
"BaselineSweep",500,5,134,2.459,2.453,0.786,1.561,1,0,0.042,0.856,,521,13,516
"BaselineSweep",500,5,135,3.118,3.126,0.856,1.640,1,0,0.052,1.426,159744,511,13,505
"BaselineSweep",500,5,136,3.174,3.171,0.769,1.860,1,0,0.047,1.268,,519,13,510
"BaselineSweep",500,5,137,2.959,2.957,0.785,1.635,1,0,0.049,1.276,176128,516,13,491
"BaselineSweep",500,5,138,3.390,3.382,0.773,2.001,1,0,0.054,1.335,,521,13,516
"BaselineSweep",500,5,139,3.455,3.456,0.796,1.815,1,0,0.053,1.587,,512,13,507
"BaselineSweep",500,5,140,2.999,3.005,0.715,1.660,1,0,0.055,1.283,122880,521,13,505
"BaselineSweep",500,5,141,2.641,2.633,0.000,1.906,1,0,0.057,0.678,,518,13,508
"BaselineSweep",500,5,142,2.960,2.967,0.728,1.643,1,0,0.060,1.256,139264,455,13,450
"BaselineSweep",500,5,143,4.146,4.106,0.733,2.162,1,0,0.056,1.928,,583,13,570
"BaselineSweep",500,5,144,3.166,3.183,0.739,1.700,1,0,0.086,1.380,151552,506,13,490
"BaselineSweep",500,5,145,4.520,4.532,0.755,3.009,1,0,0.090,1.422,,504,13,500
"BaselineSweep",500,5,146,3.185,3.183,0.730,1.564,1,0,0.049,1.571,,518,13,509
"BaselineSweep",500,5,147,4.961,4.958,0.725,3.156,1,0,0.075,1.731,106496,517,13,516
"BaselineSweep",500,5,148,3.569,3.579,0.000,2.691,1,0,0.090,0.788,,519,13,513
"BaselineSweep",500,5,149,4.314,4.284,0.732,1.905,1,0,0.060,2.349,118784,518,13,504
"BaselineSweep",500,5,150,3.927,3.940,0.729,2.102,1,0,0.053,1.772,,516,13,499
"BaselineSweep",500,5,151,3.817,3.831,0.000,2.327,1,0,0.078,1.413,135168,521,13,521
"BaselineSweep",500,5,152,3.279,3.271,3.723,1.972,1,0,0.048,1.258,,520,13,515
"BaselineSweep",500,5,153,3.285,3.278,0.725,1.557,1,0,0.044,1.685,,511,13,513
"BaselineSweep",500,5,154,3.358,3.363,0.712,1.913,1,0,0.052,1.393,81920,512,13,491
"BaselineSweep",500,5,155,3.302,3.288,0.000,1.963,1,0,0.072,1.267,,519,13,516
"BaselineSweep",500,5,156,2.896,2.913,0.738,1.583,1,0,0.045,1.268,90112,516,12,511
"BaselineSweep",500,5,157,3.284,3.287,0.799,1.941,1,0,0.055,1.288,,521,13,515
"BaselineSweep",500,5,158,2.840,2.837,0.870,1.557,1,0,0.048,1.235,126976,520,13,518
"BaselineSweep",500,5,159,3.882,3.876,0.797,2.591,1,0,0.057,1.234,,521,13,516
"BaselineSweep",500,5,160,3.531,3.530,0.760,1.767,1,0,0.044,1.720,,520,13,517
"BaselineSweep",500,5,161,2.885,2.883,0.689,1.600,1,0,0.059,1.227,69632,520,13,497
"BaselineSweep",500,5,162,3.321,3.329,1.449,2.005,1,0,0.054,1.262,,520,13,506
"BaselineSweep",500,5,163,2.430,2.420,0.730,1.869,1,0,0.056,0.505,49152,519,13,505
"BaselineSweep",500,5,164,3.672,3.670,0.715,2.310,1,0,0.053,1.309,,518,13,497
"BaselineSweep",500,5,165,3.265,3.273,0.717,1.916,1,0,0.052,1.297,221184,521,13,520
"BaselineSweep",500,5,166,3.202,3.199,0.724,1.924,1,0,0.047,1.231,,515,13,500
"BaselineSweep",500,5,167,3.462,3.444,0.855,1.554,1,0,0.042,1.866,,512,13,509
"BaselineSweep",500,5,168,3.038,3.058,0.895,1.585,1,0,0.059,1.393,167936,510,13,505
"BaselineSweep",500,5,169,3.211,3.203,0.791,1.888,1,0,0.045,1.278,,506,13,495
"BaselineSweep",500,5,170,2.987,2.993,0.790,1.645,1,0,0.059,1.283,196608,520,13,511
"BaselineSweep",500,5,171,2.727,2.717,0.734,1.965,1,0,0.054,0.708,,511,13,500
"BaselineSweep",500,5,172,6.016,6.015,0.769,3.713,1,0,0.092,2.211,212992,505,13,498
"BaselineSweep",500,5,173,4.986,4.970,0.770,3.409,1,0,0.093,1.484,,535,13,534
"BaselineSweep",500,5,174,3.236,3.256,0.742,1.564,1,0,0.053,1.620,,521,13,507
"BaselineSweep",500,5,175,2.255,2.245,1.471,1.587,1,0,0.068,0.600,102400,512,13,506
"BaselineSweep",500,5,176,3.922,3.925,0.723,2.283,1,0,0.068,1.571,,511,13,506
"BaselineSweep",500,5,177,3.463,3.457,0.713,1.822,1,0,0.062,1.578,159744,509,13,501
"BaselineSweep",500,5,178,3.532,3.531,1.244,2.201,1,0,0.054,1.277,,520,13,503
"BaselineSweep",500,5,179,2.545,2.540,0.731,1.781,1,0,0.083,0.681,139264,520,13,496
"BaselineSweep",500,5,180,9.546,9.514,0.728,2.025,1,0,0.063,7.458,,457,13,452
"BaselineSweep",500,5,181,2.442,2.481,0.734,1.723,1,0,0.066,0.653,143360,581,13,566
"BaselineSweep",500,5,182,13.792,13.685,0.000,2.251,1,0,0.059,11.482,,521,13,521
"BaselineSweep",500,5,183,4.176,4.258,1.803,2.102,1,0,0.096,1.978,,518,13,518
"BaselineSweep",500,5,184,3.406,3.427,6.293,1.591,1,0,0.061,1.753,69632,511,13,506
"BaselineSweep",500,5,185,6.614,6.574,1.827,1.690,1,0,0.062,4.863,159744,516,13,500
"BaselineSweep",500,5,186,2.687,2.721,1.870,1.953,1,0,0.080,0.654,,501,13,488
"BaselineSweep",500,5,187,3.322,3.316,0.000,1.624,1,0,0.046,1.652,,519,13,502
"BaselineSweep",500,5,188,3.158,3.155,1.688,1.622,1,0,0.062,1.473,114688,514,13,498
"BaselineSweep",500,5,189,6.314,6.281,0.000,2.039,1,0,0.085,4.189,,506,13,505
"BaselineSweep",500,5,190,9.411,9.396,1.585,1.590,1,0,0.104,7.718,81920,519,13,494
"BaselineSweep",500,5,191,3.681,3.722,2.133,1.992,1,0,0.082,1.608,,510,13,487
"BaselineSweep",500,5,192,7.262,7.237,0.000,1.664,1,0,0.074,5.525,94208,504,13,494
"BaselineSweep",500,5,193,6.041,6.055,1.835,1.948,1,0,0.080,4.013,,511,13,495
"BaselineSweep",500,5,194,5.833,5.813,1.887,1.712,1,0,0.076,4.046,143360,505,13,504
"BaselineSweep",500,5,195,8.531,8.540,1.874,1.952,1,0,0.065,6.514,,520,13,501
"BaselineSweep",500,5,196,9.144,9.120,1.887,1.620,1,0,0.098,7.425,,505,13,502
"BaselineSweep",500,5,197,3.122,3.180,1.895,1.622,1,0,0.096,1.404,94208,519,12,492
"BaselineSweep",500,5,198,7.323,7.304,0.000,2.269,1,0,0.073,4.981,,519,13,491
"BaselineSweep",500,5,199,3.578,3.579,1.762,2.013,1,0,0.069,1.496,110592,521,13,504
"BaselineSweep",500,5,200,5.067,5.017,0.000,2.304,1,0,0.050,2.713,,515,12,504
"BaselineSweep",500,5,201,3.562,3.619,1.421,1.631,1,0,0.074,1.857,204800,520,13,486
"BaselineSweep",500,5,202,3.881,3.862,1.285,2.033,1,0,0.047,1.801,,519,13,517
"BaselineSweep",500,5,203,3.490,3.504,1.081,1.540,1,0,0.065,1.885,221184,519,12,503
"BaselineSweep",500,5,204,5.719,5.671,1.214,1.874,1,0,0.057,3.787,,520,13,511
"BaselineSweep",500,5,205,3.533,3.572,0.936,1.982,1,0,0.058,1.493,,519,13,493
"BaselineSweep",500,5,206,3.862,3.864,3.237,1.565,1,0,0.099,2.198,143360,521,13,505
"BaselineSweep",500,5,207,5.973,5.953,0.871,2.037,1,0,0.048,3.888,,520,13,508
"BaselineSweep",500,5,208,3.109,3.124,1.304,1.561,1,0,0.083,1.466,184320,519,13,513
"BaselineSweep",500,5,209,4.820,4.814,0.000,1.918,1,0,0.052,2.850,,518,13,514
"BaselineSweep",500,5,210,3.532,3.526,0.889,1.545,1,0,0.052,1.935,,521,13,505
"BaselineSweep",500,5,211,4.700,4.700,0.861,1.707,1,0,0.083,2.910,73728,518,13,516
"BaselineSweep",500,5,212,3.279,3.288,0.853,1.654,1,0,0.051,1.575,,520,13,504
"BaselineSweep",500,5,213,3.426,3.417,0.000,1.532,1,0,0.065,1.829,114688,520,13,498
"BaselineSweep",500,5,214,3.296,3.314,0.850,1.876,1,0,0.052,1.368,,520,13,506
"BaselineSweep",500,5,215,2.344,2.304,0.000,1.602,1,0,0.052,0.690,81920,520,13,498
"BaselineSweep",500,5,216,4.114,4.138,1.143,2.775,1,0,0.046,1.294,,321,13,320
"BaselineSweep",500,5,217,6.858,6.826,0.000,1.573,1,0,0.062,5.224,139264,706,13,700
"BaselineSweep",500,5,218,6.103,6.112,0.824,1.977,1,0,0.072,4.054,,500,13,483
"BaselineSweep",500,5,219,5.374,5.354,1.886,1.569,1,0,0.071,3.734,114688,521,13,521
"BaselineSweep",500,5,220,9.380,9.366,1.874,2.042,1,0,0.059,7.280,,520,13,510
"BaselineSweep",500,5,221,5.507,5.502,1.898,1.581,1,0,0.103,3.823,,509,13,504
"BaselineSweep",500,5,222,4.432,4.466,1.828,1.614,1,0,0.065,2.752,94208,500,13,498
"BaselineSweep",500,5,223,6.128,6.146,1.696,3.896,1,0,0.070,2.162,,521,13,519
"BaselineSweep",500,5,224,4.752,4.755,0.000,2.817,1,0,0.081,1.854,110592,518,13,510
"BaselineSweep",500,5,225,3.284,3.271,1.602,2.526,1,0,0.055,0.703,,521,13,518
"BaselineSweep",500,5,226,3.804,3.817,1.459,2.241,1,0,0.067,1.496,139264,424,13,423
"BaselineSweep",500,5,227,3.052,3.054,1.313,2.396,1,0,0.063,0.594,,612,13,605
"BaselineSweep",500,5,228,3.320,3.319,1.099,1.898,1,0,0.048,1.374,143360,459,13,457
"BaselineSweep",500,5,229,3.393,3.383,1.068,1.984,1,0,0.057,1.353,,579,13,571
"BaselineSweep",500,5,230,2.966,2.972,1.021,1.687,1,0,0.046,1.233,139264,521,13,514
"BaselineSweep",500,5,231,3.354,3.336,0.957,1.950,1,0,0.083,1.320,,520,13,511
"BaselineSweep",500,5,232,3.332,3.343,0.994,1.639,1,0,0.062,1.631,,520,13,513
"BaselineSweep",500,5,233,3.186,3.181,0.930,1.741,1,0,0.065,1.379,86016,519,13,502
"BaselineSweep",500,5,234,11.838,11.790,0.934,1.967,1,0,0.048,9.824,,499,13,492
"BaselineSweep",500,5,235,5.772,5.819,1.756,1.515,1,0,0.068,4.189,106496,503,13,494
"BaselineSweep",500,5,236,5.630,5.612,7.462,2.184,1,0,0.058,3.387,,519,13,508
"BaselineSweep",500,5,237,4.822,4.839,1.737,3.239,1,0,0.093,1.490,229376,519,13,515
"BaselineSweep",500,5,238,4.981,4.963,0.000,3.155,1,0,0.067,1.759,,519,13,506
"BaselineSweep",500,5,239,4.171,4.195,5.242,2.372,1,0,0.068,1.731,,521,13,514
"BaselineSweep",500,5,240,3.585,3.577,3.782,1.505,1,0,0.045,2.035,172032,518,13,512
"BaselineSweep",500,5,241,3.205,3.215,1.689,1.985,1,0,0.048,1.171,,519,13,517
"BaselineSweep",500,5,242,2.961,2.961,0.000,1.714,1,0,0.047,1.200,204800,516,13,517
"BaselineSweep",500,5,243,3.388,3.385,2.573,2.034,1,0,0.051,1.303,,520,13,509
"BaselineSweep",500,5,244,3.392,3.363,1.349,1.643,1,0,0.043,1.705,,520,13,514
"BaselineSweep",500,5,245,3.129,3.159,1.164,1.667,1,0,0.058,1.404,126976,520,13,517
"BaselineSweep",500,5,246,2.691,2.685,0.000,2.104,1,0,0.044,0.543,,517,13,512
"BaselineSweep",500,5,247,3.806,3.793,1.082,1.577,1,0,0.045,2.184,135168,449,13,449
"BaselineSweep",500,5,248,5.141,5.145,1.174,3.502,1,0,0.086,1.553,,569,13,565
"BaselineSweep",500,5,249,2.821,2.823,1.034,1.521,1,0,0.048,1.252,143360,514,13,502
"BaselineSweep",500,5,250,2.360,2.362,1.059,1.834,1,0,0.046,0.480,,516,13,512
"BaselineSweep",500,5,251,2.996,3.000,0.882,1.598,1,0,0.092,1.306,172032,430,13,430
"BaselineSweep",500,5,252,3.628,3.627,0.940,2.243,1,0,0.057,1.328,,612,13,609
"BaselineSweep",500,5,253,2.876,2.872,0.870,1.560,1,0,0.056,1.259,167936,520,13,518
"BaselineSweep",500,5,254,2.548,2.548,0.902,1.883,1,0,0.047,0.618,,521,13,514
"BaselineSweep",500,5,255,2.411,2.407,0.830,1.835,1,0,0.050,0.527,147456,21,9,21
"BaselineSweep",500,5,256,3.419,3.417,0.820,2.078,1,0,0.051,1.290,,1013,17,1003
"BaselineSweep",500,5,257,3.277,3.266,0.766,1.640,1,0,0.044,1.594,,520,13,516
"BaselineSweep",500,5,258,3.883,3.884,1.025,1.544,1,0,0.058,2.281,94208,520,13,511
"BaselineSweep",500,5,259,4.430,4.433,0.000,2.828,1,0,0.052,1.550,,519,13,510
"BaselineSweep",500,5,260,2.750,2.761,1.137,1.496,1,0,0.047,1.207,102400,518,13,511
"BaselineSweep",500,5,261,2.915,2.906,0.819,2.185,1,0,0.068,0.661,,508,13,492
"BaselineSweep",500,5,262,2.115,2.127,0.778,1.575,1,0,0.048,0.492,86016,509,13,500
"BaselineSweep",500,5,263,2.790,2.772,0.799,2.136,1,0,0.058,0.597,,519,13,508
"BaselineSweep",500,5,264,3.599,3.604,0.790,2.115,1,0,0.056,1.428,110592,514,13,497
"BaselineSweep",500,5,265,3.750,3.755,0.757,2.306,1,0,0.056,1.388,,502,13,491
"BaselineSweep",500,5,266,2.257,2.258,0.737,1.774,1,0,0.051,0.432,61440,520,13,517
"BaselineSweep",500,5,267,3.214,3.207,0.733,1.970,1,0,0.043,1.201,,491,13,480
"BaselineSweep",500,5,268,2.737,2.741,0.738,1.489,1,0,0.043,1.204,110592,548,13,538
"BaselineSweep",500,5,269,5.188,5.155,0.717,3.033,1,0,0.093,2.063,,509,13,499
"BaselineSweep",500,5,270,3.371,3.393,0.929,2.636,1,0,0.070,0.665,98304,517,13,514
"BaselineSweep",500,5,271,4.345,4.343,0.968,2.519,1,0,0.059,1.768,,507,13,493
"BaselineSweep",500,5,272,3.219,3.220,0.754,1.825,1,0,0.057,1.337,139264,504,13,495
"BaselineSweep",500,5,273,3.380,3.384,0.770,2.029,1,0,0.043,1.308,,518,13,515
"BaselineSweep",500,5,274,3.638,3.615,0.717,1.608,1,0,0.051,1.980,,519,13,513
"BaselineSweep",500,5,275,3.286,3.309,0.794,1.918,1,0,0.056,1.312,176128,519,13,507
"BaselineSweep",500,5,276,2.528,2.517,0.735,1.844,1,0,0.051,0.633,,517,13,497
"BaselineSweep",500,5,277,2.200,2.215,0.733,1.704,1,0,0.058,0.439,151552,512,13,497
"BaselineSweep",500,5,278,3.133,3.114,0.775,2.119,1,0,0.087,0.927,,515,13,510
"BaselineSweep",500,5,279,5.189,5.188,0.726,3.118,1,0,0.081,1.990,167936,509,13,499
"BaselineSweep",500,5,280,4.194,4.190,0.750,2.873,1,0,0.062,1.259,,519,13,517
"BaselineSweep",500,5,281,2.088,2.108,0.763,1.515,1,0,0.043,0.529,118784,520,13,511
"BaselineSweep",500,5,282,2.470,2.464,1.648,1.877,1,0,0.044,0.549,,137,12,137
"BaselineSweep",500,5,283,2.093,2.091,0.669,1.518,1,0,0.046,0.530,122880,898,14,890
"BaselineSweep",500,5,284,3.000,3.001,0.686,1.803,1,0,0.042,1.154,,519,13,509
"BaselineSweep",500,5,285,3.039,3.028,0.692,1.625,1,0,0.039,1.376,147456,516,13,503
"BaselineSweep",500,5,286,2.815,2.818,0.684,2.163,1,0,0.060,0.592,,507,13,498
"BaselineSweep",500,5,287,2.181,2.190,0.677,1.652,1,0,0.043,0.486,118784,505,13,495
"BaselineSweep",500,5,288,3.476,3.452,0.687,2.075,1,0,0.059,1.343,,519,13,497
"BaselineSweep",500,5,289,2.810,2.830,0.673,1.551,1,0,0.046,1.213,151552,518,13,506
"BaselineSweep",500,5,290,2.365,2.363,0.688,1.831,1,0,0.053,0.481,,519,13,509
"BaselineSweep",500,5,291,2.961,2.965,0.707,1.720,1,0,0.045,1.196,167936,505,13,491
"BaselineSweep",500,5,292,4.475,4.455,0.691,1.972,1,0,0.048,2.455,,519,13,508
"BaselineSweep",500,5,293,4.200,4.212,0.722,3.369,1,0,0.091,0.739,118784,520,13,520
"BaselineSweep",500,5,294,5.439,5.419,0.722,3.418,1,0,0.080,1.941,,516,13,509
"BaselineSweep",500,5,295,4.152,4.163,0.728,2.510,1,0,0.061,1.581,163840,517,13,512
"BaselineSweep",500,5,296,4.143,4.142,0.687,2.606,1,0,0.080,1.457,,520,13,506
"BaselineSweep",500,5,297,3.314,3.298,0.676,1.500,1,0,0.051,1.763,,521,13,496
"BaselineSweep",500,5,298,2.720,2.748,0.682,1.511,1,0,0.051,1.158,94208,515,13,503
"BaselineSweep",500,5,299,2.668,2.648,0.000,1.558,1,0,0.041,1.069,,519,13,518
"BaselineSweep",2000,5,0,28.716,28.684,6.458,26.014,1,0,0.295,2.407,,1980,27,1890
"BaselineSweep",2000,5,1,27.793,27.824,6.510,25.683,1,0,0.276,1.834,,1997,27,1901
"BaselineSweep",2000,5,2,29.054,29.020,7.009,25.900,1,0,0.294,2.861,,1978,26,1905
"BaselineSweep",2000,5,3,27.225,27.253,4.811,25.033,1,0,0.226,1.966,,1979,28,1871
"BaselineSweep",2000,5,4,28.148,28.144,6.514,25.738,1,0,0.242,2.168,,1986,28,1920
"BaselineSweep",2000,5,5,27.540,27.541,6.494,25.268,1,0,0.222,2.051,,1992,28,1909
"BaselineSweep",2000,5,6,29.465,29.464,6.479,27.355,1,0,0.213,1.898,,2002,28,1894
"BaselineSweep",2000,5,7,28.570,28.568,6.536,26.140,1,0,0.204,2.226,,2001,26,1931
"BaselineSweep",2000,5,8,26.730,26.726,4.804,24.689,1,0,0.218,1.824,,1996,27,1936
"BaselineSweep",2000,5,9,27.113,27.117,6.439,25.051,1,0,0.214,1.848,,1984,28,1885
"BaselineSweep",2000,5,10,29.368,29.328,6.449,26.158,1,0,0.366,2.844,,1998,27,1921
"BaselineSweep",2000,5,11,30.902,30.938,6.455,28.839,1,0,0.285,1.778,,1983,27,1890
"BaselineSweep",2000,5,12,28.094,28.063,6.509,24.879,1,0,0.220,2.996,,2012,28,1931
"BaselineSweep",2000,5,13,31.735,31.717,4.791,27.822,1,0,0.286,3.627,,1992,28,1905
"BaselineSweep",2000,5,14,30.191,30.204,6.296,26.914,1,0,0.225,3.051,,1985,27,1913
"BaselineSweep",2000,5,15,29.729,29.755,6.691,27.698,1,0,0.206,1.825,,1998,28,1891
"BaselineSweep",2000,5,16,27.118,27.112,6.450,24.759,1,0,0.222,2.137,,1988,28,1891
"BaselineSweep",2000,5,17,28.272,28.276,6.432,26.126,1,0,0.268,1.879,,2008,28,1901
"BaselineSweep",2000,5,18,33.116,33.110,7.026,30.210,1,0,0.341,2.565,,1974,26,1917
"BaselineSweep",2000,5,19,26.902,26.898,6.476,25.479,1,0,0.225,1.198,,1987,28,1916
"BaselineSweep",2000,5,20,28.325,28.325,6.499,26.216,1,0,0.220,1.888,,1993,28,1924
"BaselineSweep",2000,5,21,27.950,27.956,6.464,26.583,1,0,0.221,1.147,,2001,28,1938
"BaselineSweep",2000,5,22,29.460,29.426,6.970,26.753,1,0,0.294,2.413,,2010,28,1951
"BaselineSweep",2000,5,23,27.314,27.295,4.770,25.345,1,0,0.380,1.590,,1987,26,1873
"BaselineSweep",2000,5,24,33.152,33.195,8.710,31.053,1,0,0.204,1.895,,1980,27,1906
"BaselineSweep",2000,5,25,29.895,29.882,7.210,27.627,1,0,0.240,2.028,,1897,27,1897
"BaselineSweep",2000,5,26,28.354,28.341,4.795,25.690,1,0,0.228,2.436,,1982,27,1895
"BaselineSweep",2000,5,27,29.103,29.125,7.209,26.901,1,0,0.237,1.965,,2005,28,1898
"BaselineSweep",2000,5,28,29.817,29.798,4.793,26.989,1,0,0.215,2.613,,2007,26,1927
"BaselineSweep",2000,5,29,28.913,28.917,6.582,26.305,1,0,0.215,2.394,,2010,28,1912
"BaselineSweep",2000,5,30,31.713,31.725,6.619,29.878,1,0,0.256,1.579,,1998,28,1893
"BaselineSweep",2000,5,31,27.985,27.981,0.000,25.850,1,0,0.236,1.899,,2007,28,1921
"BaselineSweep",2000,5,32,27.037,27.041,4.794,24.728,1,0,0.289,2.020,,2007,28,1976
"BaselineSweep",2000,5,33,28.033,28.027,7.244,25.686,1,0,0.218,2.130,,2003,27,1932
"BaselineSweep",2000,5,34,30.237,30.225,4.775,27.422,1,0,0.205,2.610,,2003,28,1908
"BaselineSweep",2000,5,35,28.602,28.617,6.592,26.647,1,0,0.216,1.740,,1973,28,1902
"BaselineSweep",2000,5,36,27.454,27.424,6.367,25.686,1,0,0.289,1.480,,2012,27,1928
"BaselineSweep",2000,5,37,28.134,28.130,6.659,24.842,1,0,0.279,3.012,,1995,28,1935
"BaselineSweep",2000,5,38,28.036,28.062,7.150,25.612,1,0,0.231,2.193,,2001,28,1912
"BaselineSweep",2000,5,39,28.071,28.036,0.000,24.634,1,0,0.219,3.218,,1999,26,1915
"BaselineSweep",2000,5,40,29.306,29.339,4.779,27.345,1,0,0.209,1.752,,1995,28,1940
"BaselineSweep",2000,5,41,27.946,27.940,4.785,24.339,1,0,0.300,3.308,,2014,28,1946
"BaselineSweep",2000,5,42,27.835,27.837,7.061,25.594,1,0,0.231,2.010,,2000,28,1939
"BaselineSweep",2000,5,43,28.955,28.902,6.478,26.917,1,0,0.302,1.735,,1998,28,1914
"BaselineSweep",2000,5,44,28.341,28.390,6.661,26.293,1,0,0.217,1.832,,2007,27,1931
"BaselineSweep",2000,5,45,29.994,29.976,6.394,26.187,1,0,0.207,3.600,,1999,28,1914
"BaselineSweep",2000,5,46,32.215,32.222,4.807,28.450,1,0,0.344,3.421,,1982,28,1903
"BaselineSweep",2000,5,47,28.705,28.667,4.766,26.015,1,0,0.225,2.465,,1970,28,1902
"BaselineSweep",2000,5,48,30.276,30.293,6.279,27.688,1,0,0.286,2.302,,1989,28,1919
"BaselineSweep",2000,5,49,33.017,32.993,7.025,29.530,1,0,0.224,3.263,,1996,28,1923
"BaselineSweep",2000,5,50,29.534,29.575,7.005,26.948,1,0,0.224,2.361,,1998,28,1939
"BaselineSweep",2000,5,51,28.957,28.955,6.409,26.379,1,0,0.270,2.309,,2007,27,1912
"BaselineSweep",2000,5,52,31.082,31.067,7.046,27.538,1,0,0.291,3.253,,2015,28,1960
"BaselineSweep",2000,5,53,29.456,29.449,6.465,26.354,1,0,0.223,2.879,,1998,27,1906
"BaselineSweep",2000,5,54,29.375,29.397,6.520,27.843,1,0,0.285,1.248,,2002,28,1917
"BaselineSweep",2000,5,55,31.670,31.660,0.000,28.061,1,0,0.344,3.266,,1983,28,1905
"BaselineSweep",2000,5,56,27.438,27.447,6.478,26.101,1,0,0.218,1.119,,1993,28,1920
"BaselineSweep",2000,5,57,27.363,27.365,7.096,25.598,1,0,0.339,1.425,,2001,28,1938
"BaselineSweep",2000,5,58,29.226,29.218,7.039,27.133,1,0,0.213,1.880,,2006,28,1953
"BaselineSweep",2000,5,59,28.152,28.147,4.875,25.882,1,0,0.221,2.050,,1993,27,1916
"BaselineSweep",2000,5,60,28.850,28.849,4.793,26.186,1,0,0.219,2.446,,1980,28,1911
"BaselineSweep",2000,5,61,28.387,28.386,4.814,25.759,1,0,0.230,2.398,,1998,28,1930
"BaselineSweep",2000,5,62,31.002,31.009,0.000,28.881,1,0,0.241,1.881,,1999,27,1905
"BaselineSweep",2000,5,63,31.044,31.007,7.155,27.433,1,0,0.299,3.312,,1986,28,1910
"BaselineSweep",2000,5,64,28.914,28.921,4.824,26.610,1,0,0.239,2.065,,2002,28,1928
"BaselineSweep",2000,5,65,29.520,29.540,6.505,27.141,1,0,0.209,2.170,,1999,28,1934
"BaselineSweep",2000,5,66,28.457,28.435,6.515,26.667,1,0,0.294,1.496,,2000,28,1896
"BaselineSweep",2000,5,67,31.566,31.584,7.102,27.899,1,0,0.231,3.437,,2002,28,1912
"BaselineSweep",2000,5,68,31.600,31.607,7.066,27.531,1,0,0.307,3.763,,1992,28,1914
"BaselineSweep",2000,5,69,31.364,31.351,4.865,28.178,1,0,0.275,2.911,,1997,27,1932
"BaselineSweep",2000,5,70,28.826,28.834,4.787,26.804,1,0,0.210,1.813,,2002,28,1935
"BaselineSweep",2000,5,71,29.407,29.386,6.537,26.406,1,0,0.305,2.696,,1973,28,1898
"BaselineSweep",2000,5,72,27.057,27.074,4.814,24.951,1,0,0.216,1.891,,2001,28,1923
"BaselineSweep",2000,5,73,29.854,29.810,6.470,27.495,1,0,0.219,2.139,,1998,27,1926
"BaselineSweep",2000,5,74,31.998,32.003,4.816,29.301,1,0,0.288,2.409,,1985,28,1901
"BaselineSweep",2000,5,75,29.472,29.503,7.068,26.024,1,0,0.259,3.188,,1997,28,1907
"BaselineSweep",2000,5,76,28.675,28.672,4.794,25.932,1,0,0.218,2.525,,2002,28,1916
"BaselineSweep",2000,5,77,32.264,32.260,6.487,29.250,1,0,0.305,2.710,,2005,28,1946
"BaselineSweep",2000,5,78,28.509,28.513,6.495,26.461,1,0,0.219,1.828,,1993,28,1921
"BaselineSweep",2000,5,79,28.450,28.436,6.483,26.399,1,0,0.230,1.822,,2013,28,1949
"BaselineSweep",2000,5,80,35.553,35.565,6.464,32.793,1,0,0.216,2.545,,1993,27,1904
"BaselineSweep",2000,5,81,28.807,28.794,6.471,25.747,1,0,0.298,2.763,,2002,28,1944
"BaselineSweep",2000,5,82,33.797,33.801,7.108,30.002,1,0,0.312,3.483,,1988,28,1917
"BaselineSweep",2000,5,83,26.654,26.662,7.025,24.590,1,0,0.217,1.847,,1971,27,1915
"BaselineSweep",2000,5,84,31.655,31.651,4.805,29.212,1,0,0.292,2.152,,2012,28,1933
"BaselineSweep",2000,5,85,29.082,29.081,7.032,26.968,1,0,0.213,1.901,,1995,28,1931
"BaselineSweep",2000,5,86,28.730,28.666,6.489,25.676,1,0,0.218,2.836,,1999,28,1919
"BaselineSweep",2000,5,87,28.667,28.714,6.455,26.015,1,0,0.215,2.437,,2001,28,1911
"BaselineSweep",2000,5,88,34.967,34.944,6.420,31.998,1,0,0.220,2.749,,1996,28,1904
"BaselineSweep",2000,5,89,28.574,28.553,6.539,26.055,1,0,0.218,2.302,,2008,27,1917
"BaselineSweep",2000,5,90,29.036,29.061,6.508,25.682,1,0,0.285,3.068,,1986,28,1891
"BaselineSweep",2000,5,91,29.055,29.082,6.560,26.837,1,0,0.220,1.999,,1975,28,1921
"BaselineSweep",2000,5,92,30.251,30.249,4.832,28.191,1,0,0.260,1.800,,2010,28,1936
"BaselineSweep",2000,5,93,30.026,30.017,6.534,27.125,1,0,0.345,2.557,,1996,28,1903
"BaselineSweep",2000,5,94,30.038,30.041,4.807,27.962,1,0,0.231,1.845,,2000,28,1942
"BaselineSweep",2000,5,95,27.621,27.621,6.601,25.470,1,0,0.233,1.918,,2017,27,1951
"BaselineSweep",2000,5,96,30.658,30.637,7.050,27.395,1,0,0.262,3.001,,2014,26,1931
"BaselineSweep",2000,5,97,34.717,34.721,4.902,31.693,1,0,0.282,2.742,,1998,28,1931
"BaselineSweep",2000,5,98,30.242,30.251,6.540,27.980,1,0,0.206,2.057,,1999,28,1906
"BaselineSweep",2000,5,99,29.894,29.876,6.549,26.660,1,0,0.348,2.886,,1995,28,1884
"BaselineSweep",2000,5,100,31.756,31.743,6.439,28.188,1,0,0.385,3.183,,1980,28,1915
"BaselineSweep",2000,5,101,27.148,27.142,6.470,25.299,1,0,0.214,1.635,,1980,27,1935
"BaselineSweep",2000,5,102,29.539,29.542,7.098,27.215,1,0,0.284,2.040,,2004,28,1964
"BaselineSweep",2000,5,103,29.807,29.839,6.463,27.728,1,0,0.214,1.865,,1972,26,1885
"BaselineSweep",2000,5,104,30.995,30.991,4.833,28.421,1,0,0.215,2.359,,1993,26,1932
"BaselineSweep",2000,5,105,29.128,29.089,4.814,26.057,1,0,0.300,2.771,,1980,27,1914
"BaselineSweep",2000,5,106,29.157,29.190,4.812,27.079,1,0,0.222,1.856,,2000,26,1931
"BaselineSweep",2000,5,107,28.437,28.409,6.439,25.771,1,0,0.312,2.355,,2007,28,1945
"BaselineSweep",2000,5,108,29.559,29.586,4.818,27.450,1,0,0.212,1.896,,1993,28,1928
"BaselineSweep",2000,5,109,30.035,29.973,7.074,27.764,1,0,0.216,2.056,,2013,27,1940
"BaselineSweep",2000,5,110,29.295,29.349,6.490,26.413,1,0,0.210,2.672,,1994,27,1896
"BaselineSweep",2000,5,111,29.339,29.341,6.488,26.959,1,0,0.237,2.144,,1984,28,1925
"BaselineSweep",2000,5,112,28.454,28.448,4.805,25.460,1,0,0.234,2.761,,1999,27,1933
"BaselineSweep",2000,5,113,30.319,30.327,6.462,27.051,1,0,0.371,2.897,,1997,27,1912
"BaselineSweep",2000,5,114,28.264,28.261,4.796,26.744,1,0,0.223,1.298,,1998,27,1873
"BaselineSweep",2000,5,115,28.966,28.962,6.341,26.442,1,0,0.310,2.214,,1994,28,1903
"BaselineSweep",2000,5,116,29.193,29.194,4.797,26.978,1,0,0.215,2.001,,1971,28,1920
"BaselineSweep",2000,5,117,28.094,28.094,4.809,25.919,1,0,0.218,1.957,,1993,28,1920
"BaselineSweep",2000,5,118,28.199,28.182,6.940,25.676,1,0,0.304,2.219,,1996,27,1930
"BaselineSweep",2000,5,119,27.645,27.656,4.799,25.533,1,0,0.225,1.887,,1988,27,1938
"BaselineSweep",2000,5,120,28.457,28.452,7.016,25.443,1,0,0.234,2.780,,2001,28,1904
"BaselineSweep",2000,5,121,27.660,27.668,6.674,26.347,1,0,0.224,1.089,,1998,27,1931
"BaselineSweep",2000,5,122,27.958,27.954,6.420,26.537,1,0,0.240,1.181,,1997,28,1922
"BaselineSweep",2000,5,123,30.585,30.574,6.691,27.937,1,0,0.226,2.422,,2008,27,1925
"BaselineSweep",2000,5,124,28.392,28.399,6.212,26.219,1,0,0.226,1.947,,2011,25,1948
"BaselineSweep",2000,5,125,28.825,28.807,4.993,26.364,1,0,0.228,2.234,,1999,28,1914
"BaselineSweep",2000,5,126,33.648,33.658,4.782,31.236,1,0,0.225,2.187,,1966,28,1877
"BaselineSweep",2000,5,127,30.528,30.526,6.679,28.433,1,0,0.223,1.872,,1999,28,1911
"BaselineSweep",2000,5,128,29.385,29.370,4.803,26.358,1,0,0.228,2.799,,1980,26,1918
"BaselineSweep",2000,5,129,30.004,30.021,7.293,27.916,1,0,0.227,1.861,,2001,27,1940
"BaselineSweep",2000,5,130,27.664,27.661,6.493,25.287,1,0,0.225,2.153,,2008,27,1941
"BaselineSweep",2000,5,131,28.061,28.059,6.613,25.716,1,0,0.243,2.102,,2011,28,1944
"BaselineSweep",2000,5,132,27.850,27.855,4.808,26.393,1,0,0.227,1.230,,1993,28,1908
"BaselineSweep",2000,5,133,28.732,28.729,6.602,26.586,1,0,0.232,1.915,,2010,28,1912
"BaselineSweep",2000,5,134,32.731,32.728,4.820,30.384,1,0,0.276,2.072,,1993,27,1934
"BaselineSweep",2000,5,135,28.081,28.086,6.672,25.902,1,0,0.225,1.953,,2010,28,1929
"BaselineSweep",2000,5,136,28.702,28.664,4.797,26.288,1,0,0.219,2.196,,2010,26,1925
"BaselineSweep",2000,5,137,29.178,29.194,4.809,26.050,1,0,0.221,2.908,,1984,26,1906
"BaselineSweep",2000,5,138,33.808,33.807,7.412,31.292,1,0,0.217,2.299,,1743,28,1935
"BaselineSweep",2000,5,139,28.934,28.941,4.824,26.252,1,0,0.241,2.441,,1999,28,1932
"BaselineSweep",2000,5,140,27.946,27.951,7.092,25.625,1,0,0.238,2.084,,1975,28,1909
"BaselineSweep",2000,5,141,29.734,29.734,0.000,27.180,1,0,0.226,2.328,,1992,28,1910
"BaselineSweep",2000,5,142,32.683,32.663,7.108,29.405,1,0,0.231,3.047,,2001,27,1944
"BaselineSweep",2000,5,143,26.988,27.003,6.661,25.581,1,0,0.261,1.146,,2002,28,1920
"BaselineSweep",2000,5,144,28.398,28.388,0.000,26.132,1,0,0.226,2.040,,2005,28,1928
"BaselineSweep",2000,5,145,27.671,27.669,4.802,25.501,1,0,0.229,1.941,,1999,27,1940
"BaselineSweep",2000,5,146,28.690,28.693,7.928,26.459,1,0,0.228,2.004,,2003,28,1923
"BaselineSweep",2000,5,147,31.319,31.325,4.799,29.036,1,0,0.251,2.032,,1996,28,1918
"BaselineSweep",2000,5,148,30.118,30.108,7.909,27.119,1,0,0.236,2.764,,2006,26,1924
"BaselineSweep",2000,5,149,28.016,28.017,4.946,26.140,1,0,0.248,1.628,,2004,27,1912
"BaselineSweep",2000,5,150,30.683,30.684,7.809,28.283,1,0,0.254,2.146,,1995,28,1890
"BaselineSweep",2000,5,151,35.503,35.503,4.804,32.971,1,0,0.229,2.303,,1994,28,1923
"BaselineSweep",2000,5,152,31.356,31.346,4.820,28.764,1,0,0.243,2.349,,2003,28,1914
"BaselineSweep",2000,5,153,28.508,28.516,4.835,26.279,1,0,0.231,1.998,,2013,28,1923
"BaselineSweep",2000,5,154,28.669,28.662,7.143,26.173,1,0,0.243,2.253,,2006,28,1946
"BaselineSweep",2000,5,155,28.479,28.482,7.232,25.656,1,0,0.275,2.549,,2004,28,1907
"BaselineSweep",2000,5,156,27.464,27.460,7.081,25.945,1,0,0.243,1.276,,2006,28,1915
"BaselineSweep",2000,5,157,35.497,35.481,7.300,32.717,1,0,0.267,2.513,,1993,28,1888
"BaselineSweep",2000,5,158,35.457,35.470,7.083,33.091,1,0,0.254,2.111,,1902,28,1967
"BaselineSweep",2000,5,159,30.780,30.775,8.721,28.557,1,0,0.252,1.972,,2017,28,1932
"BaselineSweep",2000,5,160,29.779,29.781,18.334,27.548,1,0,0.261,1.969,,2005,26,1933
"BaselineSweep",2000,5,161,31.176,31.173,17.879,28.835,1,0,0.289,2.052,,2005,28,1922
"BaselineSweep",2000,5,162,29.255,29.251,9.322,27.054,1,0,0.232,1.970,,2001,28,1922
"BaselineSweep",2000,5,163,30.467,30.470,7.208,27.751,1,0,0.243,2.473,,2015,28,1930
"BaselineSweep",2000,5,164,28.874,28.871,6.870,26.577,1,0,0.244,2.054,,2005,28,1879
"BaselineSweep",2000,5,165,29.355,29.292,5.383,27.081,1,0,0.232,2.043,,2013,28,1928
"BaselineSweep",2000,5,166,29.631,29.676,7.744,26.885,1,0,0.235,2.511,,1998,27,1921
"BaselineSweep",2000,5,167,28.892,28.909,8.533,26.712,1,0,0.247,1.934,,2006,28,1909
"BaselineSweep",2000,5,168,29.026,29.022,0.000,26.762,1,0,0.243,2.022,,2013,28,1945
"BaselineSweep",2000,5,169,29.153,29.151,8.703,26.244,1,0,0.238,2.671,,2010,28,1929
"BaselineSweep",2000,5,170,29.014,29.001,5.106,26.003,1,0,0.236,2.775,,2009,28,1955
"BaselineSweep",2000,5,171,29.155,29.162,8.722,26.851,1,0,0.230,2.074,,2009,27,1953
"BaselineSweep",2000,5,172,28.789,28.777,8.756,26.162,1,0,0.220,2.407,,2001,28,1909
"BaselineSweep",2000,5,173,31.299,31.313,8.211,28.021,1,0,0.305,2.974,,1751,27,1927
"BaselineSweep",2000,5,174,28.549,28.555,3.468,27.214,1,0,0.225,1.110,,1996,27,1924
"BaselineSweep",2000,5,175,29.067,29.057,2.662,26.546,1,0,0.238,2.283,,2006,28,1913
"BaselineSweep",2000,5,176,29.845,29.814,7.783,26.046,1,0,0.314,3.486,,1994,28,1895
"BaselineSweep",2000,5,177,28.714,28.741,7.141,26.221,1,0,0.216,2.278,,1995,28,1906
"BaselineSweep",2000,5,178,27.889,27.893,5.302,25.720,1,0,0.211,1.957,,2012,26,1955
"BaselineSweep",2000,5,179,33.268,33.246,7.832,30.081,1,0,0.271,2.916,,2006,28,1866
"BaselineSweep",2000,5,180,32.212,32.226,7.160,29.749,1,0,0.432,2.031,,1992,28,1934
"BaselineSweep",2000,5,181,28.576,28.577,7.762,26.356,1,0,0.235,1.986,,1970,28,1909
"BaselineSweep",2000,5,182,29.838,29.818,7.156,28.094,1,0,0.314,1.430,,1992,28,1893
"BaselineSweep",2000,5,183,29.730,29.748,7.173,28.343,1,0,0.224,1.163,,1999,28,1934
"BaselineSweep",2000,5,184,29.050,29.051,7.163,26.843,1,0,0.221,1.986,,2015,28,1941
"BaselineSweep",2000,5,185,30.128,30.125,7.829,28.691,1,0,0.250,1.188,,2003,28,1912
"BaselineSweep",2000,5,186,29.586,29.587,8.518,27.015,1,0,0.222,2.349,,1914,28,1856
"BaselineSweep",2000,5,187,30.002,29.960,5.410,26.725,1,0,0.294,2.983,,2086,28,2021
"BaselineSweep",2000,5,188,30.726,30.760,5.325,28.476,1,0,0.222,2.028,,1981,27,1889
"BaselineSweep",2000,5,189,28.918,28.917,7.866,26.439,1,0,0.237,2.242,,2004,28,1905
"BaselineSweep",2000,5,190,28.590,28.588,7.146,25.839,1,0,0.217,2.534,,1999,28,1905
"BaselineSweep",2000,5,191,33.668,33.625,7.989,29.814,1,0,0.302,3.553,,1934,27,1908
"BaselineSweep",2000,5,192,28.821,28.865,7.811,26.627,1,0,0.233,1.961,,1990,27,1903
"BaselineSweep",2000,5,193,28.313,28.310,7.266,26.120,1,0,0.222,1.971,,1937,28,1914
"BaselineSweep",2000,5,194,29.521,29.520,7.169,27.291,1,0,0.222,2.008,,2016,28,1947
"BaselineSweep",2000,5,195,29.702,29.674,6.529,26.967,1,0,0.237,2.498,,2015,28,1920
"BaselineSweep",2000,5,196,30.710,30.731,6.518,28.344,1,0,0.270,2.096,,2003,28,1911
"BaselineSweep",2000,5,197,29.245,29.243,6.602,27.059,1,0,0.231,1.955,,1987,28,1921
"BaselineSweep",2000,5,198,30.859,30.839,6.464,27.263,1,0,0.305,3.291,,1900,27,1829
"BaselineSweep",2000,5,199,31.859,31.875,7.911,29.527,1,0,0.222,2.111,,1633,28,1922
"BaselineSweep",2000,5,200,28.556,28.548,7.081,26.214,1,0,0.259,2.084,,2015,28,1937
"BaselineSweep",2000,5,201,30.005,29.964,6.474,26.528,1,0,0.292,3.185,,2001,26,1914
"BaselineSweep",2000,5,202,30.122,30.170,6.451,27.425,1,0,0.225,2.473,,1968,28,1872
"BaselineSweep",2000,5,203,28.139,28.138,0.000,26.021,1,0,0.217,1.901,,2004,28,1932
"BaselineSweep",2000,5,204,28.589,28.594,6.506,27.089,1,0,0.285,1.216,,1997,26,1935
"BaselineSweep",2000,5,205,28.455,28.425,7.101,26.031,1,0,0.217,2.207,,1999,28,1941
"BaselineSweep",2000,5,206,32.505,32.525,6.467,30.380,1,0,0.214,1.911,,1986,28,1930
"BaselineSweep",2000,5,207,28.740,28.725,6.507,27.064,1,0,0.246,1.430,,2006,27,1933
"BaselineSweep",2000,5,208,28.743,28.758,4.781,26.004,1,0,0.209,2.530,,1992,28,1908
"BaselineSweep",2000,5,209,27.248,27.248,6.464,25.206,1,0,0.209,1.833,,2010,27,1942
"BaselineSweep",2000,5,210,26.980,26.953,6.411,25.345,1,0,0.294,1.341,,2001,28,1935
"BaselineSweep",2000,5,211,27.933,27.956,7.042,25.871,1,0,0.224,1.838,,1998,28,1921
"BaselineSweep",2000,5,212,28.769,28.765,6.489,26.689,1,0,0.220,1.860,,2003,28,1910
"BaselineSweep",2000,5,213,28.741,28.742,6.383,26.547,1,0,0.225,1.970,,1991,28,1911
"BaselineSweep",2000,5,214,27.599,27.571,6.999,25.492,1,0,0.221,1.886,,2004,28,1933
"BaselineSweep",2000,5,215,29.006,29.021,6.513,25.979,1,0,0.212,2.815,,2011,27,1942
"BaselineSweep",2000,5,216,30.056,30.065,6.462,27.706,1,0,0.297,2.053,,2007,28,1932
"BaselineSweep",2000,5,217,27.738,27.734,6.598,25.570,1,0,0.218,1.949,,2005,26,1911
"BaselineSweep",2000,5,218,28.091,28.093,6.500,26.062,1,0,0.222,1.808,,1988,28,1931
"BaselineSweep",2000,5,219,29.250,29.224,6.522,26.647,1,0,0.321,2.282,,1995,27,1923
"BaselineSweep",2000,5,220,27.723,27.743,7.054,25.662,1,0,0.210,1.851,,1998,28,1926
"BaselineSweep",2000,5,221,27.092,27.095,6.621,25.135,1,0,0.216,1.742,,2002,28,1939
"BaselineSweep",2000,5,222,29.618,29.611,6.518,25.897,1,0,0.219,3.502,,2001,28,1956
"BaselineSweep",2000,5,223,28.089,28.088,4.931,25.595,1,0,0.237,2.256,,2000,28,1926
"BaselineSweep",2000,5,224,27.465,27.448,6.551,24.460,1,0,0.288,2.717,,1998,28,1952
"BaselineSweep",2000,5,225,28.572,28.564,6.582,25.490,1,0,0.360,2.722,,1993,28,1926
"BaselineSweep",2000,5,226,29.071,29.047,7.083,25.029,1,0,0.299,3.744,,1986,27,1946
"BaselineSweep",2000,5,227,28.947,28.956,6.509,25.917,1,0,0.287,2.743,,2000,27,1931
"BaselineSweep",2000,5,228,28.121,28.146,6.496,25.129,1,0,0.222,2.770,,1989,28,1947
"BaselineSweep",2000,5,229,27.713,27.714,6.463,24.791,1,0,0.217,2.706,,2012,28,1919
"BaselineSweep",2000,5,230,28.379,28.369,4.906,24.929,1,0,0.227,3.223,,1993,28,1911
"BaselineSweep",2000,5,231,28.188,28.177,4.807,25.667,1,0,0.218,2.303,,1993,28,1934
"BaselineSweep",2000,5,232,32.461,32.479,7.142,30.004,1,0,0.227,2.229,,1997,27,1919
"BaselineSweep",2000,5,233,29.439,29.438,0.000,26.819,1,0,0.223,2.398,,1997,28,1905
"BaselineSweep",2000,5,234,28.162,28.138,6.570,25.619,1,0,0.215,2.328,,2007,28,1922
"BaselineSweep",2000,5,235,31.781,31.791,4.804,28.464,1,0,0.255,3.063,,2000,28,1941
"BaselineSweep",2000,5,236,28.440,28.448,0.000,25.665,1,0,0.320,2.455,,2011,26,1936
"BaselineSweep",2000,5,237,29.095,29.094,7.239,25.826,1,0,0.224,3.046,,1998,28,1925
"BaselineSweep",2000,5,238,32.095,32.070,7.019,28.058,1,0,0.286,3.751,,1989,28,1910
"BaselineSweep",2000,5,239,29.212,29.200,4.910,25.703,1,0,0.293,3.217,,1998,27,1910
"BaselineSweep",2000,5,240,27.519,27.527,6.428,24.520,1,0,0.207,2.792,,1993,28,1925
"BaselineSweep",2000,5,241,26.960,26.993,7.005,25.618,1,0,0.222,1.119,,2011,28,1954
"BaselineSweep",2000,5,242,27.542,27.536,7.048,25.565,1,0,0.211,1.766,,2001,28,1930
"BaselineSweep",2000,5,243,28.360,28.354,6.588,24.812,1,0,0.286,3.262,,1998,28,1931
"BaselineSweep",2000,5,244,29.377,29.362,6.459,26.496,1,0,0.231,2.650,,1997,28,1921
"BaselineSweep",2000,5,245,28.503,28.471,7.135,25.334,1,0,0.306,2.863,,1985,28,1890
"BaselineSweep",2000,5,246,28.415,28.455,6.580,24.968,1,0,0.207,3.239,,1916,28,1907
"BaselineSweep",2000,5,247,29.001,29.003,4.820,25.289,1,0,0.210,3.502,,1999,28,1921
"BaselineSweep",2000,5,248,27.660,27.654,0.000,25.022,1,0,0.290,2.348,,1992,28,1919
"BaselineSweep",2000,5,249,27.476,27.480,7.215,25.123,1,0,0.212,2.140,,1977,26,1938
"BaselineSweep",2000,5,250,28.687,28.686,6.493,26.296,1,0,0.211,2.180,,2007,28,1937
"BaselineSweep",2000,5,251,28.363,28.357,4.860,25.994,1,0,0.225,2.145,,2004,28,1931
"BaselineSweep",2000,5,252,28.602,28.607,6.481,26.944,1,0,0.306,1.351,,1997,28,1900
"BaselineSweep",2000,5,253,27.706,27.701,6.532,25.622,1,0,0.211,1.873,,2007,28,1871
"BaselineSweep",2000,5,254,29.978,29.937,6.544,26.805,1,0,0.302,2.871,,2010,28,1940
"BaselineSweep",2000,5,255,30.701,30.706,4.855,26.374,1,0,0.467,3.859,,1969,27,1910
"BaselineSweep",2000,5,256,29.215,29.243,4.790,26.557,1,0,0.219,2.439,,1997,28,1932
"BaselineSweep",2000,5,257,29.578,29.565,6.517,26.277,1,0,0.247,3.054,,2015,28,1925
"BaselineSweep",2000,5,258,29.133,29.136,4.817,26.483,1,0,0.240,2.410,,1994,27,1925
"BaselineSweep",2000,5,259,28.342,28.323,4.806,25.552,1,0,0.240,2.549,,2003,28,1926
"BaselineSweep",2000,5,260,31.968,31.974,7.087,29.045,1,0,0.294,2.630,,1989,28,1921
"BaselineSweep",2000,5,261,32.029,32.041,0.000,28.544,1,0,0.220,3.265,,2009,28,1960
"BaselineSweep",2000,5,262,27.877,27.879,7.079,25.421,1,0,0.233,2.224,,1983,28,1918
"BaselineSweep",2000,5,263,27.668,27.666,7.086,25.331,1,0,0.219,2.118,,1992,28,1900
"BaselineSweep",2000,5,264,31.750,31.742,6.467,27.056,1,0,0.287,4.407,,2010,26,1933
"BaselineSweep",2000,5,265,29.858,29.828,4.919,27.026,1,0,0.235,2.598,,2000,28,1943
"BaselineSweep",2000,5,266,30.969,30.997,6.599,27.945,1,0,0.215,2.808,,1999,28,1936
"BaselineSweep",2000,5,267,30.698,30.665,0.000,27.087,1,0,0.347,3.265,,1986,27,1931
"BaselineSweep",2000,5,268,29.469,29.479,7.146,26.476,1,0,0.294,2.700,,1979,28,1923
"BaselineSweep",2000,5,269,29.004,29.008,0.000,27.193,1,0,0.331,1.480,,1979,28,1928
"BaselineSweep",2000,5,270,29.200,29.217,7.043,26.038,1,0,0.219,2.944,,2012,28,1935
"BaselineSweep",2000,5,271,31.149,31.150,4.915,29.097,1,0,0.218,1.833,,2003,28,1893
"BaselineSweep",2000,5,272,27.008,27.000,6.507,24.635,1,0,0.348,2.025,,2003,27,1937
"BaselineSweep",2000,5,273,27.565,27.556,6.548,25.074,1,0,0.229,2.262,,1996,28,1934
"BaselineSweep",2000,5,274,28.309,28.316,6.605,26.347,1,0,0.236,1.726,,1989,28,1917
"BaselineSweep",2000,5,275,28.030,28.013,0.000,26.194,1,0,0.231,1.604,,1983,26,1910
"BaselineSweep",2000,5,276,35.162,35.178,4.807,32.798,1,0,0.233,2.132,,2002,28,1968
"BaselineSweep",2000,5,277,28.205,28.204,7.716,26.002,1,0,0.227,1.977,,1996,28,1909
"BaselineSweep",2000,5,278,28.631,28.631,4.779,26.579,1,0,0.231,1.822,,1988,27,1910
"BaselineSweep",2000,5,279,28.282,28.277,6.571,26.043,1,0,0.232,2.007,,2001,28,1925
"BaselineSweep",2000,5,280,28.506,28.507,6.408,26.318,1,0,0.227,1.962,,2018,28,1978
"BaselineSweep",2000,5,281,27.711,27.709,4.867,25.462,1,0,0.224,2.025,,2006,28,1908
"BaselineSweep",2000,5,282,28.619,28.621,5.137,26.582,1,0,0.209,1.828,,1994,27,1923
"BaselineSweep",2000,5,283,28.113,28.109,4.843,25.725,1,0,0.292,2.096,,2008,28,1946
"BaselineSweep",2000,5,284,30.810,30.786,4.799,26.729,1,0,0.226,3.855,,1986,28,1915
"BaselineSweep",2000,5,285,31.561,31.582,6.528,29.401,1,0,0.228,1.933,,1986,28,1881
"BaselineSweep",2000,5,286,29.083,29.075,6.467,25.500,1,0,0.282,3.301,,2006,28,1904
"BaselineSweep",2000,5,287,27.895,27.898,6.531,25.760,1,0,0.213,1.922,,1983,28,1904
"BaselineSweep",2000,5,288,28.816,28.821,6.464,26.368,1,0,0.359,2.089,,1968,28,1902
"BaselineSweep",2000,5,289,30.277,30.267,6.459,27.858,1,0,0.264,2.155,,1994,28,1946
"BaselineSweep",2000,5,290,29.796,29.796,4.812,27.646,1,0,0.224,1.926,,1987,28,1896
"BaselineSweep",2000,5,291,28.136,28.135,7.129,25.973,1,0,0.245,1.918,,1991,28,1916
"BaselineSweep",2000,5,292,30.376,30.372,7.074,28.252,1,0,0.227,1.897,,2015,27,1943
"BaselineSweep",2000,5,293,29.765,29.768,6.544,27.613,1,0,0.251,1.902,,1978,28,1897
"BaselineSweep",2000,5,294,28.257,28.249,4.810,26.046,1,0,0.221,1.991,,2013,28,1954
"BaselineSweep",2000,5,295,28.435,28.436,6.530,26.190,1,0,0.220,2.025,,2011,28,1900
"BaselineSweep",2000,5,296,30.805,30.756,6.504,27.141,1,0,0.424,3.239,,2014,28,1943
"BaselineSweep",2000,5,297,30.645,30.693,4.911,28.517,1,0,0.229,1.900,,1997,26,1907
"BaselineSweep",2000,5,298,28.485,28.476,6.480,25.878,1,0,0.241,2.366,,1935,28,1939
"BaselineSweep",2000,5,299,28.750,28.751,6.512,26.148,1,0,0.243,2.359,,1964,28,1869
"BaselineSweep",5000,5,0,173.633,173.658,2.839,170.165,1,0,0.599,2.870,,4996,57,4738
"BaselineSweep",5000,5,1,173.017,173.013,11.779,169.504,1,0,0.555,2.958,,4991,57,4765
"BaselineSweep",5000,5,2,170.268,170.261,13.583,165.498,1,0,0.558,4.212,,4066,58,4780
"BaselineSweep",5000,5,3,168.949,168.948,11.777,165.082,1,0,0.579,3.288,,4827,58,4748
"BaselineSweep",5000,5,4,172.699,172.698,13.721,169.186,1,0,0.574,2.939,,4972,57,4765
"BaselineSweep",5000,5,5,172.434,172.430,11.772,168.253,1,0,0.585,3.595,,4988,58,4808
"BaselineSweep",5000,5,6,176.616,176.621,16.623,173.166,1,0,0.583,2.866,,4984,58,4720
"BaselineSweep",5000,5,7,172.591,172.590,11.769,169.204,1,0,0.566,2.821,,4993,58,4797
"BaselineSweep",5000,5,8,172.472,172.459,13.822,168.159,1,0,0.563,3.750,,5005,58,4812
"BaselineSweep",5000,5,9,171.444,171.457,7.161,167.607,1,0,0.729,3.108,,4976,58,4805
"BaselineSweep",5000,5,10,174.397,174.390,0.000,170.382,1,0,0.731,3.284,,4968,58,4758
"BaselineSweep",5000,5,11,174.379,174.373,16.519,170.080,1,0,0.569,3.729,,4945,58,4804
"BaselineSweep",5000,5,12,174.594,174.590,16.068,170.402,1,0,0.565,3.627,,4965,58,4765
"BaselineSweep",5000,5,13,174.379,174.387,16.332,171.038,1,0,0.596,2.745,,4805,58,4772
"BaselineSweep",5000,5,14,171.133,171.128,16.694,167.812,1,0,0.565,2.756,,4982,58,4753
"BaselineSweep",5000,5,15,174.843,174.826,13.591,169.290,1,0,0.544,5.009,,4984,58,4715
"BaselineSweep",5000,5,16,171.727,171.742,13.737,168.431,1,0,0.552,2.745,,4950,58,4737
"BaselineSweep",5000,5,17,169.277,169.279,13.752,166.762,1,0,0.551,1.964,,4965,58,4724
"BaselineSweep",5000,5,18,174.251,174.250,11.896,170.680,1,0,0.546,3.025,,4904,58,4736
"BaselineSweep",5000,5,19,171.249,171.241,13.714,167.854,1,0,0.542,2.854,,4965,57,4771
"BaselineSweep",5000,5,20,169.139,169.147,16.542,165.450,1,0,0.812,2.877,,4981,56,4682
"BaselineSweep",5000,5,21,173.089,173.086,18.688,169.309,1,0,0.647,3.133,,4964,58,4735
"BaselineSweep",5000,5,22,168.181,168.178,11.895,164.880,1,0,0.642,2.659,,4940,58,4791
"BaselineSweep",5000,5,23,173.324,173.314,16.524,169.259,1,0,0.548,3.518,,4997,58,4750
"BaselineSweep",5000,5,24,170.075,170.073,16.429,165.568,1,0,0.576,3.931,,4987,58,4681
"BaselineSweep",5000,5,25,176.893,176.900,13.780,173.602,1,0,0.599,2.692,,4928,58,4685
"BaselineSweep",5000,5,26,170.246,170.238,13.662,166.346,1,0,0.557,3.343,,4987,58,4822
"BaselineSweep",5000,5,27,168.900,168.903,13.739,165.489,1,0,0.583,2.829,,4988,58,4778
"BaselineSweep",5000,5,28,172.828,172.821,16.487,169.124,1,0,0.562,3.142,,4987,58,4763
"BaselineSweep",5000,5,29,176.323,176.318,13.758,170.762,1,0,0.568,4.993,,4989,58,4805
"BaselineSweep",5000,5,30,178.426,178.431,16.457,174.835,1,0,0.568,3.023,,4986,58,4787
"BaselineSweep",5000,5,31,176.287,176.290,13.799,172.748,1,0,0.584,2.956,,4994,58,4766
"BaselineSweep",5000,5,32,174.012,174.012,13.576,170.515,1,0,0.585,2.912,,4990,58,4739
"BaselineSweep",5000,5,33,171.378,171.373,16.467,167.907,1,0,0.605,2.867,,5000,57,4790
"BaselineSweep",5000,5,34,175.067,175.069,13.660,171.786,1,0,0.537,2.745,,4995,58,4829
"BaselineSweep",5000,5,35,176.472,176.462,8.981,170.351,1,0,0.547,5.574,,4960,58,4754
"BaselineSweep",5000,5,36,168.398,168.391,13.573,164.708,1,0,0.554,3.135,,4973,57,4685
"BaselineSweep",5000,5,37,168.779,168.791,16.633,165.313,1,0,0.650,2.817,,4998,58,4809
"BaselineSweep",5000,5,38,174.190,174.189,11.778,170.841,1,0,0.541,2.809,,4981,58,4737
"BaselineSweep",5000,5,39,174.475,174.467,16.631,168.978,1,0,0.553,4.944,,4992,58,4766
"BaselineSweep",5000,5,40,252.888,252.835,13.645,246.408,1,0,1.100,5.379,,4930,57,4727
"BaselineSweep",5000,5,41,298.075,297.964,17.233,292.892,1,0,0.622,4.561,,4985,57,4770
"BaselineSweep",5000,5,42,242.231,242.338,11.881,235.671,1,0,0.965,5.596,,4880,58,4697
"BaselineSweep",5000,5,43,253.658,253.684,0.000,248.545,1,0,0.766,4.346,,5004,58,4850
"BaselineSweep",5000,5,44,254.469,254.479,2.147,249.902,1,0,0.808,3.758,,4994,58,4809
"BaselineSweep",5000,5,45,195.490,195.478,2.192,190.675,1,0,0.699,4.116,,4937,58,4864
"BaselineSweep",5000,5,46,184.137,184.153,2.175,180.554,1,0,0.628,2.955,,4983,58,4758
"BaselineSweep",5000,5,47,167.229,167.238,2.428,163.321,1,0,0.679,3.229,,4961,58,4734
"BaselineSweep",5000,5,48,171.435,171.432,2.177,167.859,1,0,0.683,2.893,,4642,58,4763
"BaselineSweep",5000,5,49,165.874,165.856,2.363,162.516,1,0,0.482,2.876,,4961,58,4783
"BaselineSweep",5000,5,50,175.593,175.592,2.225,170.034,1,0,0.755,4.804,,4978,58,4791
"BaselineSweep",5000,5,51,171.913,171.927,2.240,169.282,1,0,0.648,1.983,,4970,58,4747
"BaselineSweep",5000,5,52,180.616,180.616,2.633,178.162,1,0,0.522,1.932,,4907,57,4680
"BaselineSweep",5000,5,53,175.877,175.757,2.577,171.850,1,0,0.727,3.300,,4992,58,4818
"BaselineSweep",5000,5,54,165.115,165.197,3.170,162.466,1,0,0.517,2.132,,4800,57,4744
"BaselineSweep",5000,5,55,178.289,178.318,2.184,175.411,1,0,0.955,1.923,,4984,58,4790
"BaselineSweep",5000,5,56,164.754,164.744,2.193,159.636,1,0,0.696,4.422,,4982,58,4819
"BaselineSweep",5000,5,57,166.212,166.192,2.188,161.638,1,0,0.522,4.052,,4259,58,4770
"BaselineSweep",5000,5,58,169.036,169.050,2.757,164.633,1,0,0.730,3.673,,4974,57,4708
"BaselineSweep",5000,5,59,175.254,175.263,2.776,171.120,1,0,0.684,3.450,,4981,58,4809
"BaselineSweep",5000,5,60,172.940,172.939,2.384,168.595,1,0,1.195,3.151,,4986,58,4798
"BaselineSweep",5000,5,61,167.634,167.631,2.138,164.379,1,0,0.510,2.745,,4975,58,4783
"BaselineSweep",5000,5,62,179.496,179.482,2.200,175.669,1,0,0.897,2.929,,4983,58,4798
"BaselineSweep",5000,5,63,169.280,169.273,2.248,164.134,1,0,1.017,4.129,,4884,58,4780
"BaselineSweep",5000,5,64,170.408,170.423,2.181,166.676,1,0,0.608,3.124,,4967,58,4762
"BaselineSweep",5000,5,65,177.022,177.024,2.497,174.523,1,0,0.536,1.964,,4983,58,4783
"BaselineSweep",5000,5,66,171.063,171.060,2.210,168.350,1,0,0.506,2.207,,4979,58,4721
"BaselineSweep",5000,5,67,169.673,169.653,2.166,164.550,1,0,0.681,4.443,,4980,58,4829
"BaselineSweep",5000,5,68,171.334,171.328,2.283,168.301,1,0,0.578,2.455,,4841,58,4751
"BaselineSweep",5000,5,69,167.653,167.676,2.313,164.400,1,0,0.513,2.740,,4940,58,4814
"BaselineSweep",5000,5,70,168.402,168.387,2.553,164.458,1,0,0.530,3.414,,4974,58,4743
"BaselineSweep",5000,5,71,173.429,173.420,2.179,169.401,1,0,0.712,3.316,,4969,58,4768
"BaselineSweep",5000,5,72,171.221,171.234,2.599,167.994,1,0,0.772,2.455,,4911,56,4717
"BaselineSweep",5000,5,73,172.197,172.197,2.239,168.676,1,0,0.568,2.953,,4919,58,4852
"BaselineSweep",5000,5,74,170.185,170.185,3.099,167.158,1,0,0.510,2.517,,4955,58,4777
"BaselineSweep",5000,5,75,173.434,173.422,2.446,169.526,1,0,0.547,3.360,,4933,58,4681
"BaselineSweep",5000,5,76,176.992,176.988,2.285,172.525,1,0,0.532,3.935,,4974,57,4783
"BaselineSweep",5000,5,77,167.269,167.281,2.280,163.892,1,0,0.509,2.869,,4960,58,4762
"BaselineSweep",5000,5,78,167.337,167.320,2.289,162.895,1,0,0.700,3.741,,4959,58,4761
"BaselineSweep",5000,5,79,172.522,172.534,2.386,168.886,1,0,0.735,2.901,,4979,57,4779
"BaselineSweep",5000,5,80,169.200,169.156,3.636,164.223,1,0,0.500,4.477,,4990,58,4744
"BaselineSweep",5000,5,81,167.022,167.058,3.155,163.540,1,0,0.554,2.928,,4933,57,4757
"BaselineSweep",5000,5,82,171.770,171.773,2.383,167.863,1,0,0.688,3.220,,4980,58,4792
"BaselineSweep",5000,5,83,172.114,172.109,2.354,168.184,1,0,0.533,3.397,,4963,58,4830
"BaselineSweep",5000,5,84,174.090,174.092,2.433,170.558,1,0,0.744,2.788,,4990,57,4752
"BaselineSweep",5000,5,85,169.210,169.208,5.872,166.699,1,0,0.571,1.939,,4992,57,4799
"BaselineSweep",5000,5,86,172.283,172.274,6.409,167.658,1,0,0.866,3.759,,4926,58,4763
"BaselineSweep",5000,5,87,170.330,170.332,6.413,165.305,1,0,0.730,4.295,,4947,58,4797
"BaselineSweep",5000,5,88,176.836,176.839,7.134,173.592,1,0,0.684,2.561,,4901,58,4717
"BaselineSweep",5000,5,89,176.406,176.390,9.003,172.715,1,0,0.577,3.114,,4975,58,4739
"BaselineSweep",5000,5,90,172.258,172.274,8.422,169.057,1,0,0.541,2.661,,4991,58,4780
"BaselineSweep",5000,5,91,180.080,180.042,9.170,175.484,1,0,0.703,3.893,,4964,57,4779
"BaselineSweep",5000,5,92,172.274,172.307,9.019,168.869,1,0,0.542,2.863,,4980,57,4720
"BaselineSweep",5000,5,93,172.483,172.483,8.815,169.772,1,0,0.528,2.183,,4982,58,4817
"BaselineSweep",5000,5,94,178.284,178.271,8.748,173.372,1,0,0.492,4.419,,4972,58,4691
"BaselineSweep",5000,5,95,173.351,173.348,8.959,169.841,1,0,0.484,3.026,,4974,58,4715
"BaselineSweep",5000,5,96,173.227,173.222,8.543,168.799,1,0,0.564,3.863,,4887,58,4777
"BaselineSweep",5000,5,97,170.087,170.099,10.037,166.591,1,0,0.742,2.754,,4993,58,4698
"BaselineSweep",5000,5,98,168.070,168.065,9.453,164.672,1,0,0.520,2.878,,4979,58,4806
"BaselineSweep",5000,5,99,171.274,171.266,10.395,164.423,1,0,0.741,6.110,,4974,58,4801
"BaselineSweep",5000,5,100,165.173,165.174,8.424,160.389,1,0,0.556,4.229,,4873,58,4623
"BaselineSweep",5000,5,101,175.657,175.655,6.864,170.188,1,0,0.629,4.841,,4971,58,4710
"BaselineSweep",5000,5,102,162.213,162.213,8.008,158.944,1,0,0.533,2.736,,4942,58,4730
"BaselineSweep",5000,5,103,170.898,170.900,10.105,167.606,1,0,0.586,2.706,,4927,57,4728
"BaselineSweep",5000,5,104,167.490,167.485,9.190,164.088,1,0,0.508,2.894,,4980,58,4804
"BaselineSweep",5000,5,105,170.717,170.717,7.256,166.884,1,0,0.690,3.143,,4936,58,4754
"BaselineSweep",5000,5,106,163.987,163.976,8.785,159.086,1,0,0.551,4.350,,4952,57,4751
"BaselineSweep",5000,5,107,166.989,166.999,12.413,163.660,1,0,0.530,2.799,,4938,58,4716
"BaselineSweep",5000,5,108,168.139,168.125,10.822,164.321,1,0,0.553,3.264,,4929,58,4667
"BaselineSweep",5000,5,109,169.671,169.674,14.891,164.633,1,0,0.521,4.517,,4840,57,4792
"BaselineSweep",5000,5,110,170.728,170.723,10.862,166.553,1,0,0.705,3.469,,4947,58,4688
"BaselineSweep",5000,5,111,170.826,170.831,12.299,165.975,1,0,0.724,4.127,,4902,58,4746
"BaselineSweep",5000,5,112,179.925,179.917,12.484,174.641,1,0,0.520,4.765,,4973,57,4782
"BaselineSweep",5000,5,113,168.754,168.763,12.188,164.888,1,0,0.895,2.971,,4944,58,4699
"BaselineSweep",5000,5,114,172.019,172.020,14.468,168.709,1,0,0.574,2.736,,4928,58,4745
"BaselineSweep",5000,5,115,174.296,174.285,12.364,169.750,1,0,0.700,3.846,,5000,57,4827
"BaselineSweep",5000,5,116,165.387,165.385,12.464,159.388,1,0,0.545,5.454,,4963,58,4745
"BaselineSweep",5000,5,117,164.861,164.861,10.710,161.190,1,0,0.529,3.142,,4952,58,4763
"BaselineSweep",5000,5,118,169.973,169.949,12.494,164.561,1,0,0.633,4.779,,4986,58,4792
"BaselineSweep",5000,5,119,170.882,170.903,12.457,167.326,1,0,0.547,3.009,,4854,58,4783
"BaselineSweep",5000,5,120,179.234,179.234,10.758,175.760,1,0,0.719,2.756,,4934,57,4701
"BaselineSweep",5000,5,121,171.911,171.912,12.302,168.606,1,0,0.538,2.767,,3745,51,3571
"BaselineSweep",5000,5,122,179.105,179.100,10.750,173.473,1,0,0.546,5.085,,6180,65,9528
"BaselineSweep",5000,5,123,172.717,172.722,12.373,169.427,1,0,0.515,2.774,,4943,58,4775
"BaselineSweep",5000,5,124,171.511,171.493,12.350,167.079,1,0,0.634,3.799,,4954,58,4754
"BaselineSweep",5000,5,125,171.692,171.683,12.248,167.410,1,0,0.555,3.727,,4970,58,4832
"BaselineSweep",5000,5,126,173.002,173.022,15.003,169.829,1,0,0.531,2.641,,4953,58,4757
"BaselineSweep",5000,5,127,176.207,176.199,15.101,171.682,1,0,0.702,3.823,,4902,58,4746
"BaselineSweep",5000,5,128,171.021,171.028,12.366,167.260,1,0,0.716,3.045,,4952,58,4718
"BaselineSweep",5000,5,129,176.280,176.257,12.404,172.656,1,0,0.621,3.002,,4984,57,4769
"BaselineSweep",5000,5,130,168.476,168.479,14.979,165.068,1,0,0.531,2.877,,4927,57,4690
"BaselineSweep",5000,5,131,175.437,175.449,12.450,171.734,1,0,0.713,2.989,,4968,58,4809
"BaselineSweep",5000,5,132,168.126,168.080,12.353,163.592,1,0,0.693,3.841,,4940,56,4730
"BaselineSweep",5000,5,133,170.724,170.766,12.355,166.721,1,0,0.697,3.306,,4950,58,4642
"BaselineSweep",5000,5,134,164.912,164.907,10.695,161.718,1,0,0.538,2.656,,4972,58,4765
"BaselineSweep",5000,5,135,169.976,169.963,12.432,165.817,1,0,0.990,3.169,,4989,58,4799
"BaselineSweep",5000,5,136,169.248,169.252,12.321,165.503,1,0,0.715,3.031,,4931,58,4719
"BaselineSweep",5000,5,137,174.455,174.455,10.746,169.680,1,0,0.531,4.244,,4959,58,4737
"BaselineSweep",5000,5,138,173.474,173.478,12.277,169.696,1,0,0.566,3.212,,4994,58,4755
"BaselineSweep",5000,5,139,169.826,169.826,10.776,166.464,1,0,0.536,2.825,,4971,58,4743
"BaselineSweep",5000,5,140,172.542,172.497,14.714,168.022,1,0,0.799,3.721,,4975,58,4741
"BaselineSweep",5000,5,141,167.147,167.191,15.082,163.701,1,0,0.579,2.867,,4985,57,4781
"BaselineSweep",5000,5,142,176.136,176.131,12.306,172.798,1,0,0.532,2.806,,4989,58,4753
"BaselineSweep",5000,5,143,176.907,176.895,12.456,172.009,1,0,0.529,4.369,,4912,58,4616
"BaselineSweep",5000,5,144,171.132,171.139,10.723,167.828,1,0,0.531,2.774,,4961,58,4759
"BaselineSweep",5000,5,145,168.833,168.832,12.359,165.432,1,0,0.531,2.870,,4982,58,4746
"BaselineSweep",5000,5,146,169.538,169.537,14.966,165.528,1,0,0.722,3.288,,4915,58,4716
"BaselineSweep",5000,5,147,169.922,169.881,12.356,164.822,1,0,0.699,4.401,,4980,58,4755
"BaselineSweep",5000,5,148,169.675,169.709,15.000,165.338,1,0,0.544,3.793,,4772,58,4755
"BaselineSweep",5000,5,149,168.656,168.656,10.713,164.578,1,0,0.698,3.381,,4962,58,4686
"BaselineSweep",5000,5,150,172.853,172.828,12.376,167.679,1,0,0.709,4.466,,4962,58,4737
"BaselineSweep",5000,5,151,169.608,169.605,12.361,165.033,1,0,0.533,4.041,,4949,58,4729
"BaselineSweep",5000,5,152,167.724,167.744,12.399,164.344,1,0,0.577,2.803,,4966,58,4740
"BaselineSweep",5000,5,153,176.265,176.248,14.764,171.045,1,0,0.737,4.482,,5003,58,4914
"BaselineSweep",5000,5,154,173.126,173.129,12.497,169.568,1,0,0.719,2.839,,4948,57,4702
"BaselineSweep",5000,5,155,167.915,167.927,12.652,164.640,1,0,0.523,2.752,,4996,58,4801
"BaselineSweep",5000,5,156,170.855,170.856,11.543,167.598,1,0,0.539,2.718,,4815,58,4779
"BaselineSweep",5000,5,157,173.063,173.060,10.636,169.848,1,0,0.512,2.703,,4954,58,4709
"BaselineSweep",5000,5,158,169.449,169.441,12.384,164.459,1,0,0.784,4.206,,4992,57,4750
"BaselineSweep",5000,5,159,172.213,172.216,12.341,166.517,1,0,1.027,4.668,,4947,58,4739
"BaselineSweep",5000,5,160,177.874,177.869,12.530,174.200,1,0,0.525,3.149,,4966,58,4743
"BaselineSweep",5000,5,161,169.209,169.213,14.877,165.565,1,0,0.535,3.109,,4792,57,4756
"BaselineSweep",5000,5,162,173.066,173.062,10.822,169.214,1,0,0.540,3.312,,4989,58,4716
"BaselineSweep",5000,5,163,174.042,174.037,12.320,169.717,1,0,0.542,3.784,,4980,58,4722
"BaselineSweep",5000,5,164,167.305,167.310,12.534,163.680,1,0,0.731,2.893,,5001,58,4760
"BaselineSweep",5000,5,165,172.129,172.122,12.281,168.703,1,0,0.524,2.903,,4681,58,4713
"BaselineSweep",5000,5,166,174.115,174.118,10.822,170.200,1,0,0.692,3.224,,4968,56,4759
"BaselineSweep",5000,5,167,174.112,174.101,10.700,169.247,1,0,0.516,4.349,,4920,58,4778
"BaselineSweep",5000,5,168,168.092,168.094,12.497,164.256,1,0,0.526,3.310,,4978,57,4733
"BaselineSweep",5000,5,169,170.631,170.638,14.972,168.015,1,0,0.533,2.083,,4923,58,4757
"BaselineSweep",5000,5,170,167.707,167.702,12.420,164.077,1,0,0.710,2.919,,5004,58,4758
"BaselineSweep",5000,5,171,174.964,174.963,10.715,169.985,1,0,1.065,3.915,,5000,58,4762
"BaselineSweep",5000,5,172,166.154,166.148,12.501,162.428,1,0,0.564,3.162,,4955,58,4774
"BaselineSweep",5000,5,173,174.141,174.119,10.694,168.299,1,0,0.525,5.317,,4984,58,4790
"BaselineSweep",5000,5,174,168.225,168.231,12.522,162.453,1,0,0.760,5.012,,4938,58,4658
"BaselineSweep",5000,5,175,167.222,167.170,10.709,161.675,1,0,0.896,4.651,,4947,58,4717
"BaselineSweep",5000,5,176,175.002,175.064,12.332,171.287,1,0,0.517,3.198,,4906,58,4680
"BaselineSweep",5000,5,177,168.198,168.203,12.330,164.890,1,0,0.526,2.782,,4990,56,4795
"BaselineSweep",5000,5,178,172.613,172.597,14.968,166.732,1,0,0.646,5.235,,4971,58,4779
"BaselineSweep",5000,5,179,171.472,171.480,14.978,167.702,1,0,0.700,3.070,,4984,58,4796
"BaselineSweep",5000,5,180,171.805,171.804,12.345,166.976,1,0,0.637,4.192,,4982,58,4762
"BaselineSweep",5000,5,181,168.697,168.693,10.802,166.084,1,0,0.504,2.110,,4959,58,4739
"BaselineSweep",5000,5,182,175.304,175.304,12.379,170.949,1,0,1.066,3.289,,4927,58,4809
"BaselineSweep",5000,5,183,170.868,170.865,15.287,166.175,1,0,0.530,4.163,,4977,58,4723
"BaselineSweep",5000,5,184,176.972,176.942,12.295,172.565,1,0,0.713,3.695,,4942,58,4745
"BaselineSweep",5000,5,185,171.912,171.929,14.991,167.071,1,0,0.695,4.146,,4991,58,4777
"BaselineSweep",5000,5,186,170.118,170.123,12.443,165.505,1,0,1.105,3.508,,4911,58,4774
"BaselineSweep",5000,5,187,173.393,173.389,0.000,169.279,1,0,0.700,3.415,,4977,58,4791
"BaselineSweep",5000,5,188,173.431,173.441,14.886,170.102,1,0,0.560,2.769,,4954,58,4755
"BaselineSweep",5000,5,189,166.228,166.230,15.045,163.088,1,0,0.532,2.609,,4991,58,4802
"BaselineSweep",5000,5,190,170.413,170.406,10.670,167.097,1,0,0.541,2.775,,4937,58,4775
"BaselineSweep",5000,5,191,165.816,165.812,10.768,161.462,1,0,0.508,3.847,,4949,58,4800
"BaselineSweep",5000,5,192,170.093,170.098,12.393,166.852,1,0,0.522,2.719,,4988,58,4750
"BaselineSweep",5000,5,193,171.042,170.994,12.384,167.041,1,0,0.505,3.496,,4977,57,4784
"BaselineSweep",5000,5,194,178.222,178.266,12.320,174.277,1,0,0.698,3.246,,4933,58,4697
"BaselineSweep",5000,5,195,165.946,165.948,12.348,162.700,1,0,0.516,2.730,,4914,58,4765
"BaselineSweep",5000,5,196,169.370,169.361,14.982,165.297,1,0,0.717,3.357,,4939,58,4784
"BaselineSweep",5000,5,197,165.103,165.105,15.057,161.342,1,0,0.599,3.162,,4973,58,4735
"BaselineSweep",5000,5,198,172.803,172.798,12.394,167.711,1,0,0.652,4.441,,4967,58,4794
"BaselineSweep",5000,5,199,169.358,169.360,15.012,166.544,1,0,0.606,2.208,,4988,57,4735
"BaselineSweep",5000,5,200,168.180,168.163,14.956,162.391,1,0,0.695,5.094,,4971,58,4841
"BaselineSweep",5000,5,201,168.901,168.915,12.423,163.999,1,0,0.943,3.960,,4981,58,4649
"BaselineSweep",5000,5,202,172.435,172.416,12.404,168.662,1,0,0.683,3.090,,5019,57,4787
"BaselineSweep",5000,5,203,174.115,174.128,14.961,169.029,1,0,0.659,4.428,,4984,58,4774
"BaselineSweep",5000,5,204,166.646,166.646,12.394,163.147,1,0,0.555,2.944,,4964,58,4753
"BaselineSweep",5000,5,205,168.985,168.987,12.401,165.067,1,0,0.534,3.384,,4994,58,4766
"BaselineSweep",5000,5,206,168.122,168.099,8.760,164.594,1,0,0.530,2.998,,4972,58,4747
"BaselineSweep",5000,5,207,169.440,169.435,10.934,164.854,1,0,0.590,3.996,,4929,58,4663
"BaselineSweep",5000,5,208,171.244,171.254,15.009,167.586,1,0,0.530,3.128,,4987,57,4751
"BaselineSweep",5000,5,209,170.525,170.516,15.006,167.618,1,0,0.529,2.378,,4962,58,4759
"BaselineSweep",5000,5,210,171.497,171.514,15.535,168.162,1,0,0.560,2.775,,4990,58,4762
"BaselineSweep",5000,5,211,162.853,162.851,15.025,159.421,1,0,0.717,2.715,,4988,58,4817
"BaselineSweep",5000,5,212,171.846,171.844,14.874,167.984,1,0,0.708,3.154,,4976,56,4765
"BaselineSweep",5000,5,213,167.701,167.696,14.813,163.532,1,0,0.697,3.472,,4986,58,4785
"BaselineSweep",5000,5,214,167.251,167.250,10.726,162.620,1,0,0.812,3.820,,4989,58,4778
"BaselineSweep",5000,5,215,170.524,170.523,12.472,166.271,1,0,0.702,3.551,,4904,58,4653
"BaselineSweep",5000,5,216,167.416,167.385,12.416,163.220,1,0,0.793,3.403,,4990,58,4776
"BaselineSweep",5000,5,217,173.088,173.111,15.574,168.003,1,0,0.534,4.551,,4974,58,4792
"BaselineSweep",5000,5,218,168.184,168.189,12.443,164.249,1,0,0.714,3.221,,4741,57,4723
"BaselineSweep",5000,5,219,172.588,172.585,16.488,168.855,1,0,0.726,3.007,,4943,58,4757
"BaselineSweep",5000,5,220,165.365,165.361,16.674,161.631,1,0,0.527,3.207,,4957,58,4786
"BaselineSweep",5000,5,221,166.937,166.930,12.539,161.019,1,0,0.521,5.398,,4906,58,4736
"BaselineSweep",5000,5,222,165.941,165.944,12.343,161.946,1,0,0.535,3.461,,4911,58,4695
"BaselineSweep",5000,5,223,170.953,170.957,0.000,168.520,1,0,0.519,1.914,,4896,58,4660
"BaselineSweep",5000,5,224,177.296,177.273,10.699,172.343,1,0,0.835,4.119,,4767,58,4768
"BaselineSweep",5000,5,225,172.171,172.150,12.377,168.080,1,0,0.520,3.571,,4945,58,4744
"BaselineSweep",5000,5,226,164.187,164.225,12.453,161.101,1,0,0.523,2.564,,4909,58,4705
"BaselineSweep",5000,5,227,166.680,166.672,14.945,164.106,1,0,0.522,2.052,,4954,58,4803
"BaselineSweep",5000,5,228,172.999,173.004,12.136,169.610,1,0,0.527,2.862,,4915,58,4784
"BaselineSweep",5000,5,229,169.688,169.680,14.910,163.820,1,0,0.711,5.157,,4954,57,4776
"BaselineSweep",5000,5,230,165.792,165.790,12.365,160.887,1,0,0.705,4.200,,4935,58,4718
"BaselineSweep",5000,5,231,166.861,166.859,14.434,161.923,1,0,0.525,4.412,,4945,58,4754
"BaselineSweep",5000,5,232,168.615,168.613,10.654,163.263,1,0,0.541,4.812,,4948,58,4735
"BaselineSweep",5000,5,233,166.767,166.773,15.151,163.362,1,0,0.778,2.626,,5008,58,4788
"BaselineSweep",5000,5,234,169.742,169.741,14.925,165.799,1,0,0.706,3.237,,4937,58,4793
"BaselineSweep",5000,5,235,168.617,168.610,15.135,164.975,1,0,0.697,2.945,,4938,58,4743
"BaselineSweep",5000,5,236,166.756,166.756,12.357,163.076,1,0,0.535,3.145,,4910,57,4748
"BaselineSweep",5000,5,237,170.998,171.003,10.866,167.643,1,0,0.534,2.822,,4938,58,4789
"BaselineSweep",5000,5,238,169.261,169.246,12.398,165.022,1,0,0.536,3.703,,4958,58,4789
"BaselineSweep",5000,5,239,170.325,170.328,15.192,165.797,1,0,0.576,3.952,,4552,58,4722
"BaselineSweep",5000,5,240,165.873,165.873,16.581,159.652,1,0,0.716,5.505,,4953,58,4739
"BaselineSweep",5000,5,241,175.079,175.054,13.885,169.781,1,0,0.722,4.576,,4961,58,4745
"BaselineSweep",5000,5,242,168.929,168.950,12.033,164.151,1,0,0.734,4.043,,4938,58,4692
"BaselineSweep",5000,5,243,170.514,170.513,0.000,165.882,1,0,0.804,3.828,,4974,57,4760
"BaselineSweep",5000,5,244,172.692,172.666,12.337,167.487,1,0,0.706,4.499,,4970,58,4705
"BaselineSweep",5000,5,245,179.214,179.190,14.912,173.711,1,0,1.227,4.276,,4934,58,4770
"BaselineSweep",5000,5,246,167.911,167.956,12.520,163.249,1,0,0.528,4.134,,4968,58,4744
"BaselineSweep",5000,5,247,173.102,173.087,0.000,167.126,1,0,0.698,5.277,,4967,58,4763
"BaselineSweep",5000,5,248,174.096,174.108,12.308,168.952,1,0,0.535,4.609,,4979,58,4723
"BaselineSweep",5000,5,249,169.188,169.189,0.000,164.808,1,0,0.528,3.852,,4972,58,4772
"BaselineSweep",5000,5,250,168.366,168.358,12.384,163.252,1,0,0.703,4.410,,4959,58,4707
"BaselineSweep",5000,5,251,171.426,171.438,12.256,168.781,1,0,0.638,2.008,,4973,58,4781
"BaselineSweep",5000,5,252,169.804,169.795,12.352,165.446,1,0,0.726,3.632,,4986,57,4782
"BaselineSweep",5000,5,253,172.115,172.117,12.331,169.024,1,0,0.709,2.382,,4952,57,4770
"BaselineSweep",5000,5,254,172.342,172.342,14.932,168.934,1,0,0.538,2.870,,4982,58,4836
"BaselineSweep",5000,5,255,176.077,176.069,14.933,170.727,1,0,0.518,4.832,,4969,58,4775
"BaselineSweep",5000,5,256,168.165,168.166,14.905,164.195,1,0,0.719,3.252,,4938,58,4698
"BaselineSweep",5000,5,257,173.016,173.002,14.858,169.527,1,0,0.723,2.766,,4991,57,4793
"BaselineSweep",5000,5,258,170.141,170.158,10.712,166.637,1,0,0.522,2.982,,4969,58,4771
"BaselineSweep",5000,5,259,166.039,166.038,14.868,162.214,1,0,0.733,3.092,,4979,58,4731
"BaselineSweep",5000,5,260,167.029,167.027,12.378,163.654,1,0,0.533,2.843,,4971,57,4779
"BaselineSweep",5000,5,261,172.328,172.326,14.836,167.877,1,0,0.807,3.644,,4965,58,4852
"BaselineSweep",5000,5,262,168.288,168.290,12.398,164.867,1,0,0.525,2.896,,4961,58,4810
"BaselineSweep",5000,5,263,168.954,168.937,12.422,163.969,1,0,0.709,4.275,,4954,58,4748
"BaselineSweep",5000,5,264,175.021,175.027,12.439,170.265,1,0,0.524,4.232,,4965,58,4660
"BaselineSweep",5000,5,265,171.898,171.873,15.039,167.438,1,0,0.704,3.756,,4959,58,4671
"BaselineSweep",5000,5,266,171.094,171.120,10.679,166.785,1,0,0.551,3.758,,4940,57,4528
"BaselineSweep",5000,5,267,170.089,170.049,15.053,165.022,1,0,0.520,4.547,,4981,58,4792
"BaselineSweep",5000,5,268,176.683,176.720,12.442,171.181,1,0,0.764,4.738,,4991,58,4763
"BaselineSweep",5000,5,269,172.228,172.216,15.007,168.168,1,0,0.670,3.391,,4933,58,4795
"BaselineSweep",5000,5,270,169.091,169.104,12.402,165.753,1,0,0.649,2.689,,4941,58,4767
"BaselineSweep",5000,5,271,167.705,167.703,12.489,164.479,1,0,0.517,2.709,,4965,57,4761
"BaselineSweep",5000,5,272,166.979,166.935,14.956,161.957,1,0,0.706,4.316,,4965,58,4767
"BaselineSweep",5000,5,273,166.333,166.370,10.785,162.612,1,0,0.530,3.191,,4985,58,4779
"BaselineSweep",5000,5,274,167.406,167.400,12.291,163.765,1,0,0.522,3.119,,4954,58,4756
"BaselineSweep",5000,5,275,163.909,163.870,14.972,158.686,1,0,0.591,4.632,,4967,58,4801
"BaselineSweep",5000,5,276,174.927,174.956,12.369,169.480,1,0,0.910,4.538,,4969,58,4737
"BaselineSweep",5000,5,277,177.853,177.864,12.611,174.381,1,0,0.698,2.774,,4989,57,4790
"BaselineSweep",5000,5,278,166.100,166.098,15.029,161.982,1,0,0.711,3.406,,5002,58,4682
"BaselineSweep",5000,5,279,179.325,179.322,10.771,176.160,1,0,0.527,2.638,,4950,58,4755
"BaselineSweep",5000,5,280,170.227,170.229,12.530,166.892,1,0,0.548,2.787,,4954,58,4741
"BaselineSweep",5000,5,281,175.846,175.840,12.395,171.923,1,0,0.821,3.102,,4999,58,4848
"BaselineSweep",5000,5,282,163.598,163.601,15.135,160.370,1,0,0.529,2.699,,4983,58,4706
"BaselineSweep",5000,5,283,168.343,168.339,12.516,165.071,1,0,0.534,2.738,,4960,58,4772
"BaselineSweep",5000,5,284,177.321,177.315,9.713,172.808,1,0,0.529,3.984,,4970,58,4703
"BaselineSweep",5000,5,285,167.257,167.254,15.065,162.296,1,0,0.556,4.406,,4954,58,4759
"BaselineSweep",5000,5,286,171.121,171.116,12.297,166.835,1,0,0.540,3.746,,4954,58,4669
"BaselineSweep",5000,5,287,170.983,170.992,12.295,167.488,1,0,0.737,2.758,,4764,58,4735
"BaselineSweep",5000,5,288,165.419,165.419,12.234,161.491,1,0,0.714,3.215,,4996,58,4803
"BaselineSweep",5000,5,289,180.416,180.408,12.447,174.938,1,0,0.530,4.949,,4983,58,4765
"BaselineSweep",5000,5,290,171.668,171.594,15.195,167.014,1,0,0.530,4.124,,4948,58,4733
"BaselineSweep",5000,5,291,171.130,171.203,12.395,167.547,1,0,0.540,3.042,,4939,58,4706
"BaselineSweep",5000,5,292,172.810,172.810,12.588,169.430,1,0,0.570,2.810,,4923,58,4721
"BaselineSweep",5000,5,293,168.762,168.757,10.773,163.675,1,0,0.525,4.562,,4973,58,4736
"BaselineSweep",5000,5,294,168.647,168.651,15.171,165.359,1,0,0.578,2.710,,4905,58,4713
"BaselineSweep",5000,5,295,167.791,167.771,12.424,163.077,1,0,0.543,4.170,,4985,57,4774
"BaselineSweep",5000,5,296,167.160,167.180,10.746,163.821,1,0,0.577,2.762,,4963,56,4744
"BaselineSweep",5000,5,297,171.895,171.818,14.986,167.287,1,0,0.514,4.095,,4970,58,4811
"BaselineSweep",5000,5,298,171.949,172.006,12.613,166.555,1,0,0.705,4.688,,4982,57,4648
"BaselineSweep",5000,5,299,168.147,168.148,12.374,164.363,1,0,0.525,3.259,,4965,57,4696
"BaselineSweep",10000,5,0,660.187,660.206,29.204,654.533,1,0,1.272,4.382,,9844,108,9293
"BaselineSweep",10000,5,1,647.987,647.950,20.272,641.322,1,0,1.002,5.662,,9891,108,9529
"BaselineSweep",10000,5,2,651.616,651.570,29.237,644.582,1,0,1.036,5.999,,9900,108,9370
"BaselineSweep",10000,5,3,642.837,642.843,22.017,636.261,1,0,1.189,5.387,,9165,108,9384
"BaselineSweep",10000,5,4,657.614,657.684,29.058,651.760,1,0,1.010,4.843,,9832,107,9275
"BaselineSweep",10000,5,5,656.381,656.373,28.715,649.078,1,0,1.004,6.298,,9953,108,9479
"BaselineSweep",10000,5,6,641.395,641.395,28.837,636.134,1,0,1.060,4.201,,9935,107,9436
"BaselineSweep",10000,5,7,657.928,657.928,22.067,650.799,1,0,1.591,5.538,,9896,108,9309
"BaselineSweep",10000,5,8,652.031,652.031,22.210,646.381,1,0,1.445,4.206,,9865,108,9274
"BaselineSweep",10000,5,9,635.023,635.023,26.129,629.851,1,0,1.112,4.060,,9820,108,9377
"BaselineSweep",10000,5,10,664.587,664.583,28.726,658.677,1,0,1.018,4.891,,9938,108,9357
"BaselineSweep",10000,5,11,677.915,677.911,18.453,669.192,1,0,1.306,7.417,,9850,108,9370
"BaselineSweep",10000,5,12,669.106,669.080,22.209,663.431,1,0,1.044,4.631,,9820,107,9266
"BaselineSweep",10000,5,13,668.109,668.135,20.356,662.414,1,0,0.967,4.729,,9873,108,9552
"BaselineSweep",10000,5,14,687.636,687.634,28.876,680.868,1,0,2.375,4.392,,9896,108,9468
"BaselineSweep",10000,5,15,672.116,672.112,22.061,666.587,1,0,0.981,4.548,,9876,108,9522
"BaselineSweep",10000,5,16,673.329,673.277,14.107,666.797,1,0,1.134,5.398,,9871,108,9371
"BaselineSweep",10000,5,17,678.236,678.274,12.734,671.178,1,0,1.795,5.263,,9895,108,9423
"BaselineSweep",10000,5,18,663.445,663.455,21.256,657.819,1,0,1.000,4.625,,9854,108,9443
"BaselineSweep",10000,5,19,663.218,663.213,13.276,656.403,1,0,2.186,4.629,,9871,108,9509
"BaselineSweep",10000,5,20,673.385,673.392,13.276,667.216,1,0,1.851,4.318,,9729,108,9428
"BaselineSweep",10000,5,21,663.852,663.845,13.691,658.714,1,0,1.132,4.007,,9909,108,9283
"BaselineSweep",10000,5,22,654.999,655.001,19.076,649.957,1,0,0.991,4.051,,9779,107,9394
"BaselineSweep",10000,5,23,662.434,662.428,22.006,657.461,1,0,1.367,3.607,,9780,108,9384
"BaselineSweep",10000,5,24,647.726,647.732,14.016,642.167,1,0,1.026,4.533,,9778,108,9269
"BaselineSweep",10000,5,25,659.980,659.923,12.924,652.616,1,0,1.554,5.810,,9713,108,9347
"BaselineSweep",10000,5,26,652.988,653.000,13.699,646.926,1,0,0.983,5.079,,9955,108,9442
"BaselineSweep",10000,5,27,644.078,644.112,15.606,637.274,1,0,1.934,4.871,,9980,108,9419
"BaselineSweep",10000,5,28,654.166,654.165,16.017,648.588,1,0,1.332,4.247,,9843,108,9263
"BaselineSweep",10000,5,29,656.855,656.846,17.418,651.189,1,0,0.994,4.672,,9826,107,9334
"BaselineSweep",10000,5,30,659.031,659.037,29.097,653.843,1,0,1.077,4.111,,9699,108,9296
"BaselineSweep",10000,5,31,646.927,646.922,29.735,641.271,1,0,1.032,4.624,,9953,108,9481
"BaselineSweep",10000,5,32,666.561,666.558,26.342,661.167,1,0,1.291,4.104,,9654,108,9356
"BaselineSweep",10000,5,33,657.715,657.715,26.368,651.574,1,0,2.148,3.993,,9674,108,9533
"BaselineSweep",10000,5,34,661.190,661.185,22.043,654.464,1,0,1.412,5.314,,9708,108,9531
"BaselineSweep",10000,5,35,657.138,657.145,28.841,651.869,1,0,1.153,4.115,,8854,108,9489
"BaselineSweep",10000,5,36,660.969,660.969,13.333,654.790,1,0,1.549,4.630,,9950,108,9555
"BaselineSweep",10000,5,37,675.209,675.156,10.845,668.108,1,0,2.170,4.931,,9904,108,9448
"BaselineSweep",10000,5,38,666.941,666.979,14.577,661.616,1,0,1.018,4.307,,9782,108,9374
"BaselineSweep",10000,5,39,671.880,671.888,11.943,665.481,1,0,1.853,4.546,,9850,108,9501
"BaselineSweep",10000,5,40,655.517,655.512,14.638,648.767,1,0,2.183,4.567,,9857,108,9218
"BaselineSweep",10000,5,41,673.656,673.658,14.360,668.256,1,0,1.292,4.109,,9862,108,9360
"BaselineSweep",10000,5,42,646.460,646.446,13.078,639.445,1,0,1.387,5.628,,9782,107,9379
"BaselineSweep",10000,5,43,653.010,653.018,13.385,647.823,1,0,0.994,4.192,,9911,108,9384
"BaselineSweep",10000,5,44,673.329,673.314,22.385,666.986,1,0,1.005,5.339,,9964,108,9550
"BaselineSweep",10000,5,45,653.844,653.857,20.862,648.374,1,0,1.044,4.426,,9848,108,9372
"BaselineSweep",10000,5,46,652.761,652.757,28.706,646.561,1,0,1.075,5.125,,9947,108,9395
"BaselineSweep",10000,5,47,650.255,650.249,22.268,645.001,1,0,1.107,4.148,,9945,108,9396
"BaselineSweep",10000,5,48,650.960,650.963,19.521,645.103,1,0,1.031,4.826,,9722,108,9432
"BaselineSweep",10000,5,49,649.616,649.604,13.075,644.491,1,0,1.102,4.024,,9963,108,9392
"BaselineSweep",10000,5,50,662.212,662.218,48.348,656.190,1,0,1.071,4.951,,9749,108,9443
"BaselineSweep",10000,5,51,657.780,657.759,20.684,647.778,1,0,1.191,8.810,,9941,108,9591
"BaselineSweep",10000,5,52,662.404,662.420,38.548,656.785,1,0,1.043,4.576,,9810,108,9022
"BaselineSweep",10000,5,53,668.653,668.650,23.145,663.124,1,0,1.024,4.506,,8536,108,9284
"BaselineSweep",10000,5,54,689.042,689.041,29.788,683.499,1,0,1.220,4.322,,9910,108,9303
"BaselineSweep",10000,5,55,669.099,669.106,22.955,659.814,1,0,1.088,8.197,,9638,108,9491
"BaselineSweep",10000,5,56,677.066,676.993,36.117,670.710,1,0,1.133,5.223,,9673,108,9329
"BaselineSweep",10000,5,57,673.455,673.517,23.169,667.317,1,0,1.467,4.671,,9803,108,9301
"BaselineSweep",10000,5,58,678.247,678.204,0.000,672.642,1,0,1.090,4.515,,9911,107,9494
"BaselineSweep",10000,5,59,686.363,686.366,36.398,678.279,1,0,1.068,7.016,,9921,107,9381
"BaselineSweep",10000,5,60,682.224,682.259,20.803,674.269,1,0,1.030,6.925,,9630,108,9259
"BaselineSweep",10000,5,61,685.436,685.442,0.000,679.932,1,0,1.094,4.410,,9934,108,9288
"BaselineSweep",10000,5,62,677.543,677.431,45.811,671.469,1,0,1.328,4.746,,9899,108,9531
"BaselineSweep",10000,5,63,686.272,686.316,15.057,678.885,1,0,1.108,6.278,,9727,107,9231
"BaselineSweep",10000,5,64,665.165,665.224,23.054,659.309,1,0,1.211,4.646,,9609,108,9273
"BaselineSweep",10000,5,65,671.608,671.602,22.982,665.670,1,0,1.041,4.898,,9921,108,9411
"BaselineSweep",10000,5,66,660.044,660.034,23.017,654.786,1,0,1.135,4.123,,9681,108,9351
"BaselineSweep",10000,5,67,677.276,677.265,46.728,672.249,1,0,1.081,3.946,,9869,108,9371
"BaselineSweep",10000,5,68,670.121,670.134,24.196,664.878,1,0,1.187,4.056,,9693,108,9326
"BaselineSweep",10000,5,69,673.506,673.493,44.461,667.859,1,0,1.124,4.522,,9942,107,9471
"BaselineSweep",10000,5,70,669.483,669.482,22.206,661.953,1,0,1.133,6.396,,9897,108,9478
"BaselineSweep",10000,5,71,676.807,676.811,28.712,671.593,1,0,1.078,4.136,,9856,107,9428
"BaselineSweep",10000,5,72,672.652,672.649,20.728,666.236,1,0,1.685,4.730,,9870,107,9435
"BaselineSweep",10000,5,73,674.284,674.228,23.994,666.422,1,0,1.014,6.848,,9863,108,9398
"BaselineSweep",10000,5,74,669.424,669.483,22.406,664.007,1,0,1.071,4.346,,9889,107,9365
"BaselineSweep",10000,5,75,673.869,673.847,22.130,664.870,1,0,1.729,7.271,,9838,108,9428
"BaselineSweep",10000,5,76,662.317,662.332,24.924,656.564,1,0,1.236,4.517,,9867,107,9264
"BaselineSweep",10000,5,77,685.469,685.470,22.264,676.172,1,0,1.032,8.265,,9873,108,9320
"BaselineSweep",10000,5,78,686.454,686.430,26.420,679.041,1,0,1.785,5.628,,9913,107,9375
"BaselineSweep",10000,5,79,665.210,665.234,29.574,658.952,1,0,1.069,5.189,,9838,107,9315
"BaselineSweep",10000,5,80,662.210,662.199,22.583,656.599,1,0,1.057,4.555,,9961,108,9488
"BaselineSweep",10000,5,81,668.709,668.711,20.287,659.778,1,0,1.524,7.407,,9842,108,9378
"BaselineSweep",10000,5,82,662.526,662.526,28.915,657.006,1,0,1.165,4.356,,9867,108,9432
"BaselineSweep",10000,5,83,670.114,670.083,30.037,664.063,1,0,0.992,5.059,,9930,108,9385
"BaselineSweep",10000,5,84,675.109,675.137,22.468,668.828,1,0,1.512,4.770,,9951,108,9363
"BaselineSweep",10000,5,85,653.889,653.898,28.676,648.465,1,0,1.062,4.363,,9308,108,9433
"BaselineSweep",10000,5,86,664.978,664.973,27.015,659.566,1,0,1.124,4.288,,9943,108,9440
"BaselineSweep",10000,5,87,670.119,670.114,20.287,662.203,1,0,1.139,6.777,,9948,108,9415
"BaselineSweep",10000,5,88,653.816,653.826,28.755,648.447,1,0,1.072,4.296,,9853,108,9348
"BaselineSweep",10000,5,89,678.498,678.487,22.705,672.899,1,0,1.096,4.503,,9791,108,9249
"BaselineSweep",10000,5,90,659.146,659.144,29.522,653.589,1,0,1.089,4.467,,9909,108,9338
"BaselineSweep",10000,5,91,669.647,669.650,22.863,664.419,1,0,1.064,4.165,,9848,108,9337
"BaselineSweep",10000,5,92,662.315,662.313,23.139,655.909,1,0,1.022,5.384,,6400,108,9279
"BaselineSweep",10000,5,93,666.791,666.731,20.254,658.835,1,0,1.081,6.876,,9972,108,9488
"BaselineSweep",10000,5,94,651.275,651.330,35.095,645.278,1,0,1.084,4.913,,9800,108,9334
"BaselineSweep",10000,5,95,677.822,677.819,23.382,672.122,1,0,1.353,4.347,,9827,108,9355
"BaselineSweep",10000,5,96,658.184,658.125,23.017,650.622,1,0,1.080,6.482,,9976,108,9450
"BaselineSweep",10000,5,97,662.113,662.159,42.102,657.167,1,0,1.446,3.499,,9943,108,9304
"BaselineSweep",10000,5,98,675.273,675.284,33.447,669.997,1,0,1.059,4.218,,9741,107,9431
"BaselineSweep",10000,5,99,657.727,657.700,23.037,652.720,1,0,1.038,3.969,,9934,108,9403
"BaselineSweep",10000,5,100,676.222,676.246,22.841,670.790,1,0,1.029,4.403,,9535,108,9469
"BaselineSweep",10000,5,101,662.829,662.823,39.585,655.172,1,0,1.082,6.574,,9806,108,9381
"BaselineSweep",10000,5,102,659.053,659.052,33.045,650.764,1,0,1.062,7.226,,9870,108,9322
"BaselineSweep",10000,5,103,672.209,672.212,48.850,666.415,1,0,1.438,4.356,,9916,108,9229
"BaselineSweep",10000,5,104,665.625,665.620,43.937,658.243,1,0,1.029,6.352,,9873,108,9481
"BaselineSweep",10000,5,105,657.122,657.123,48.943,650.958,1,0,1.323,4.841,,9833,107,9191
"BaselineSweep",10000,5,106,655.808,655.801,36.785,650.048,1,0,1.031,4.728,,9577,108,9453
"BaselineSweep",10000,5,107,653.371,653.349,48.398,646.584,1,0,1.228,5.559,,9762,108,9287
"BaselineSweep",10000,5,108,660.047,660.062,39.257,654.832,1,0,1.089,4.125,,9833,108,9162
"BaselineSweep",10000,5,109,656.428,656.435,22.676,651.143,1,0,1.070,4.215,,9975,108,9441
"BaselineSweep",10000,5,110,662.272,662.254,22.927,655.937,1,0,1.194,5.142,,9938,107,9435
"BaselineSweep",10000,5,111,673.350,673.364,29.938,667.864,1,0,1.028,4.459,,9797,107,9337
"BaselineSweep",10000,5,112,672.238,672.235,46.435,664.624,1,0,3.045,4.569,,9699,108,9439
"BaselineSweep",10000,5,113,651.141,651.142,36.217,646.083,1,0,1.035,4.023,,9961,108,9260
"BaselineSweep",10000,5,114,661.590,661.584,33.880,656.130,1,0,1.200,4.261,,9877,107,9509
"BaselineSweep",10000,5,115,660.081,660.068,32.711,651.870,1,0,1.421,6.790,,9880,108,9296
"BaselineSweep",10000,5,116,654.095,654.100,23.015,648.058,1,0,1.032,5.005,,9879,107,9410
"BaselineSweep",10000,5,117,763.682,763.664,22.901,756.137,1,0,2.322,5.224,,9910,108,9404
"BaselineSweep",10000,5,118,719.902,719.914,22.926,714.442,1,0,1.135,4.325,,9859,106,9653
"BaselineSweep",10000,5,119,677.121,677.104,22.857,669.645,1,0,1.149,6.327,,9875,108,9608
"BaselineSweep",10000,5,120,692.915,692.894,34.886,687.046,1,0,1.183,4.686,,9925,107,9476
"BaselineSweep",10000,5,121,707.521,707.548,16.870,700.458,1,0,1.163,5.901,,4445,107,9539
"BaselineSweep",10000,5,122,731.833,731.788,53.714,713.444,1,0,1.154,17.234,,9468,107,9505
"BaselineSweep",10000,5,123,681.254,681.267,3.467,673.813,1,0,1.089,6.352,,9691,108,9461
"BaselineSweep",10000,5,124,689.536,689.564,0.000,680.089,1,0,1.059,8.388,,9970,108,9319
"BaselineSweep",10000,5,125,670.251,670.250,3.816,664.387,1,0,1.100,4.763,,9909,108,9388
"BaselineSweep",10000,5,126,673.755,673.750,31.349,666.985,1,0,1.055,5.715,,9634,108,9260
"BaselineSweep",10000,5,127,671.235,671.216,22.687,664.893,1,0,1.292,5.050,,9918,107,9415
"BaselineSweep",10000,5,128,668.772,668.788,25.475,663.483,1,0,1.142,4.146,,9913,108,9457
"BaselineSweep",10000,5,129,689.284,689.273,24.287,681.347,1,0,1.085,6.852,,9931,108,9534
"BaselineSweep",10000,5,130,681.658,681.642,20.390,674.030,1,0,1.111,6.518,,9881,108,9398
"BaselineSweep",10000,5,131,678.785,678.796,23.649,670.544,1,0,1.218,7.023,,9860,108,9364
"BaselineSweep",10000,5,132,687.953,687.952,22.827,676.308,1,0,1.491,10.154,,9926,108,9314
"BaselineSweep",10000,5,133,674.349,674.267,25.687,666.137,1,0,1.067,7.146,,9905,108,9378
"BaselineSweep",10000,5,134,690.685,690.772,25.350,684.040,1,0,1.125,5.520,,9938,108,9390
"BaselineSweep",10000,5,135,667.163,667.154,0.000,661.425,1,0,1.016,4.721,,9952,106,9315
"BaselineSweep",10000,5,136,664.914,664.916,22.670,658.661,1,0,1.617,4.636,,9916,108,9311
"BaselineSweep",10000,5,137,679.232,679.238,25.603,670.610,1,0,1.094,7.527,,9948,105,9413
"BaselineSweep",10000,5,138,659.852,659.851,20.501,654.425,1,0,1.059,4.367,,9911,108,9206
"BaselineSweep",10000,5,139,669.730,669.726,22.915,664.232,1,0,1.371,4.128,,9946,108,9372
"BaselineSweep",10000,5,140,668.506,668.491,20.453,660.591,1,0,1.072,6.843,,9893,108,9338
"BaselineSweep",10000,5,141,676.243,676.260,20.522,670.938,1,0,1.156,4.149,,9541,108,9311
"BaselineSweep",10000,5,142,690.593,690.585,0.000,685.077,1,0,1.080,4.436,,9960,107,9379
"BaselineSweep",10000,5,143,672.795,672.795,22.811,667.178,1,0,1.057,4.560,,9647,107,9242
"BaselineSweep",10000,5,144,668.008,667.958,22.947,662.135,1,0,1.105,4.768,,9766,108,9236
"BaselineSweep",10000,5,145,672.125,672.170,20.425,666.699,1,0,1.086,4.340,,9790,107,9333
"BaselineSweep",10000,5,146,670.413,670.419,22.913,665.120,1,0,1.045,4.247,,9137,108,9613
"BaselineSweep",10000,5,147,668.606,668.590,20.386,660.382,1,0,1.081,7.143,,9841,108,9421
"BaselineSweep",10000,5,148,665.297,665.309,22.911,660.109,1,0,1.058,4.130,,9902,107,9340
"BaselineSweep",10000,5,149,691.164,691.156,20.372,683.179,1,0,1.108,6.877,,7536,107,9364
"BaselineSweep",10000,5,150,670.872,670.831,20.577,663.102,1,0,1.211,6.559,,9834,107,9294
"BaselineSweep",10000,5,151,669.079,669.116,20.416,663.558,1,0,1.038,4.483,,9909,108,9297
"BaselineSweep",10000,5,152,683.818,683.808,20.463,677.102,1,0,1.129,5.586,,9961,108,9393
"BaselineSweep",10000,5,153,661.022,661.039,20.584,655.611,1,0,1.080,4.330,,9655,108,9366
"BaselineSweep",10000,5,154,668.405,668.397,20.490,662.698,1,0,1.152,4.554,,9957,108,9411
"BaselineSweep",10000,5,155,661.954,661.955,22.740,655.880,1,0,1.152,4.923,,9909,108,9253
"BaselineSweep",10000,5,156,657.503,657.502,20.473,651.808,1,0,1.099,4.596,,9859,108,9314
"BaselineSweep",10000,5,157,663.900,663.897,20.660,657.787,1,0,1.178,4.935,,9204,107,9390
"BaselineSweep",10000,5,158,682.911,682.903,22.684,676.823,1,0,1.642,4.446,,9924,108,9347
"BaselineSweep",10000,5,159,670.012,670.012,25.685,664.316,1,0,1.034,4.662,,9819,108,9213
"BaselineSweep",10000,5,160,670.049,670.048,22.857,664.662,1,0,1.048,4.339,,9724,108,9383
"BaselineSweep",10000,5,161,679.640,679.643,20.378,673.312,1,0,1.991,4.337,,9917,108,9344
"BaselineSweep",10000,5,162,674.390,674.384,20.568,669.156,1,0,1.115,4.119,,9806,108,9333
"BaselineSweep",10000,5,163,666.192,666.188,20.281,660.982,1,0,1.032,4.178,,9440,108,9442
"BaselineSweep",10000,5,164,663.087,663.077,22.055,657.002,1,0,1.124,4.962,,9956,108,9445
"BaselineSweep",10000,5,165,674.367,674.373,20.557,666.284,1,0,1.037,7.046,,9883,108,9326
"BaselineSweep",10000,5,166,656.861,656.854,20.529,648.366,1,0,1.309,7.186,,9776,108,9508
"BaselineSweep",10000,5,167,660.674,660.677,20.476,653.066,1,0,1.027,6.581,,4775,108,9409
"BaselineSweep",10000,5,168,660.667,660.668,23.302,655.223,1,0,1.026,4.419,,9916,108,9488
"BaselineSweep",10000,5,169,677.006,677.010,22.786,671.367,1,0,1.067,4.572,,9960,107,9524
"BaselineSweep",10000,5,170,665.816,665.784,20.503,658.850,1,0,1.279,5.687,,9932,108,9356
"BaselineSweep",10000,5,171,666.396,666.425,20.314,661.221,1,0,1.006,4.169,,9795,108,9390
"BaselineSweep",10000,5,172,661.676,661.668,22.797,651.799,1,0,1.014,8.862,,9890,108,9361
"BaselineSweep",10000,5,173,650.357,650.364,20.167,645.999,1,0,1.074,3.284,,9920,107,9383
"BaselineSweep",10000,5,174,661.371,661.369,8.845,655.925,1,0,1.089,4.357,,9920,108,9034
"BaselineSweep",10000,5,175,654.516,654.462,22.892,648.548,1,0,1.210,4.757,,9894,108,9374
"BaselineSweep",10000,5,176,668.578,668.622,20.427,660.662,1,0,1.046,6.870,,9947,108,9384
"BaselineSweep",10000,5,177,657.371,657.356,20.369,648.818,1,0,1.272,7.282,,9844,108,9288
"BaselineSweep",10000,5,178,655.924,655.925,20.425,649.514,1,0,1.021,5.390,,9934,108,9378
"BaselineSweep",10000,5,179,658.668,658.680,23.000,652.850,1,0,1.235,4.583,,9976,107,9416
"BaselineSweep",10000,5,180,668.202,668.091,22.843,659.702,1,0,1.128,7.372,,9923,108,9437
"BaselineSweep",10000,5,181,683.083,683.182,20.293,673.723,1,0,1.001,8.359,,9759,108,9299
"BaselineSweep",10000,5,182,669.811,669.814,20.267,661.188,1,0,1.154,7.469,,9920,108,9432
"BaselineSweep",10000,5,183,673.442,673.442,22.698,667.385,1,0,1.099,4.958,,9654,108,9304
"BaselineSweep",10000,5,184,674.206,674.208,22.910,668.587,1,0,1.023,4.596,,9944,108,9422
"BaselineSweep",10000,5,185,660.330,660.313,20.434,652.990,1,0,1.082,6.258,,9920,108,9419
"BaselineSweep",10000,5,186,657.818,657.814,23.041,650.271,1,0,1.015,6.532,,9906,108,9453
"BaselineSweep",10000,5,187,688.962,688.969,22.901,680.900,1,0,1.050,7.011,,9724,108,9417
"BaselineSweep",10000,5,188,655.289,655.281,22.881,648.127,1,0,1.201,5.962,,9950,108,9439
"BaselineSweep",10000,5,189,661.311,661.322,22.723,655.883,1,0,1.028,4.399,,9789,108,9381
"BaselineSweep",10000,5,190,655.622,655.616,22.926,649.611,1,0,1.058,4.953,,9957,107,9345
"BaselineSweep",10000,5,191,653.432,653.436,22.796,647.539,1,0,1.246,4.647,,9953,106,9385
"BaselineSweep",10000,5,192,673.292,673.277,23.083,665.308,1,0,1.343,6.641,,9699,108,9288
"BaselineSweep",10000,5,193,664.162,664.176,22.892,658.578,1,0,1.039,4.546,,9636,108,9355
"BaselineSweep",10000,5,194,666.498,666.486,0.000,660.809,1,0,1.079,4.610,,9880,108,9382
"BaselineSweep",10000,5,195,660.804,660.810,22.517,655.515,1,0,1.024,4.265,,9914,108,9389
"BaselineSweep",10000,5,196,662.670,662.590,23.271,654.192,1,0,1.129,7.350,,9842,108,9436
"BaselineSweep",10000,5,197,672.908,672.974,23.098,668.078,1,0,1.310,3.519,,9893,108,9355
"BaselineSweep",10000,5,198,667.489,667.487,0.000,661.004,1,0,1.632,4.854,,9824,107,8979
"BaselineSweep",10000,5,199,670.006,670.010,22.918,664.557,1,0,1.037,4.412,,10034,108,9478
"BaselineSweep",10000,5,200,665.593,665.579,22.943,658.693,1,0,1.062,5.838,,9919,108,9241
"BaselineSweep",10000,5,201,675.298,675.307,20.296,669.471,1,0,1.050,4.776,,9939,108,9439
"BaselineSweep",10000,5,202,664.346,664.352,23.070,658.236,1,0,1.269,4.841,,9886,108,9471
"BaselineSweep",10000,5,203,662.431,662.425,22.858,657.075,1,0,1.014,4.343,,9874,108,9366
"BaselineSweep",10000,5,204,677.630,677.629,20.509,668.259,1,0,1.418,7.954,,9793,108,9422
"BaselineSweep",10000,5,205,659.047,659.044,22.676,652.968,1,0,1.101,4.979,,9439,107,9257
"BaselineSweep",10000,5,206,679.787,679.775,20.462,672.718,1,0,1.404,5.665,,9932,108,9405
"BaselineSweep",10000,5,207,677.887,677.901,22.617,672.359,1,0,1.078,4.450,,9860,108,9389
"BaselineSweep",10000,5,208,667.178,667.177,20.601,661.834,1,0,0.995,4.350,,9866,108,9359
"BaselineSweep",10000,5,209,665.351,665.324,20.296,659.197,1,0,1.142,5.012,,9917,108,9453
"BaselineSweep",10000,5,210,655.351,655.350,22.950,648.811,1,0,1.022,5.517,,9841,108,9341
"BaselineSweep",10000,5,211,677.648,677.663,22.852,672.339,1,0,1.090,4.219,,9848,108,9351
"BaselineSweep",10000,5,212,667.355,667.360,20.381,662.217,1,0,1.029,4.109,,9865,108,9265
"BaselineSweep",10000,5,213,673.310,673.288,22.816,665.229,1,0,1.208,6.872,,9874,108,9448
"BaselineSweep",10000,5,214,664.676,664.641,22.820,658.859,1,0,1.137,4.680,,9599,108,9428
"BaselineSweep",10000,5,215,657.036,657.088,0.000,651.690,1,0,1.078,4.269,,9798,107,9435
"BaselineSweep",10000,5,216,674.441,674.440,22.235,669.283,1,0,1.056,4.103,,9841,108,9309
"BaselineSweep",10000,5,217,667.358,667.346,20.277,659.382,1,0,1.070,6.906,,9916,108,9459
"BaselineSweep",10000,5,218,663.491,663.498,20.584,657.772,1,0,1.069,4.651,,9892,108,9277
"BaselineSweep",10000,5,219,676.114,676.112,20.246,670.411,1,0,1.149,4.553,,9802,107,9393
"BaselineSweep",10000,5,220,679.613,679.563,20.576,674.267,1,0,1.054,4.292,,9873,107,9454
"BaselineSweep",10000,5,221,668.736,668.784,20.342,663.052,1,0,1.115,4.568,,9853,108,9353
"BaselineSweep",10000,5,222,677.737,677.733,23.200,672.581,1,0,1.090,4.066,,9921,108,9442
"BaselineSweep",10000,5,223,670.670,670.662,22.587,662.737,1,0,1.160,6.773,,9897,108,9334
"BaselineSweep",10000,5,224,683.650,682.981,22.926,675.835,1,0,1.203,6.612,,9440,108,9379
"BaselineSweep",10000,5,225,688.428,689.082,20.406,678.962,1,0,1.227,8.238,,9912,107,9335
"BaselineSweep",10000,5,226,685.935,685.897,23.157,679.577,1,0,1.109,5.250,,9911,108,9309
"BaselineSweep",10000,5,227,655.002,655.051,22.624,647.740,1,0,1.301,5.961,,9680,107,9333
"BaselineSweep",10000,5,228,653.259,653.263,23.223,648.819,1,0,1.024,3.415,,9861,108,9148
"BaselineSweep",10000,5,229,682.364,682.363,22.777,674.884,1,0,1.032,6.449,,9752,108,9336
"BaselineSweep",10000,5,230,676.828,676.816,23.228,668.299,1,0,1.102,7.427,,9900,108,9377
"BaselineSweep",10000,5,231,689.162,689.174,20.384,684.068,1,0,1.062,4.031,,9724,108,9258
"BaselineSweep",10000,5,232,679.643,679.645,0.000,674.342,1,0,1.083,4.218,,9950,107,9543
"BaselineSweep",10000,5,233,657.457,657.451,20.541,652.134,1,0,1.068,4.256,,9818,108,9435
"BaselineSweep",10000,5,234,658.389,658.388,23.365,653.219,1,0,1.121,4.049,,9910,108,9382
"BaselineSweep",10000,5,235,671.123,671.120,23.065,665.833,1,0,1.099,4.191,,9716,107,9317
"BaselineSweep",10000,5,236,658.050,658.038,20.524,650.653,1,0,1.126,6.272,,9858,108,9432
"BaselineSweep",10000,5,237,662.859,662.861,20.390,653.295,1,0,1.023,8.540,,9828,108,9279
"BaselineSweep",10000,5,238,663.980,663.979,0.000,655.643,1,0,1.101,7.237,,9844,108,9349
"BaselineSweep",10000,5,239,674.348,674.344,20.547,668.743,1,0,1.104,4.501,,9932,108,9369
"BaselineSweep",10000,5,240,671.319,671.326,23.010,665.869,1,0,1.064,4.386,,9931,108,9536
"BaselineSweep",10000,5,241,654.651,654.638,20.476,646.706,1,0,1.120,6.825,,9828,108,9418
"BaselineSweep",10000,5,242,673.323,673.327,23.171,667.580,1,0,1.052,4.692,,9854,108,9460
"BaselineSweep",10000,5,243,674.529,674.535,22.882,668.173,1,0,1.787,4.570,,9933,106,9403
"BaselineSweep",10000,5,244,691.416,691.412,23.123,686.062,1,0,1.013,4.341,,9949,108,9447
"BaselineSweep",10000,5,245,662.881,662.824,20.358,655.359,1,0,0.996,6.527,,9883,106,9485
"BaselineSweep",10000,5,246,665.900,665.958,20.452,660.571,1,0,1.122,4.208,,9872,108,9302
"BaselineSweep",10000,5,247,673.673,673.663,20.453,664.337,1,0,1.135,8.201,,9918,108,9355
"BaselineSweep",10000,5,248,646.562,646.569,20.475,641.267,1,0,1.011,4.285,,9819,108,9277
"BaselineSweep",10000,5,249,677.569,677.555,0.000,669.166,1,0,1.077,7.326,,9810,106,9340
"BaselineSweep",10000,5,250,663.070,663.081,20.407,657.896,1,0,1.056,4.118,,9951,108,9313
"BaselineSweep",10000,5,251,670.118,670.094,22.791,661.796,1,0,1.100,7.221,,9934,108,9423
"BaselineSweep",10000,5,252,660.031,660.046,23.097,654.588,1,0,1.067,4.375,,9900,107,9270
"BaselineSweep",10000,5,253,689.190,689.189,20.233,680.480,1,0,1.059,7.651,,9853,108,9374
"BaselineSweep",10000,5,254,664.975,664.972,20.395,659.040,1,0,1.108,4.827,,9838,108,9285
"BaselineSweep",10000,5,255,668.071,668.066,20.439,659.324,1,0,1.212,7.535,,9936,108,9411
"BaselineSweep",10000,5,256,657.850,657.841,23.111,651.159,1,0,1.259,5.432,,9883,108,9218
"BaselineSweep",10000,5,257,675.756,675.761,23.112,667.511,1,0,1.030,7.214,,9926,108,9480
"BaselineSweep",10000,5,258,671.463,671.468,23.248,665.711,1,0,1.073,4.679,,9871,106,9279
"BaselineSweep",10000,5,259,681.877,681.778,23.061,675.387,1,0,1.305,5.185,,9873,108,9491
"BaselineSweep",10000,5,260,674.548,674.612,23.059,667.200,1,0,0.989,6.360,,9683,108,9265
"BaselineSweep",10000,5,261,692.972,692.974,22.993,686.907,1,0,0.970,5.095,,9827,107,9319
"BaselineSweep",10000,5,262,673.709,673.734,0.000,668.069,1,0,1.079,4.561,,9903,108,9419
"BaselineSweep",10000,5,263,660.136,660.132,23.318,653.860,1,0,1.120,5.157,,9824,108,9335
"BaselineSweep",10000,5,264,678.802,678.794,24.187,670.845,1,0,1.134,6.823,,9928,108,9404
"BaselineSweep",10000,5,265,673.991,673.998,20.860,668.313,1,0,1.295,4.384,,9874,108,8994
"BaselineSweep",10000,5,266,668.862,668.860,20.417,663.230,1,0,1.673,3.960,,9954,108,9367
"BaselineSweep",10000,5,267,674.433,674.435,20.392,669.315,1,0,1.128,3.989,,9800,108,9266
"BaselineSweep",10000,5,268,684.000,683.978,20.482,677.680,1,0,1.126,5.194,,9871,108,9316
"BaselineSweep",10000,5,269,679.505,679.520,22.855,674.022,1,0,1.029,4.454,,9918,108,9473
"BaselineSweep",10000,5,270,655.129,655.129,20.410,649.723,1,0,1.034,4.372,,9939,108,9415
"BaselineSweep",10000,5,271,674.547,674.541,20.171,669.090,1,0,1.253,4.204,,9834,108,9356
"BaselineSweep",10000,5,272,662.600,662.588,20.373,654.911,1,0,1.071,6.618,,9920,108,9493
"BaselineSweep",10000,5,273,666.739,666.752,23.110,660.912,1,0,1.461,4.366,,9873,108,9390
"BaselineSweep",10000,5,274,670.925,670.924,0.000,664.803,1,0,1.346,4.776,,9900,108,9336
"BaselineSweep",10000,5,275,660.440,660.434,22.553,652.899,1,0,1.042,6.499,,9815,108,9281
"BaselineSweep",10000,5,276,665.611,665.589,19.829,657.341,1,0,1.110,7.160,,9929,108,9442
"BaselineSweep",10000,5,277,654.446,654.474,20.388,649.862,1,0,1.083,3.502,,9892,107,9338
"BaselineSweep",10000,5,278,675.048,675.009,0.000,663.023,1,0,2.496,9.528,,9856,107,9216
"BaselineSweep",10000,5,279,779.229,779.240,22.775,772.973,1,0,1.170,5.086,,10062,109,9985
"BaselineSweep",10000,5,280,698.534,698.538,23.065,692.271,1,0,1.272,4.991,,9258,108,9587
"BaselineSweep",10000,5,281,700.769,700.773,20.284,692.984,1,0,1.138,6.647,,9740,108,9481
"BaselineSweep",10000,5,282,694.694,694.698,71.578,688.821,1,0,1.134,4.739,,9858,107,9513
"BaselineSweep",10000,5,283,709.148,709.121,73.168,700.473,1,0,1.165,7.510,,9952,108,9577
"BaselineSweep",10000,5,284,851.906,851.926,3.653,846.083,1,0,0.999,4.824,,7034,108,9581
"BaselineSweep",10000,5,285,660.913,660.919,0.000,655.467,1,0,1.136,4.310,,9943,108,9467
"BaselineSweep",10000,5,286,666.531,666.532,4.101,661.238,1,0,1.028,4.264,,9934,106,9404
"BaselineSweep",10000,5,287,667.129,667.118,42.729,661.097,1,0,1.178,4.854,,9760,108,9510
"BaselineSweep",10000,5,288,675.446,675.441,23.398,669.976,1,0,1.072,4.398,,9951,108,9264
"BaselineSweep",10000,5,289,688.297,688.294,21.244,679.305,1,0,1.482,7.510,,9965,108,9317
"BaselineSweep",10000,5,290,669.642,669.631,20.834,663.932,1,0,1.027,4.684,,9959,108,9370
"BaselineSweep",10000,5,291,659.681,659.690,22.612,654.134,1,0,1.104,4.443,,9928,108,9447
"BaselineSweep",10000,5,292,662.761,662.768,23.010,657.123,1,0,1.080,4.558,,9908,108,9327
"BaselineSweep",10000,5,293,680.891,680.884,20.438,674.839,1,0,1.550,4.502,,9870,108,9342
"BaselineSweep",10000,5,294,663.960,663.961,23.455,657.899,1,0,1.204,4.857,,9939,108,9468
"BaselineSweep",10000,5,295,661.352,661.352,20.255,656.001,1,0,1.065,4.287,,9975,107,9341
"BaselineSweep",10000,5,296,670.374,670.358,20.577,662.284,1,0,1.139,6.951,,9844,107,9357
"BaselineSweep",10000,5,297,674.967,674.979,20.585,668.528,1,0,1.734,4.704,,9801,108,9307
"BaselineSweep",10000,5,298,688.920,688.908,0.000,680.945,1,0,1.035,6.940,,9862,108,9397
"BaselineSweep",10000,5,299,690.881,690.877,20.623,684.673,1,0,1.416,4.792,,9978,108,9389
